File_ID	ega_file_id
FI2840	EGAF00001156367
FI9759	EGAF00001185539
FI30482	EGAF00001085066
FI22965	EGAF00001149763
FI1107	EGAF00001723090
FI659107	EGAF00001683667
FI52495	EGAF00001723498
FI42132	EGAF00001160666
FI52746	EGAF00001160693
FI658991	EGAF00001683655
FI5112	EGAF00001184873
FI2074	EGAF00001556689
FI22307	EGAF00001197299
FI200690	EGAF00001719207
FI659255	EGAF00001683093
FI15259	EGAF00001157060
FI20684	EGAF00001085042
FI48130	EGAF00001184495
FI16350	EGAF00001184702
FI5602	EGAF00001719150
FI31883	EGAF00001196945
FI34760	EGAF00001130750
FI812168	EGAF00000922126
FI47198	EGAF00001184333
FI722492	EGAF00000691431
FI801677	EGAF00001417068
FI357976	EGAF00001171800
FI19132	EGAF00001556680
FI350263	EGAF00001198035
FI658761	EGAF00001683649
FI36072	EGAF00001556764
FI350158	EGAF00001198068
FI658971	EGAF00001683114
FI30135	EGAF00001722469
FI813356	EGAF00000601477
FI23498	EGAF00001556617
FI45228	EGAF00001185575
FI21764	EGAF00001720113
FI46892	EGAF00001723039
FI658957	EGAF00001682796
FI30715	EGAF00001720128
FI42052	EGAF00001149781
FI200795	EGAF00001719045
FI8556	EGAF00001723135
FI27543	EGAF00001156472
FI5459	EGAF00001184669
FI7774	EGAF00001162823
FI15200	EGAF00001184396
FI659029	EGAF00001683117
FI7192	EGAF00001163138
FI20307	EGAF00001197365
FI12101	EGAF00001556581
FI28636	EGAF00001084795
FI33017	EGAF00001171854
FI33704	EGAF00001720137
FI41382	EGAF00001156391
FI12577	EGAF00001719498
FI658725	EGAF00001683961
FI823824	EGAF00001904521
FI28320	EGAF00001184225
FI38552	EGAF00001722475
FI26844	EGAF00001184930
FI200805	EGAF00001719276
FI15504	EGAF00001185302
FI14393	EGAF00001719258
FI23515	EGAF00001185467
FI25664	EGAF00001160720
FI40598	EGAF00001556707
FI5877	EGAF00001719516
FI349131	EGAF00001196873
FI20882	EGAF00001160780
FI49302	EGAF00001156412
FI349500	EGAF00001197981
FI40841	EGAF00001719003
FI36364	EGAF00001160243
FI42133	EGAF00001160858
FI45536	EGAF00001556416
FI26089	EGAF00001149814
FI9422	EGAF00001163192
FI10989	EGAF00001162748
FI659199	EGAF00001682736
FI37929	EGAF00001184816
FI35668	EGAF00001184780
FI42207	EGAF00001722976
FI40234	EGAF00001196897
FI659295	EGAF00001682967
FI10224	EGAF00001719159
FI659171	EGAF00001682802
FI818079	EGAF00001300660
FI40676	EGAF00001184447
FI35517	EGAF00001719963
FI17376	EGAF00001184822
FI40637	EGAF00001172034
FI659009	EGAF00001683922
FI30656	EGAF00001719210
FI658737	EGAF00001683090
FI51939	EGAF00001171806
FI377843	EGAF00001172082
FI34542	EGAF00001130594
FI41175	EGAF00001184462
FI15110	EGAF00001185065
FI25481	EGAF00001185110
FI38336	EGAF00001156874
FI812159	EGAF00000922122
FI44303	EGAF00001171775
FI5582	EGAF00001719018
FI775	EGAF00001162652
FI41442	EGAF00001149880
FI36807	EGAF00001556482
FI34338	EGAF00001184897
FI722421	EGAF00000483897
FI2334	EGAF00001556494
FI26713	EGAF00001084774
FI19196	EGAF00001085018
FI38160	EGAF00001723537
FI17770	EGAF00001149877
FI24126	EGAF00001720050
FI815497	EGAF00001589939
FI45499	EGAF00001184144
FI47544	EGAF00001185482
FI24814	EGAF00001184738
FI720684	EGAF00000585969
FI658995	EGAF00001682853
FI811727	EGAF00001429572
FI26597	EGAF00001082842
FI49355	EGAF00001723186
FI29599	EGAF00001084939
FI38198	EGAF00001720182
FI36192	EGAF00001184393
FI24813	EGAF00001185209
FI3463	EGAF00001161032
FI9196	EGAF00001196885
FI47788	EGAF00001719708
FI53146	EGAF00001719600
FI813485	EGAF00001551818
FI659065	EGAF00001682985
FI51135	EGAF00001163243
FI48572	EGAF00001198617
FI30540	EGAF00001722961
FI1200	EGAF00001184153
FI36996	EGAF00001185116
FI813361	EGAF00000601452
FI13486	EGAF00001185077
FI14867	EGAF00001722757
FI659321	EGAF00001683439
FI16045	EGAF00001184606
FI14827	EGAF00001719771
FI722497	EGAF00000665135
FI26163	EGAF00001719675
FI659137	EGAF00001683835
FI1337	EGAF00001184978
FI23022	EGAF00001144796
FI34598	EGAF00001185446
FI5994	EGAF00001719732
FI34835	EGAF00001556746
FI37015	EGAF00001160993
FI22022	EGAF00001171818
FI659129	EGAF00001683889
FI15505	EGAF00001185638
FI38863	EGAF00001196915
FI31747	EGAF00001556803
FI16326	EGAF00001719897
FI35132	EGAF00001160117
FI3762	EGAF00001185581
FI659017	EGAF00001682766
FI44452	EGAF00001160648
FI24069	EGAF00001719666
FI13542	EGAF00001184687
FI7846	EGAF00001184429
FI720680	EGAF00000585934
FI40213	EGAF00001171827
FI40985	EGAF00001722985
FI33546	EGAF00001556545
FI28946	EGAF00001556668
FI44470	EGAF00001556611
FI21252	EGAF00001161014
FI45190	EGAF00001719465
FI813159	EGAF00000589374
FI20593	EGAF00001160987
FI658835	EGAF00001683856
FI37162	EGAF00001156448
FI815443	EGAF00001879612
FI50943	EGAF00001723279
FI10014	EGAF00001156946
FI23905	EGAF00001185452
FI29715	EGAF00001196867
FI200925	EGAF00001719285
FI32154	EGAF00001163174
FI24259	EGAF00001084759
FI50552	EGAF00001722661
FI357845	EGAF00001171905
FI21686	EGAF00001160639
FI23977	EGAF00001130681
FI33351	EGAF00001722787
FI14184	EGAF00001156415
FI10784	EGAF00001084921
FI4811	EGAF00001085021
FI31379	EGAF00001149769
FI660134	EGAF00001683730
FI18163	EGAF00001719462
FI26842	EGAF00001719720
FI18030	EGAF00001719831
FI6153	EGAF00001160189
FI34778	EGAF00001130666
FI25964	EGAF00001184879
FI30136	EGAF00001723282
FI344548	EGAF00001720194
FI23058	EGAF00001722688
FI41611	EGAF00001184513
FI23310	EGAF00001184678
FI7716	EGAF00001556434
FI25156	EGAF00001184918
FI659177	EGAF00001683682
FI37871	EGAF00001722796
FI52764	EGAF00001160630
FI2333	EGAF00001556698
FI4640	EGAF00001719813
FI813167	EGAF00000589372
FI36921	EGAF00001184597
FI49165	EGAF00001185083
FI41533	EGAF00001719789
FI818077	EGAF00001300664
FI32587	EGAF00001149742
FI823827	EGAF00001904533
FI35781	EGAF00001184906
FI32534	EGAF00001085060
FI17509	EGAF00001723444
FI30868	EGAF00001723204
FI33316	EGAF00001160684
FI36071	EGAF00001160252
FI45405	EGAF00001149787
FI658911	EGAF00001682739
FI659443	EGAF00001683850
FI659197	EGAF00001683697
FI815504	EGAF00001589936
FI52976	EGAF00001171992
FI33703	EGAF00001719828
FI51064	EGAF00001185050
FI659043	EGAF00001683132
FI41783	EGAF00001160087
FI26072	EGAF00001082857
FI19195	EGAF00001085075
FI47543	EGAF00001719624
FI51060	EGAF00001719162
FI19042	EGAF00001185275
FI20994	EGAF00001556626
FI12806	EGAF00001723024
FI36806	EGAF00001160201
FI815447	EGAF00001879616
FI813480	EGAF00001551823
FI25498	EGAF00001719486
FI18164	EGAF00001185173
FI24411	EGAF00001719927
FI28028	EGAF00001185419
FI12141	EGAF00001185545
FI18165	EGAF00001185032
FI47864	EGAF00001160789
FI5800	EGAF00001720056
FI25834	EGAF00001156865
FI350998	EGAF00001157015
FI4792	EGAF00001185014
FI13280	EGAF00001556731
FI12862	EGAF00001722451
FI16927	EGAF00001723495
FI6091	EGAF00001723237
FI32910	EGAF00001085024
FI52763	EGAF00001160696
FI10265	EGAF00001063342
FI42435	EGAF00001149793
FI658771	EGAF00001682901
FI349971	EGAF00001197326
FI15145	EGAF00001198536
FI722488	EGAF00000691112
FI4266	EGAF00001185161
FI46572	EGAF00001160996
FI48664	EGAF00001719279
FI16926	EGAF00001723246
FI43481	EGAF00001085147
FI34615	EGAF00001184300
FI658941	EGAF00001683964
FI200946	EGAF00001719030
FI31267	EGAF00001129978
FI659605	EGAF00001683862
FI22495	EGAF00001556761
FI823825	EGAF00001904516
FI659279	EGAF00001683724
FI29732	EGAF00001719810
FI6393	EGAF00001184195
FI46893	EGAF00001722601
FI44321	EGAF00001171851
FI43218	EGAF00001723420
FI11906	EGAF00001160204
FI45666	EGAF00001720008
FI31882	EGAF00001197401
FI52096	EGAF00001719879
FI18031	EGAF00001720071
FI357974	EGAF00001171893
FI5701	EGAF00001723528
FI658721	EGAF00001682877
FI30657	EGAF00001719495
FI19587	EGAF00001085054
FI38335	EGAF00001156880
FI35133	EGAF00001556824
FI5564	EGAF00001556536
FI350726	EGAF00001198572
FI15258	EGAF00001157069
FI813482	EGAF00001551817
FI5002	EGAF00001556644
FI28303	EGAF00001184798
FI50170	EGAF00001160303
FI1069	EGAF00001720119
FI34428	EGAF00001185212
FI27857	EGAF00001184591
FI813160	EGAF00000589381
FI27203	EGAF00001184921
FI35667	EGAF00001185122
FI813360	EGAF00000601453
FI38337	EGAF00001156892
FI350728	EGAF00001198512
FI200809	EGAF00001719246
FI7387	EGAF00001719501
FI31574	EGAF00001160282
FI7020	EGAF00001185497
FI23667	EGAF00001723171
FI658731	EGAF00001683508
FI659285	EGAF00001682661
FI50832	EGAF00001156979
FI801674	EGAF00001417864
FI200953	EGAF00001719126
FI49338	EGAF00001556425
FI658997	EGAF00001683024
FI200919	EGAF00001719069
FI398	EGAF00001720110
FI27663	EGAF00001184192
FI659219	EGAF00001682835
FI349910	EGAF00001197353
FI5704	EGAF00001723309
FI823826	EGAF00001904517
FI41784	EGAF00001556464
FI2506	EGAF00001184324
FI27414	EGAF00001720005
FI6787	EGAF00001196978
FI47941	EGAF00001556797
FI51153	EGAF00001130672
FI47215	EGAF00001198569
FI10590	EGAF00001171881
FI43814	EGAF00001196966
FI200678	EGAF00001719036
FI658741	EGAF00001682922
FI49356	EGAF00001722457
FI36845	EGAF00001184414
FI23271	EGAF00001722823
FI48131	EGAF00001185035
FI27260	EGAF00001084744
FI722360	EGAF00001416174
FI35632	EGAF00001157027
FI200803	EGAF00001719333
FI659165	EGAF00001683451
FI5241	EGAF00001723576
FI9606	EGAF00001198017
FI44304	EGAF00001171878
FI23079	EGAF00001723105
FI17565	EGAF00001719906
FI39699	EGAF00001198578
FI27682	EGAF00001185416
FI200802	EGAF00001719054
FI20007	EGAF00001723033
FI8967	EGAF00001184843
FI20140	EGAF00001185449
FI5423	EGAF00001149937
FI38159	EGAF00001723234
FI49166	EGAF00001184171
FI12651	EGAF00001719375
FI2111	EGAF00001184183
FI350186	EGAF00001197314
FI659325	EGAF00001682913
FI11473	EGAF00001059414
FI44642	EGAF00001184960
FI17677	EGAF00001129927
FI38864	EGAF00001198518
FI38789	EGAF00001722643
FI45248	EGAF00001719648
FI12958	EGAF00001197329
FI36651	EGAF00001160882
FI45839	EGAF00001184387
FI15332	EGAF00001149841
FI200945	EGAF00001719084
FI47732	EGAF00001197005
FI41495	EGAF00001719654
FI658959	EGAF00001682682
FI12061	EGAF00001171824
FI32645	EGAF00001074805
FI33589	EGAF00001184426
FI42189	EGAF00001184423
FI51136	EGAF00001556587
FI811717	EGAF00001429536
FI350593	EGAF00001196993
FI658989	EGAF00001683841
FI659159	EGAF00001682730
FI722502	EGAF00000669735
FI41882	EGAF00001723321
FI6656	EGAF00001157054
FI28433	EGAF00001156856
FI2505	EGAF00001185218
FI49320	EGAF00001160615
FI659235	EGAF00001683847
FI23497	EGAF00001130642
FI16327	EGAF00001720143
FI722418	EGAF00000483937
FI37930	EGAF00001184585
FI659081	EGAF00001683787
FI15085	EGAF00001719312
FI29492	EGAF00001184129
FI18336	EGAF00001162556
FI7266	EGAF00001723414
FI813158	EGAF00000589375
FI351247	EGAF00001156364
FI30001	EGAF00001556551
FI812164	EGAF00000921845
FI45171	EGAF00001129933
FI8403	EGAF00001722934
FI44563	EGAF00001723138
FI50687	EGAF00001184924
FI22815	EGAF00001073700
FI51996	EGAF00001722691
FI32228	EGAF00001184759
FI14743	EGAF00001720020
FI40694	EGAF00001185113
FI5604	EGAF00001719435
FI801672	EGAF00001417438
FI39814	EGAF00001163183
FI31479	EGAF00001143342
FI12035	EGAF00001723345
FI659089	EGAF00001683637
FI13807	EGAF00001556530
FI33000	EGAF00001171908
FI18145	EGAF00001185500
FI35780	EGAF00001719618
FI39115	EGAF00001723030
FI46536	EGAF00001073703
FI49660	EGAF00001160957
FI34779	EGAF00001160207
FI4231	EGAF00001198053
FI14868	EGAF00001723066
FI659057	EGAF00001682865
FI35821	EGAF00001197975
FI36289	EGAF00001160672
FI1539	EGAF00001184228
FI5661	EGAF00001722763
FI46350	EGAF00001144790
FI35004	EGAF00001157018
FI12576	EGAF00001719543
FI659193	EGAF00001683021
FI22759	EGAF00001556575
FI20629	EGAF00001163180
FI659187	EGAF00001682859
FI13107	EGAF00001156427
FI22983	EGAF00001722862
FI350235	EGAF00001196972
FI5563	EGAF00001162628
FI200871	EGAF00001719000
FI12079	EGAF00001171815
FI1218	EGAF00001719891
FI16346	EGAF00001719189
FI9994	EGAF00001160723
FI6788	EGAF00001198071
FI35686	EGAF00001185494
FI200704	EGAF00001719012
FI200874	EGAF00001719261
FI659243	EGAF00001683739
FI34834	EGAF00001162646
FI200776	EGAF00001719234
FI35170	EGAF00001719606
FI39755	EGAF00001720053
FI15350	EGAF00001129912
FI7754	EGAF00001723432
FI349133	EGAF00001196900
FI27819	EGAF00001149898
FI3799	EGAF00001160999
FI13976	EGAF00001196906
FI43198	EGAF00001556845
FI658765	EGAF00001682880
FI3296	EGAF00001198002
FI51117	EGAF00001160483
FI659698	EGAF00001683784
FI13658	EGAF00001130543
FI801260	EGAF00001757461
FI14450	EGAF00001185005
FI48513	EGAF00001722445
FI801254	EGAF00001757434
FI722487	EGAF00000691108
FI19966	EGAF00001722649
FI47179	EGAF00001185194
FI8689	EGAF00001719996
FI13541	EGAF00001185356
FI658921	EGAF00001683030
FI349169	EGAF00001198050
FI659229	EGAF00001683568
FI3257	EGAF00001719924
FI659183	EGAF00001683027
FI48186	EGAF00001184210
FI39401	EGAF00001160594
FI48301	EGAF00001162550
FI678	EGAF00001720161
FI31901	EGAF00001196963
FI5037	EGAF00001184666
FI722491	EGAF00000691111
FI659099	EGAF00001683919
FI50942	EGAF00001723600
FI659175	EGAF00001682784
FI49183	EGAF00001084732
FI44810	EGAF00001719591
FI32381	EGAF00001184348
FI47599	EGAF00001149799
FI8499	EGAF00001157000
FI658691	EGAF00001683799
FI20993	EGAF00001129954
FI47269	EGAF00001082848
FI12826	EGAF00001184672
FI15084	EGAF00001719456
FI26805	EGAF00001184489
FI22683	EGAF00001143345
FI3295	EGAF00001196924
FI2713	EGAF00001185383
FI658917	EGAF00001683048
FI38627	EGAF00001184132
FI15988	EGAF00001085165
FI39907	EGAF00001198008
FI659145	EGAF00001683931
FI659614	EGAF00001683778
FI12040	EGAF00001722685
FI34523	EGAF00001723597
FI658937	EGAF00001683015
FI722496	EGAF00000666937
FI659071	EGAF00001682772
FI41669	EGAF00001198608
FI344549	EGAF00001719768
FI15931	EGAF00001162592
FI42815	EGAF00001196936
FI37410	EGAF00001184735
FI40618	EGAF00001723483
FI658677	EGAF00001683574
FI32055	EGAF00001719678
FI45665	EGAF00001719936
FI31707	EGAF00001723084
FI30829	EGAF00001722955
FI39754	EGAF00001719942
FI37648	EGAF00001184285
FI4213	EGAF00001184795
FI19740	EGAF00001161044
FI3464	EGAF00001160651
FI46988	EGAF00001156361
FI12903	EGAF00001184243
FI22814	EGAF00001073706
FI41785	EGAF00001144805
FI658713	EGAF00001682937
FI11490	EGAF00001185185
FI48666	EGAF00001185107
FI813363	EGAF00000601478
FI21572	EGAF00001082833
FI200774	EGAF00001719153
FI818073	EGAF00001300668
FI811725	EGAF00001429584
FI33525	EGAF00001163078
FI815500	EGAF00001589942
FI4775	EGAF00001185647
FI6463	EGAF00001723045
FI18010	EGAF00001723288
FI7367	EGAF00001719816
FI28580	EGAF00001185227
FI658925	EGAF00001682808
FI31419	EGAF00001722655
FI9681	EGAF00001171887
FI20195	EGAF00001198077
FI31030	EGAF00001198521
FI23480	EGAF00001556548
FI13142	EGAF00001184474
FI15723	EGAF00001198554
FI659237	EGAF00001683640
FI378319	EGAF00001172079
FI200833	EGAF00001719411
FI22682	EGAF00001144361
FI49661	EGAF00001160798
FI17641	EGAF00001129981
FI811713	EGAF00001429624
FI659207	EGAF00001683057
FI6370	EGAF00001719213
FI25043	EGAF00001129969
FI24472	EGAF00001720107
FI32704	EGAF00001723513
FI24317	EGAF00001156373
FI20844	EGAF00001197146
FI49110	EGAF00001196954
FI50233	EGAF00001172124
FI658913	EGAF00001682955
FI40365	EGAF00001556812
FI38790	EGAF00001722574
FI350458	EGAF00001198581
FI8326	EGAF00001722751
FI27680	EGAF00001719537
FI659103	EGAF00001683814
FI42206	EGAF00001723159
FI659335	EGAF00001683718
FI26447	EGAF00001149760
FI35005	EGAF00001156433
FI45192	EGAF00001185188
FI36209	EGAF00001185644
FI40001	EGAF00001163240
FI659139	EGAF00001682790
FI52800	EGAF00001197023
FI9721	EGAF00001723129
FI10204	EGAF00001719741
FI42666	EGAF00001185059
FI27185	EGAF00001184747
FI6392	EGAF00001184987
FI200923	EGAF00001719315
FI117	EGAF00001185341
FI658797	EGAF00001683907
FI36288	EGAF00001161047
FI49944	EGAF00001084786
FI30869	EGAF00001722538
FI26560	EGAF00001145813
FI45209	EGAF00001185086
FI40842	EGAF00001719753
FI22776	EGAF00001722742
FI38589	EGAF00001719408
FI200917	EGAF00001719198
FI24700	EGAF00001184807
FI47598	EGAF00001149952
FI34356	EGAF00001184141
FI52745	EGAF00001160744
FI30114	EGAF00001723294
FI9722	EGAF00001723117
FI5879	EGAF00001185350
FI659035	EGAF00001683532
FI21157	EGAF00001184498
FI38338	EGAF00001084249
FI658951	EGAF00001682712
FI12596	EGAF00001184081
FI36690	EGAF00001074799
FI31556	EGAF00001161050
FI37481	EGAF00001185479
FI18941	EGAF00001160057
FI32074	EGAF00001160597
FI38550	EGAF00001723357
FI51061	EGAF00001719381
FI7715	EGAF00001130693
FI721090	EGAF00000699267
FI17413	EGAF00001722820
FI47545	EGAF00001185605
FI48571	EGAF00001198011
FI200693	EGAF00001719219
FI659273	EGAF00001682871
FI37776	EGAF00001197389
FI659688	EGAF00001683496
FI12366	EGAF00001184465
FI8617	EGAF00001184630
FI31286	EGAF00001723099
FI5995	EGAF00001719642
FI25817	EGAF00001160801
FI42363	EGAF00001160783
FI38609	EGAF00001130633
FI40615	EGAF00001723468
FI12864	EGAF00001723507
FI698	EGAF00001171860
FI737	EGAF00001719804
FI17320	EGAF00001157072
FI47251	EGAF00001161041
FI35499	EGAF00001149829
FI19154	EGAF00001723609
FI12901	EGAF00001719546
FI12788	EGAF00001185206
FI659019	EGAF00001682991
FI31592	EGAF00001185293
FI33527	EGAF00001162982
FI284	EGAF00001149838
FI22777	EGAF00001722613
FI53243	EGAF00001160162
FI47562	EGAF00001085033
FI48532	EGAF00001719645
FI32909	EGAF00001082872
FI27760	EGAF00001723060
FI51716	EGAF00001161026
FI13640	EGAF00001163300
FI19453	EGAF00001723018
FI32551	EGAF00001063511
FI50037	EGAF00001184471
FI172	EGAF00001720002
FI21878	EGAF00001556560
FI659287	EGAF00001683763
FI200948	EGAF00001719024
FI32054	EGAF00001719438
FI419	EGAF00001184312
FI779843	EGAF00000694252
FI42188	EGAF00001184900
FI3926	EGAF00001156994
FI40767	EGAF00001157006
FI6999	EGAF00001160885
FI659189	EGAF00001682970
FI50171	EGAF00001556734
FI14258	EGAF00001723150
FI20881	EGAF00001160876
FI39037	EGAF00001722775
FI3405	EGAF00001184543
FI7997	EGAF00001719528
FI40616	EGAF00001723402
FI19452	EGAF00001723153
FI2560	EGAF00001157087
FI17168	EGAF00001162676
FI658683	EGAF00001683436
FI794	EGAF00001556806
FI14034	EGAF00001184639
FI720629	EGAF00000883289
FI7827	EGAF00001160480
FI658777	EGAF00001683460
FI17642	EGAF00001556491
FI7309	EGAF00001723165
FI658883	EGAF00001683583
FI38753	EGAF00001184888
FI658769	EGAF00001683766
FI659315	EGAF00001683712
FI12883	EGAF00001163273
FI1521	EGAF00001556602
FI3368	EGAF00001149901
FI10857	EGAF00001185011
FI40364	EGAF00001130702
FI720676	EGAF00000585931
FI39284	EGAF00001722739
FI8129	EGAF00001720047
FI37928	EGAF00001719702
FI200954	EGAF00001719111
FI5583	EGAF00001719690
FI17864	EGAF00001185092
FI350943	EGAF00001156436
FI51118	EGAF00001146121
FI24909	EGAF00001719873
FI2112	EGAF00001185326
FI30866	EGAF00001723540
FI200692	EGAF00001719117
FI12769	EGAF00001130603
FI20612	EGAF00001184804
FI200684	EGAF00001719240
FI24014	EGAF00001176773
FI659227	EGAF00001683138
FI26749	EGAF00001722811
FI48187	EGAF00001185047
FI5243	EGAF00001723264
FI38158	EGAF00001723285
FI27336	EGAF00001722913
FI660140	EGAF00001683775
FI22719	EGAF00001171833
FI24532	EGAF00001171772
FI350037	EGAF00001197020
FI357894	EGAF00001171769
FI17374	EGAF00001719681
FI53144	EGAF00001719468
FI49164	EGAF00001719651
FI659283	EGAF00001682676
FI350557	EGAF00001197344
FI11006	EGAF00001198047
FI659223	EGAF00001683120
FI17414	EGAF00001722595
FI21067	EGAF00001160855
FI35782	EGAF00001184777
FI37428	EGAF00001184357
FI25816	EGAF00001160777
FI200920	EGAF00001719183
FI40040	EGAF00001723447
FI350184	EGAF00001197416
FI721089	EGAF00000699267
FI15106	EGAF00001719615
FI21214	EGAF00001085141
FI28182	EGAF00001198542
FI45076	EGAF00001720155
FI200801	EGAF00001719237
FI6391	EGAF00001719540
FI45022	EGAF00001184726
FI658809	EGAF00001682889
FI658843	EGAF00001683925
FI813165	EGAF00000589378
FI349999	EGAF00001198530
FI40693	EGAF00001184402
FI658897	EGAF00001683685
FI6192	EGAF00001556794
FI13694	EGAF00001197362
FI350654	EGAF00001197395
FI11340	EGAF00001722790
FI6093	EGAF00001723222
FI17510	EGAF00001722532
FI21103	EGAF00001160690
FI26561	EGAF00001556605
FI48554	EGAF00001185323
FI551	EGAF00001160960
FI15761	EGAF00001722853
FI16902	EGAF00001155682
FI351057	EGAF00001156403
FI658827	EGAF00001683135
FI22344	EGAF00001172094
FI658739	EGAF00001683817
FI349810	EGAF00001198497
FI19253	EGAF00001719102
FI658909	EGAF00001683018
FI3908	EGAF00001156967
FI813481	EGAF00001551822
FI200685	EGAF00001719297
FI200949	EGAF00001718979
FI42873	EGAF00001723087
FI32135	EGAF00001722583
FI50614	EGAF00001185182
FI11742	EGAF00001185320
FI38329	EGAF00001084255
FI19949	EGAF00001556473
FI15932	EGAF00001556677
FI200695	EGAF00001719081
FI8966	EGAF00001184249
FI659309	EGAF00001683715
FI2732	EGAF00001184894
FI41496	EGAF00001719585
FI659311	EGAF00001682673
FI350787	EGAF00001197014
FI28804	EGAF00001149748
FI17373	EGAF00001719360
FI35650	EGAF00001157024
FI722424	EGAF00000483935
FI659063	EGAF00001682727
FI659253	EGAF00001682850
FI801259	EGAF00001558651
FI41534	EGAF00001720041
FI22718	EGAF00001144382
FI659117	EGAF00001683901
FI1013	EGAF00001160705
FI10534	EGAF00001720089
FI171	EGAF00001719915
FI659293	EGAF00001683493
FI38664	EGAF00001163144
FI659113	EGAF00001683033
FI49869	EGAF00001556629
FI22403	EGAF00001185089
FI23632	EGAF00001156397
FI26841	EGAF00001719339
FI51640	EGAF00001160669
FI21345	EGAF00001130726
FI25480	EGAF00001185536
FI46573	EGAF00001160786
FI34265	EGAF00001156877
FI801255	EGAF00001757644
FI10533	EGAF00001719957
FI2056	EGAF00001129930
FI659033	EGAF00001683970
FI43815	EGAF00001197332
FI20721	EGAF00001185515
FI49337	EGAF00001130756
FI658873	EGAF00001683631
FI659275	EGAF00001682907
FI659297	EGAF00001682976
FI13318	EGAF00001149865
FI20594	EGAF00001163156
FI26750	EGAF00001722919
FI342049	EGAF00001149832
FI29673	EGAF00001197404
FI350971	EGAF00001156430
FI38845	EGAF00001084420
FI20288	EGAF00001184870
FI47306	EGAF00001184654
FI48645	EGAF00001185503
FI813161	EGAF00000589380
FI10225	EGAF00001719378
FI49509	EGAF00001556836
FI658977	EGAF00001682895
FI10491	EGAF00001196969
FI52497	EGAF00001723552
FI659083	EGAF00001682898
FI200701	EGAF00001719027
FI11943	EGAF00001556728
FI722337	EGAF00001416156
FI29509	EGAF00001149925
FI10971	EGAF00001059432
FI658787	EGAF00001682883
FI48169	EGAF00001184270
FI37775	EGAF00001196894
FI720682	EGAF00000585930
FI17695	EGAF00001185020
FI42872	EGAF00001722673
FI4024	EGAF00001723009
FI35726	EGAF00001146542
FI31085	EGAF00001556515
FI26788	EGAF00001556521
FI21481	EGAF00001160687
FI793	EGAF00001130648
FI27204	EGAF00001184858
FI34264	EGAF00001084246
FI29733	EGAF00001720029
FI3070	EGAF00001720065
FI50515	EGAF00001184936
FI49584	EGAF00001722760
FI8092	EGAF00001185473
FI658799	EGAF00001683691
FI1336	EGAF00001184309
FI46351	EGAF00001556701
FI3331	EGAF00001085135
FI12349	EGAF00001184105
FI36437	EGAF00001722577
FI24051	EGAF00001130606
FI49905	EGAF00001722931
FI49301	EGAF00001156442
FI658857	EGAF00001683108
FI52097	EGAF00001720098
FI823819	EGAF00001904524
FI4284	EGAF00001161011
FI40984	EGAF00001722670
FI35631	EGAF00001156475
FI46610	EGAF00001084234
FI21213	EGAF00001085036
FI20899	EGAF00001722682
FI659149	EGAF00001682742
FI40843	EGAF00001185554
FI29527	EGAF00001556752
FI658829	EGAF00001683895
FI19040	EGAF00001719366
FI23688	EGAF00001720185
FI16905	EGAF00001155796
FI658701	EGAF00001683829
FI40597	EGAF00001160144
FI200955	EGAF00001719270
FI52635	EGAF00001160975
FI21518	EGAF00001185371
FI25214	EGAF00001720044
FI36517	EGAF00001160675
FI22343	EGAF00001723273
FI14202	EGAF00001156406
FI24699	EGAF00001184789
FI18710	EGAF00001197497
FI812165	EGAF00000921959
FI658715	EGAF00001683643
FI50633	EGAF00001149835
FI200912	EGAF00001719093
FI38273	EGAF00001719951
FI10896	EGAF00001720101
FI659225	EGAF00001682925
FI14185	EGAF00001157012
FI6580	EGAF00001149790
FI658953	EGAF00001683703
FI52266	EGAF00001184150
FI2695	EGAF00001130546
FI31048	EGAF00001085069
FI29035	EGAF00001723405
FI658853	EGAF00001683679
FI36632	EGAF00001163153
FI40785	EGAF00001185221
FI658805	EGAF00001683823
FI24471	EGAF00001719903
FI12578	EGAF00001184525
FI659247	EGAF00001683790
FI350156	EGAF00001198500
FI37241	EGAF00001198593
FI659289	EGAF00001683433
FI35023	EGAF00001157078
FI658751	EGAF00001683802
FI350872	EGAF00001196882
FI659047	EGAF00001683577
FI22342	EGAF00001723306
FI9663	EGAF00001198029
FI17167	EGAF00001163252
FI12977	EGAF00001084738
FI28542	EGAF00001723342
FI36228	EGAF00001556620
FI374159	EGAF00001160924
FI5993	EGAF00001719306
FI19252	EGAF00001719507
FI14147	EGAF00001556623
FI45191	EGAF00001185290
FI2372	EGAF00001185311
FI779844	EGAF00000694280
FI722485	EGAF00000691113
FI10627	EGAF00001719909
FI14509	EGAF00001719987
FI52267	EGAF00001184783
FI2696	EGAF00001556593
FI6861	EGAF00001160075
FI48205	EGAF00001185101
FI349908	EGAF00001197410
FI51846	EGAF00001556563
FI658707	EGAF00001683661
FI32211	EGAF00001198494
FI9327	EGAF00001149754
FI7752	EGAF00001723303
FI659013	EGAF00001682973
FI33237	EGAF00001722766
FI18462	EGAF00001722793
FI10093	EGAF00001162820
FI27623	EGAF00001723297
FI658825	EGAF00001683559
FI26071	EGAF00001085039
FI18144	EGAF00001184705
FI3181	EGAF00001723063
FI35403	EGAF00001722679
FI41307	EGAF00001085183
FI29694	EGAF00001719756
FI776	EGAF00001556497
FI42592	EGAF00001161005
FI49814	EGAF00001196933
FI7368	EGAF00001720068
FI19131	EGAF00001130687
FI10628	EGAF00001719981
FI659023	EGAF00001683087
FI722495	EGAF00000666937
FI1164	EGAF00001163255
FI349581	EGAF00001198461
FI39000	EGAF00001184537
FI16964	EGAF00001185248
FI350237	EGAF00001198548
FI26053	EGAF00001161017
FI200950	EGAF00001719177
FI2187	EGAF00001185236
FI815451	EGAF00001879620
FI5038	EGAF00001184642
FI659077	EGAF00001683694
FI823822	EGAF00001904519
FI4542	EGAF00001184885
FI4005	EGAF00001197323
FI13278	EGAF00001556467
FI200921	EGAF00001719267
FI658681	EGAF00001682982
FI53127	EGAF00001184969
FI658757	EGAF00001683550
FI24570	EGAF00001157039
FI30658	EGAF00001185056
FI200683	EGAF00001718991
FI30619	EGAF00001719630
FI813487	EGAF00001551820
FI658869	EGAF00001682721
FI2839	EGAF00001156355
FI52496	EGAF00001723291
FI659011	EGAF00001683598
FI1503	EGAF00001556839
FI659265	EGAF00001683985
FI38646	EGAF00001149778
FI19256	EGAF00001184588
FI40786	EGAF00001184765
FI20630	EGAF00001160627
FI15781	EGAF00001196999
FI153	EGAF00001085177
FI39778	EGAF00001185578
FI13921	EGAF00001157009
FI42685	EGAF00001184810
FI659213	EGAF00001683072
FI813355	EGAF00000601450
FI14334	EGAF00001160621
FI659155	EGAF00001683123
FI27469	EGAF00001160966
FI659729	EGAF00001683886
FI11103	EGAF00001722922
FI34209	EGAF00001198503
FI722419	EGAF00000483941
FI49111	EGAF00001197398
FI33392	EGAF00001171857
FI779845	EGAF00000694279
FI37392	EGAF00001185128
FI1165	EGAF00001556488
FI14589	EGAF00001149808
FI659147	EGAF00001682709
FI9307	EGAF00001723372
FI659211	EGAF00001683012
FI29149	EGAF00001085174
FI46069	EGAF00001184252
FI8035	EGAF00001184540
FI815498	EGAF00001589938
FI659331	EGAF00001683430
FI46105	EGAF00001149904
FI13559	EGAF00001185335
FI9682	EGAF00001171836
FI420	EGAF00001184966
FI51154	EGAF00001556656
FI52229	EGAF00001720164
FI45406	EGAF00001149949
FI1354	EGAF00001185398
FI660136	EGAF00001683769
FI3798	EGAF00001163201
FI5242	EGAF00001723591
FI46274	EGAF00001719966
FI37391	EGAF00001185242
FI51338	EGAF00001720122
FI658863	EGAF00001683973
FI659669	EGAF00001683613
FI658871	EGAF00001682949
FI24072	EGAF00001184273
FI24052	EGAF00001556821
FI14394	EGAF00001719612
FI26993	EGAF00001196864
FI813362	EGAF00000601479
FI659005	EGAF00001683688
FI24412	EGAF00001720176
FI34113	EGAF00001719888
FI15950	EGAF00001184189
FI20553	EGAF00001723549
FI26485	EGAF00001156379
FI43761	EGAF00001161035
FI19273	EGAF00001719861
FI16465	EGAF00001184939
FI722387	EGAF00001416167
FI658679	EGAF00001682997
FI12976	EGAF00001156631
FI44986	EGAF00001185365
FI2371	EGAF00001185002
FI25213	EGAF00001719855
FI659860	EGAF00001683622
FI658703	EGAF00001683745
FI813162	EGAF00000589377
FI5223	EGAF00001149895
FI14682	EGAF00001719552
FI33315	EGAF00001160867
FI32982	EGAF00001149907
FI659141	EGAF00001683937
FI94	EGAF00001163267
FI12652	EGAF00001719519
FI658889	EGAF00001683982
FI801675	EGAF00001417981
FI2714	EGAF00001184177
FI2875	EGAF00001160120
FI200891	EGAF00001719132
FI801252	EGAF00001558649
FI3967	EGAF00001185023
FI35172	EGAF00001719621
FI35171	EGAF00001719078
FI52858	EGAF00001063508
FI5351	EGAF00001184756
FI12787	EGAF00001185386
FI6210	EGAF00001722592
FI9197	EGAF00001197356
FI350559	EGAF00001198041
FI1147	EGAF00001556740
FI659173	EGAF00001683826
FI29110	EGAF00001720173
FI24776	EGAF00001196861
FI43216	EGAF00001723267
FI659053	EGAF00001683601
FI6329	EGAF00001722844
FI25387	EGAF00001160681
FI26054	EGAF00001162553
FI19153	EGAF00001722478
FI40038	EGAF00001722544
FI43162	EGAF00001063348
FI658923	EGAF00001683793
FI24090	EGAF00001185380
FI658817	EGAF00001683505
FI23365	EGAF00001185629
FI658705	EGAF00001682844
FI13676	EGAF00001130618
FI200873	EGAF00001719129
FI45267	EGAF00001084258
FI4285	EGAF00001160942
FI52956	EGAF00001722586
FI37259	EGAF00001184111
FI658987	EGAF00001683529
FI41441	EGAF00001074790
FI659027	EGAF00001682928
FI33238	EGAF00001722925
FI23687	EGAF00001719822
FI6369	EGAF00001719696
FI15087	EGAF00001184435
FI45003	EGAF00001184138
FI40402	EGAF00001719657
FI811715	EGAF00001429626
FI659333	EGAF00001683709
FI200699	EGAF00001719051
FI13920	EGAF00001156985
FI38998	EGAF00001719384
FI815450	EGAF00001879634
FI12034	EGAF00001722448
FI21785	EGAF00001197302
FI660142	EGAF00001682910
FI52636	EGAF00001160792
FI25926	EGAF00001722604
FI41497	EGAF00001184903
FI658789	EGAF00001682685
FI10571	EGAF00001144358
FI52799	EGAF00001198560
FI26714	EGAF00001084264
FI658975	EGAF00001683733
FI12367	EGAF00001184231
FI6349	EGAF00001719870
FI29074	EGAF00001185224
FI28302	EGAF00001185413
FI23631	EGAF00001156394
FI720657	EGAF00000239376
FI42814	EGAF00001198044
FI200700	EGAF00001719318
FI20194	EGAF00001198005
FI18011	EGAF00001723531
FI13806	EGAF00001130675
FI22024	EGAF00001171839
FI17257	EGAF00001719726
FI32533	EGAF00001085186
FI50514	EGAF00001184456
FI10554	EGAF00001059417
FI5858	EGAF00001722724
FI45021	EGAF00001184405
FI38274	EGAF00001720035
FI51062	EGAF00001719432
FI5264	EGAF00001160846
FI6390	EGAF00001719693
FI46464	EGAF00001084222
FI350652	EGAF00001197008
FI374822	EGAF00001162862
FI50686	EGAF00001184180
FI10801	EGAF00001130699
FI14508	EGAF00001719798
FI46295	EGAF00001156478
FI10494	EGAF00001160837
FI658727	EGAF00001683141
FI10783	EGAF00001084393
FI1538	EGAF00001185410
FI53126	EGAF00001184117
FI659131	EGAF00001683475
FI9215	EGAF00001160864
FI43889	EGAF00001145486
FI200835	EGAF00001719309
FI16965	EGAF00001184303
FI28803	EGAF00001149745
FI44985	EGAF00001185332
FI32075	EGAF00001160978
FI8308	EGAF00001160795
FI12902	EGAF00001185263
FI659041	EGAF00001683928
FI11399	EGAF00001160879
FI8635	EGAF00001160702
FI200832	EGAF00001719249
FI722415	EGAF00000483871
FI16307	EGAF00001719993
FI12884	EGAF00001556578
FI39038	EGAF00001723108
FI40382	EGAF00001719867
FI32744	EGAF00001184114
FI38645	EGAF00001149892
FI6825	EGAF00001163135
FI4119	EGAF00001719795
FI44322	EGAF00001171830
FI44715	EGAF00001185437
FI1520	EGAF00001162589
FI700	EGAF00001171797
FI9326	EGAF00001149862
FI41498	EGAF00001184831
FI16306	EGAF00001719918
FI26000	EGAF00001185176
FI40675	EGAF00001184933
FI659143	EGAF00001683039
FI32820	EGAF00001160849
FI40403	EGAF00001719042
FI44506	EGAF00001184510
FI4660	EGAF00001723057
FI37182	EGAF00001556674
FI722422	EGAF00000483906
FI6229	EGAF00001722802
FI658885	EGAF00001683676
FI13355	EGAF00001130615
FI1183	EGAF00001185557
FI51003	EGAF00001196879
FI76	EGAF00001163207
FI13560	EGAF00001184330
FI659195	EGAF00001682988
FI350128	EGAF00001197359
FI37948	EGAF00001184384
FI45609	EGAF00001162667
FI39908	EGAF00001196870
FI659087	EGAF00001683949
FI658879	EGAF00001683892
FI5606	EGAF00001184819
FI200947	EGAF00001719444
FI15386	EGAF00001160678
FI32323	EGAF00001556596
FI32093	EGAF00001163285
FI39116	EGAF00001722958
FI42399	EGAF00001149859
FI49319	EGAF00001160711
FI659221	EGAF00001683865
FI30714	EGAF00001719933
FI15762	EGAF00001722616
FI50093	EGAF00001723114
FI818076	EGAF00001300665
FI17111	EGAF00001162817
FI50209	EGAF00001196984
FI6768	EGAF00001722904
FI720645	EGAF00000585928
FI38663	EGAF00001160663
FI31746	EGAF00001160450
FI32837	EGAF00001084735
FI22852	EGAF00001184864
FI13789	EGAF00001556800
FI50306	EGAF00001085027
FI658985	EGAF00001683592
FI38334	EGAF00001084231
FI3760	EGAF00001719735
FI17057	EGAF00001149775
FI8463	EGAF00001184774
FI658783	EGAF00001683096
FI12078	EGAF00001171896
FI21382	EGAF00001722619
FI32322	EGAF00001163264
FI38590	EGAF00001719603
FI200689	EGAF00001719156
FI48685	EGAF00001156955
FI53244	EGAF00001556782
FI27912	EGAF00001185563
FI38179	EGAF00001160153
FI3258	EGAF00001720077
FI41308	EGAF00001085162
FI357948	EGAF00001171821
FI658903	EGAF00001683877
FI31820	EGAF00001723270
FI5263	EGAF00001160843
FI33547	EGAF00001723582
FI49945	EGAF00001156619
FI46835	EGAF00001185632
FI35173	EGAF00001184741
FI658931	EGAF00001682943
FI11176	EGAF00001719783
FI200910	EGAF00001719321
FI3367	EGAF00001074793
FI15217	EGAF00001185560
FI47542	EGAF00001719243
FI7268	EGAF00001722511
FI25233	EGAF00001196846
FI200687	EGAF00001719633
FI813357	EGAF00000601476
FI658963	EGAF00001682733
FI33544	EGAF00001145987
FI658695	EGAF00001683105
FI659111	EGAF00001682781
FI38332	EGAF00001084741
FI17258	EGAF00001719387
FI28432	EGAF00001084762
FI23059	EGAF00001722607
FI52839	EGAF00001063496
FI9214	EGAF00001160654
FI25700	EGAF00001185008
FI200705	EGAF00001719087
FI14683	EGAF00001719453
FI21086	EGAF00001160618
FI5781	EGAF00001198509
FI26484	EGAF00001156970
FI48609	EGAF00001160255
FI39362	EGAF00001719780
FI5880	EGAF00001185017
FI6862	EGAF00001556692
FI4267	EGAF00001184351
FI366862	EGAF00001176755
FI35822	EGAF00001196858
FI813486	EGAF00001551821
FI552	EGAF00001161029
FI18538	EGAF00001723069
FI22494	EGAF00001163225
FI26635	EGAF00001719168
FI20271	EGAF00001197308
FI12037	EGAF00001723441
FI15066	EGAF00001176626
FI30113	EGAF00001722541
FI48075	EGAF00001184981
FI45249	EGAF00001185260
FI658865	EGAF00001683967
FI35174	EGAF00001184363
FI6373	EGAF00001185635
FI3201	EGAF00001185164
FI350595	EGAF00001198014
FI200688	EGAF00001719324
FI23327	EGAF00001184621
FI26840	EGAF00001719729
FI21571	EGAF00001082854
FI10492	EGAF00001198065
FI200911	EGAF00001719066
FI815446	EGAF00001879614
FI823821	EGAF00001904518
FI12825	EGAF00001185584
FI20481	EGAF00001197002
FI19948	EGAF00001160279
FI34597	EGAF00001185068
FI9662	EGAF00001198485
FI28540	EGAF00001723606
FI658813	EGAF00001683646
FI6600	EGAF00001723453
FI658685	EGAF00001683511
FI41881	EGAF00001722496
FI658689	EGAF00001683808
FI43700	EGAF00001160447
FI5349	EGAF00001719564
FI30112	EGAF00001723180
FI722384	EGAF00001416208
FI21877	EGAF00001144787
FI34429	EGAF00001184609
FI49358	EGAF00001722529
FI47216	EGAF00001198557
FI18221	EGAF00001176734
FI779841	EGAF00000883195
FI27932	EGAF00001184834
FI5348	EGAF00001719423
FI14588	EGAF00001085072
FI38592	EGAF00001184246
FI35079	EGAF00001197545
FI12750	EGAF00001723348
FI16901	EGAF00001156637
FI3928	EGAF00001723075
FI44789	EGAF00001723051
FI34392	EGAF00001184693
FI17355	EGAF00001556557
FI658981	EGAF00001683748
FI14828	EGAF00001720197
FI659438	EGAF00001683535
FI23099	EGAF00001556653
FI21842	EGAF00001160990
FI21914	EGAF00001149928
FI27818	EGAF00001149772
FI658973	EGAF00001683844
FI6881	EGAF00001184459
FI4810	EGAF00001082839
FI44790	EGAF00001722730
FI200810	EGAF00001719120
FI206848	EGAF00001719477
FI659055	EGAF00001683853
FI50231	EGAF00001723525
FI5187	EGAF00001161023
FI349417	EGAF00001198551
FI658893	EGAF00001682751
FI8688	EGAF00001719969
FI659179	EGAF00001683625
FI8268	EGAF00001723534
FI17239	EGAF00001197371
FI658955	EGAF00001682931
FI3182	EGAF00001723126
FI20006	EGAF00001722667
FI49544	EGAF00001156424
FI10378	EGAF00001130540
FI659259	EGAF00001682778
FI349842	EGAF00001198488
FI31706	EGAF00001723054
FI48552	EGAF00001719684
FI818072	EGAF00001300669
FI658947	EGAF00001683727
FI2893	EGAF00001163237
FI12460	EGAF00001198605
FI32874	EGAF00001185617
FI659291	EGAF00001682679
FI52897	EGAF00001144811
FI21913	EGAF00001149910
FI349844	EGAF00001197341
FI45307	EGAF00001198080
FI658915	EGAF00001683706
FI31477	EGAF00001171875
FI658819	EGAF00001682823
FI7390	EGAF00001184318
FI37014	EGAF00001160717
FI2731	EGAF00001185296
FI48646	EGAF00001184507
FI25117	EGAF00001162625
FI38610	EGAF00001163234
FI200702	EGAF00001719105
FI200944	EGAF00001718988
FI19235	EGAF00001185278
FI19232	EGAF00001719165
FI722493	EGAF00000666879
FI811719	EGAF00001429578
FI12597	EGAF00001184573
FI22096	EGAF00001084261
FI29073	EGAF00001184156
FI815499	EGAF00001589943
FI659215	EGAF00001683078
FI38997	EGAF00001719723
FI38180	EGAF00001556608
FI26693	EGAF00001719759
FI44451	EGAF00001160804
FI38197	EGAF00001719819
FI33549	EGAF00001723450
FI7389	EGAF00001185131
FI13619	EGAF00001157036
FI20306	EGAF00001197987
FI13977	EGAF00001198590
FI42053	EGAF00001074808
FI200808	EGAF00001718985
FI12348	EGAF00001184378
FI26994	EGAF00001197984
FI659327	EGAF00001682946
FI33608	EGAF00001184696
FI25701	EGAF00001184240
FI25999	EGAF00001185599
FI46537	EGAF00001149751
FI23888	EGAF00001556470
FI10379	EGAF00001556485
FI23853	EGAF00001556716
FI12861	EGAF00001723486
FI720674	EGAF00000585932
FI36633	EGAF00001161038
FI21482	EGAF00001163189
FI29150	EGAF00001082863
FI5584	EGAF00001185590
FI35423	EGAF00001722745
FI349808	EGAF00001198545
FI36210	EGAF00001185461
FI23924	EGAF00001184453
FI779846	EGAF00000883266
FI6094	EGAF00001722427
FI10572	EGAF00001145480
FI813478	EGAF00001551815
FI13485	EGAF00001184633
FI659656	EGAF00001683484
FI36227	EGAF00001144808
FI30115	EGAF00001722856
FI24070	EGAF00001719420
FI721088	EGAF00000166523
FI31323	EGAF00001163219
FI21841	EGAF00001163162
FI3404	EGAF00001719483
FI17260	EGAF00001184975
FI722490	EGAF00000691115
FI41268	EGAF00001160231
FI28543	EGAF00001722463
FI34504	EGAF00001129903
FI658719	EGAF00001683102
FI13659	EGAF00001556503
FI21139	EGAF00001084390
FI658949	EGAF00001683499
FI1449	EGAF00001084276
FI26184	EGAF00001082845
FI7999	EGAF00001184999
FI45075	EGAF00001719852
FI659101	EGAF00001682841
FI349694	EGAF00001198086
FI658723	EGAF00001683979
FI2316	EGAF00001556512
FI45497	EGAF00001719594
FI45189	EGAF00001719459
FI9440	EGAF00001197434
FI7000	EGAF00001160870
FI34339	EGAF00001184732
FI200794	EGAF00001719108
FI31478	EGAF00001171803
FI38700	EGAF00001073727
FI13994	EGAF00001723036
FI658711	EGAF00001683060
FI14395	EGAF00001185329
FI29489	EGAF00001719705
FI33313	EGAF00001197392
FI21011	EGAF00001145708
FI30951	EGAF00001719978
FI720655	EGAF00000239374
FI659085	EGAF00001682724
FI6826	EGAF00001160816
FI43480	EGAF00001149823
FI27933	EGAF00001185566
FI29672	EGAF00001196843
FI31103	EGAF00001163150
FI16466	EGAF00001184096
FI659257	EGAF00001683595
FI812162	EGAF00000921960
FI11743	EGAF00001184837
FI722336	EGAF00001416177
FI5545	EGAF00001145822
FI658693	EGAF00001683042
FI27930	EGAF00001719417
FI47789	EGAF00001719627
FI15128	EGAF00001198473
FI22023	EGAF00001144370
FI658933	EGAF00001682820
FI350909	EGAF00001156445
FI10802	EGAF00001556779
FI32981	EGAF00001082851
FI44968	EGAF00001184660
FI658	EGAF00001720167
FI192	EGAF00001171884
FI51715	EGAF00001160969
FI5782	EGAF00001196909
FI5799	EGAF00001719849
FI8557	EGAF00001722568
FI658743	EGAF00001682961
FI659303	EGAF00001682916
FI11007	EGAF00001196852
FI7698	EGAF00001162781
FI47580	EGAF00001185254
FI658793	EGAF00001682919
FI658753	EGAF00001683054
FI19967	EGAF00001723012
FI5350	EGAF00001184861
FI51172	EGAF00001162844
FI21763	EGAF00001719900
FI24260	EGAF00001156901
FI13695	EGAF00001197338
FI18615	EGAF00001073721
FI36938	EGAF00001184516
FI50228	EGAF00001723240
FI8781	EGAF00001720038
FI13843	EGAF00001720080
FI659161	EGAF00001683670
FI26731	EGAF00001084753
FI41670	EGAF00001197374
FI44910	EGAF00001198062
FI32056	EGAF00001184942
FI6230	EGAF00001723123
FI39698	EGAF00001198179
FI20324	EGAF00001722835
FI5458	EGAF00001184561
FI15105	EGAF00001719192
FI8780	EGAF00001719948
FI658837	EGAF00001683811
FI19855	EGAF00001149844
FI27622	EGAF00001722454
FI658875	EGAF00001682775
FI5662	EGAF00001722991
FI33202	EGAF00001556449
FI9251	EGAF00001723315
FI15088	EGAF00001185137
FI32380	EGAF00001184771
FI49034	EGAF00001184762
FI43627	EGAF00001185134
FI48945	EGAF00001160813
FI10206	EGAF00001184681
FI15109	EGAF00001184381
FI31049	EGAF00001085063
FI350520	EGAF00001198596
FI51337	EGAF00001719834
FI23591	EGAF00001160729
FI16347	EGAF00001719582
FI37910	EGAF00001556737
FI46332	EGAF00001149886
FI16173	EGAF00001184954
FI20555	EGAF00001184294
FI6579	EGAF00001149916
FI35059	EGAF00001719990
FI50230	EGAF00001723216
FI720651	EGAF00000239358
FI33183	EGAF00001059411
FI206869	EGAF00001719363
FI7154	EGAF00001720095
FI659135	EGAF00001683481
FI25665	EGAF00001160981
FI8402	EGAF00001722847
FI659245	EGAF00001682754
FI16046	EGAF00001184522
FI200926	EGAF00001719144
FI32838	EGAF00001084783
FI49184	EGAF00001084240
FI33607	EGAF00001185287
FI5369	EGAF00001184477
FI2205	EGAF00001130555
FI20325	EGAF00001723120
FI51002	EGAF00001198470
FI32092	EGAF00001160093
FI47444	EGAF00001198020
FI30178	EGAF00001720074
FI812166	EGAF00000921848
FI19078	EGAF00001082836
FI823820	EGAF00001904522
FI14489	EGAF00001723006
FI12653	EGAF00001184213
FI658755	EGAF00001683069
FI10013	EGAF00001084252
FI48074	EGAF00001184882
FI200830	EGAF00001719330
FI40405	EGAF00001184174
FI2876	EGAF00001556719
FI47197	EGAF00001185203
FI4230	EGAF00001198092
FI658993	EGAF00001682793
FI337	EGAF00001722694
FI659217	EGAF00001683619
FI21685	EGAF00001163168
FI31648	EGAF00001196891
FI813164	EGAF00000589379
FI47270	EGAF00001149802
FI33219	EGAF00001184993
FI25062	EGAF00001556518
FI1012	EGAF00001160636
FI29944	EGAF00001722769
FI659277	EGAF00001683466
FI46068	EGAF00001184909
FI33861	EGAF00001160297
FI14146	EGAF00001163276
FI29297	EGAF00001184624
FI20683	EGAF00001149931
FI10589	EGAF00001171845
FI658901	EGAF00001682805
FI32458	EGAF00001722781
FI30867	EGAF00001723501
FI722484	EGAF00000691109
FI23272	EGAF00001722706
FI45628	EGAF00001157075
FI26165	EGAF00001184699
FI13356	EGAF00001556785
FI26636	EGAF00001719549
FI812160	EGAF00000922123
FI349502	EGAF00001198602
FI200799	EGAF00001719372
FI34505	EGAF00001556647
FI15351	EGAF00001556422
FI48533	EGAF00001719390
FI3332	EGAF00001085138
FI34114	EGAF00001720092
FI12579	EGAF00001184468
FI15369	EGAF00001160609
FI6879	EGAF00001719567
FI11491	EGAF00001184360
FI3909	EGAF00001156457
FI48535	EGAF00001184723
FI22402	EGAF00001184207
FI20364	EGAF00001722676
FI21068	EGAF00001160657
FI25118	EGAF00001556758
FI12650	EGAF00001719075
FI33550	EGAF00001723249
FI25501	EGAF00001184876
FI44909	EGAF00001197377
FI200708	EGAF00001719291
FI659423	EGAF00001683541
FI32683	EGAF00001722442
FI15108	EGAF00001719744
FI7828	EGAF00001556809
FI17412	EGAF00001197056
FI44716	EGAF00001185551
FI48168	EGAF00001184846
FI14684	EGAF00001184159
FI42649	EGAF00001156871
FI2559	EGAF00001156973
FI815444	EGAF00001879615
FI10226	EGAF00001185272
FI35518	EGAF00001720140
FI30177	EGAF00001719762
FI659079	EGAF00001682745
FI33393	EGAF00001171899
FI19623	EGAF00001160852
FI1219	EGAF00001720149
FI14908	EGAF00001722631
FI27563	EGAF00001160822
FI34522	EGAF00001723588
FI46087	EGAF00001184636
FI200686	EGAF00001719228
FI47581	EGAF00001184168
FI38339	EGAF00001156934
FI48667	EGAF00001185434
FI4890	EGAF00001185608
FI818078	EGAF00001300661
FI14451	EGAF00001184480
FI42398	EGAF00001063351
FI8537	EGAF00001720125
FI722486	EGAF00000691107
FI39363	EGAF00001720188
FI27931	EGAF00001719393
FI44469	EGAF00001130627
FI26166	EGAF00001184618
FI6372	EGAF00001184366
FI40404	EGAF00001719513
FI658899	EGAF00001683976
FI200908	EGAF00001718976
FI200831	EGAF00001719201
FI16102	EGAF00001556533
FI21950	EGAF00001556509
FI47180	EGAF00001185521
FI23479	EGAF00001130660
FI36401	EGAF00001184288
FI6092	EGAF00001722526
FI36191	EGAF00001184927
FI19622	EGAF00001163147
FI366864	EGAF00001176737
FI39776	EGAF00001719429
FI15276	EGAF00001156400
FI25499	EGAF00001719534
FI45308	EGAF00001198026
FI349319	EGAF00001197011
FI6209	EGAF00001723048
FI25100	EGAF00001556632
FI17678	EGAF00001556659
FI42648	EGAF00001156592
FI37737	EGAF00001084306
FI659356	EGAF00001683721
FI3126	EGAF00001149757
FI659067	EGAF00001683934
FI11961	EGAF00001198032
FI20365	EGAF00001722988
FI358323	EGAF00001171890
FI801670	EGAF00001416935
FI32497	EGAF00001197503
FI34580	EGAF00001149874
FI33626	EGAF00001722994
FI364408	EGAF00001197452
FI17844	EGAF00001723390
FI29109	EGAF00001719972
FI659261	EGAF00001683081
FI5224	EGAF00001149889
FI813163	EGAF00000589376
FI26634	EGAF00001719672
FI32057	EGAF00001184576
FI6767	EGAF00001722778
FI9250	EGAF00001723504
FI42472	EGAF00001723168
FI12041	EGAF00001722580
FI36844	EGAF00001184528
FI3761	EGAF00001719504
FI25386	EGAF00001160984
FI659097	EGAF00001682826
FI9607	EGAF00001196849
FI26787	EGAF00001130537
FI2894	EGAF00001556446
FI8093	EGAF00001184084
FI350291	EGAF00001196942
FI34724	EGAF00001184801
FI22982	EGAF00001723567
FI32703	EGAF00001722424
FI20820	EGAF00001198038
FI23041	EGAF00001556476
FI24089	EGAF00001184420
FI50941	EGAF00001723339
FI4120	EGAF00001720170
FI26732	EGAF00001156958
FI36400	EGAF00001184729
FI658759	EGAF00001682757
FI33862	EGAF00001556833
FI7995	EGAF00001719447
FI658833	EGAF00001682979
FI26694	EGAF00001719999
FI38699	EGAF00001149871
FI35727	EGAF00001556695
FI349167	EGAF00001197317
FI659299	EGAF00001683487
FI659049	EGAF00001683063
FI50289	EGAF00001556461
FI43888	EGAF00001171809
FI19059	EGAF00001184570
FI46817	EGAF00001185200
FI722412	EGAF00001416190
FI15387	EGAF00001160612
FI5001	EGAF00001130729
FI19077	EGAF00001085030
FI5188	EGAF00001160735
FI45745	EGAF00001184744
FI659382	EGAF00001683880
FI17058	EGAF00001149883
FI6524	EGAF00001720014
FI8167	EGAF00001722715
FI191	EGAF00001144376
FI35114	EGAF00001130011
FI12959	EGAF00001196921
FI20270	EGAF00001196918
FI5603	EGAF00001719573
FI658965	EGAF00001683781
FI38999	EGAF00001184237
FI36920	EGAF00001185530
FI659001	EGAF00001683958
FI19854	EGAF00001059420
FI46834	EGAF00001185455
FI11761	EGAF00001556527
FI35404	EGAF00001722928
FI349648	EGAF00001198089
FI46720	EGAF00001160951
FI41901	EGAF00001082860
FI722489	EGAF00000691114
FI33184	EGAF00001059426
FI37872	EGAF00001723078
FI801668	EGAF00001417299
FI17319	EGAF00001156460
FI994	EGAF00001085156
FI17769	EGAF00001073694
FI200775	EGAF00001719009
FI16906	EGAF00001155700
FI2467	EGAF00001156976
FI28981	EGAF00001160441
FI659233	EGAF00001683874
FI50513	EGAF00001719576
FI6597	EGAF00001722436
FI15277	EGAF00001157084
FI19234	EGAF00001184825
FI6655	EGAF00001157042
FI27837	EGAF00001723081
FI5305	EGAF00001155709
FI659051	EGAF00001683820
FI38396	EGAF00001556842
FI8148	EGAF00001198539
FI14088	EGAF00001162613
FI11398	EGAF00001160840
FI658945	EGAF00001683144
FI801669	EGAF00001417214
FI36650	EGAF00001160825
FI21949	EGAF00001162649
FI658749	EGAF00001683051
FI49585	EGAF00001722718
FI26090	EGAF00001149946
FI27683	EGAF00001184711
FI657	EGAF00001719960
FI29491	EGAF00001184321
FI722494	EGAF00000666879
FI37947	EGAF00001184708
FI44604	EGAF00001722703
FI25061	EGAF00001162568
FI39325	EGAF00001720011
FI7753	EGAF00001722472
FI5878	EGAF00001719510
FI7019	EGAF00001184852
FI29490	EGAF00001719531
FI658821	EGAF00001682862
FI28982	EGAF00001556641
FI18942	EGAF00001556590
FI11177	EGAF00001720062
FI27856	EGAF00001185344
FI52286	EGAF00001085015
FI20480	EGAF00001197350
FI658961	EGAF00001682874
FI50208	EGAF00001196960
FI48553	EGAF00001185080
FI738	EGAF00001720017
FI46465	EGAF00001156940
FI200811	EGAF00001719216
FI818068	EGAF00001579228
FI658717	EGAF00001683526
FI27642	EGAF00001723474
FI14035	EGAF00001184627
FI23516	EGAF00001184438
FI17863	EGAF00001185233
FI18444	EGAF00001185179
FI32134	EGAF00001722700
FI45838	EGAF00001185392
FI31649	EGAF00001196930
FI658999	EGAF00001682934
FI25155	EGAF00001185074
FI15146	EGAF00001196903
FI4983	EGAF00001130645
FI17731	EGAF00001160708
FI27413	EGAF00001719975
FI135	EGAF00001184684
FI19231	EGAF00001719399
FI28541	EGAF00001723459
FI659119	EGAF00001683664
FI31102	EGAF00001149919
FI350874	EGAF00001198476
FI50288	EGAF00001129999
FI801257	EGAF00001558542
FI16745	EGAF00001723144
FI9855	EGAF00001723258
FI1818	EGAF00001197311
FI30137	EGAF00001722481
FI43554	EGAF00001163249
FI9680	EGAF00001171794
FI13143	EGAF00001185095
FI658967	EGAF00001683463
FI40214	EGAF00001171782
FI30481	EGAF00001085171
FI47733	EGAF00001197413
FI33684	EGAF00001720116
FI17259	EGAF00001184255
FI3609	EGAF00001156451
FI5422	EGAF00001149943
FI42473	EGAF00001723102
FI658867	EGAF00001682697
FI30912	EGAF00001184417
FI5996	EGAF00001185593
FI41080	EGAF00001722799
FI17356	EGAF00001556584
FI200829	EGAF00001719063
FI15199	EGAF00001184990
FI15086	EGAF00001719711
FI42284	EGAF00001160606
FI26596	EGAF00001149817
FI658733	EGAF00001683445
FI659313	EGAF00001683742
FI6979	EGAF00001723378
FI349973	EGAF00001197320
FI658747	EGAF00001682760
FI5935	EGAF00001722652
FI20552	EGAF00001722430
FI51063	EGAF00001185404
FI25044	EGAF00001556773
FI16101	EGAF00001130663
FI659133	EGAF00001683126
FI37891	EGAF00001198533
FI200853	EGAF00001719072
FI41174	EGAF00001184372
FI658841	EGAF00001682787
FI658845	EGAF00001683556
FI48300	EGAF00001160645
FI50615	EGAF00001184786
FI33590	EGAF00001184714
FI813359	EGAF00000601448
FI36516	EGAF00001160963
FI35500	EGAF00001085150
FI19152	EGAF00001723579
FI18886	EGAF00001723471
FI6980	EGAF00001723387
FI721092	EGAF00000911196
FI38628	EGAF00001184123
FI813358	EGAF00000601449
FI18906	EGAF00001556614
FI16026	EGAF00001722898
FI10858	EGAF00001185542
FI38551	EGAF00001723213
FI18616	EGAF00001149868
FI722499	EGAF00000677081
FI659185	EGAF00001683457
FI36997	EGAF00001185548
FI12770	EGAF00001556755
FI722501	EGAF00000669735
FI11942	EGAF00001163261
FI815445	EGAF00001879613
FI200951	EGAF00001719222
FI51997	EGAF00001722610
FI2315	EGAF00001162631
FI5311	EGAF00001556791
FI659263	EGAF00001683586
FI815503	EGAF00001589937
FI659209	EGAF00001683652
FI29298	EGAF00001184483
FI659251	EGAF00001682817
FI27643	EGAF00001723438
FI33683	EGAF00001719864
FI27620	EGAF00001723300
FI349321	EGAF00001198563
FI200913	EGAF00001719096
FI658709	EGAF00001683871
FI12060	EGAF00001171778
FI19233	EGAF00001719558
FI47563	EGAF00001085159
FI10840	EGAF00001185170
FI34616	EGAF00001185269
FI24206	EGAF00001197128
FI801256	EGAF00001558690
FI43217	EGAF00001723384
FI357920	EGAF00001171812
FI659307	EGAF00001682664
FI8576	EGAF00001719882
FI10895	EGAF00001719921
FI4543	EGAF00001185029
FI1502	EGAF00001130732
FI7488	EGAF00001556431
FI30828	EGAF00001723162
FI23366	EGAF00001184612
FI6598	EGAF00001722421
FI32684	EGAF00001722517
FI14742	EGAF00001719801
FI23833	EGAF00001156418
FI8616	EGAF00001184891
FI26901	EGAF00001185422
FI658773	EGAF00001683868
FI658699	EGAF00001682769
FI659169	EGAF00001683036
FI17318	EGAF00001196855
FI35058	EGAF00001719912
FI658767	EGAF00001682706
FI813166	EGAF00000589373
FI20554	EGAF00001172031
FI815452	EGAF00001879632
FI722500	EGAF00000677081
FI26446	EGAF00001073691
FI779842	EGAF00000694251
FI46275	EGAF00001720131
FI349419	EGAF00001198611
FI18337	EGAF00001163198
FI17732	EGAF00001160834
FI14259	EGAF00001723003
FI38451	EGAF00001723177
FI659366	EGAF00001683517
FI7191	EGAF00001160771
FI7018	EGAF00001719663
FI53145	EGAF00001719327
FI6330	EGAF00001722709
FI43161	EGAF00001149739
FI8149	EGAF00001197407
FI42593	EGAF00001163171
FI44812	EGAF00001184828
FI351083	EGAF00001157045
FI7017	EGAF00001719738
FI48665	EGAF00001719570
FI43215	EGAF00001722490
FI11472	EGAF00001059429
FI200694	EGAF00001719123
FI7882	EGAF00001082866
FI47519	EGAF00001722829
FI24032	EGAF00001162835
FI27913	EGAF00001184345
FI26317	EGAF00001084228
FI32819	EGAF00001160831
FI20647	EGAF00001063345
FI8498	EGAF00001156409
FI200707	EGAF00001719264
FI37242	EGAF00001196912
FI52518	EGAF00001723573
FI15107	EGAF00001719273
FI569	EGAF00001160750
FI658791	EGAF00001682838
FI40804	EGAF00001162796
FI50779	EGAF00001085084
FI49128	EGAF00001155733
FI3533	EGAF00001144397
FI38102	EGAF00001084864
FI12843	EGAF00001084936
FI12176	EGAF00001198425
FI28451	EGAF00001556635
FI49436	EGAF00001130513
FI38900	EGAF00001130135
FI31139	EGAF00001198125
FI45040	EGAF00001084312
FI976	EGAF00001130282
FI12920	EGAF00001144209
FI44624	EGAF00001197428
FI49472	EGAF00001176683
FI10456	EGAF00001185485
FI15650	EGAF00001171953
FI30179	EGAF00001161095
FI6770	EGAF00001083931
FI2953	EGAF00001156490
FI28928	EGAF00001155769
FI24605	EGAF00001146097
FI13825	EGAF00001163036
FI16884	EGAF00001176677
FI52876	EGAF00001130114
FI847	EGAF00001156643
FI35041	EGAF00001176650
FI48359	EGAF00001156649
FI4160	EGAF00001161083
FI29336	EGAF00001197440
FI32855	EGAF00001197152
FI1557	EGAF00001130444
FI30791	EGAF00001130330
FI1030	EGAF00001198699
FI10916	EGAF00001171917
FI44286	EGAF00001196756
FI3611	EGAF00001160939
FI3184	EGAF00001083922
FI18106	EGAF00001172355
FI9476	EGAF00001130534
FI29654	EGAF00001163414
FI35443	EGAF00001176746
FI24205	EGAF00001198233
FI23960	EGAF00001163033
FI4340	EGAF00001144057
FI37537	EGAF00001160567
FI30772	EGAF00001198452
FI33880	EGAF00001162745
FI7566	EGAF00001198263
FI9973	EGAF00001559038
FI14052	EGAF00001198669
FI45134	EGAF00001176644
FI41345	EGAF00001172322
FI44061	EGAF00001197539
FI6212	EGAF00001155595
FI32945	EGAF00001198338
FI6232	EGAF00001156742
FI2003	EGAF00001143156
FI48442	EGAF00001143180
FI47846	EGAF00001145786
FI40216	EGAF00001198305
FI1109	EGAF00001156757
FI47999	EGAF00001156682
FI35386	EGAF00001176770
FI35595	EGAF00001144700
FI40041	EGAF00001145855
FI25215	EGAF00001166036
FI25554	EGAF00001143168
FI11360	EGAF00001145594
FI38162	EGAF00001172208
FI2821	EGAF00001130099
FI13281	EGAF00001146008
FI13409	EGAF00001083835
FI28011	EGAF00001198714
FI26956	EGAF00001197551
FI49777	EGAF00001163438
FI51828	EGAF00001176695
FI28748	EGAF00001145942
FI30831	EGAF00001084504
FI20901	EGAF00001155589
FI25254	EGAF00001176740
FI10897	EGAF00001163519
FI29946	EGAF00001156718
FI18013	EGAF00001172148
FI34796	EGAF00001084903
FI244334	EGAF00001197527
FI34872	EGAF00001160579
FI42381	EGAF00001176602
FI48763	EGAF00001085087
FI35482	EGAF00001156514
FI44231	EGAF00001156337
FI30351	EGAF00001160402
FI4026	EGAF00001083940
FI51959	EGAF00001197161
FI12995	EGAF00001163126
FI37163	EGAF00001156673
FI35405	EGAF00001084543
FI8385	EGAF00001084714
FI3072	EGAF00001161104
FI19314	EGAF00001196699
FI49907	EGAF00001084069
FI27874	EGAF00001085108
FI47144	EGAF00001160009
FI51339	EGAF00001163465
FI22227	EGAF00001198738
FI15065	EGAF00001176779
FI20367	EGAF00001156751
FI35425	EGAF00001084477
FI10687	EGAF00001176797
FI40252	EGAF00001163057
FI5898	EGAF00001145762
FI44005	EGAF00001144649
FI6466	EGAF00001156760
FI25349	EGAF00001171923
FI20122	EGAF00001146115
FI48981	EGAF00001145492
FI1853	EGAF00001143204
FI32705	EGAF00001145627
FI8366	EGAF00001084666
FI639	EGAF00001198320
FI9916	EGAF00001172295
FI26806	EGAF00001185071
FI29000	EGAF00001085228
FI48855	EGAF00001156319
FI18089	EGAF00001196693
FI1089	EGAF00001163423
FI17568	EGAF00001163420
FI13902	EGAF00001198116
FI29636	EGAF00001155763
FI30276	EGAF00001144631
FI22888	EGAF00001084909
FI27395	EGAF00001155592
FI51376	EGAF00001196738
FI45926	EGAF00001156286
FI18299	EGAF00001084843
FI40215	EGAF00001197179
FI21030	EGAF00001172283
FI44892	EGAF00001197116
FI2038	EGAF00001162997
FI41248	EGAF00001130234
FI31122	EGAF00001198107
FI3107	EGAF00001145570
FI52957	EGAF00001084054
FI49586	EGAF00001155625
FI8931	EGAF00001084897
FI7229	EGAF00001146088
FI18671	EGAF00001144242
FI30734	EGAF00001198119
FI42072	EGAF00001163372
FI51261	EGAF00001144499
FI977	EGAF00001144571
FI45572	EGAF00001198711
FI49283	EGAF00001144568
FI8579	EGAF00001163474
FI10688	EGAF00001176821
FI32192	EGAF00001160576
FI3628	EGAF00001084861
FI51753	EGAF00001146044
FI2785	EGAF00001144278
FI37854	EGAF00001145753
FI35721	EGAF00001156853
FI28894	EGAF00001155787
FI34041	EGAF00001156352
FI46852	EGAF00001084822
FI47087	EGAF00001162874
FI19349	EGAF00001156487
FI43871	EGAF00001145576
FI30952	EGAF00001166042
FI19095	EGAF00001162751
FI33705	EGAF00001163579
FI47522	EGAF00001156739
FI16308	EGAF00001161107
FI10630	EGAF00001160918
FI12214	EGAF00001144212
FI43853	EGAF00001144754
FI2242	EGAF00001160180
FI21985	EGAF00001084876
FI27801	EGAF00001144589
FI12232	EGAF00001160429
FI19472	EGAF00001144466
FI53051	EGAF00001198257
FI49473	EGAF00001144051
FI46277	EGAF00001166102
FI44339	EGAF00001159943
FI3499	EGAF00001156322
FI33934	EGAF00001198720
FI32570	EGAF00001144730
FI30180	EGAF00001161056
FI18633	EGAF00001198314
FI45667	EGAF00001166123
FI24985	EGAF00001144176
FI14947	EGAF00001145612
FI16805	EGAF00001176674
FI9683	EGAF00001156832
FI14491	EGAF00001084630
FI19	EGAF00001143300
FI35078	EGAF00001198158
FI34191	EGAF00001197107
FI16484	EGAF00001156610
FI4525	EGAF00001156679
FI902	EGAF00001197966
FI29887	EGAF00001130081
FI50797	EGAF00001556815
FI52653	EGAF00001171995
FI38101	EGAF00001084789
FI20159	EGAF00001085288
FI1910	EGAF00001144718
FI16946	EGAF00001162952
FI43179	EGAF00001130453
FI3259	EGAF00001163495
FI18202	EGAF00001085210
FI10012	EGAF00001197113
FI29224	EGAF00001160573
FI37164	EGAF00001156697
FI5170	EGAF00001162532
FI22459	EGAF00001162730
FI12177	EGAF00001198365
FI11997	EGAF00001176689
FI26202	EGAF00001144296
FI45571	EGAF00001083880
FI8384	EGAF00001084174
FI40159	EGAF00001084183
FI680	EGAF00001163558
FI40442	EGAF00001171977
FI44733	EGAF00001196753
FI3350	EGAF00001144134
FI48358	EGAF00001155781
FI4663	EGAF00001155583
FI17955	EGAF00001143261
FI340	EGAF00001084453
FI28730	EGAF00001143306
FI29112	EGAF00001163402
FI7792	EGAF00001144454
FI4414	EGAF00001143240
FI265	EGAF00001084201
FI52193	EGAF00001143258
FI28675	EGAF00001130105
FI21627	EGAF00001198347
FI43220	EGAF00001172193
FI3948	EGAF00001156658
FI45133	EGAF00001176173
FI39232	EGAF00001130420
FI8404	EGAF00001084441
FI23274	EGAF00001156781
FI16824	EGAF00001196825
FI38682	EGAF00001160003
FI38311	EGAF00001145681
FI31498	EGAF00001162973
FI30019	EGAF00001084342
FI23384	EGAF00001130315
FI19113	EGAF00001160765
FI22061	EGAF00001160012
FI27625	EGAF00001172217
FI52136	EGAF00001144598
FI20009	EGAF00001084519
FI14643	EGAF00001166015
FI35744	EGAF00001185044
FI9123	EGAF00001144556
FI15596	EGAF00001130288
FI30973	EGAF00001166021
FI48477	EGAF00001198810
FI11817	EGAF00001197254
FI35211	EGAF00001144149
FI30972	EGAF00001163354
FI38237	EGAF00001160027
FI19490	EGAF00001144646
FI41883	EGAF00001172127
FI40749	EGAF00001198308
FI28414	EGAF00001084108
FI53050	EGAF00001197515
FI51171	EGAF00001084351
FI10457	EGAF00001184615
FI14744	EGAF00001166009
FI27800	EGAF00001144544
FI50094	EGAF00001084444
FI48366	EGAF00001085081
FI18598	EGAF00001163342
FI48515	EGAF00001172316
FI19491	EGAF00001160417
FI34562	EGAF00001198783
FI1687	EGAF00001197068
FI28747	EGAF00001145969
FI3629	EGAF00001162784
FI21589	EGAF00001144766
FI29262	EGAF00001144739
FI28103	EGAF00001163381
FI3349	EGAF00001144146
FI37127	EGAF00001160324
FI18393	EGAF00001143318
FI605	EGAF00001156919
FI51452	EGAF00001163087
FI43010	EGAF00001155712
FI44772	EGAF00001198807
FI33686	EGAF00001163564
FI29982	EGAF00001130447
FI31802	EGAF00001145522
FI15181	EGAF00001156667
FI33127	EGAF00001084057
FI47007	EGAF00001163318
FI5205	EGAF00001144143
FI29697	EGAF00001163507
FI15633	EGAF00001084705
FI829	EGAF00001155778
FI33054	EGAF00001162877
FI22190	EGAF00001159985
FI30160	EGAF00001163387
FI50778	EGAF00001083904
FI21859	EGAF00001198185
FI16823	EGAF00001198323
FI4063	EGAF00001144526
FI3219	EGAF00001196729
FI7330	EGAF00001156538
FI40923	EGAF00001130138
FI44413	EGAF00001176776
FI50385	EGAF00001156937
FI41460	EGAF00001130459
FI49129	EGAF00001155736
FI24107	EGAF00001160183
FI12751	EGAF00001145828
FI39511	EGAF00001162814
FI49418	EGAF00001130342
FI38414	EGAF00001198149
FI24717	EGAF00001144658
FI5511	EGAF00001156289
FI41083	EGAF00001155643
FI43682	EGAF00001198386
FI4397	EGAF00001171974
FI30541	EGAF00001084588
FI36439	EGAF00001083991
FI19156	EGAF00001172352
FI45820	EGAF00001162520
FI36306	EGAF00001196834
FI2129	EGAF00001559017
FI50227	EGAF00001172055
FI34929	EGAF00001130507
FI16982	EGAF00001130708
FI31193	EGAF00001156811
FI15913	EGAF00001197281
FI4379	EGAF00001144733
FI12866	EGAF00001172241
FI20842	EGAF00001197446
FI7864	EGAF00001197419
FI35444	EGAF00001144206
FI7209	EGAF00001197167
FI12994	EGAF00001145528
FI27109	EGAF00001160546
FI8270	EGAF00001144364
FI51416	EGAF00001144066
FI9588	EGAF00001197197
FI1669	EGAF00001198209
FI30889	EGAF00001130045
FI13903	EGAF00001198137
FI51508	EGAF00001144547
FI38980	EGAF00001084213
FI19114	EGAF00001084879
FI5387	EGAF00001197062
FI34115	EGAF00001163516
FI46952	EGAF00001144164
FI13089	EGAF00001162985
FI25627	EGAF00001084942
FI34246	EGAF00001198140
FI43573	EGAF00001163063
FI19473	EGAF00001130381
FI2523	EGAF00001145510
FI47126	EGAF00001130267
FI51100	EGAF00001156844
FI52248	EGAF00001144317
FI43048	EGAF00001197506
FI39286	EGAF00001155628
FI24932	EGAF00001159976
FI15163	EGAF00001083910
FI14571	EGAF00001084663
FI3220	EGAF00001198329
FI20843	EGAF00001197458
FI2858	EGAF00001085195
FI10321	EGAF00001172259
FI30463	EGAF00001172175
FI8653	EGAF00001160336
FI53226	EGAF00001198672
FI2130	EGAF00001085294
FI28046	EGAF00001559041
FI21803	EGAF00001197272
FI35406	EGAF00001084468
FI8690	EGAF00001161119
FI51226	EGAF00001197554
FI18410	EGAF00001171935
FI7809	EGAF00001084720
FI50436	EGAF00001156325
FI34690	EGAF00001143207
FI28285	EGAF00001172112
FI28713	EGAF00001143147
FI1744	EGAF00001196807
FI50054	EGAF00001198188
FI16748	EGAF00001084522
FI18848	EGAF00001176791
FI44152	EGAF00001144221
FI27452	EGAF00001130384
FI46647	EGAF00001162718
FI41536	EGAF00001163399
FI41230	EGAF00001144430
FI47288	EGAF00001130576
FI51507	EGAF00001159958
FI45095	EGAF00001197443
FI4702	EGAF00001084366
FI30057	EGAF00001155637
FI20123	EGAF00001153086
FI39584	EGAF00001130435
FI21270	EGAF00001196744
FI22025	EGAF00001144367
FI14824	EGAF00001156628
FI16709	EGAF00001144583
FI35614	EGAF00001130042
FI8329	EGAF00001084618
FI38736	EGAF00001130763
FI20666	EGAF00001160423
FI588	EGAF00001156604
FI25405	EGAF00001130327
FI8328	EGAF00001084561
FI40289	EGAF00001143192
FI42170	EGAF00001198221
FI18088	EGAF00001197221
FI17094	EGAF00001085099
FI8912	EGAF00001163129
FI42475	EGAF00001156790
FI25853	EGAF00001171983
FI30911	EGAF00001156313
FI11232	EGAF00001084204
FI3163	EGAF00001130168
FI18520	EGAF00001143210
FI16710	EGAF00001130258
FI14909	EGAF00001084075
FI19332	EGAF00001155547
FI10320	EGAF00001145849
FI37278	EGAF00001162811
FI51340	EGAF00001166045
FI5246	EGAF00001172268
FI23213	EGAF00001084318
FI25982	EGAF00001155574
FI29811	EGAF00001160054
FI41920	EGAF00001171989
FI48963	EGAF00001144694
FI44659	EGAF00001160414
FI9974	EGAF00001198717
FI3835	EGAF00001130489
FI32016	EGAF00001084189
FI40251	EGAF00001084414
FI24662	EGAF00001144760
FI51262	EGAF00001160342
FI52137	EGAF00001130402
FI44874	EGAF00001197140
FI27875	EGAF00001198813
FI28338	EGAF00001130510
FI33933	EGAF00001559032
FI21628	EGAF00001196750
FI5308	EGAF00001155739
FI16368	EGAF00001197557
FI12158	EGAF00001197530
FI6095	EGAF00001172163
FI37559	EGAF00001160387
FI40732	EGAF00001145945
FI39455	EGAF00001130096
FI15561	EGAF00001084804
FI33353	EGAF00001084564
FI41937	EGAF00001171956
FI25537	EGAF00001198756
FI33450	EGAF00001160405
FI7734	EGAF00001145636
FI44792	EGAF00001084099
FI48476	EGAF00001085243
FI27297	EGAF00001160390
FI12250	EGAF00001084816
FI1	EGAF00001143333
FI25519	EGAF00001083901
FI16501	EGAF00001156883
FI28485	EGAF00001143249
FI15668	EGAF00001171932
FI9441	EGAF00001198245
FI20176	EGAF00001176161
FI43292	EGAF00001156787
FI1220	EGAF00001161086
FI28859	EGAF00001155790
FI15838	EGAF00001083895
FI18810	EGAF00001130225
FI35980	EGAF00001162898
FI25332	EGAF00001143288
FI15315	EGAF00001156535
FI19214	EGAF00001130363
FI38064	EGAF00001144179
FI18012	EGAF00001145624
FI41727	EGAF00001162733
FI29261	EGAF00001130339
FI23959	EGAF00001162856
FI3385	EGAF00001160510
FI35268	EGAF00001130069
FI21121	EGAF00001198816
FI5859	EGAF00001155631
FI19000	EGAF00001144469
FI1688	EGAF00001198155
FI37595	EGAF00001144529
FI16137	EGAF00001184663
FI22172	EGAF00001130180
FI9742	EGAF00001162907
FI52194	EGAF00001143189
FI19331	EGAF00001130760
FI14910	EGAF00001155619
FI25442	EGAF00001161101
FI48057	EGAF00001198446
FI24533	EGAF00001130796
FI30159	EGAF00001163390
FI23780	EGAF00001162535
FI4757	EGAF00001130249
FI26372	EGAF00001176743
FI26280	EGAF00001144078
FI30018	EGAF00001084402
FI32946	EGAF00001196717
FI38571	EGAF00001084348
FI11978	EGAF00001163105
FI27221	EGAF00001085252
FI3930	EGAF00001156769
FI8709	EGAF00001196723
FI42515	EGAF00001197287
FI43796	EGAF00001162805
FI43255	EGAF00001143294
FI9836	EGAF00001144715
FI29964	EGAF00001160486
FI28102	EGAF00001161089
FI27645	EGAF00001145687
FI23081	EGAF00001084576
FI38917	EGAF00001196780
FI34446	EGAF00001163081
FI495	EGAF00001084417
FI46990	EGAF00001176716
FI34928	EGAF00001130369
FI51754	EGAF00001156484
FI18961	EGAF00001084129
FI23708	EGAF00001130345
FI3610	EGAF00001162961
FI43311	EGAF00001084405
FI53148	EGAF00001185524
FI39327	EGAF00001166132
FI26145	EGAF00001156511
FI23797	EGAF00001144194
FI22191	EGAF00001130141
FI5664	EGAF00001084096
FI3314	EGAF00001084687
FI31121	EGAF00001197080
FI40986	EGAF00001084546
FI46519	EGAF00001156586
FI50888	EGAF00001144727
FI48889	EGAF00001084225
FI1108	EGAF00001084606
FI48495	EGAF00001145873
FI46629	EGAF00001162901
FI23690	EGAF00001161098
FI25683	EGAF00001196708
FI39849	EGAF00001144182
FI10766	EGAF00001163090
FI52477	EGAF00001085237
FI40019	EGAF00001145933
FI26354	EGAF00001130303
FI8169	EGAF00001084048
FI41363	EGAF00001176761
FI42631	EGAF00001145591
FI29545	EGAF00001160045
FI22079	EGAF00001130189
FI26751	EGAF00001084621
FI44660	EGAF00001144550
FI53010	EGAF00001197245
FI16929	EGAF00001172226
FI35060	EGAF00001166048
FI47828	EGAF00001144712
FI19455	EGAF00001084030
FI1070	EGAF00001166054
FI51434	EGAF00001155541
FI6543	EGAF00001130183
FI9271	EGAF00001162994
FI38554	EGAF00001172274
FI15819	EGAF00001155664
FI38827	EGAF00001163123
FI20841	EGAF00001198197
FI8481	EGAF00001160489
FI17337	EGAF00001145618
FI39039	EGAF00001155586
FI52037	EGAF00001163096
FI2223	EGAF00001130769
FI3871	EGAF00001176803
FI23061	EGAF00001155598
FI3870	EGAF00001176617
FI39963	EGAF00001144496
FI48872	EGAF00001156334
FI24373	EGAF00001197257
FI9550	EGAF00001197095
FI26355	EGAF00001130240
FI13071	EGAF00001155553
FI2224	EGAF00001156553
FI4396	EGAF00001143312
FI13070	EGAF00001155544
FI22004	EGAF00001196813
FI4302	EGAF00001160375
FI15597	EGAF00001156706
FI37145	EGAF00001160537
FI8405	EGAF00001084540
FI7640	EGAF00001162976
FI514	EGAF00001198753
FI24473	EGAF00001166117
FI6445	EGAF00001162838
FI5282	EGAF00001085324
FI27763	EGAF00001084000
FI20104	EGAF00001146103
FI42208	EGAF00001084063
FI39454	EGAF00001162523
FI9741	EGAF00001084894
FI7639	EGAF00001084870
FI35097	EGAF00001197425
FI11251	EGAF00001084696
FI26409	EGAF00001145723
FI48224	EGAF00001163315
FI7270	EGAF00001172043
FI38681	EGAF00001130111
FI2260	EGAF00001160501
FI2298	EGAF00001197239
FI12614	EGAF00001197494
FI2616	EGAF00001144069
FI21269	EGAF00001198389
FI39098	EGAF00001198804
FI25908	EGAF00001163003
FI31067	EGAF00001145519
FI44248	EGAF00001156889
FI22796	EGAF00001156799
FI20366	EGAF00001084501
FI35596	EGAF00001145573
FI9459	EGAF00001163018
FI46665	EGAF00001161116
FI48056	EGAF00001198449
FI11852	EGAF00001197470
FI43219	EGAF00001172046
FI18847	EGAF00001176167
FI15467	EGAF00001176605
FI29017	EGAF00001172160
FI51904	EGAF00001198678
FI266	EGAF00001084165
FI31941	EGAF00001144341
FI2297	EGAF00001197155
FI48403	EGAF00001084636
FI21364	EGAF00001144721
FI33990	EGAF00001156895
FI40178	EGAF00001084144
FI46628	EGAF00001162991
FI38792	EGAF00001084615
FI44395	EGAF00001144538
FI44042	EGAF00001197071
FI51189	EGAF00001146079
FI8819	EGAF00001156700
FI43273	EGAF00001172001
FI36902	EGAF00001146109
FI11286	EGAF00001144502
FI32762	EGAF00001198696
FI44230	EGAF00001084273
FI9875	EGAF00001144191
FI10536	EGAF00001161071
FI29829	EGAF00001166099
FI34653	EGAF00001085216
FI18539	EGAF00001084120
FI19758	EGAF00001162679
FI51489	EGAF00001198134
FI52325	EGAF00001143297
FI52654	EGAF00001172007
FI11724	EGAF00001146035
FI35385	EGAF00001144269
FI173	EGAF00001163510
FI13013	EGAF00001160384
FI2541	EGAF00001159982
FI32927	EGAF00001198407
FI26523	EGAF00001176164
FI29965	EGAF00001144673
FI8783	EGAF00001166039
FI23942	EGAF00001162910
FI22287	EGAF00001130414
FI8652	EGAF00001160378
FI21536	EGAF00001145606
FI23725	EGAF00001146011
FI19276	EGAF00001160903
FI34151	EGAF00001085126
FI25927	EGAF00001084609
FI14552	EGAF00001156712
FI35998	EGAF00001085219
FI48362	EGAF00001155802
FI7155	EGAF00001163480
FI30390	EGAF00001155538
FI6674	EGAF00001144676
FI958	EGAF00001144745
FI32461	EGAF00001083976
FI52036	EGAF00001084840
FI1392	EGAF00001084135
FI43536	EGAF00001130285
FI51622	EGAF00001155766
FI30240	EGAF00001084207
FI43293	EGAF00001084558
FI44396	EGAF00001159994
FI16367	EGAF00001198311
FI1893	EGAF00001159970
FI301	EGAF00001144158
FI19001	EGAF00001130366
FI47088	EGAF00001084399
FI39231	EGAF00001130393
FI29655	EGAF00001163396
FI18923	EGAF00001084141
FI32285	EGAF00001198404
FI40750	EGAF00001197266
FI11816	EGAF00001197260
FI26695	EGAF00001162706
FI20424	EGAF00001162847
FI32136	EGAF00001084498
FI3725	EGAF00001146017
FI52938	EGAF00001172286
FI11305	EGAF00001144505
FI35577	EGAF00001130195
FI45553	EGAF00001198681
FI24588	EGAF00001176656
FI17846	EGAF00001172106
FI50814	EGAF00001556599
FI28010	EGAF00001085270
FI17186	EGAF00001145957
FI38004	EGAF00001145564
FI49906	EGAF00001084027
FI17338	EGAF00001130270
FI26696	EGAF00001163447
FI5093	EGAF00001159979
FI18070	EGAF00001145501
FI48365	EGAF00001085207
FI18502	EGAF00001171944
FI50152	EGAF00001197236
FI22984	EGAF00001145891
FI10283	EGAF00001163111
FI3260	EGAF00001165994
FI9835	EGAF00001160360
FI24718	EGAF00001130408
FI12038	EGAF00001145831
FI14070	EGAF00001085246
FI22208	EGAF00001198741
FI18540	EGAF00001083994
FI23834	EGAF00001176752
FI32928	EGAF00001198431
FI51621	EGAF00001084723
FI23815	EGAF00001162727
FI18392	EGAF00001143237
FI7733	EGAF00001172058
FI22609	EGAF00001163444
FI26955	EGAF00001197206
FI23743	EGAF00001130348
FI10898	EGAF00001163432
FI30407	EGAF00001146112
FI6015	EGAF00001144326
FI11024	EGAF00001198353
FI30848	EGAF00001084852
FI16806	EGAF00001176818
FI4756	EGAF00001130351
FI51603	EGAF00001160345
FI8130	EGAF00001162703
FI25518	EGAF00001198792
FI44114	EGAF00001198777
FI32193	EGAF00001144532
FI4720	EGAF00001197173
FI28877	EGAF00001155805
FI34966	EGAF00001144391
FI12405	EGAF00001198104
FI740	EGAF00001163330
FI15837	EGAF00001085300
FI4159	EGAF00001163333
FI43143	EGAF00001176632
FI45058	EGAF00001084363
FI23461	EGAF00001145900
FI17394	EGAF00001197191
FI29696	EGAF00001166057
FI50906	EGAF00001143246
FI12538	EGAF00001559008
FI9288	EGAF00001160396
FI18887	EGAF00001172130
FI20232	EGAF00001197188
FI1088	EGAF00001163471
FI39925	EGAF00001144349
FI14396	EGAF00001184957
FI48820	EGAF00001156307
FI14642	EGAF00001166075
FI34152	EGAF00001083838
FI13638	EGAF00001084294
FI6673	EGAF00001160507
FI17585	EGAF00001196735
FI9494	EGAF00001144352
FI18924	EGAF00001084180
FI28415	EGAF00001155622
FI48263	EGAF00001145759
FI7920	EGAF00001159988
FI39118	EGAF00001084624
FI28964	EGAF00001198663
FI38918	EGAF00001198419
FI33843	EGAF00001197449
FI41005	EGAF00001130186
FI9122	EGAF00001159997
FI35724	EGAF00001156595
FI41249	EGAF00001160495
FI50944	EGAF00001172142
FI40580	EGAF00001156802
FI23816	EGAF00001084357
FI4025	EGAF00001156766
FI39473	EGAF00001198350
FI41231	EGAF00001145738
FI19213	EGAF00001144520
FI11025	EGAF00001196762
FI44043	EGAF00001198206
FI43926	EGAF00001197074
FI17973	EGAF00001143273
FI6053	EGAF00001144060
FI34024	EGAF00001156343
FI27488	EGAF00001156829
FI1071	EGAF00001163369
FI49642	EGAF00001084729
FI17395	EGAF00001197275
FI9087	EGAF00001144248
FI45443	EGAF00001130198
FI7755	EGAF00001145915
FI1614	EGAF00001145675
FI48459	EGAF00001143282
FI51357	EGAF00001196804
FI51207	EGAF00001198191
FI37874	EGAF00001084021
FI23154	EGAF00001084660
FI17845	EGAF00001172151
FI19969	EGAF00001156772
FI40384	EGAF00001168007
FI7230	EGAF00001156517
FI38512	EGAF00001156715
FI48262	EGAF00001160036
FI45245	EGAF00001084375
FI22700	EGAF00001155745
FI7211	EGAF00001144562
FI9309	EGAF00001172289
FI33706	EGAF00001163417
FI48225	EGAF00001168001
FI27545	EGAF00001130456
FI38161	EGAF00001172232
FI37666	EGAF00001085303
FI38935	EGAF00001144167
FI47998	EGAF00001156550
FI26920	EGAF00001144736
FI23232	EGAF00001144218
FI11799	EGAF00001144442
FI39756	EGAF00001163360
FI47923	EGAF00001162979
FI37577	EGAF00001176701
FI52781	EGAF00001197026
FI2750	EGAF00001198768
FI8818	EGAF00001146041
FI11104	EGAF00001084066
FI12539	EGAF00001085204
FI51771	EGAF00001144427
FI35703	EGAF00001198410
FI11529	EGAF00001176758
FI15579	EGAF00001156523
FI30773	EGAF00001198335
FI2857	EGAF00001198732
FI659	EGAF00001163324
FI46703	EGAF00001146020
FI11322	EGAF00001144400
FI45444	EGAF00001144742
FI16728	EGAF00001130462
FI46554	EGAF00001130531
FI37738	EGAF00001162871
FI513	EGAF00001083865
FI51772	EGAF00001156583
FI39344	EGAF00001198341
FI42209	EGAF00001083952
FI36015	EGAF00001085315
FI49526	EGAF00001130078
FI29793	EGAF00001176764
FI23941	EGAF00001162802
FI32498	EGAF00001198110
FI7697	EGAF00001084849
FI33431	EGAF00001144607
FI28206	EGAF00001198281
FI45039	EGAF00001084882
FI23534	EGAF00001083844
FI320	EGAF00001144072
FI43683	EGAF00001196774
FI22533	EGAF00001197548
FI26769	EGAF00001198392
FI48441	EGAF00001143252
FI23060	EGAF00001084555
FI46555	EGAF00001163117
FI22646	EGAF00001197476
FI50555	EGAF00001083982
FI3781	EGAF00001144751
FI30907	EGAF00001156847
FI28562	EGAF00001159934
FI7756	EGAF00001172100
FI17586	EGAF00001198401
FI21140	EGAF00001162904
FI45246	EGAF00001162892
FI9253	EGAF00001145729
FI18298	EGAF00001084813
FI11888	EGAF00001196726
FI40020	EGAF00001172277
FI1031	EGAF00001085132
FI30056	EGAF00001083916
FI35481	EGAF00001144048
FI20425	EGAF00001162850
FI53107	EGAF00001145951
FI34654	EGAF00001198789
FI22870	EGAF00001163054
FI13410	EGAF00001198771
FI40459	EGAF00001143198
FI48363	EGAF00001155727
FI6526	EGAF00001163549
FI38882	EGAF00001130372
FI17511	EGAF00001172103
FI15615	EGAF00001176623
FI26108	EGAF00001160582
FI7370	EGAF00001160900
FI30275	EGAF00001160339
FI49832	EGAF00001156559
FI23779	EGAF00001130162
FI18071	EGAF00001160570
FI46158	EGAF00001166060
FI33128	EGAF00001083958
FI757	EGAF00001145948
FI1670	EGAF00001198242
FI48318	EGAF00001196741
FI22209	EGAF00001198744
FI34302	EGAF00001196759
FI41459	EGAF00001130102
FI6351	EGAF00001166030
FI6919	EGAF00001144481
FI48384	EGAF00001198702
FI31922	EGAF00001085129
FI19892	EGAF00001130231
FI32686	EGAF00001172211
FI24414	EGAF00001163462
FI25682	EGAF00001198395
FI9915	EGAF00001172178
FI27544	EGAF00001130144
FI4738	EGAF00001145504
FI29581	EGAF00001143255
FI28860	EGAF00001155811
FI5300	EGAF00001171962
FI52230	EGAF00001162700
FI7248	EGAF00001163027
FI50095	EGAF00001083979
FI247	EGAF00001084186
FI29335	EGAF00001198230
FI28503	EGAF00001172004
FI33036	EGAF00001084372
FI52099	EGAF00001161053
FI2542	EGAF00001145597
FI31421	EGAF00001155649
FI21725	EGAF00001166126
FI20250	EGAF00001163114
FI15914	EGAF00001197170
FI12865	EGAF00001145903
FI42474	EGAF00001155580
FI36033	EGAF00001143267
FI46989	EGAF00001144290
FI28674	EGAF00001130261
FI48404	EGAF00001084471
FI15763	EGAF00001155610
FI38881	EGAF00001145777
FI31803	EGAF00001130174
FI5245	EGAF00001145927
FI39585	EGAF00001156508
FI41728	EGAF00001084333
FI24949	EGAF00001084915
FI7312	EGAF00001084450
FI27644	EGAF00001145654
FI52688	EGAF00001143228
FI5303	EGAF00001155673
FI4524	EGAF00001146106
FI7977	EGAF00001559044
FI4303	EGAF00001130357
FI39436	EGAF00001197500
FI48112	EGAF00001130312
FI23669	EGAF00001084078
FI48627	EGAF00001172262
FI7565	EGAF00001197233
FI31841	EGAF00001172109
FI11566	EGAF00001085291
FI22476	EGAF00001156838
FI41919	EGAF00001171998
FI29396	EGAF00001145732
FI17238	EGAF00001198260
FI30849	EGAF00001162769
FI45554	EGAF00001198693
FI24242	EGAF00001197230
FI40924	EGAF00001144685
FI51415	EGAF00001144230
FI7621	EGAF00001084906
FI23835	EGAF00001176719
FI15614	EGAF00001144314
FI49092	EGAF00001160039
FI13639	EGAF00001162931
FI28637	EGAF00001084858
FI19968	EGAF00001084039
FI36307	EGAF00001196705
FI31176	EGAF00001197200
FI34320	EGAF00001160321
FI30639	EGAF00001156841
FI22043	EGAF00001143186
FI52324	EGAF00001143336
FI16155	EGAF00001184840
FI16483	EGAF00001156922
FI28786	EGAF00001130216
FI11361	EGAF00001160048
FI40495	EGAF00001155694
FI33989	EGAF00001156598
FI52098	EGAF00001162685
FI26203	EGAF00001176794
FI41515	EGAF00001197963
FI5976	EGAF00001160513
FI4506	EGAF00001146085
FI52520	EGAF00001172016
FI51958	EGAF00001198287
FI6692	EGAF00001083847
FI36016	EGAF00001083907
FI17660	EGAF00001156685
FI45943	EGAF00001156328
FI35745	EGAF00001185158
FI11323	EGAF00001176812
FI7919	EGAF00001130171
FI23273	EGAF00001083946
FI660	EGAF00001160891
FI24606	EGAF00001156814
FI14823	EGAF00001156634
FI16928	EGAF00001172250
FI31823	EGAF00001172190
FI42875	EGAF00001156736
FI14510	EGAF00001163441
FI5405	EGAF00001197137
FI400	EGAF00001165982
FI24986	EGAF00001144251
FI17900	EGAF00001144691
FI8670	EGAF00001176749
FI22985	EGAF00001145726
FI42345	EGAF00001083862
FI33952	EGAF00001198687
FI23649	EGAF00001197029
FI5494	EGAF00001084768
FI11178	EGAF00001166120
FI22226	EGAF00001085225
FI49718	EGAF00001197296
FI11159	EGAF00001198377
FI37070	EGAF00001084303
FI37612	EGAF00001197263
FI2954	EGAF00001156670
FI45994	EGAF00001156898
FI5304	EGAF00001155793
FI11233	EGAF00001084132
FI11140	EGAF00001144239
FI45462	EGAF00001176782
FI37144	EGAF00001144652
FI21590	EGAF00001160516
FI22779	EGAF00001155613
FI47502	EGAF00001084324
FI29018	EGAF00001172070
FI51375	EGAF00001196792
FI37740	EGAF00001163561
FI44414	EGAF00001176830
FI35704	EGAF00001198455
FI32515	EGAF00001145894
FI45875	EGAF00001156622
FI53225	EGAF00001198765
FI9723	EGAF00001156745
FI21986	EGAF00001162913
FI12422	EGAF00001197050
FI20498	EGAF00001130255
FI229	EGAF00001160936
FI24108	EGAF00001160042
FI23689	EGAF00001166090
FI28712	EGAF00001143201
FI50153	EGAF00001197164
FI52175	EGAF00001197101
FI20463	EGAF00001144075
FI3707	EGAF00001160540
FI9105	EGAF00001130264
FI49643	EGAF00001084669
FI6211	EGAF00001084516
FI43047	EGAF00001197536
FI22551	EGAF00001197119
FI35722	EGAF00001156886
FI4829	EGAF00001084423
FI47770	EGAF00001144445
FI24241	EGAF00001196696
FI42514	EGAF00001197185
FI16535	EGAF00001156616
FI32685	EGAF00001172121
FI25945	EGAF00001084321
FI399	EGAF00001163528
FI38772	EGAF00001130417
FI46276	EGAF00001166018
FI6561	EGAF00001145588
FI37684	EGAF00001145765
FI49360	EGAF00001172145
FI39214	EGAF00001144475
FI30334	EGAF00001144514
FI7603	EGAF00001084114
FI10915	EGAF00001143165
FI20326	EGAF00001084084
FI13503	EGAF00001084834
FI35997	EGAF00001085123
FI23996	EGAF00001130426
FI35212	EGAF00001176710
FI4468	EGAF00001145552
FI45821	EGAF00001130468
FI23762	EGAF00001145963
FI11343	EGAF00001084072
FI2021	EGAF00001162787
FI13580	EGAF00001196768
FI38810	EGAF00001145603
FI10535	EGAF00001161077
FI28284	EGAF00001172280
FI41593	EGAF00001156502
FI52249	EGAF00001144152
FI1968	EGAF00001143216
FI2241	EGAF00001163120
FI34410	EGAF00001084873
FI32284	EGAF00001196810
FI16983	EGAF00001130579
FI9405	EGAF00001176713
FI3947	EGAF00001130714
FI8762	EGAF00001198284
FI30389	EGAF00001146091
FI39642	EGAF00001130784
FI5440	EGAF00001145960
FI7329	EGAF00001144424
FI13771	EGAF00001130090
FI17529	EGAF00001163486
FI15314	EGAF00001155577
FI27072	EGAF00001130297
FI44734	EGAF00001196789
FI47287	EGAF00001156496
FI25331	EGAF00001143234
FI12632	EGAF00001198356
FI24127	EGAF00001161128
FI9404	EGAF00001144266
FI12404	EGAF00001197524
FI33146	EGAF00001160561
FI33145	EGAF00001159961
FI33334	EGAF00001198434
FI49719	EGAF00001197224
FI35613	EGAF00001144451
FI25555	EGAF00001145660
FI37205	EGAF00001160393
FI22608	EGAF00001163492
FI35096	EGAF00001197041
FI44791	EGAF00001084510
FI40477	EGAF00001084702
FI50905	EGAF00001143264
FI40619	EGAF00001145693
FI20902	EGAF00001084492
FI29563	EGAF00001143327
FI25852	EGAF00001143162
FI6291	EGAF00001144293
FI31194	EGAF00001156574
FI12752	EGAF00001172202
FI39365	EGAF00001163339
FI30908	EGAF00001156316
FI31923	EGAF00001085261
FI23650	EGAF00001197485
FI38846	EGAF00001163042
FI50887	EGAF00001160591
FI18809	EGAF00001130021
FI39382	EGAF00001197242
FI40494	EGAF00001156640
FI29167	EGAF00001166000
FI49625	EGAF00001144305
FI13427	EGAF00001559020
FI22060	EGAF00001144574
FI32496	EGAF00001198227
FI12732	EGAF00001197512
FI37853	EGAF00001130766
FI21122	EGAF00001083886
FI23744	EGAF00001160498
FI53165	EGAF00001184486
FI8539	EGAF00001163435
FI14870	EGAF00001083961
FI13845	EGAF00001163546
FI2	EGAF00001171941
FI52782	EGAF00001197044
FI11250	EGAF00001084171
FI43870	EGAF00001159967
FI31422	EGAF00001083988
FI37702	EGAF00001143330
FI31785	EGAF00001145939
FI44079	EGAF00001084435
FI44060	EGAF00001198146
FI26919	EGAF00001144784
FI9366	EGAF00001145717
FI17567	EGAF00001162697
FI3108	EGAF00001145531
FI30352	EGAF00001160318
FI52211	EGAF00001143150
FI2768	EGAF00001144517
FI3183	EGAF00001084489
FI6620	EGAF00001144233
FI18220	EGAF00001144257
FI32246	EGAF00001197158
FI35426	EGAF00001156709
FI8726	EGAF00001197422
FI43609	EGAF00001155772
FI3816	EGAF00001144688
FI15820	EGAF00001084156
FI51099	EGAF00001130294
FI20177	EGAF00001176833
FI3929	EGAF00001083970
FI44606	EGAF00001084051
FI32516	EGAF00001145858
FI52231	EGAF00001161137
FI22889	EGAF00001162886
FI7622	EGAF00001163030
FI17899	EGAF00001130525
FI40529	EGAF00001156646
FI34742	EGAF00001162937
FI31305	EGAF00001084378
FI207239	EGAF00001197464
FI42720	EGAF00001085321
FI22550	EGAF00001198239
FI51903	EGAF00001085312
FI34375	EGAF00001196828
FI30906	EGAF00001084279
FI6843	EGAF00001084711
FI43608	EGAF00001084138
FI16084	EGAF00001145972
FI457	EGAF00001197035
FI32479	EGAF00001130210
FI35040	EGAF00001144415
FI6544	EGAF00001130237
FI37685	EGAF00001130048
FI12921	EGAF00001176836
FI46702	EGAF00001130273
FI9270	EGAF00001084300
FI51586	EGAF00001084153
FI11996	EGAF00001144302
FI18672	EGAF00001176731
FI27624	EGAF00001172013
FI46646	EGAF00001084384
FI27839	EGAF00001084534
FI18107	EGAF00001145921
FI4945	EGAF00001144197
FI3949	EGAF00001130775
FI47125	EGAF00001130213
FI26937	EGAF00001130147
FI46123	EGAF00001083841
FI8745	EGAF00001196795
FI43256	EGAF00001171947
FI20251	EGAF00001160492
FI50722	EGAF00001145768
FI5404	EGAF00001197086
FI38791	EGAF00001083937
FI32569	EGAF00001130057
FI27298	EGAF00001130465
FI46050	EGAF00001144448
FI45892	EGAF00001156868
FI43066	EGAF00001162688
FI5802	EGAF00001166078
FI14279	EGAF00001160369
FI44153	EGAF00001176806
FI14570	EGAF00001084210
FI17075	EGAF00001162895
FI18355	EGAF00001130474
FI4195	EGAF00001185596
FI45685	EGAF00001084369
FI45960	EGAF00001156349
FI24587	EGAF00001144203
FI8671	EGAF00001176725
FI23726	EGAF00001162529
FI29828	EGAF00001163351
FI5299	EGAF00001143222
FI4064	EGAF00001130027
FI39472	EGAF00001198437
FI21860	EGAF00001197479
FI9104	EGAF00001144577
FI8913	EGAF00001144655
FI14624	EGAF00001159946
FI35520	EGAF00001165997
FI49146	EGAF00001155742
FI47771	EGAF00001160552
FI3534	EGAF00001176839
FI14053	EGAF00001085240
FI19759	EGAF00001166072
FI43237	EGAF00001172025
FI50984	EGAF00001130567
FI47656	EGAF00001162517
FI34075	EGAF00001084408
FI19568	EGAF00001144161
FI20105	EGAF00001156499
FI30139	EGAF00001172340
FI53147	EGAF00001184090
FI15560	EGAF00001084432
FI49833	EGAF00001156835
FI21765	EGAF00001166108
FI302	EGAF00001176668
FI25981	EGAF00001146100
FI45096	EGAF00001197077
FI44623	EGAF00001198218
FI28963	EGAF00001559011
FI37206	EGAF00001145756
FI40195	EGAF00001160051
FI30830	EGAF00001083964
FI39757	EGAF00001163363
FI19910	EGAF00001130252
FI8016	EGAF00001085258
FI29564	EGAF00001171980
FI34911	EGAF00001130120
FI33296	EGAF00001198170
FI38492	EGAF00001198299
FI10933	EGAF00001143315
FI34411	EGAF00001160762
FI31066	EGAF00001130306
FI8874	EGAF00001084918
FI24413	EGAF00001163468
FI49359	EGAF00001145621
FI24188	EGAF00001144260
FI11834	EGAF00001197521
FI11853	EGAF00001198161
FI29205	EGAF00001160351
FI14745	EGAF00001163567
FI25589	EGAF00001143183
FI24911	EGAF00001166027
FI40307	EGAF00001143243
FI29810	EGAF00001144586
FI41289	EGAF00001084147
FI17416	EGAF00001084594
FI37594	EGAF00001144472
FI42171	EGAF00001198143
FI27416	EGAF00001163312
FI10186	EGAF00001130396
FI14829	EGAF00001161131
FI11179	EGAF00001165991
FI26938	EGAF00001130519
FI11798	EGAF00001130072
FI42380	EGAF00001144338
FI30676	EGAF00001144778
FI4703	EGAF00001163012
FI7311	EGAF00001084459
FI52958	EGAF00001083913
FI11105	EGAF00001084003
FI496	EGAF00001163084
FI319	EGAF00001144406
FI15182	EGAF00001155550
FI33035	EGAF00001084354
FI13753	EGAF00001144679
FI47501	EGAF00001084828
FI16231	EGAF00001198200
FI14607	EGAF00001176767
FI12633	EGAF00001198326
FI38063	EGAF00001144412
FI24931	EGAF00001130117
FI28486	EGAF00001145657
FI16329	EGAF00001160915
FI6505	EGAF00001159955
FI4507	EGAF00001130781
FI44565	EGAF00001156748
FI2430	EGAF00001144054
FI31822	EGAF00001172319
FI37445	EGAF00001145516
FI40476	EGAF00001084678
FI43238	EGAF00001172097
FI12731	EGAF00001197143
FI5860	EGAF00001155640
FI40620	EGAF00001172052
FI4249	EGAF00001085285
FI39213	EGAF00001130222
FI48927	EGAF00001130300
FI32190	EGAF00001162721
FI12714	EGAF00001197542
FI33053	EGAF00001084807
FI37873	EGAF00001084495
FI5206	EGAF00001176234
FI5840	EGAF00001196801
FI29091	EGAF00001084900
FI14869	EGAF00001083949
FI11304	EGAF00001130150
FI9589	EGAF00001197212
FI40160	EGAF00001156796
FI37986	EGAF00001144724
FI25870	EGAF00001143291
FI23137	EGAF00001198236
FI9876	EGAF00001176800
FI7791	EGAF00001144493
FI13300	EGAF00001130087
FI37985	EGAF00001144706
FI24224	EGAF00001196786
FI941	EGAF00001197053
FI48628	EGAF00001145879
FI27396	EGAF00001083997
FI12039	EGAF00001145876
FI45874	EGAF00001156943
FI23462	EGAF00001145870
FI9857	EGAF00001145924
FI35061	EGAF00001165985
FI3386	EGAF00001145543
FI28598	EGAF00001160399
FI22078	EGAF00001160354
FI30408	EGAF00001155559
FI15632	EGAF00001084150
FI9458	EGAF00001084411
FI17512	EGAF00001172346
FI29947	EGAF00001084009
FI8708	EGAF00001196702
FI2992	EGAF00001160525
FI42014	EGAF00001156655
FI46140	EGAF00001085096
FI26408	EGAF00001176653
FI5076	EGAF00001130477
FI9495	EGAF00001159964
FI9252	EGAF00001172049
FI1836	EGAF00001143219
FI19275	EGAF00001163540
FI46426	EGAF00001162772
FI22946	EGAF00001162883
FI32095	EGAF00001083868
FI28047	EGAF00001198684
FI1615	EGAF00001172139
FI23707	EGAF00001146023
FI5897	EGAF00001130399
FI33951	EGAF00001198708
FI38454	EGAF00001083943
FI43463	EGAF00001084339
FI50945	EGAF00001145834
FI49851	EGAF00001144553
FI43462	EGAF00001084315
FI11889	EGAF00001196840
FI14260	EGAF00001084456
FI39529	EGAF00001198780
FI11214	EGAF00001084819
FI23155	EGAF00001084192
FI11287	EGAF00001160024
FI37720	EGAF00001143285
FI23995	EGAF00001130793
FI7156	EGAF00001163450
FI4121	EGAF00001160921
FI4928	EGAF00001176785
FI52499	EGAF00001145837
FI24912	EGAF00001162709
FI13844	EGAF00001166111
FI35725	EGAF00001156850
FI8017	EGAF00001198774
FI39117	EGAF00001084093
FI1761	EGAF00001196711
FI49093	EGAF00001144613
FI5306	EGAF00001155721
FI14830	EGAF00001163543
FI39964	EGAF00001130309
FI7604	EGAF00001156775
FI22477	EGAF00001130720
FI38200	EGAF00001166069
FI46501	EGAF00001176638
FI17956	EGAF00001171950
FI22797	EGAF00001084726
FI44771	EGAF00001559035
FI15686	EGAF00001160006
FI51810	EGAF00001172037
FI8538	EGAF00001163321
FI6602	EGAF00001172223
FI13581	EGAF00001198443
FI45077	EGAF00001163504
FI51243	EGAF00001162922
FI8744	EGAF00001196819
FI37520	EGAF00001160519
FI38003	EGAF00001145537
FI50384	EGAF00001084237
FI19605	EGAF00001198458
FI9140	EGAF00001146076
FI7586	EGAF00001084111
FI31497	EGAF00001162868
FI44078	EGAF00001084330
FI5975	EGAF00001130066
FI50723	EGAF00001160564
FI2429	EGAF00001176662
FI16747	EGAF00001084126
FI10168	EGAF00001160186
FI5094	EGAF00001130030
FI6981	EGAF00001172022
FI13504	EGAF00001163099
FI49437	EGAF00001144628
FI51190	EGAF00001156532
FI27222	EGAF00001085102
FI21384	EGAF00001155601
FI50923	EGAF00001143309
FI39345	EGAF00001198371
FI53089	EGAF00001196765
FI2767	EGAF00001144661
FI11215	EGAF00001163072
FI49886	EGAF00001172349
FI29111	EGAF00001163429
FI45078	EGAF00001163405
FI31940	EGAF00001144394
FI38199	EGAF00001161080
FI40731	EGAF00001145975
FI34058	EGAF00001156304
FI52342	EGAF00001143279
FI3724	EGAF00001146014
FI37126	EGAF00001160333
FI2578	EGAF00001162859
FI22664	EGAF00001196783
FI41213	EGAF00001166024
FI5302	EGAF00001143324
FI47143	EGAF00001160330
FI22003	EGAF00001198440
FI40441	EGAF00001143213
FI2991	EGAF00001159937
FI13299	EGAF00001130498
FI24128	EGAF00001163456
FI53088	EGAF00001198398
FI37538	EGAF00001145600
FI33552	EGAF00001172313
FI12042	EGAF00001084633
FI587	EGAF00001156928
FI27356	EGAF00001197284
FI33354	EGAF00001084600
FI49850	EGAF00001130246
FI7269	EGAF00001172304
FI16230	EGAF00001197089
FI49624	EGAF00001144090
FI9684	EGAF00001145747
FI18709	EGAF00001197110
FI33295	EGAF00001197134
FI9724	EGAF00001084549
FI207240	EGAF00001197431
FI44566	EGAF00001084012
FI29886	EGAF00001130018
FI20008	EGAF00001084525
FI31306	EGAF00001162949
FI13012	EGAF00001160000
FI40638	EGAF00001146032
FI5937	EGAF00001084033
FI6562	EGAF00001130483
FI42702	EGAF00001172028
FI48319	EGAF00001196798
FI11342	EGAF00001084507
FI12215	EGAF00001176815
FI51208	EGAF00001197461
FI29092	EGAF00001084825
FI22532	EGAF00001197065
FI4927	EGAF00001144245
FI30116	EGAF00001172154
FI830	EGAF00001155691
FI1484	EGAF00001144323
FI35979	EGAF00001084885
FI622	EGAF00001156913
FI31362	EGAF00001156493
FI50402	EGAF00001156340
FI39850	EGAF00001144329
FI37703	EGAF00001172010
FI19454	EGAF00001084579
FI18033	EGAF00001161134
FI22026	EGAF00001171926
FI40563	EGAF00001155808
FI48838	EGAF00001156601
FI39287	EGAF00001084648
FI48962	EGAF00001145783
FI12251	EGAF00001160759
FI50650	EGAF00001145549
FI16909	EGAF00001085198
FI30716	EGAF00001160912
FI5075	EGAF00001145936
FI14625	EGAF00001144508
FI2786	EGAF00001144170
FI4361	EGAF00001172205
FI9477	EGAF00001145774
FI10092	EGAF00001084291
FI230	EGAF00001084429
FI3950	EGAF00001156571
FI6920	EGAF00001145579
FI32478	EGAF00001145798
FI1892	EGAF00001130156
FI37071	EGAF00001162712
FI16727	EGAF00001130321
FI51490	EGAF00001198131
FI26770	EGAF00001196822
FI29471	EGAF00001084198
FI46664	EGAF00001161068
FI5801	EGAF00001163366
FI34169	EGAF00001198251
FI42630	EGAF00001145555
FI29168	EGAF00001163393
FI20665	EGAF00001144463
FI25404	EGAF00001144634
FI43572	EGAF00001084792
FI35229	EGAF00001144084
FI39383	EGAF00001198272
FI48926	EGAF00001145498
FI43310	EGAF00001162925
FI758	EGAF00001160504
FI48113	EGAF00001130159
FI1467	EGAF00001176698
FI4378	EGAF00001159952
FI45517	EGAF00001084867
FI24968	EGAF00001144063
FI34447	EGAF00001162763
FI46122	EGAF00001198750
FI19837	EGAF00001198248
FI8559	EGAF00001156724
FI29223	EGAF00001144772
FI24661	EGAF00001160366
FI27355	EGAF00001197248
FI24624	EGAF00001198798
FI30239	EGAF00001084195
FI8271	EGAF00001145483
FI30333	EGAF00001144616
FI9178	EGAF00001163555
FI16947	EGAF00001162916
FI7585	EGAF00001084480
FI52875	EGAF00001144670
FI27337	EGAF00001084567
FI44004	EGAF00001160543
FI29206	EGAF00001144697
FI51809	EGAF00001172136
FI7863	EGAF00001197032
FI52268	EGAF00001197218
FI51081	EGAF00001144436
FI21535	EGAF00001160531
FI43852	EGAF00001144748
FI20976	EGAF00001176728
FI9645	EGAF00001162955
FI5309	EGAF00001155718
FI811	EGAF00001130570
FI34671	EGAF00001085117
FI8111	EGAF00001198383
FI25626	EGAF00001162778
FI32247	EGAF00001197290
FI6411	EGAF00001185407
FI7773	EGAF00001084846
FI6352	EGAF00001166129
FI22421	EGAF00001162964
FI12615	EGAF00001198182
FI38238	EGAF00001130153
FI21383	EGAF00001084531
FI25928	EGAF00001084447
FI14763	EGAF00001196816
FI10629	EGAF00001161065
FI14762	EGAF00001198380
FI24534	EGAF00001156823
FI18962	EGAF00001084486
FI640	EGAF00001198362
FI44678	EGAF00001198101
FI5839	EGAF00001196714
FI46953	EGAF00001144299
FI30910	EGAF00001156925
FI16570	EGAF00001198173
FI17659	EGAF00001144439
FI31361	EGAF00001156826
FI37613	EGAF00001198266
FI50019	EGAF00001155670
FI52919	EGAF00001145912
FI248	EGAF00001155661
FI33449	EGAF00001145525
FI30638	EGAF00001156562
FI31158	EGAF00001196771
FI22367	EGAF00001185620
FI33239	EGAF00001156727
FI42015	EGAF00001130711
FI3516	EGAF00001156301
FI27127	EGAF00001145609
FI5477	EGAF00001156907
FI25907	EGAF00001084426
FI38809	EGAF00001144487
FI17093	EGAF00001085297
FI38572	EGAF00001162928
FI17530	EGAF00001166051
FI6332	EGAF00001084105
FI43537	EGAF00001160372
FI35578	EGAF00001130192
FI44285	EGAF00001196831
FI34707	EGAF00001143177
FI50232	EGAF00001172196
FI18354	EGAF00001145540
FI18888	EGAF00001145999
FI6231	EGAF00001084645
FI10169	EGAF00001160309
FI39437	EGAF00001197149
FI13824	EGAF00001084297
FI33628	EGAF00001084654
FI30909	EGAF00001156904
FI6428	EGAF00001184279
FI34561	EGAF00001085189
FI42344	EGAF00001083871
FI48383	EGAF00001085267
FI11122	EGAF00001130108
FI6331	EGAF00001084024
FI31175	EGAF00001198269
FI50850	EGAF00001145792
FI46427	EGAF00001084285
FI34076	EGAF00001162865
FI45668	EGAF00001163534
FI8168	EGAF00001084570
FI739	EGAF00001161125
FI5281	EGAF00001083850
FI20499	EGAF00001145978
FI5476	EGAF00001084750
FI42703	EGAF00001172091
FI49284	EGAF00001144559
FI47674	EGAF00001145561
FI2524	EGAF00001160408
FI24013	EGAF00001144335
FI9141	EGAF00001156568
FI43426	EGAF00001155757
FI27838	EGAF00001084612
FI52993	EGAF00001171938
FI46447	EGAF00001165988
FI8578	EGAF00001163378
FI38413	EGAF00001197098
FI19551	EGAF00001145918
FI15764	EGAF00001084087
FI2259	EGAF00001160033
FI1969	EGAF00001143231
FI18537	EGAF00001722817
FI13618	EGAF00001156997
FI17375	EGAF00001719414
FI53125	EGAF00001719555
FI659109	EGAF00001683006
FI35685	EGAF00001184501
FI720678	EGAF00000585929
FI5581	EGAF00001719717
FI31084	EGAF00001129972
FI659305	EGAF00001683754
FI48534	EGAF00001184354
FI18463	EGAF00001723072
FI200852	EGAF00001719039
FI30913	EGAF00001185518
FI36939	EGAF00001185569
FI24125	EGAF00001719792
FI36365	EGAF00001160225
FI658803	EGAF00001683772
FI813354	EGAF00000601451
FI41649	EGAF00001722772
FI34579	EGAF00001073718
FI52857	EGAF00001149736
FI7583	EGAF00001722808
FI33394	EGAF00001145996
FI13788	EGAF00001162583
FI200952	EGAF00001719195
FI36768	EGAF00001084381
FI34967	EGAF00001145720
FI34007	EGAF00001156910
FI2822	EGAF00001144619
FI41004	EGAF00001130123
FI28207	EGAF00001197251
FI23195	EGAF00001130390
FI11725	EGAF00001163132
FI48361	EGAF00001155730
FI15164	EGAF00001085222
FI51585	EGAF00001084675
FI30735	EGAF00001197533
FI41212	EGAF00001161092
FI32094	EGAF00001198726
FI4739	EGAF00001160558
FI40512	EGAF00001155748
FI19569	EGAF00001176614
FI17938	EGAF00001176608
FI26752	EGAF00001155616
FI3481	EGAF00001156607
FI44340	EGAF00001146118
FI43144	EGAF00001144272
FI31288	EGAF00001156784
FI51433	EGAF00001146082
FI37631	EGAF00001144703
FI30717	EGAF00001163453
FI39175	EGAF00001144610
FI41364	EGAF00001144224
FI1393	EGAF00001155679
FI20975	EGAF00001144188
FI18634	EGAF00001197182
FI52176	EGAF00001198167
FI28545	EGAF00001172271
FI15466	EGAF00001144173
FI50018	EGAF00001155775
FI28911	EGAF00001155784
FI6619	EGAF00001176809
FI1835	EGAF00001143321
FI23214	EGAF00001163069
FI43427	EGAF00001084672
FI11528	EGAF00001144081
FI24851	EGAF00001130450
FI21196	EGAF00001197176
FI23533	EGAF00001085273
FI24950	EGAF00001160930
FI34321	EGAF00001130132
FI17491	EGAF00001176722
FI48494	EGAF00001145993
FI21029	EGAF00001172265
FI38979	EGAF00001084216
FI52459	EGAF00001144769
FI24374	EGAF00001198290
FI11625	EGAF00001198254
FI14553	EGAF00001084465
FI27338	EGAF00001083985
FI45518	EGAF00001162832
FI1743	EGAF00001198368
FI18203	EGAF00001083832
FI4946	EGAF00001144087
FI26281	EGAF00001144200
FI34247	EGAF00001197488
FI47404	EGAF00001156526
FI37373	EGAF00001130432
FI50419	EGAF00001156346
FI244375	EGAF00001198152
FI19150	EGAF00001162754
FI36418	EGAF00001159940
FI53106	EGAF00001160177
FI30871	EGAF00001172343
FI31140	EGAF00001198098
FI33879	EGAF00001163051
FI42073	EGAF00001160894
FI5706	EGAF00001172067
FI37558	EGAF00001144460
FI46446	EGAF00001160909
FI8131	EGAF00001161062
FI11567	EGAF00001198747
FI339	EGAF00001156778
FI940	EGAF00001198113
FI4178	EGAF00001184651
FI34486	EGAF00001144284
FI8110	EGAF00001198413
FI19155	EGAF00001172115
FI49587	EGAF00001084627
FI7057	EGAF00001085105
FI35519	EGAF00001166012
FI39510	EGAF00001160753
FI28339	EGAF00001159949
FI24335	EGAF00001130790
FI22871	EGAF00001162826
FI42721	EGAF00001198666
FI28563	EGAF00001144682
FI19350	EGAF00001156541
FI39040	EGAF00001083967
FI4643	EGAF00001163522
FI20462	EGAF00001176704
FI34525	EGAF00001145663
FI21012	EGAF00001145489
FI46159	EGAF00001163570
FI17415	EGAF00001084081
FI33240	EGAF00001084657
FI27110	EGAF00001160522
FI28785	EGAF00001144592
FI35230	EGAF00001176611
FI45057	EGAF00001163102
FI679	EGAF00001163327
FI11835	EGAF00001197509
FI26391	EGAF00001130573
FI16908	EGAF00001198795
FI24033	EGAF00001084933
FI6691	EGAF00001559014
FI4248	EGAF00001085213
FI34672	EGAF00001198723
FI26146	EGAF00001156577
FI39831	EGAF00001559029
FI17937	EGAF00001144409
FI41594	EGAF00001156481
FI4360	EGAF00001172061
FI35480	EGAF00001145495
FI8367	EGAF00001084699
FI2615	EGAF00001176680
FI207241	EGAF00001198194
FI3817	EGAF00001144781
FI8782	EGAF00001163489
FI3853	EGAF00001144254
FI46853	EGAF00001162958
FI9778	EGAF00001176686
FI43065	EGAF00001163411
FI28468	EGAF00001556440
FI35267	EGAF00001146026
FI23670	EGAF00001084585
FI4177	EGAF00001184579
FI30542	EGAF00001084102
FI12043	EGAF00001083928
FI16569	EGAF00001198128
FI13428	EGAF00001085090
FI52578	EGAF00001163576
FI7369	EGAF00001167995
FI44605	EGAF00001084537
FI30138	EGAF00001172040
FI30888	EGAF00001160549
FI53011	EGAF00001198296
FI7247	EGAF00001084891
FI4081	EGAF00001156817
FI50055	EGAF00001197491
FI34374	EGAF00001196837
FI33685	EGAF00001163525
FI7058	EGAF00001198729
FI174	EGAF00001163309
FI41082	EGAF00001084573
FI21804	EGAF00001198293
FI38828	EGAF00001144664
FI15685	EGAF00001145615
FI23761	EGAF00001130063
FI8480	EGAF00001144643
FI26390	EGAF00001146047
FI47675	EGAF00001130228
FI38293	EGAF00001559026
FI34116	EGAF00001166114
FI43797	EGAF00001162889
FI39832	EGAF00001198675
FI10187	EGAF00001144535
FI47521	EGAF00001084045
FI22286	EGAF00001130471
FI19604	EGAF00001198374
FI31708	EGAF00001083925
FI40862	EGAF00001163075
FI28599	EGAF00001145582
FI40385	EGAF00001167998
FI6769	EGAF00001084528
FI27762	EGAF00001084483
FI7212	EGAF00001145780
FI9308	EGAF00001172307
FI46051	EGAF00001160348
FI4122	EGAF00001163483
FI20233	EGAF00001196690
FI6525	EGAF00001163477
FI22947	EGAF00001163066
FI32017	EGAF00001155754
FI37667	EGAF00001083889
FI47657	EGAF00001145795
FI6016	EGAF00001176692
FI17185	EGAF00001145954
FI5528	EGAF00001084267
FI28999	EGAF00001085309
FI2039	EGAF00001160927
FI5441	EGAF00001130333
FI959	EGAF00001159973
FI40196	EGAF00001144355
FI45686	EGAF00001163006
FI33551	EGAF00001146002
FI22778	EGAF00001084474
FI33278	EGAF00001084177
FI40042	EGAF00001145930
FI25253	EGAF00001144421
FI19893	EGAF00001162538
FI8691	EGAF00001166006
FI51604	EGAF00001145966
FI23798	EGAF00001176599
FI29637	EGAF00001155751
FI37519	EGAF00001145513
FI6465	EGAF00001084015
FI30870	EGAF00001172325
FI11141	EGAF00001144308
FI40861	EGAF00001160933
FI47847	EGAF00001130279
FI36438	EGAF00001084603
FI4431	EGAF00001143303
FI32460	EGAF00001155634
FI23196	EGAF00001130024
FI7810	EGAF00001156793
FI46894	EGAF00001084090
FI21766	EGAF00001162694
FI28450	EGAF00001160222
FI31840	EGAF00001145882
FI35723	EGAF00001156625
FI38294	EGAF00001085276
FI14278	EGAF00001130204
FI14261	EGAF00001084060
FI5307	EGAF00001155703
FI18597	EGAF00001163375
FI42992	EGAF00001155688
FI45977	EGAF00001156298
FI42993	EGAF00001155715
FI6506	EGAF00001144622
FI6844	EGAF00001084717
FI51358	EGAF00001196732
FI49527	EGAF00001159991
FI12808	EGAF00001155604
FI1221	EGAF00001166135
FI2577	EGAF00001162742
FI51082	EGAF00001145744
FI52920	EGAF00001145852
FI6054	EGAF00001176827
FI31709	EGAF00001084018
FI23231	EGAF00001144275
FI16518	EGAF00001156292
FI26373	EGAF00001176647
FI14413	EGAF00001184315
FI6410	EGAF00001184204
FI21500	EGAF00001144565
FI13752	EGAF00001163108
FI47162	EGAF00001085111
FI8800	EGAF00001130387
FI41652	EGAF00001084552
FI8558	EGAF00001083973
FI14948	EGAF00001130375
FI29038	EGAF00001145639
FI46141	EGAF00001083853
FI33277	EGAF00001084168
FI33071	EGAF00001084930
FI52500	EGAF00001145906
FI52519	EGAF00001145702
FI52975	EGAF00001143153
FI6096	EGAF00001172073
FI41651	EGAF00001084591
FI24967	EGAF00001176842
FI34303	EGAF00001198428
FI27451	EGAF00001160315
FI50796	EGAF00001129993
FI27128	EGAF00001130084
FI37739	EGAF00001166066
FI33490	EGAF00001130787
FI6982	EGAF00001172292
FI5169	EGAF00001130051
FI5386	EGAF00001197059
FI14511	EGAF00001163552
FI13125	EGAF00001160555
FI34910	EGAF00001160411
FI20158	EGAF00001085282
FI8875	EGAF00001084336
FI34524	EGAF00001172337
FI33526	EGAF00001084360
FI8948	EGAF00001130177
FI43644	EGAF00001198344
FI26522	EGAF00001176659
FI25536	EGAF00001085078
FI458	EGAF00001197473
FI3780	EGAF00001130360
FI50554	EGAF00001156763
FI37277	EGAF00001084831
FI13996	EGAF00001083919
FI28064	EGAF00001163408
FI9367	EGAF00001176620
FI41884	EGAF00001172247
FI16552	EGAF00001156859
FI18032	EGAF00001163498
FI19550	EGAF00001144388
FI28065	EGAF00001166093
FI27487	EGAF00001156580
FI9289	EGAF00001144478
FI1911	EGAF00001144625
FI38511	EGAF00001156730
FI46257	EGAF00001144667
FI29472	EGAF00001084693
FI24034	EGAF00001162943
FI50226	EGAF00001172220
FI22385	EGAF00001184690
FI18503	EGAF00001143225
FI29037	EGAF00001145705
FI903	EGAF00001197969
FI49776	EGAF00001161113
FI3706	EGAF00001130492
FI16883	EGAF00001144215
FI52577	EGAF00001166081
FI38453	EGAF00001084042
FI33089	EGAF00001084888
FI49887	EGAF00001172229
FI45909	EGAF00001156613
FI36419	EGAF00001130480
FI37446	EGAF00001130324
FI45461	EGAF00001144403
FI28544	EGAF00001172133
FI30953	EGAF00001160897
FI29735	EGAF00001161074
FI19313	EGAF00001198359
FI29792	EGAF00001144311
FI48514	EGAF00001145669
FI22420	EGAF00001084345
FI38771	EGAF00001144511
FI31157	EGAF00001198416
FI38936	EGAF00001176671
FI21363	EGAF00001144595
FI49417	EGAF00001145546
FI17492	EGAF00001144320
FI3071	EGAF00001166063
FI30790	EGAF00001144775
FI13124	EGAF00001144523
FI38139	EGAF00001559023
FI34689	EGAF00001143159
FI39528	EGAF00001083898
FI48360	EGAF00001155706
FI20535	EGAF00001197047
FI52269	EGAF00001197278
FI33489	EGAF00001145735
FI16309	EGAF00001168004
FI41516	EGAF00001197203
FI26107	EGAF00001160312
FI21896	EGAF00001160768
FI39643	EGAF00001156703
FI38899	EGAF00001130207
FI4721	EGAF00001197194
FI50985	EGAF00001155562
FI33432	EGAF00001160015
FI14822	EGAF00001156862
FI52937	EGAF00001172157
FI15877	EGAF00001130501
FI21726	EGAF00001161122
FI32761	EGAF00001198660
FI1466	EGAF00001144287
FI16083	EGAF00001145567
FI30677	EGAF00001144709
FI4341	EGAF00001176641
FI7210	EGAF00001198275
FI51451	EGAF00001084282
FI9644	EGAF00001084927
FI46895	EGAF00001155652
FI33107	EGAF00001163093
FI42874	EGAF00001084513
FI40546	EGAF00001155724
FI5938	EGAF00001084639
FI1762	EGAF00001196777
FI12159	EGAF00001197455
FI38140	EGAF00001198735
FI34873	EGAF00001160363
FI38553	EGAF00001145633
FI15578	EGAF00001155568
FI39326	EGAF00001163513
FI48364	EGAF00001155760
FI52671	EGAF00001171959
FI48762	EGAF00001198801
FI40290	EGAF00001143195
FI41290	EGAF00001084159
FI43180	EGAF00001130075
FI51827	EGAF00001144185
FI47829	EGAF00001130276
FI4082	EGAF00001130429
FI36903	EGAF00001156694
FI22701	EGAF00001084690
FI51244	EGAF00001163009
FI9086	EGAF00001144281
FI10031	EGAF00001197104
FI3313	EGAF00001155667
FI812	EGAF00001156529
FI24474	EGAF00001162691
FI2020	EGAF00001162760
FI19149	EGAF00001162946
FI14826	EGAF00001156916
FI24187	EGAF00001176788
FI22173	EGAF00001130528
FI19911	EGAF00001130411
FI25946	EGAF00001162934
FI45746	EGAF00001185230
FI34743	EGAF00001162724
FI33072	EGAF00001160756
FI52478	EGAF00001198786
FI2749	EGAF00001198759
FI38491	EGAF00001197269
FI10765	EGAF00001162988
FI45763	EGAF00001185374
FI11123	EGAF00001144640
FI44891	EGAF00001197083
FI43445	EGAF00001084219
FI34797	EGAF00001163045
FI16328	EGAF00001163459
FI5663	EGAF00001084597
FI11624	EGAF00001197122
FI30464	EGAF00001172214
FI29734	EGAF00001166096
FI30117	EGAF00001172166
FI24336	EGAF00001155565
FI9777	EGAF00001176629
FI6446	EGAF00001162757
FI34487	EGAF00001144137
FI47403	EGAF00001130438
FI21895	EGAF00001162715
FI40803	EGAF00001163021
FI37576	EGAF00001176635
FI47008	EGAF00001163384
FI1485	EGAF00001144236
FI43645	EGAF00001198317
FI23080	EGAF00001155646
FI44115	EGAF00001198690
FI8727	EGAF00001197467
FI3164	EGAF00001144637
FI38312	EGAF00001145651
FI33090	EGAF00001162766
FI8763	EGAF00001197227
FI19836	EGAF00001197092
FI10282	EGAF00001130318
FI4469	EGAF00001145585
FI29983	EGAF00001130219
FI18464	EGAF00001156733
FI40987	EGAF00001084006
FI9858	EGAF00001172253
FI23136	EGAF00001198215
FI14490	EGAF00001083934
FI12233	EGAF00001130165
FI4662	EGAF00001084036
FI52460	EGAF00001160021
FI8801	EGAF00001144484
FI12844	EGAF00001162739
FI3834	EGAF00001130129
FI32137	EGAF00001084438
FI41346	EGAF00001145630
FI14606	EGAF00001144140
FI658881	EGAF00001683832
FI16746	EGAF00001722598
FI658839	EGAF00001683538
FI3403	EGAF00001719396
FI21104	EGAF00001160633
FI659007	EGAF00001683472
FI50849	EGAF00001160018
FI13088	EGAF00001084855
FI32706	EGAF00001145672
FI10988	EGAF00001084837
FI33108	EGAF00001163015
FI38275	EGAF00001166033
FI38276	EGAF00001163501
FI23383	EGAF00001130015
FI34190	EGAF00001197437
FI44677	EGAF00001197038
FI22665	EGAF00001198422
FI47161	EGAF00001085120
FI46011	EGAF00001156949
FI16028	EGAF00001155655
FI18465	EGAF00001083955
FI22368	EGAF00001185251
FI12807	EGAF00001084117
FI33844	EGAF00001198224
FI41535	EGAF00001160888
FI11979	EGAF00001162799
FI48821	EGAF00001156961
FI12423	EGAF00001198122
FI35762	EGAF00001184297
FI4642	EGAF00001166087
FI50760	EGAF00001197560
FI47922	EGAF00001162790
FI46256	EGAF00001130405
FI5705	EGAF00001145684
FI39176	EGAF00001130516
FI1182	EGAF00001185368
FI31575	EGAF00001146029
FI24623	EGAF00001083877
FI25216	EGAF00001162682
FI27071	EGAF00001130778
FI1556	EGAF00001130495
FI37630	EGAF00001160528
FI3852	EGAF00001144263
FI26823	EGAF00001185308
FI24223	EGAF00001196747
FI44873	EGAF00001197131
FI13282	EGAF00001130036
FI6292	EGAF00001176665
FI46500	EGAF00001144155
FI6601	EGAF00001145909
FI11158	EGAF00001198332
FI33627	EGAF00001084651
FI21195	EGAF00001197293
FI19096	EGAF00001162829
FI12713	EGAF00001197518
FI4828	EGAF00001163000
FI29395	EGAF00001156589
FI31784	EGAF00001130441
FI7978	EGAF00001198705
FI36051	EGAF00001171920
FI32856	EGAF00001198212
FI51999	EGAF00001084582
FI11268	EGAF00001162919
FI50651	EGAF00001130054
FI33333	EGAF00001196720
FI46518	EGAF00001146094
FI51998	EGAF00001084642
FI29546	EGAF00001160030
FI13997	EGAF00001155607
FI3482	EGAF00001084777
FI40177	EGAF00001155685
FI39926	EGAF00001144332
FI31287	EGAF00001155658
FI39364	EGAF00001163573
FI36034	EGAF00001143276
FI48980	EGAF00001144131
FI38735	EGAF00001130291
FI8949	EGAF00001160426
FI9179	EGAF00001163345
FI14071	EGAF00001085192
FI25443	EGAF00001160906
FI43444	EGAF00001155676
FI1986	EGAF00001143174
FI13770	EGAF00001144763
FI15878	EGAF00001144490
FI16138	EGAF00001184399
FI16027	EGAF00001084462
FI21499	EGAF00001160420
FI27415	EGAF00001163336
FI10474	EGAF00001185038
FI24852	EGAF00001130336
FI39097	EGAF00001085318
FI37374	EGAF00001156565
FI20327	EGAF00001156721
FI50761	EGAF00001198302
FI22458	EGAF00001162880
FI51225	EGAF00001197215
FI39418	EGAF00001163177
FI42267	EGAF00001129942
FI811723	EGAF00001429534
FI15127	EGAF00001198584
FI200797	EGAF00001719288
FI52915	EGAF00001723423
FI722417	EGAF00000480816
FI37892	EGAF00001196927
FI36436	EGAF00001722754
FI23040	EGAF00001160435
FI4889	EGAF00001184867
FI52517	EGAF00001723411
FI660138	EGAF00001683883
FI17696	EGAF00001185239
FI3763	EGAF00001185026
FI18905	EGAF00001160258
FI38452	EGAF00001722697
FI2468	EGAF00001156454
FI48684	EGAF00001084765
FI8536	EGAF00001719876
FI19041	EGAF00001184342
FI21723	EGAF00001719840
FI11197	EGAF00001556722
FI21786	EGAF00001197368
FI49815	EGAF00001197386
FI32743	EGAF00001185389
FI1448	EGAF00001084780
FI200804	EGAF00001719006
FI20534	EGAF00001198164
FI47540	EGAF00001185491
FI34357	EGAF00001184552
FI11960	EGAF00001197335
FI49508	EGAF00001160462
FI19274	EGAF00001720146
FI18959	EGAF00001722805
FI14203	EGAF00001156421
FI21932	EGAF00001556662
FI5020	EGAF00001184450
FI14317	EGAF00001160774
FI44564	EGAF00001722721
FI659249	EGAF00001682718
FI658927	EGAF00001683952
FI3125	EGAF00001073688
FI21967	EGAF00001185464
FI801251	EGAF00001757548
FI45535	EGAF00001162565
FI659039	EGAF00001682811
FI39813	EGAF00001160600
FI16907	EGAF00001155697
FI200682	EGAF00001719057
FI658891	EGAF00001683796
FI12863	EGAF00001723354
FI38591	EGAF00001184915
FI42285	EGAF00001160945
FI722388	EGAF00001416210
FI32210	EGAF00001197993
FI23906	EGAF00001184753
FI13641	EGAF00001556830
FI23923	EGAF00001185626
FI48512	EGAF00001723594
FI720653	EGAF00000239370
FI350836	EGAF00001198482
FI659037	EGAF00001682700
FI45227	EGAF00001184792
FI811711	EGAF00001429711
FI722375	EGAF00001416219
FI26638	EGAF00001185623
FI10227	EGAF00001185119
FI659091	EGAF00001683760
FI7265	EGAF00001723612
FI31539	EGAF00001196990
FI9551	EGAF00001198203
FI27836	EGAF00001723156
FI10223	EGAF00001719747
FI50632	EGAF00001149940
FI721091	EGAF00000911196
FI25234	EGAF00001197990
FI44967	EGAF00001185257
FI20556	EGAF00001185359
FI658861	EGAF00001683547
FI25798	EGAF00001160090
FI350456	EGAF00001196957
FI15782	EGAF00001198614
FI24071	EGAF00001184339
FI52916	EGAF00001723396
FI43760	EGAF00001160714
FI659153	EGAF00001683000
FI815501	EGAF00001589941
FI658687	EGAF00001682694
FI6977	EGAF00001723462
FI1068	EGAF00001719774
FI11924	EGAF00001160468
FI21346	EGAF00001556749
FI659337	EGAF00001682667
FI200706	EGAF00001719180
FI4886	EGAF00001719342
FI658785	EGAF00001683955
FI46333	EGAF00001074811
FI48944	EGAF00001160624
FI659610	EGAF00001683757
FI50036	EGAF00001184147
FI658775	EGAF00001683910
FI43701	EGAF00001556419
FI33201	EGAF00001130600
FI6638	EGAF00001085048
FI46104	EGAF00001085180
FI658811	EGAF00001682892
FI6371	EGAF00001719474
FI23978	EGAF00001556788
FI48402	EGAF00001722901
FI15724	EGAF00001198083
FI1650	EGAF00001184087
FI20722	EGAF00001184258
FI349730	EGAF00001197017
FI350785	EGAF00001198467
FI200696	EGAF00001718997
FI206886	EGAF00001719471
FI39796	EGAF00001185476
FI42684	EGAF00001185470
FI96	EGAF00001556665
FI17076	EGAF00001162793
FI11341	EGAF00001723096
FI39777	EGAF00001184945
FI26843	EGAF00001185140
FI48663	EGAF00001719492
FI8034	EGAF00001185338
FI813479	EGAF00001551814
FI31380	EGAF00001074796
FI47252	EGAF00001160660
FI14488	EGAF00001722850
FI45004	EGAF00001184996
FI36691	EGAF00001074802
FI12654	EGAF00001184216
FI33391	EGAF00001171788
FI27186	EGAF00001185347
FI697	EGAF00001171848
FI17566	EGAF00001720032
FI10839	EGAF00001185572
FI4774	EGAF00001185314
FI45500	EGAF00001184675
FI37649	EGAF00001185299
FI16349	EGAF00001185458
FI659127	EGAF00001683502
FI659157	EGAF00001683066
FI658735	EGAF00001682868
FI16903	EGAF00001155799
FI25835	EGAF00001156331
FI28945	EGAF00001163270
FI801673	EGAF00001417098
FI8266	EGAF00001723207
FI32646	EGAF00001149766
FI349381	EGAF00001198599
FI4887	EGAF00001719750
FI26637	EGAF00001184519
FI8327	EGAF00001723000
FI46444	EGAF00001719858
FI659123	EGAF00001683751
FI658983	EGAF00001683610
FI47539	EGAF00001185245
FI10970	EGAF00001149730
FI26902	EGAF00001185191
FI200698	EGAF00001719135
FI22021	EGAF00001144346
FI44641	EGAF00001184432
FI658807	EGAF00001683442
FI31821	EGAF00001723603
FI15083	EGAF00001719225
FI43590	EGAF00001130630
FI20648	EGAF00001149733
FI45627	EGAF00001156469
FI47305	EGAF00001184912
FI47233	EGAF00001185125
FI49163	EGAF00001719561
FI12140	EGAF00001184276
FI1201	EGAF00001184972
FI720672	EGAF00000585935
FI23870	EGAF00001160300
FI8269	EGAF00001722550
FI38333	EGAF00001156952
FI349583	EGAF00001198566
FI366734	EGAF00001176707
FI37181	EGAF00001129906
FI52918	EGAF00001722439
FI48204	EGAF00001184594
FI27662	EGAF00001184411
FI42667	EGAF00001184186
FI45498	EGAF00001719639
FI21158	EGAF00001185440
FI52898	EGAF00001556710
FI154	EGAF00001149811
FI30054	EGAF00001722784
FI200777	EGAF00001719186
FI40406	EGAF00001185425
FI10205	EGAF00001184222
FI29695	EGAF00001720179
FI41081	EGAF00001722733
FI31900	EGAF00001197978
FI52840	EGAF00001149850
FI16172	EGAF00001184219
FI367816	EGAF00001167989
FI658697	EGAF00001682829
FI659167	EGAF00001683490
FI39400	EGAF00001160741
FI350130	EGAF00001196987
FI11434	EGAF00001085168
FI31268	EGAF00001556443
FI18885	EGAF00001723351
FI720659	EGAF00000239543
FI8309	EGAF00001160828
FI658745	EGAF00001683003
FI40768	EGAF00001157051
FI7267	EGAF00001723201
FI5703	EGAF00001723252
FI200679	EGAF00001719015
FI38754	EGAF00001185443
FI35115	EGAF00001556671
FI40037	EGAF00001723456
FI801253	EGAF00001558782
FI27761	EGAF00001722562
FI801671	EGAF00001417536
FI779848	EGAF00000694306
FI658907	EGAF00001682799
FI812163	EGAF00000921846
FI350001	EGAF00001198491
FI801676	EGAF00001418038
FI13842	EGAF00001719846
FI15949	EGAF00001185149
FI349696	EGAF00001197972
FI6350	EGAF00001720191
FI5702	EGAF00001723489
FI2188	EGAF00001185353
FI200872	EGAF00001719099
FI31557	EGAF00001160747
FI7845	EGAF00001185512
FI47865	EGAF00001160873
FI658939	EGAF00001683859
FI658801	EGAF00001683099
FI9914	EGAF00001722487
FI34761	EGAF00001556542
FI6599	EGAF00001723558
FI31420	EGAF00001722916
FI200798	EGAF00001719204
FI29598	EGAF00001084396
FI3406	EGAF00001185377
FI818075	EGAF00001300666
FI17377	EGAF00001185506
FI15333	EGAF00001149826
FI5997	EGAF00001184336
FI200796	EGAF00001719255
FI23098	EGAF00001556506
FI31104	EGAF00001160819
FI20819	EGAF00001196888
FI811729	EGAF00001429580
FI30620	EGAF00001184492
FI21251	EGAF00001160603
FI14316	EGAF00001163186
FI659031	EGAF00001683129
FI38157	EGAF00001722466
FI1632	EGAF00001184201
FI200812	EGAF00001719141
FI659093	EGAF00001682748
FI4793	EGAF00001184648
FI722373	EGAF00001416211
FI27621	EGAF00001723477
FI5310	EGAF00001130678
FI11269	EGAF00001162970
FI24318	EGAF00001157003
FI32999	EGAF00001144373
FI19255	EGAF00001184126
FI200697	EGAF00001719231
FI8930	EGAF00001084327
FI30659	EGAF00001185527
FI33508	EGAF00001556638
FI51639	EGAF00001160726
FI23592	EGAF00001160972
FI659003	EGAF00001683898
FI349646	EGAF00001196939
FI33314	EGAF00001198524
FI47443	EGAF00001198095
FI36383	EGAF00001185488
FI659323	EGAF00001682670
FI39795	EGAF00001184198
FI5605	EGAF00001184564
FI17843	EGAF00001723312
FI1633	EGAF00001185611
FI40039	EGAF00001723318
FI31031	EGAF00001198575
FI815502	EGAF00001589940
FI350518	EGAF00001198059
FI11925	EGAF00001556479
FI43626	EGAF00001184441
FI36978	EGAF00001198479
FI12100	EGAF00001130585
FI5111	EGAF00001184390
FI26183	EGAF00001085057
FI15218	EGAF00001184102
FI25925	EGAF00001723174
FI351055	EGAF00001157057
FI42070	EGAF00001719786
FI658729	EGAF00001683469
FI659301	EGAF00001683478
FI23309	EGAF00001184645
FI32459	EGAF00001722973
FI23023	EGAF00001556458
FI44505	EGAF00001184984
FI6882	EGAF00001184291
FI52287	EGAF00001149955
FI200681	EGAF00001719048
FI52498	EGAF00001722874
FI31538	EGAF00001198023
FI52917	EGAF00001723375
FI20939	EGAF00001073724
FI136	EGAF00001184600
FI47790	EGAF00001185602
FI6154	EGAF00001556455
FI39285	EGAF00001722571
FI659239	EGAF00001683553
FI30971	EGAF00001719984
FI658943	EGAF00001683634
FI34543	EGAF00001556572
FI32191	EGAF00001162775
FI18960	EGAF00001723111
FI658847	EGAF00001683607
FI21724	EGAF00001720104
FI46445	EGAF00001720023
FI25500	EGAF00001184327
FI25099	EGAF00001129990
FI27681	EGAF00001719489
FI8985	EGAF00001160111
FI3927	EGAF00001722748
FI200918	EGAF00001718994
FI659231	EGAF00001683616
FI338	EGAF00001722637
FI17240	EGAF00001197383
FI722423	EGAF00000483918
FI13317	EGAF00001073709
FI9423	EGAF00001163159
FI11435	EGAF00001149913
FI14907	EGAF00001723132
FI16025	EGAF00001722838
FI9854	EGAF00001723327
FI659015	EGAF00001682994
FI659191	EGAF00001682958
FI37463	EGAF00001185143
FI31285	EGAF00001722814
FI49904	EGAF00001722646
FI200800	EGAF00001719060
FI8634	EGAF00001160732
FI46294	EGAF00001157066
FI677	EGAF00001719885
FI27394	EGAF00001722910
FI815453	EGAF00001879646
FI8462	EGAF00001184720
FI21085	EGAF00001160954
FI815455	EGAF00001879648
FI40383	EGAF00001720059
FI37260	EGAF00001184261
FI26316	EGAF00001084270
FI12749	EGAF00001723198
FI15368	EGAF00001160738
FI36979	EGAF00001198527
FI19254	EGAF00001719579
FI7153	EGAF00001719894
FI27562	EGAF00001160948
FI351534	EGAF00001156463
FI39419	EGAF00001163141
FI46086	EGAF00001184813
FI41650	EGAF00001722589
FI658795	EGAF00001682847
FI720670	EGAF00000585933
FI9760	EGAF00001185395
FI779847	EGAF00000883265
FI49545	EGAF00001157030
FI20611	EGAF00001184555
FI811721	EGAF00001429571
FI8267	EGAF00001722523
FI14335	EGAF00001160642
FI9853	EGAF00001723336
FI47940	EGAF00001130654
FI35022	EGAF00001156991
FI21931	EGAF00001160060
FI659271	EGAF00001682814
FI5585	EGAF00001184849
FI350035	EGAF00001196981
FI30950	EGAF00001719825
FI699	EGAF00001144379
FI32552	EGAF00001149853
FI45250	EGAF00001184549
FI658919	EGAF00001683628
FI43555	EGAF00001556776
FI21968	EGAF00001185146
FI5244	EGAF00001722868
FI12139	EGAF00001719660
FI44603	EGAF00001722841
FI40617	EGAF00001723189
FI200943	EGAF00001719033
FI349732	EGAF00001196948
FI659069	EGAF00001682763
FI45268	EGAF00001084771
FI34208	EGAF00001196975
FI43722	EGAF00001184093
FI26201	EGAF00001156466
FI659163	EGAF00001683454
FI40002	EGAF00001556428
FI49868	EGAF00001160438
FI2206	EGAF00001556650
FI45610	EGAF00001556725
FI7584	EGAF00001722727
FI38378	EGAF00001130738
FI33125	EGAF00001723042
FI30970	EGAF00001719939
FI51845	EGAF00001130657
FI35649	EGAF00001156439
FI33352	EGAF00001722979
FI659241	EGAF00001683523
FI42434	EGAF00001149934
FI5368	EGAF00001184234
FI35424	EGAF00001723093
FI659121	EGAF00001683916
FI50307	EGAF00001149958
FI4661	EGAF00001722634
FI40844	EGAF00001184165
FI8577	EGAF00001720086
FI658905	EGAF00001683544
FI20940	EGAF00001073715
FI18281	EGAF00001556524
FI42071	EGAF00001720134
FI43927	EGAF00001197125
FI23852	EGAF00001162610
FI43723	EGAF00001184534
FI47541	EGAF00001719714
FI47234	EGAF00001184717
FI658877	EGAF00001683946
FI22853	EGAF00001184444
FI10264	EGAF00001063499
FI3069	EGAF00001719807
FI200807	EGAF00001719303
FI659509	EGAF00001683514
FI658815	EGAF00001683838
FI658979	EGAF00001683589
FI21517	EGAF00001185053
FI722416	EGAF00000480815
FI33548	EGAF00001723519
FI41267	EGAF00001162580
FI30000	EGAF00001556500
FI200924	EGAF00001719174
FI659319	EGAF00001683448
FI659125	EGAF00001683520
FI823823	EGAF00001904520
FI659181	EGAF00001682940
FI27470	EGAF00001160807
FI9306	EGAF00001723231
FI31480	EGAF00001171785
FI812161	EGAF00000922124
FI6464	EGAF00001722982
FI200834	EGAF00001719138
FI46816	EGAF00001184768
FI34725	EGAF00001185533
FI6523	EGAF00001719777
FI818070	EGAF00001592661
FI118	EGAF00001184375
FI28183	EGAF00001198515
FI29528	EGAF00001556683
FI77	EGAF00001556818
FI357847	EGAF00001171866
FI722483	EGAF00000691430
FI722420	EGAF00000483889
FI5546	EGAF00001556539
FI659787	EGAF00001683658
FI14392	EGAF00001719450
FI37464	EGAF00001185317
FI22758	EGAF00001129963
FI10493	EGAF00001161002
FI812167	EGAF00000922145
FI37409	EGAF00001184162
FI3202	EGAF00001185614
FI38331	EGAF00001084243
FI41902	EGAF00001149820
FI16904	EGAF00001156652
FI570	EGAF00001161020
FI43197	EGAF00001130753
FI722498	EGAF00000665135
FI42362	EGAF00001162544
FI33018	EGAF00001171902
FI14685	EGAF00001184108
FI15987	EGAF00001149922
FI357892	EGAF00001171872
FI30134	EGAF00001723546
FI19741	EGAF00001163165
FI53124	EGAF00001719597
FI801258	EGAF00001558638
FI50229	EGAF00001723555
FI4888	EGAF00001719426
FI47791	EGAF00001184282
FI13677	EGAF00001556767
FI20141	EGAF00001185266
FI13106	EGAF00001157033
FI38330	EGAF00001084747
FI20900	EGAF00001722907
FI659045	EGAF00001682715
FI6637	EGAF00001085144
FI33625	EGAF00001722664
FI33220	EGAF00001185041
FI6191	EGAF00001130612
FI658859	EGAF00001683940
FI823828	EGAF00001904534
FI19060	EGAF00001184582
FI815505	EGAF00001589947
FI12036	EGAF00001723219
FI5936	EGAF00001723015
FI3968	EGAF00001184948
FI18280	EGAF00001129921
FI28581	EGAF00001185281
FI25963	EGAF00001185641
FI8984	EGAF00001167992
FI14089	EGAF00001556566
FI51526	EGAF00001059423
FI6880	EGAF00001719609
FI32229	EGAF00001184558
FI659115	EGAF00001683045
FI18162	EGAF00001719687
FI1817	EGAF00001198587
FI31324	EGAF00001556743
FI7998	EGAF00001184264
FI32873	EGAF00001185197
FI200703	EGAF00001719147
FI23328	EGAF00001184531
FI41381	EGAF00001156382
FI14551	EGAF00001722712
FI16348	EGAF00001719636
FI658779	EGAF00001683943
FI28029	EGAF00001185362
FI1146	EGAF00001129957
FI22647	EGAF00001197482
FI813483	EGAF00001551816
FI37482	EGAF00001184078
FI28321	EGAF00001184855
FI49491	EGAF00001073697
FI658855	EGAF00001683604
FI658849	EGAF00001682952
FI659736	EGAF00001683700
FI1355	EGAF00001185155
FI49490	EGAF00001073712
FI720630	EGAF00000883290
FI5019	EGAF00001185587
FI50270	EGAF00001162547
FI29510	EGAF00001085045
FI40233	EGAF00001198506
FI4641	EGAF00001720083
FI34393	EGAF00001185098
FI659075	EGAF00001683562
FI37427	EGAF00001184750
FI27259	EGAF00001084756
FI19151	EGAF00001723492
FI200691	EGAF00001719021
FI50831	EGAF00001156358
FI52228	EGAF00001719945
FI36769	EGAF00001163039
FI42266	EGAF00001130744
FI41612	EGAF00001184567
FI659095	EGAF00001683913
FI12461	EGAF00001197996
FI659205	EGAF00001683805
FI32588	EGAF00001063339
FI397	EGAF00001719954
FI38549	EGAF00001722508
FI48610	EGAF00001556713
FI26164	EGAF00001719699
FI995	EGAF00001082869
FI11196	EGAF00001130008
FI31593	EGAF00001185152
FI658851	EGAF00001683009
FI22964	EGAF00001149784
FI24910	EGAF00001720152
FI25718	EGAF00001185284
FI7996	EGAF00001719114
FI10553	EGAF00001149847
FI659201	EGAF00001683111
FI24775	EGAF00001197305
FI22097	EGAF00001156310
FI41786	EGAF00001556704
FI4006	EGAF00001196876
FI658895	EGAF00001683580
FI12138	EGAF00001719588
FI349383	EGAF00001198056
FI659151	EGAF00001683571
FI50553	EGAF00001722997
FI658935	EGAF00001682964
FI658929	EGAF00001682688
FI25799	EGAF00001556452
FI11907	EGAF00001556827
FI25719	EGAF00001184135
FI350265	EGAF00001197999
FI200680	EGAF00001719090
FI20289	EGAF00001185215
FI815506	EGAF00001589946
FI4212	EGAF00001184120
FI1651	EGAF00001184099
FI38510	EGAF00001723027
FI200773	EGAF00001719336
FI4984	EGAF00001556770
FI350838	EGAF00001197380
FI29714	EGAF00001198176
FI658887	EGAF00001683565
FI30621	EGAF00001184504
FI39324	EGAF00001719843
FI9856	EGAF00001722547
FI52955	EGAF00001722832
FI49357	EGAF00001723330
FI19586	EGAF00001082830
FI18445	EGAF00001185167
FI29036	EGAF00001722859
FI200806	EGAF00001719369
FI7487	EGAF00001130588
FI659203	EGAF00001682886
FI659267	EGAF00001682856
FI8128	EGAF00001719837
FI7751	EGAF00001723564
FI51525	EGAF00001149727
FI17317	EGAF00001196996
FI37909	EGAF00001130597
FI36382	EGAF00001185062
FI17112	EGAF00001084798
FI659073	EGAF00001683904
FI46721	EGAF00001162541
FI45210	EGAF00001185428
FI720647	EGAF00000585927
FI32155	EGAF00001163195
FI46611	EGAF00001156295
FI722374	EGAF00001416170
FI37927	EGAF00001719525
FI50092	EGAF00001722826
FI33507	EGAF00001160474
FI283	EGAF00001149796
FI11760	EGAF00001129915
FI6978	EGAF00001723381
FI24569	EGAF00001157081
FI45172	EGAF00001556437
FI350293	EGAF00001198074
FI7881	EGAF00001085153
FI50271	EGAF00001160810
FI23078	EGAF00001723147
FI9913	EGAF00001723225
FI43591	EGAF00001556554
FI41266	EGAF00001160138
FI49035	EGAF00001184306
FI22306	EGAF00001196951
FI813484	EGAF00001551819
FI4023	EGAF00001722658
FI50940	EGAF00001723417
FI7388	EGAF00001719402
FI818074	EGAF00001300667
