file_id	size	check	checksum	file_name	dataset
EGAF00001682826	13.1 GB	MD5	bc28659339924b3b87050735f23a36ac	EGAZ00001310390/aa0c402f-8378-41ea-9ec7-5e73454db460/PCAWG.319bd156-49a9-4341-a9f7-ca68b02d3ab2.STAR.v1.bam.cip	EGAD00001003410
EGAF00001682706	9.2 GB	MD5	113858452e8e5d60942988a748a5a061	EGAZ00001310350/3ba6d210-4953-43db-aad5-5388c51b8766/PCAWG.8b2957af-3d3d-4466-830b-b02b62c12df9.STAR.v1.bam.cip	EGAD00001003410
EGAF00001682703	10.7 GB	MD5	2adf98b5172c8c3c58958feacedaab0b	EGAZ00001310349/375ef52b-ec60-4e9b-aa64-ef12d9710a1a/PCAWG.aee33d10-8fa4-4a47-97ad-1c87813f7a38.STAR.v1.bam.cip	EGAD00001003410
EGAF00001682823	6.8 GB	MD5	0b1ed85776772407469d1928f87994b2	EGAZ00001310389/a56fb828-174b-43ae-9ac5-3d966b5c3f2d/PCAWG.3df831b1-0af9-4247-a384-59f2f81427f5.STAR.v1.bam.cip	EGAD00001003410
EGAF00001682820	6.9 GB	MD5	e3c0a214aa0fd600ba0c3ba10900b7fe	EGAZ00001310388/a32f2c39-d8b6-42de-9ea0-7f5fab095aef/PCAWG.80b62e66-4a0c-492a-af5b-bef42ea24f76.STAR.v1.bam.cip	EGAD00001003410
EGAF00001682700	13.8 GB	MD5	ddf02752d502505251164ad94cfc04fa	EGAZ00001310348/32e59da8-1afa-486b-babd-65a48b25c87e/PCAWG.7dc8293b-a0d9-4459-848f-03f4ea549563.STAR.v1.bam.cip	EGAD00001003410
EGAF00001682709	7.8 GB	MD5	86bbebc6254c47e914d379a8463f74df	EGAZ00001310351/3dabd19a-582f-4ac2-a362-1799e444ca86/PCAWG.1ab90bfe-c740-453e-b65b-ac75d65a1873.STAR.v1.bam.cip	EGAD00001003410
EGAF00001682829	7.6 GB	MD5	975eff4690380ffc9192ededbead3936	EGAZ00001310391/ae3aa94a-f90c-469a-852c-efbf2a91e8eb/PCAWG.9e9b2a57-97a0-4b5e-af48-3994868ec02e.STAR.v1.bam.cip	EGAD00001003410
EGAF00001682838	27.7 GB	MD5	b0b06b58ecd828f3c9881f29eaa21593	EGAZ00001310394/be956f46-84dd-4f07-9f6b-8807862d17ff/PCAWG.bc4ff54b-03eb-43eb-bdb6-93cabd30e3cf.STAR.v1.bam.cip	EGAD00001003410
EGAF00001682835	12.6 GB	MD5	bb23ab37848c307410500d4d26e2dd61	EGAZ00001310393/b6afe9ef-b766-4365-a500-2db29a0bc706/PCAWG.5479c751-d6ca-4edf-9ffd-74c70de06450.STAR.v1.bam.cip	EGAD00001003410
EGAF00001682715	17.0 GB	MD5	3563050b40856cd37f52a31e62c54765	EGAZ00001310353/3f9293b8-5fc9-4273-8cc7-8ed3d8f94228/PCAWG.e03743ed-526c-4f13-81f4-0f32faca2110.STAR.v1.bam.cip	EGAD00001003410
EGAF00001682712	5.1 GB	MD5	16bd23e407e86a1b4f804b9560a58728	EGAZ00001310352/3f273bae-32b0-4775-87ec-b4190828ad27/PCAWG.e128b420-7dbf-433a-be26-11a729f0ceb8.STAR.v1.bam.cip	EGAD00001003410
EGAF00001682832	9.1 GB	MD5	5aee700d6f12db416899510d4e05a265	EGAZ00001310392/b2355eec-015e-438f-b957-d1a6d6649859/PCAWG.f78a494c-99d1-40d4-8c85-de3c2cde810d.STAR.v1.bam.cip	EGAD00001003410
EGAF00001682718	25.7 GB	MD5	7a9491062d7b0976869c4ee7ef219f9a	EGAZ00001310354/3fbab19f-2568-4fce-8a91-4cc2556bd0a8/PCAWG.c380dc78-7df5-4f8b-ae2d-27bb301e3200.STAR.v1.bam.cip	EGAD00001003410
EGAF00001682727	6.1 GB	MD5	5c6238c512299d72ffaa430835e2c48d	EGAZ00001310357/46fb57d3-ae8c-4c41-8cac-5bf8ec821d01/PCAWG.d53ca4b3-8deb-46a2-8ca4-6ea9cc3af4e3.STAR.v1.bam.cip	EGAD00001003410
EGAF00001682847	9.8 GB	MD5	2319c6c19dea6328f5111bfc00a5ac11	EGAZ00001310397/c3280f1c-167e-4c45-947b-1313d7c3d7ec/PCAWG.6291d69a-9eab-467c-8fdc-f64856e1a26c.STAR.v1.bam.cip	EGAD00001003410
EGAF00001682844	13.6 GB	MD5	a1c650dc1cdb5ce4e44a64229a40225d	EGAZ00001310396/c0709d7f-cd94-4e63-a571-6e70505c3c79/PCAWG.b4eb3102-d015-4112-a3f6-f5f754c7ee73.STAR.v1.bam.cip	EGAD00001003410
EGAF00001682724	5.7 GB	MD5	9d9fe6e8eed7e7b57d122dddf38b3b62	EGAZ00001310356/44898279-e2ac-4b99-a646-37f36343abe6/PCAWG.97f26bd5-19f6-45a6-a460-3d38f9e519fd.STAR.v1.bam.cip	EGAD00001003410
EGAF00001682721	7.5 GB	MD5	0d688915e2d7ea8e4e35e16e94a956c5	EGAZ00001310355/4177b8b2-d8a0-4e92-a39d-1d91f409c24a/PCAWG.fa04b4b9-24f0-4128-bfab-ac1c329045ea.STAR.v1.bam.cip	EGAD00001003410
EGAF00001682841	7.5 GB	MD5	5c2bac8834b1db8db3b2b86f72c022d0	EGAZ00001310395/c05302b9-d752-4c23-ad1c-7eef908ebaaf/PCAWG.4c2c9af2-9329-4814-a560-547bc11bc5c5.STAR.v1.bam.cip	EGAD00001003410
EGAF00001682859	9.0 GB	MD5	cdba3c4bab764dd85a4cf62765015de4	EGAZ00001310401/d8554bda-6e2f-47b2-8fcb-ff163612c771/PCAWG.8e2b9508-9102-4077-8036-89ba2ea7ca9f.STAR.v1.bam.cip	EGAD00001003410
EGAF00001682739	5.6 GB	MD5	6cdd3b5855cb0c7baffcb7c126676e5e	EGAZ00001310361/62b9779f-ee17-4626-bf45-243cd206bcd3/PCAWG.fc9c2b28-bc6a-458a-b0c8-7b49ae07f0e3.STAR.v1.bam.cip	EGAD00001003410
EGAF00001682736	10.6 GB	MD5	00a317c5ab40dd49282dcf77ff4ae9b6	EGAZ00001310360/5c243112-18e3-49c7-9b1a-66372be3c596/PCAWG.4e2059a8-34e8-4642-b009-9cdf966d4873.STAR.v1.bam.cip	EGAD00001003410
EGAF00001682856	4.7 GB	MD5	070e8bb868d05f4a6474fe3c26825967	EGAZ00001310400/cc09e671-f7b5-4a71-8496-6b3e0cc2ff94/PCAWG.8a7eaf4a-4d90-4530-94d0-e6e36f978692.STAR.v1.bam.cip	EGAD00001003410
EGAF00001682853	4.5 GB	MD5	268d242c4324713f262adcf1385f3784	EGAZ00001310399/cb2ed643-1ddd-412e-8f11-0ab486a38859/PCAWG.a7c173d3-5c7e-42a8-8871-e597a55b451d.STAR.v1.bam.cip	EGAD00001003410
EGAF00001682733	9.3 GB	MD5	ff46c29242bfea542bd2afebc93672f4	EGAZ00001310359/5826edd4-73fe-48ea-a7bc-8b3fbb5563f6/PCAWG.e92d6466-3fda-4534-9597-39039828d77c.STAR.v1.bam.cip	EGAD00001003410
EGAF00001682730	10.1 GB	MD5	3957f5898c6a934b1185def98bc2f5b0	EGAZ00001310358/4d7c08eb-a915-40bf-92b2-0f5869d008c3/PCAWG.eb9cf57f-4c80-4196-82fa-acd2b48dd3fb.STAR.v1.bam.cip	EGAD00001003410
EGAF00001682850	12.8 GB	MD5	51b4b833e95cbe347c08c4fa1ed4089a	EGAZ00001310398/c6f5ac82-a272-456e-b394-93e5cc6cc3df/PCAWG.ebd944ea-71b7-49b2-915a-ae1c206780e5.STAR.v1.bam.cip	EGAD00001003410
EGAF00001682901	8.9 GB	MD5	2e2317e68e7fd3274e75f60cbaf1578f	EGAZ00001310415/fbc33984-0c49-4152-86c2-a43f5c61b6d6/PCAWG.4b4b24d4-c42b-4201-b15f-6831d36c30e9.STAR.v1.bam.cip	EGAD00001003410
EGAF00001682805	5.6 GB	MD5	3e95010826a447daff407107a06b2638	EGAZ00001310383/906d295c-9e59-470d-92b5-e27d2907afa3/PCAWG.8c3a9d38-5bc2-4fb0-8223-6fdf45c92dad.STAR.v1.bam.cip	EGAD00001003410
EGAF00001682802	11.5 GB	MD5	f03b60605203ce0ea9fe378365fbe853	EGAZ00001310382/8f2a23ef-9584-4aab-9660-f5ba9fc4ea9f/PCAWG.45848e19-38fc-4ae6-91a3-87a2bf926d0f.STAR.v1.bam.cip	EGAD00001003410
EGAF00001682808	10.4 GB	MD5	151a6069770db974f3e034ea0817ee02	EGAZ00001310384/9de1b6d7-363d-4f34-817d-e393db68e9b5/PCAWG.b9143a08-bfb1-4d5a-a8f0-7dc56269b285.STAR.v1.bam.cip	EGAD00001003410
EGAF00001682814	10.5 GB	MD5	c7f0f9959daac3c300851928b677c606	EGAZ00001310386/a22dd715-cf2a-41fd-896d-54a8151b86cf/PCAWG.48698875-032e-41b4-a2ab-ffd6e6e9a8c6.STAR.v1.bam.cip	EGAD00001003410
EGAF00001682811	13.8 GB	MD5	fe8c1d128fd12a21b1f243c53d58a667	EGAZ00001310385/9f66872f-0752-4bb0-9ffb-3b3574740527/PCAWG.3330b2bf-8cce-4656-9bbc-4c306c4846bf.STAR.v1.bam.cip	EGAD00001003410
EGAF00001682817	5.3 GB	MD5	fb5a56803a2d816de193ecf770b3c143	EGAZ00001310387/a28767be-ea39-47ef-80cf-b4032394d483/PCAWG.21214927-3201-4068-88eb-0b3afa35e8b5.STAR.v1.bam.cip	EGAD00001003410
EGAF00001682787	7.8 GB	MD5	aa0b626897561762112700fd00e7dd63	EGAZ00001310377/8c0a1331-72d3-47a6-86eb-e55dca20aaa8/PCAWG.7b592422-d733-4722-a4b0-1ec2ac6dfbb6.STAR.v1.bam.cip	EGAD00001003410
EGAF00001682667	8.3 GB	MD5	793b90e12bd4c5d0cc4caedf8711c3c4	EGAZ00001310337/0ad5fc08-f5ab-4d8e-ba97-6d90464a2844/PCAWG.22878cb6-af53-48bb-88f6-ffb174c24fb4.STAR.v1.bam.cip	EGAD00001003410
EGAF00001682664	6.6 GB	MD5	a3c15f7b498a5790ff840d9c2b791222	EGAZ00001310336/0143546b-75ac-448a-9089-129eb1f48989/PCAWG.f3d39b1d-8fba-4f5b-8937-eb6076d2865c.STAR.v1.bam.cip	EGAD00001003410
EGAF00001682784	10.1 GB	MD5	b7872897e4045e052044d2de76466f55	EGAZ00001310376/8bbbd268-67dd-4178-81bb-b376a743d03e/PCAWG.1da0aafc-e2ac-41e9-9cdf-6fb35c009796.STAR.v1.bam.cip	EGAD00001003410
EGAF00001682781	7.5 GB	MD5	39409ee0b390b109dd8945c5d0a4265b	EGAZ00001310375/8af95e48-ddcb-4bba-8276-4449165a8980/PCAWG.4dda7024-9eb2-4a82-b51a-879b87ec2a41.STAR.v1.bam.cip	EGAD00001003410
EGAF00001682661	4.0 GB	MD5	68a4ef51758dbc26dbbf348b2590cf0d	EGAZ00001310335/009bebd8-3cf9-45a8-8546-1a09a8bf91a1/PCAWG.8e0862eb-73e2-42c0-b809-9510a888b931.STAR.v1.bam.cip	EGAD00001003410
EGAF00001682679	14.5 GB	MD5	b74959763d43f378ccb52abf5108574a	EGAZ00001310341/12a72dd1-adef-4dcb-a17d-feaddc75455c/PCAWG.64684385-98ad-4adc-8245-16012057823c.STAR.v1.bam.cip	EGAD00001003410
EGAF00001682799	5.5 GB	MD5	7c653339ab4e7bc5a2805da45cc55ea8	EGAZ00001310381/8e9ed85d-8eeb-4b33-a42b-fd07581f8248/PCAWG.c67cc2cb-8261-4762-b33f-da593d7f1b1f.STAR.v1.bam.cip	EGAD00001003410
EGAF00001682796	11.1 GB	MD5	66b63f4ef67a0469ca0ff407622410db	EGAZ00001310380/8e666ac3-c6d1-4fb7-b21f-f4ff2b4631fd/PCAWG.81387526-4f3b-423d-8398-29519ca0aeb7.STAR.v1.bam.cip	EGAD00001003410
EGAF00001682676	5.5 GB	MD5	f6565f7f505aab61caa42b974dd4f63f	EGAZ00001310340/1236be73-0d10-4be8-9475-70555548126a/PCAWG.56f9c8a3-d3e2-47d8-919c-2b12d76c9c2b.STAR.v1.bam.cip	EGAD00001003410
EGAF00001682673	11.9 GB	MD5	dda975ea238921cbc638789148fd615d	EGAZ00001310339/0db91af6-e9e4-4791-9956-cded8ed67ad8/PCAWG.46e5b2c2-db11-463f-a17e-2c855ab9648a.STAR.v1.bam.cip	EGAD00001003410
EGAF00001682793	5.7 GB	MD5	cdf126a55b68841f0ea4df9d5215572b	EGAZ00001310379/8e095313-d8b5-4800-ba32-2ec329ac7d0e/PCAWG.d1fced38-0d38-4c06-9559-e512e32a5118.STAR.v1.bam.cip	EGAD00001003410
EGAF00001682790	15.9 GB	MD5	bb278e142d94b37436f6aadb67b2f491	EGAZ00001310378/8c995fb2-349a-42ef-a357-e1ed317931c2/PCAWG.0dbe285c-b2db-40e7-95c0-7028aa8c99a0.STAR.v1.bam.cip	EGAD00001003410
EGAF00001682670	13.0 GB	MD5	571eca87e49aa7d25c582d14deb39ea7	EGAZ00001310338/0db2688d-a079-4d32-b27d-e29190b39da1/PCAWG.7c7b1830-232a-410c-94cb-8e0703932f50.STAR.v1.bam.cip	EGAD00001003410
EGAF00001682688	7.3 GB	MD5	ccb9dafae9ec6bf50a9132450b132e90	EGAZ00001310344/2d38c047-533d-4807-9859-7394fe2358dc/PCAWG.351ab32d-02eb-4908-8c8a-b4aeb3a8cb69.STAR.v1.bam.cip	EGAD00001003410
EGAF00001682685	9.2 GB	MD5	cf6990d377ac62219ff88cf97bcd0e45	EGAZ00001310343/2831600a-9b74-490c-9f5e-91b8f7966e04/PCAWG.36f86099-2b19-45ea-b0bd-6167a9580a92.STAR.v1.bam.cip	EGAD00001003410
EGAF00001682682	15.7 GB	MD5	7b356775b84f5beca879f8a008e8ea62	EGAZ00001310342/23838ad3-e04c-4c53-a4ea-d7434fce9845/PCAWG.f49af213-a5cb-473e-b9ab-5c79ab3ee772.STAR.v1.bam.cip	EGAD00001003410
EGAF00001682697	8.3 GB	MD5	7e3ddbaf867df0dc0ef420b32454f4af	EGAZ00001310347/3255ff49-0a30-4bd7-b08a-fce81c6f186e/PCAWG.923191ac-b291-408b-91d2-9ff1b0b4ef35.STAR.v1.bam.cip	EGAD00001003410
EGAF00001682694	10.9 GB	MD5	07e74e1acd179ab3430ad8b47c6ad70e	EGAZ00001310346/2ea011d6-683c-4d06-be45-98b857b80bc5/PCAWG.4738f813-7ee7-46c7-a285-d0d1fb4402b1.STAR.v1.bam.cip	EGAD00001003410
EGAF00001682691	14.4 GB	MD5	731ca6d27fddb23cdb7e487454519f22	EGAZ00001310345/2e0a0e26-d3b6-4708-a858-936dd2f0cf9a/PCAWG.feb6bf42-30be-4b2a-bd32-06395898a21d.STAR.v1.bam.cip	EGAD00001003410
EGAF00001682868	13.1 GB	MD5	3d151283d499dfb5a9120e13ddb153c6	EGAZ00001310404/dd8662db-d58a-43f3-8f53-b7dad53a1ed7/PCAWG.c8d46f4e-04dd-4f89-8ea6-f1b5845182fc.STAR.v1.bam.cip	EGAD00001003410
EGAF00001682748	5.5 GB	MD5	14aa7dc3b2ea77945edb7a0ca55c54ac	EGAZ00001310364/6d441e9d-768f-4bc4-a533-0a9041d8e094/PCAWG.9f4ff4d0-8d04-415a-8ab6-b51d14ecac32.STAR.v1.bam.cip	EGAD00001003410
EGAF00001682745	5.1 GB	MD5	9e5f744cccff6afe9f687d3d6b0efb1f	EGAZ00001310363/69d588e3-a62e-4af6-9faf-b43b0716d9ae/PCAWG.9adc04d6-1c11-4a6f-8015-3d8148316d7c.STAR.v1.bam.cip	EGAD00001003410
EGAF00001682865	8.9 GB	MD5	b1f1112b20c352e054112ac9aaaa89a1	EGAZ00001310403/dcb77c1d-66bf-4048-9629-0be644212c3e/PCAWG.4b894a49-b077-4de6-b9fa-de3a90b55769.STAR.v1.bam.cip	EGAD00001003410
EGAF00001682862	3.8 GB	MD5	2d8c4912c47f1f35ae9b30b79f4a164e	EGAZ00001310402/db086daa-7620-44c1-94bb-003a4d456fe4/PCAWG.b112f618-c81a-4639-b24a-6521ee527d31.STAR.v1.bam.cip	EGAD00001003410
EGAF00001682742	11.2 GB	MD5	c0e1a5b5013c829cfab40bff05042822	EGAZ00001310362/67796aec-55fd-4e3d-bc72-917a53ffa406/PCAWG.ba1ea74e-b821-46d1-be0f-3e64517c204e.STAR.v1.bam.cip	EGAD00001003410
EGAF00001682877	16.5 GB	MD5	78dcd893fd0a2c903293ef7f05a3b3d0	EGAZ00001310407/ea2891e6-c162-44b6-9478-40f5d8ba17f7/PCAWG.6ade3698-a1e1-4a4e-9307-6fe35e8d6cb9.STAR.v1.bam.cip	EGAD00001003410
EGAF00001682757	8.9 GB	MD5	bd498dd4e9142b1394f9a2ccf84d37f0	EGAZ00001310367/72616ed7-7708-445b-9650-4cbb10b0c490/PCAWG.a73687d4-1714-4814-9db3-5decb77e18b7.STAR.v1.bam.cip	EGAD00001003410
EGAF00001682754	24.5 GB	MD5	091e67bd6e08a9a86ebcaa6448956cbc	EGAZ00001310366/705ef5a2-d4de-4177-be55-7d825cfc3b5a/PCAWG.3e5871c6-6c5a-44fe-a488-1fa8fda9be16.STAR.v1.bam.cip	EGAD00001003410
EGAF00001682874	6.8 GB	MD5	406bd17edc284999dce3f2a277624f9a	EGAZ00001310406/e4a64032-9e59-40d8-9c9c-6a33e645e019/PCAWG.d226e0f0-130a-45f1-8dae-5030225485f1.STAR.v1.bam.cip	EGAD00001003410
EGAF00001682871	6.1 GB	MD5	0fe7e0dead74aeb9a1794a704cb6bc94	EGAZ00001310405/e25b8bca-0fdc-4454-8d35-127b19100abf/PCAWG.c30ea71b-0dc9-4684-a2cf-36e720e343c8.STAR.v1.bam.cip	EGAD00001003410
EGAF00001682751	13.8 GB	MD5	1f53c506683fe8967d67686a73db872c	EGAZ00001310365/6ee353b1-f863-49b1-af3c-c652b205f6f7/PCAWG.e26f2a93-6920-4522-9fb1-2b1596519c4d.STAR.v1.bam.cip	EGAD00001003410
EGAF00001682769	13.3 GB	MD5	34d76d93c5120fd5e4a26399b0fb5f72	EGAZ00001310371/7d1a9189-460b-4b54-ad8a-e23471506c84/PCAWG.309584e0-303f-4c24-9581-d563a7fcd59b.STAR.v1.bam.cip	EGAD00001003410
EGAF00001682889	9.3 GB	MD5	16b785552ca30ff0a232435a19318120	EGAZ00001310411/f27b7f97-b40a-4144-8eae-725f90cb275c/PCAWG.71733d70-623e-448c-81e9-5109a7cc6fa1.STAR.v1.bam.cip	EGAD00001003410
EGAF00001682886	8.0 GB	MD5	06220394f3b09d7210cb946e615e785f	EGAZ00001310410/f1ab1b0c-a647-4169-a96a-2cb0a78df738/PCAWG.64da2a94-58d7-4beb-a347-cd64d67a35fd.STAR.v1.bam.cip	EGAD00001003410
EGAF00001682766	6.7 GB	MD5	234bcd21d7b272356d8875360ab0db80	EGAZ00001310370/79b05c3f-06b0-4aec-aa95-351a7052a1a1/PCAWG.b47a82f7-c808-40bd-83b7-aa2149499566.STAR.v1.bam.cip	EGAD00001003410
EGAF00001682763	4.0 GB	MD5	61c6582984563358f20be980a2b4a75d	EGAZ00001310369/75896b5b-b34d-4b2c-8c65-0139498c2ca6/PCAWG.41e034a5-f0f2-43c9-bdb7-fdb4d7c45f15.STAR.v1.bam.cip	EGAD00001003410
EGAF00001682883	11.1 GB	MD5	9103bedd8226cb37c23e9821942dca46	EGAZ00001310409/ef7cfeca-3c3c-46e2-b09c-9e23c0983bc5/PCAWG.d3619be0-cd57-4dec-a4f7-749b62a17ad0.STAR.v1.bam.cip	EGAD00001003410
EGAF00001682880	12.5 GB	MD5	1c59a84fa763a7bfc68a21c9c71bbbaa	EGAZ00001310408/ed3b1a99-6620-45df-a5fb-f0a5a67406a6/PCAWG.ecbaf190-2905-4799-b5fe-98f20c1bf586.STAR.v1.bam.cip	EGAD00001003410
EGAF00001682760	11.3 GB	MD5	0c8802018cc4209f504fc1fbc5caca91	EGAZ00001310368/72acd68e-65fb-4559-9834-d81d29adb333/PCAWG.73d9aa32-1ef1-4334-8601-11cc18612571.STAR.v1.bam.cip	EGAD00001003410
EGAF00001682778	6.9 GB	MD5	bf485373a8b67315554c44048620d0e6	EGAZ00001310374/87be75b4-a4c4-4ac4-9354-b24ca7b5c226/PCAWG.88cf22a8-185c-4a27-b4ba-29d900736cf8.STAR.v1.bam.cip	EGAD00001003410
EGAF00001682898	6.6 GB	MD5	f662ce0bc433f665f9b6be78cd8ffcb5	EGAZ00001310414/f57444ca-d598-45b4-a3f0-07bef7ab151e/PCAWG.52f11f53-2a40-49a0-834a-7c90c43ff373.STAR.v1.bam.cip	EGAD00001003410
EGAF00001682895	15.4 GB	MD5	62f97587c600c9ff37ebe0e53bcce320	EGAZ00001310413/f4d026c2-f094-47b9-8b0a-4add0c974875/PCAWG.4d62b58d-6a51-499f-8de2-26234a938c4f.STAR.v1.bam.cip	EGAD00001003410
EGAF00001682775	9.1 GB	MD5	30dad7cc78c38584adaf8b5e6580da0a	EGAZ00001310373/86a8218c-6415-43c5-bc2c-7dc9b3945f0e/PCAWG.abc126d3-dce7-49ee-be79-47d479da7433.STAR.v1.bam.cip	EGAD00001003410
EGAF00001682772	7.3 GB	MD5	138223b525868960b6244ef92105661a	EGAZ00001310372/85675e90-08f9-4304-8d6f-48b8a261c73a/PCAWG.bf0ffef9-3b88-4caf-9905-bd09f42643b1.STAR.v1.bam.cip	EGAD00001003410
EGAF00001682892	6.7 GB	MD5	25a97d594ca70f48cc9a3e54b093a5f7	EGAZ00001310412/f454dc0a-8922-4a54-a16b-c972e67beaca/PCAWG.3773ecee-bac7-40dd-81d8-1c5c384ee511.STAR.v1.bam.cip	EGAD00001003410
EGAF00001719756	8.5 GB	MD5	5e249fd7e41b1689c35b81074b625583	EGAZ00001312375/071f1b0f-9bf3-453f-89aa-4f9abcc8f7f2/PCAWG.d0e5bdc0-f887-11e4-a9de-4b74fb958afb.STAR.v1.bam.cip	EGAD00001003549
EGAF00001719876	8.4 GB	MD5	fbad03d7e4d371a4da094849020559d7	EGAZ00001312415/957925b1-2aa5-461b-a5c8-b2aede7bdf7b/PCAWG.36a1518c-f870-11e4-b685-8186fb958afb.STAR.v1.bam.cip	EGAD00001003549
EGAF00001719759	9.6 GB	MD5	0bad8f50d0de76168e304c946c8d4d68	EGAZ00001312376/0a366a9d-a1bd-4441-b260-1bf22a105756/PCAWG.f58676ca-f60b-11e4-8600-849dfb958afb.STAR.v1.bam.cip	EGAD00001003549
EGAF00001719879	8.4 GB	MD5	38bacbb4f67c91ba36ca9ac4d23ed645	EGAZ00001312416/98edb7a3-8dcb-4e63-8f48-859ac2905953/PCAWG.fdfe025e-f873-11e4-8424-009bfb958afb.STAR.v1.bam.cip	EGAD00001003549
EGAF00001719762	8.6 GB	MD5	a4c53e76683bad5e4ce7504bd9ec3bf0	EGAZ00001312377/0e7e9a03-5d4a-40cf-b1de-8c7b0fddce7c/PCAWG.a5cf5506-d221-11e4-8475-47acfb958afb.STAR.v1.bam.cip	EGAD00001003549
EGAF00001719882	5.4 GB	MD5	0d650ca7682a7c4a879cbfe1ab62eb0b	EGAZ00001312417/9d0df786-4105-4297-b23b-710f3c4d1255/PCAWG.2c2c6276-d234-11e4-82e9-90a0fb958afb.STAR.v1.bam.cip	EGAD00001003549
EGAF00001719864	11.3 GB	MD5	65c033f3c7cb97fa1c89bd4c54e8f53c	EGAZ00001312411/8d4b9294-436a-40f7-bb57-5b6a5157d4be/PCAWG.cc58b6ee-d227-11e4-9567-027bfb958afb.STAR.v1.bam.cip	EGAD00001003549
EGAF00001719867	20.6 GB	MD5	6486155f21fceaf0da634f98c2d25100	EGAZ00001312412/91dfa84f-b2f8-4d4e-b824-1d3f2e6cd9e7/PCAWG.f4bd8874-d22e-11e4-9cf9-6592fb958afb.STAR.v1.bam.cip	EGAD00001003549
EGAF00001719873	8.4 GB	MD5	c59a29d6a880492c21753f7ffd7d216c	EGAZ00001312414/93ffba1f-5a24-4050-8189-5054b0495426/PCAWG.022f6f2a-f888-11e4-a791-8475fb958afb.STAR.v1.bam.cip	EGAD00001003549
EGAF00001719870	10.7 GB	MD5	d3fe9f4e22cd17358f30007f67416945	EGAZ00001312413/92591217-09db-4a51-a2c9-8dd204d26a39/PCAWG.a20ea0c2-f8a3-11e4-a163-915efb958afb.STAR.v1.bam.cip	EGAD00001003549
EGAF00001719855	10.2 GB	MD5	c5e5470afaf238beb6ee62e7cc1dadc5	EGAZ00001312408/8674e5bf-b880-4872-9873-3b8a8c8f2266/PCAWG.b22c5a18-f6e0-11e4-8ef4-b5a7fb958afb.STAR.v1.bam.cip	EGAD00001003549
EGAF00001719975	9.3 GB	MD5	bddcc08b3307af590a75ee408f07cfd5	EGAZ00001312448/fdad0391-1e8d-4921-9fcb-3f6725460038/PCAWG.de8e0f1e-f886-11e4-93ef-a770fb958afb.STAR.v1.bam.cip	EGAD00001003549
EGAF00001719852	5.7 GB	MD5	7e5c4a024ac36cfa9284a82f27c3aa2a	EGAZ00001312407/833d759a-3280-4758-b76d-63e9f4aa21f1/PCAWG.4ef154c8-d235-11e4-bc85-28a4fb958afb.STAR.v1.bam.cip	EGAD00001003549
EGAF00001719858	8.6 GB	MD5	15a3e2796751903045bbcd292f84fd9c	EGAZ00001312409/8a7e47f4-3a18-4910-be14-cbfb363c2432/PCAWG.787decca-f86e-11e4-8be4-037efb958afb.STAR.v1.bam.cip	EGAD00001003549
EGAF00001719861	9.2 GB	MD5	97c60629943143c20375b22e45b4b79c	EGAZ00001312410/8ad51d7a-e8b5-4792-8649-02d296f36a7c/PCAWG.13369afc-f868-11e4-b11f-fc4ffb958afb.STAR.v1.bam.cip	EGAD00001003549
EGAF00001719849	9.1 GB	MD5	108728d572803c293587d7dfdeab47b1	EGAZ00001312406/833c9c22-b2ad-4152-8702-f5ade0a6d420/PCAWG.61508802-f7ea-11e4-af6f-80bcfb958afb.STAR.v1.bam.cip	EGAD00001003549
EGAF00001719843	5.9 GB	MD5	2a45517ae88ca8fb71f9d51c109f9d08	EGAZ00001312404/7d280884-f601-474f-8e6b-fbcf6717a3fe/PCAWG.bb6ac238-d230-11e4-b140-6c97fb958afb.STAR.v1.bam.cip	EGAD00001003549
EGAF00001719963	14.1 GB	MD5	04678e262d7ab22be03dc2ae6546d2a8	EGAZ00001312444/f0dec44e-5067-4594-bf22-9cc4e2817ca4/PCAWG.f6d1f68a-f877-11e4-b4f9-40b0fb958afb.STAR.v1.bam.cip	EGAD00001003549
EGAF00001719969	10.6 GB	MD5	269265128fa79e9bf5006946d46920f2	EGAZ00001312446/f7da350a-846e-4186-9071-0bf98a24a11f/PCAWG.b6a428c2-f867-11e4-bbb2-c84cfb958afb.STAR.v1.bam.cip	EGAD00001003549
EGAF00001719846	10.5 GB	MD5	1be6c101c0b5489b3fe822179e10a785	EGAZ00001312405/7d553d35-7664-4d50-b458-6105b4f28cce/PCAWG.c0c41532-f895-11e4-9ccf-17adfb958afb.STAR.v1.bam.cip	EGAD00001003549
EGAF00001719966	7.3 GB	MD5	2abaee1a2532bb73dbeab2d50c4e2689	EGAZ00001312445/f59035d3-567e-4ad8-98ac-01ac1412155c/PCAWG.b08ab03c-d21f-11e4-8624-41a6fb958afb.STAR.v1.bam.cip	EGAD00001003549
EGAF00001719972	8.1 GB	MD5	f4d6521f1308b93a5fc45b63bf741848	EGAZ00001312447/fc7a255d-d6fa-46a9-80a0-78241c766891/PCAWG.d84262d0-f873-11e4-a3e4-549afb958afb.STAR.v1.bam.cip	EGAD00001003549
EGAF00001719954	8.6 GB	MD5	a9a84e7f1f9e19efd80f3241d062eebf	EGAZ00001312441/e4fb64b1-9c84-419b-b306-3635d04f1191/PCAWG.e939802c-f86f-11e4-8afe-4f85fb958afb.STAR.v1.bam.cip	EGAD00001003549
EGAF00001719831	7.7 GB	MD5	dbe90bfe444c212de222791abc261d82	EGAZ00001312400/6462cf7d-ecc1-477a-9fe9-0e142965281b/PCAWG.18a7818a-f6e3-11e4-b54b-deaffb958afb.STAR.v1.bam.cip	EGAD00001003549
EGAF00001719951	7.0 GB	MD5	aa2bd19c7a6bb88b8b20e98a929d6874	EGAZ00001312440/e227e602-79eb-4dca-957a-49c5259735fc/PCAWG.fa147ede-d21c-11e4-8cdc-859ffb958afb.STAR.v1.bam.cip	EGAD00001003549
EGAF00001719837	7.5 GB	MD5	d1bc42c6efacfdaf2a10aa1a229e3894	EGAZ00001312402/794bd6ac-dc61-4020-a6be-ec2c6e9b3610/PCAWG.b7618c9c-f875-11e4-93a3-c7a2fb958afb.STAR.v1.bam.cip	EGAD00001003549
EGAF00001719957	9.1 GB	MD5	1e4b01d93e4edaf010f2e8f549537d25	EGAZ00001312442/e9fe340b-1b08-464d-bc2e-260c329a17ea/PCAWG.fbbf36d8-f8a1-11e4-ad70-0958fb958afb.STAR.v1.bam.cip	EGAD00001003549
EGAF00001719834	8.4 GB	MD5	32865fd1061938f6eab5ed806e9776f4	EGAZ00001312401/6cfc7bbc-bf3f-40e2-bddc-cc5e44615c03/PCAWG.b3fff32c-f6d6-11e4-ae7e-d184fb958afb.STAR.v1.bam.cip	EGAD00001003549
EGAF00001719840	11.4 GB	MD5	7306927a3df5b5b2b4f6089526472293	EGAZ00001312403/7aea540e-bc4e-4e92-86f6-a9e761fec54a/PCAWG.6e256778-f8a3-11e4-9e2c-ff5dfb958afb.STAR.v1.bam.cip	EGAD00001003549
EGAF00001719960	12.0 GB	MD5	c249c17d122360cc008c0f474df31fc8	EGAZ00001312443/ed965d37-0c2c-42a2-9f00-171890057265/PCAWG.f414667e-d222-11e4-b48f-5e49fb958afb.STAR.v1.bam.cip	EGAD00001003549
EGAF00001719828	7.4 GB	MD5	0599e704ed2dd45587498361ed2cc4ff	EGAZ00001312399/61a5fe07-6bcd-457b-92ea-4d0e2508f717/PCAWG.f016d676-d220-11e4-ab9a-03aafb958afb.STAR.v1.bam.cip	EGAD00001003549
EGAF00001719948	8.7 GB	MD5	21fd213cc4d124836ade87d3dd3e505f	EGAZ00001312439/dfcb1fcb-8a8a-4094-8a62-743b5dbffb5e/PCAWG.d1b1e8b0-d225-11e4-94ac-2c5afb958afb.STAR.v1.bam.cip	EGAD00001003549
EGAF00001719822	8.7 GB	MD5	3820abc725238cc5581d3176fdfb5c74	EGAZ00001312397/54bfb954-c619-4ef5-9c13-d8fc05c49cf3/PCAWG.faa55724-f86e-11e4-a6b4-0e81fb958afb.STAR.v1.bam.cip	EGAD00001003549
EGAF00001719942	8.8 GB	MD5	49e915161c7bd051fa1ae938281853e5	EGAZ00001312437/d63a4d25-3ac0-4af2-a2f4-2fc7039958ed/PCAWG.827dc390-f886-11e4-9a26-776ffb958afb.STAR.v1.bam.cip	EGAD00001003549
EGAF00001719825	13.2 GB	MD5	a5e99cc472926f99889a649fed934dce	EGAZ00001312398/5a123c9f-e4c9-4b07-bd2f-e5b909f4f07f/PCAWG.ebb56084-f7eb-11e4-b667-88c0fb958afb.STAR.v1.bam.cip	EGAD00001003549
EGAF00001719945	11.1 GB	MD5	0d8ac16baf845143e3e597758e173d7a	EGAZ00001312438/db84c0f6-85e1-4269-8776-0e2161262978/PCAWG.8ad6024e-f6e4-11e4-9d8a-81b4fb958afb.STAR.v1.bam.cip	EGAD00001003549
EGAF00001719819	13.1 GB	MD5	7ca83d08c244bbb125d6534a68e2fec8	EGAZ00001312396/541c789b-f499-4517-9925-907756db5ae9/PCAWG.320e709a-f88f-11e4-a394-5c93fb958afb.STAR.v1.bam.cip	EGAD00001003549
EGAF00001719939	6.7 GB	MD5	4edba48ff4bf918ef2ce653540e1b663	EGAZ00001312436/d506f129-df02-4624-a916-580f93161b2b/PCAWG.a6c6d888-d22d-11e4-84e1-738efb958afb.STAR.v1.bam.cip	EGAD00001003549
EGAF00001719816	10.3 GB	MD5	d8d6cdd50a4c39db0bd92043f91b5a57	EGAZ00001312395/4cb6a601-dd49-4867-978d-3d937027fd2d/PCAWG.14d7fc2a-cece-11e4-9ee6-b86cfb958afb.STAR.v1.bam.cip	EGAD00001003549
EGAF00001719810	5.7 GB	MD5	c51de546b0abc54a9d41a3192c0a61eb	EGAZ00001312393/44cd7f73-aca3-4970-8823-93ab19b4e2c5/PCAWG.ba93a1dc-d234-11e4-abd3-8fa2fb958afb.STAR.v1.bam.cip	EGAD00001003549
EGAF00001719930	13.8 GB	MD5	3261ca74c6a9982f5ab5e25db163f6d5	EGAZ00001312433/c9c8784a-0cb3-43de-89ae-922aaf7f5508/PCAWG.ad98d0aa-f8a5-11e4-81fd-3265fb958afb.STAR.v1.bam.cip	EGAD00001003549
EGAF00001719936	5.3 GB	MD5	af0a403d91baa94767148a0d5eab3c3a	EGAZ00001312435/d21059c5-d295-4b39-862d-fb7ddc2c5d21/PCAWG.709a03bc-d222-11e4-945c-b0b7fb958afb.STAR.v1.bam.cip	EGAD00001003549
EGAF00001719813	9.3 GB	MD5	6d24f0dcf279c454a88b6e3ed6f0c37c	EGAZ00001312394/48ab6e8f-e71f-49df-94aa-2d0035ff421f/PCAWG.74150044-f7e5-11e4-81b4-99aefb958afb.STAR.v1.bam.cip	EGAD00001003549
EGAF00001719933	6.6 GB	MD5	7e68c16107aab3fb90c138cb3a8ecc36	EGAZ00001312434/d091a6b7-b8fd-457e-be5f-72a5f444ac40/PCAWG.4cdce9f8-d231-11e4-af3c-2199fb958afb.STAR.v1.bam.cip	EGAD00001003549
EGAF00001719807	9.4 GB	MD5	2a9e1622a2b66f88b2179b1e0b2d22bc	EGAZ00001312392/41b16819-f58b-4feb-bebb-ef35a34c7463/PCAWG.e3181490-d229-11e4-9c78-cf81fb958afb.STAR.v1.bam.cip	EGAD00001003549
EGAF00001719927	19.0 GB	MD5	6a11c062036edb1d20486fdb9bb79571	EGAZ00001312432/c403a13c-8ed7-4e61-8c19-cc0b5506c513/PCAWG.f46d3c88-f895-11e4-825e-97adfb958afb.STAR.v1.bam.cip	EGAD00001003549
EGAF00001719921	5.4 GB	MD5	5225628c7153e4b64eb265a9a5953538	EGAZ00001312430/c21262cb-ecfe-4f74-84c3-0296fb7bb4e0/PCAWG.6976fc40-d220-11e4-b89e-e3a8fb958afb.STAR.v1.bam.cip	EGAD00001003549
EGAF00001719804	9.0 GB	MD5	2a210919500c5f8bd87f82e21e1f5a4f	EGAZ00001312391/38e5f011-2b16-4e6d-b982-12fae242c9b8/PCAWG.6c4e45ae-f86d-11e4-97ca-a376fb958afb.STAR.v1.bam.cip	EGAD00001003549
EGAF00001719924	7.0 GB	MD5	2f80619de8ce8bf9bf745fbce6419a1f	EGAZ00001312431/c2f94359-7eb8-41b2-bdf0-ca657cb42aba/PCAWG.cb778ce8-d21b-11e4-943c-9c9cfb958afb.STAR.v1.bam.cip	EGAD00001003549
EGAF00001719801	6.7 GB	MD5	73c8dab3afb48a9c58b286ca186cce34	EGAZ00001312390/2f7fc21a-a397-4150-90ed-7ad8cb8970fa/PCAWG.6b12c068-d21e-11e4-88e7-a5a3fb958afb.STAR.v1.bam.cip	EGAD00001003549
EGAF00001719918	11.8 GB	MD5	3477c48ccb735be94ff70dbf04b46c81	EGAZ00001312429/c0d9368f-59f2-4f7e-a4fd-7ed82fcca2c5/PCAWG.de2bfd3a-f609-11e4-8db2-ba96fb958afb.STAR.v1.bam.cip	EGAD00001003549
EGAF00001719915	4.4 GB	MD5	f1cd9a712f52f72a9de65591f3ce860f	EGAZ00001312428/be717ca6-7f90-4f93-8455-9c38fc15db64/PCAWG.266adbd0-d219-11e4-9fa1-3291fb958afb.STAR.v1.bam.cip	EGAD00001003549
EGAF00001719912	5.1 GB	MD5	01266d299c038c97982d821b0a31d6fc	EGAZ00001312427/bc88c117-4183-4d84-96f8-f8deacb6c134/PCAWG.126ef0b6-d21f-11e4-aac5-00a5fb958afb.STAR.v1.bam.cip	EGAD00001003549
EGAF00001719906	8.6 GB	MD5	641b9f49da84828c1b0caad73b4869d8	EGAZ00001312425/b3a7cba2-2ad1-4ce8-812a-2c88f4b7059e/PCAWG.9bd34f64-f7ea-11e4-a6d5-43bdfb958afb.STAR.v1.bam.cip	EGAD00001003549
EGAF00001719909	10.9 GB	MD5	b87c7ea81072007416685177f974d363	EGAZ00001312426/b543c097-f4af-4823-af1c-d49d1dae86c0/PCAWG.e3209066-f86c-11e4-99c0-4473fb958afb.STAR.v1.bam.cip	EGAD00001003549
EGAF00001719903	10.7 GB	MD5	fec99d4097ac766edc3c556f0a16faa3	EGAZ00001312424/b379d687-efe2-44b1-8977-c3274a8f7461/PCAWG.a64a4582-d22a-11e4-8b5e-4985fb958afb.STAR.v1.bam.cip	EGAD00001003549
EGAF00001719900	9.7 GB	MD5	ab6c14c796b3b872bb9e96dd5c26de36	EGAZ00001312423/afe40758-0b23-44b7-8101-3cf16c1eefe1/PCAWG.87250fa0-d22c-11e4-8449-3b8cfb958afb.STAR.v1.bam.cip	EGAD00001003549
EGAF00001719798	5.3 GB	MD5	5e01e1e886cdb87410f2809b9e3a0e98	EGAZ00001312389/2d0488a5-f914-46c2-8083-44f1a21e9d74/PCAWG.73c9b83e-d236-11e4-99fe-82a6fb958afb.STAR.v1.bam.cip	EGAD00001003549
EGAF00001719789	12.3 GB	MD5	a3234a4350e3714507054c4ef8953b92	EGAZ00001312386/2b8c3669-22c0-43d1-a1e9-364383bd7b13/PCAWG.a27a550e-d226-11e4-acb2-6a6dfb958afb.STAR.v1.bam.cip	EGAD00001003549
EGAF00001719786	10.7 GB	MD5	ed7acb19265d160bb26aeec23a49e10e	EGAZ00001312385/275881e2-5ff7-45f7-8f67-13b5aa66cbe6/PCAWG.af610ae6-f6da-11e4-959e-a492fb958afb.STAR.v1.bam.cip	EGAD00001003549
EGAF00001719792	10.2 GB	MD5	f95623a5431258ca9f40c63902d881af	EGAZ00001312387/2bd5a3f6-3698-4591-9432-2b58c531951b/PCAWG.05ed234e-d229-11e4-8061-057ffb958afb.STAR.v1.bam.cip	EGAD00001003549
EGAF00001719795	14.4 GB	MD5	e01e8deda7c65e1cb5d7d01fa67029c2	EGAZ00001312388/2cbfb5a1-df6d-47c0-ae40-3ba631243446/PCAWG.b04474b0-f893-11e4-b474-d9a3fb958afb.STAR.v1.bam.cip	EGAD00001003549
EGAF00001719777	16.6 GB	MD5	b0d17b08d885b33607899f2b2b24d65e	EGAZ00001312382/2322e646-1570-4190-9098-5194494322a5/PCAWG.85cb2484-f88b-11e4-bec1-8787fb958afb.STAR.v1.bam.cip	EGAD00001003549
EGAF00001719897	17.6 GB	MD5	db188c5eddb50112f52c16fa00cb7131	EGAZ00001312422/af0a0ea1-d33b-43aa-b7d3-dd82118a5fb3/PCAWG.86049b82-f891-11e4-9d55-fa9bfb958afb.STAR.v1.bam.cip	EGAD00001003549
EGAF00001719780	12.5 GB	MD5	6c4ae8b8111348e407de68c65cdf10e1	EGAZ00001312383/2360da94-6b65-4dfe-8c33-29abd210b11e/PCAWG.c6893214-d224-11e4-85d0-cb56fb958afb.STAR.v1.bam.cip	EGAD00001003549
EGAF00001719783	5.8 GB	MD5	c2ea5f4d52fc5b223864ca8cf4424d18	EGAZ00001312384/2703ceb2-a23e-4f34-a2b0-2d140e1b5cb5/PCAWG.e21c1878-d235-11e4-99ef-38a5fb958afb.STAR.v1.bam.cip	EGAD00001003549
EGAF00001719888	5.4 GB	MD5	5f21b185f3aa490e424e21615707872b	EGAZ00001312419/a3adfc1e-a15a-4d6d-a4f0-3bdfceebf951/PCAWG.a547b3d2-d233-11e4-a9cb-809ffb958afb.STAR.v1.bam.cip	EGAD00001003549
EGAF00001719765	8.3 GB	MD5	0cc70004c99692ab09f391007bb28e32	EGAZ00001312378/1173e48d-abed-4f3b-9794-7ffcfa4da214/PCAWG.7be2d6a8-f889-11e4-ba8a-987afb958afb.STAR.v1.bam.cip	EGAD00001003549
EGAF00001719885	9.4 GB	MD5	538c95d60fb73d0a986fada64c8637f1	EGAZ00001312418/9d17d0ea-d7b3-42d2-96da-ed8bccb2b7b6/PCAWG.26cebcea-f8a2-11e4-8f29-ba58fb958afb.STAR.v1.bam.cip	EGAD00001003549
EGAF00001719768	8.9 GB	MD5	89d2f3e4d64549bde4483270b0f7616e	EGAZ00001312379/1556bad6-e88f-49e9-9071-aaed36a9161a/PCAWG.8255895e-f893-11e4-98ba-22a3fb958afb.STAR.v1.bam.cip	EGAD00001003549
EGAF00001719891	14.7 GB	MD5	ae8a448b7f9a37476c7dd2c4d49559c6	EGAZ00001312420/a8507cd0-651b-45c4-a2d1-6faeb268a00c/PCAWG.f58702e4-f88a-11e4-82a9-b484fb958afb.STAR.v1.bam.cip	EGAD00001003549
EGAF00001719774	8.3 GB	MD5	44c46facb7d6bc5d5ed6175f8cd3f70f	EGAZ00001312381/2150a32c-ff9c-46dc-af5d-dbb917617007/PCAWG.50dfe76e-f6dd-11e4-bb4b-d09bfb958afb.STAR.v1.bam.cip	EGAD00001003549
EGAF00001719894	11.3 GB	MD5	6759f5cc870265ab1f67125f71782d91	EGAZ00001312421/a9a63b2f-00e9-45fa-abb9-b343dc02e45f/PCAWG.7e42640a-f88d-11e4-b2df-e68cfb958afb.STAR.v1.bam.cip	EGAD00001003549
EGAF00001719771	6.4 GB	MD5	395da0d1660d30b29050d11468dda1d4	EGAZ00001312380/15a353e3-4733-43d5-be6e-5ded93d481f0/PCAWG.542588ee-d22e-11e4-8ae5-6590fb958afb.STAR.v1.bam.cip	EGAD00001003549
EGAF00001722490	8.5 GB	MD5	a1ada6c87d7b232f704377bc94b4dfd4	EGAZ00001312710/f62b7749-f944-4e40-bb6f-d96c79c97e67/PCAWG.cc51e6b6-dd30-11e4-a12d-8581c254ba06.STAR.v1.bam.cip	EGAD00001003558
EGAF00001723576	9.2 GB	MD5	9ce3e6c0359007ed3bea539bf673f8cf	EGAZ00001312674/b541167b-ecfc-446b-ad49-5b1d2b6cff56/PCAWG.c0c0d3b6-dd30-11e4-9c60-4680c254ba06.STAR.v1.bam.cip	EGAD00001003558
EGAF00001723213	6.3 GB	MD5	5b452eda3a599ee585f9010fc1e28f45	EGAZ00001312552/185d692b-f315-4b17-8981-5f9b939fc01d/PCAWG.125737ba-dd31-11e4-89b6-1786c254ba06.STAR.v1.bam.cip	EGAD00001003558
EGAF00001723456	11.0 GB	MD5	535d37cc241b83707d993bb54ce5f365	EGAZ00001312634/7b92279c-2cd1-4875-aa5b-dbb5d37adc63/PCAWG.d7f647c6-dd3c-11e4-b839-fc21c254ba06.STAR.v1.bam.cip	EGAD00001003558
EGAF00001723330	12.2 GB	MD5	aeb6850adff0804e42a31e487b774d22	EGAZ00001312591/499bd166-ee10-40dc-9064-830dc8df5b30/PCAWG.3f002856-dd38-11e4-951f-29b2c254ba06.STAR.v1.bam.cip	EGAD00001003558
EGAF00001723210	8.5 GB	MD5	13ecdb3b7aebc2a64c86c22253618bc2	EGAZ00001312551/162f7fcb-2a9d-4a57-8126-e821c1a683c7/PCAWG.82612382-dd35-11e4-9923-5b8ac254ba06.STAR.v1.bam.cip	EGAD00001003558
EGAF00001722484	8.6 GB	MD5	bd65eb09b1a5a58c531f75364c8046b3	EGAZ00001312708/f3c273d7-a863-45f9-8963-1823f1bdab54/PCAWG.d3eb985e-dd30-11e4-9b44-3182c254ba06.STAR.v1.bam.cip	EGAD00001003558
EGAF00001723570	7.8 GB	MD5	0fc998970fa2895b33f76198250153e4	EGAZ00001312672/b52c2e47-b47f-4bc8-92c3-689aacb28ee6/PCAWG.f8cf31de-dd3b-11e4-bdf1-bebbc254ba06.STAR.v1.bam.cip	EGAD00001003558
EGAF00001723450	3.8 GB	MD5	60ffa837e7da92f3c47acd6cdef0ac3e	EGAZ00001312632/7b102b0c-be79-468a-a4b8-354f82531ed7/PCAWG.fea0bed0-dd3a-11e4-a09d-2be1c254ba06.STAR.v1.bam.cip	EGAD00001003558
EGAF00001723219	6.2 GB	MD5	2b0bde74f47f6e1cbb8a077056793269	EGAZ00001312554/1a91ef7e-dba8-49d1-8874-28593bec709c/PCAWG.b7dd85b0-dd43-11e4-b5dc-6576c254ba06.STAR.v1.bam.cip	EGAD00001003558
EGAF00001723336	8.7 GB	MD5	5399eea7a66c3e56c9534b0763266239	EGAZ00001312593/4d516f18-1d19-47ee-b351-cbca5683d9e2/PCAWG.764a33dc-dd34-11e4-8a0c-117cc254ba06.STAR.v1.bam.cip	EGAD00001003558
EGAF00001723216	9.3 GB	MD5	29468b2af22a9f890aff5f5c54710ab6	EGAZ00001312553/194135fe-be17-46d0-9149-18726715336e/PCAWG.10b8cc9c-dd37-11e4-a9f2-a4a0c254ba06.STAR.v1.bam.cip	EGAD00001003558
EGAF00001723444	7.0 GB	MD5	a5992110a89ab2884ea1edc74018322a	EGAZ00001312630/7a9e16ec-8df5-4428-86a4-ca171aefb352/PCAWG.97335f5e-dd3b-11e4-81c2-094dc254ba06.STAR.v1.bam.cip	EGAD00001003558
EGAF00001723324	8.2 GB	MD5	cf72ad980800a4a2a3716447acae44b9	EGAZ00001312589/4376cb86-4371-46f7-a202-ebe77de2065f/PCAWG.db9a449c-dd30-11e4-9114-8082c254ba06.STAR.v1.bam.cip	EGAD00001003558
EGAF00001723564	8.8 GB	MD5	3d5db893b5af9d377271b180a219a2b4	EGAZ00001312670/ad0f360c-359b-4135-9674-4a5d7702192d/PCAWG.abe86d64-dd44-11e4-a915-77f9c154ba06.STAR.v1.bam.cip	EGAD00001003558
EGAF00001723201	7.2 GB	MD5	7d88a715939aa80a09570d040f67f589	EGAZ00001312548/0cd8ccc8-5380-4cb9-a161-9137726e38ae/PCAWG.b667a400-dd38-11e4-b441-e4b8c254ba06.STAR.v1.bam.cip	EGAD00001003558
EGAF00001722472	5.3 GB	MD5	c6ef2395a4a009fa423c4c8f572c5b5c	EGAZ00001312704/dc7eaf9f-0fde-4d41-9d77-a79c1fececb2/PCAWG.0f9810da-dd45-11e4-9f99-0cbfc254ba06.STAR.v1.bam.cip	EGAD00001003558
EGAF00001723207	8.0 GB	MD5	beeeb6152873b70e1aee4c10ad8e0efd	EGAZ00001312550/15489778-1182-43a9-b44f-e43f49924670/PCAWG.d43ed88c-dd41-11e4-9fc0-ad43c254ba06.STAR.v1.bam.cip	EGAD00001003558
EGAF00001723567	7.1 GB	MD5	cc077a703402b553802a438152148569	EGAZ00001312671/b43effd2-cd01-4df3-b353-cdd85d7150f7/PCAWG.68efeb76-dd3b-11e4-b826-78e9c154ba06.STAR.v1.bam.cip	EGAD00001003558
EGAF00001723204	7.2 GB	MD5	6c7c01844aa7545ce58c6910e1df18ea	EGAZ00001312549/120ec05e-fad9-402a-b91a-b445bb9685d6/PCAWG.edc5da14-dd30-11e4-802c-d583c254ba06.STAR.v1.bam.cip	EGAD00001003558
EGAF00001722478	16.5 GB	MD5	9106e8f8c2c1add36c360a56f4b1a13c	EGAZ00001312706/f1351506-6eb6-444e-84c0-87bc5d914f20/PCAWG.6a09899e-dd32-11e4-b507-70a1c254ba06.STAR.v1.bam.cip	EGAD00001003558
EGAF00001723312	4.7 GB	MD5	bfcf9dfa64d7a521db7fb54737f873a8	EGAZ00001312585/420ed47c-d4de-44ef-8af8-b724eb50b0fc/PCAWG.5c778b04-dd3d-11e4-9aa6-fd29c254ba06.STAR.v1.bam.cip	EGAD00001003558
EGAF00001722466	5.3 GB	MD5	ddc16b93546da068bfbe5b9e9bb883d6	EGAZ00001312702/d7099296-7afc-4e4c-8939-b403c0a06822/PCAWG.c5b68258-dd44-11e4-b71d-a98ac254ba06.STAR.v1.bam.cip	EGAD00001003558
EGAF00001723552	5.2 GB	MD5	ac617e45f90d03cd541a48e8c7209e92	EGAZ00001312666/ace310bd-c284-4a16-8540-64e925836abe/PCAWG.a3d9a13c-dd36-11e4-b04f-109bc254ba06.STAR.v1.bam.cip	EGAD00001003558
EGAF00001722460	14.4 GB	MD5	988d75cfa852f1788bc3f76fee179cba	EGAZ00001312700/d6f1ada0-5cdd-4c59-a26e-af3d6fb18444/PCAWG.7e8fa344-dd32-11e4-adae-ffa2c254ba06.STAR.v1.bam.cip	EGAD00001003558
EGAF00001723318	6.3 GB	MD5	1cec2682a0f0bc9ce372e8ea0ddb3abd	EGAZ00001312587/428af08f-592d-4303-a41b-2247c41721c2/PCAWG.2e3c96c2-dd3c-11e4-83c5-0de4c254ba06.STAR.v1.bam.cip	EGAD00001003558
EGAF00001723558	5.9 GB	MD5	9dac458dd6683767d78adccbb351b56a	EGAZ00001312668/ad043214-4e17-47bd-9554-73f1a1622d62/PCAWG.05caea96-dd31-11e4-8808-f884c254ba06.STAR.v1.bam.cip	EGAD00001003558
EGAF00001723435	8.3 GB	MD5	3b592e0299f6e550c9225862e77f57a5	EGAZ00001312626/725dd6b5-956b-417e-a46f-48667255d4fd/PCAWG.ca746884-dd33-11e4-a1bd-c01bc254ba06.STAR.v1.bam.cip	EGAD00001003558
EGAF00001722454	8.0 GB	MD5	94f6d66656a543525c9a446f2b7eb685	EGAZ00001312698/d6d14e6d-6570-4163-8dfa-93b495cebe57/PCAWG.12f95f04-dd36-11e4-98e6-a292c254ba06.STAR.v1.bam.cip	EGAD00001003558
EGAF00001723423	13.1 GB	MD5	702ce6dff879abe0d3c3595b4987649b	EGAZ00001312622/6e12eaab-5f32-4dff-afba-5407096cfc90/PCAWG.57805ef4-dd34-11e4-992a-c779c254ba06.STAR.v1.bam.cip	EGAD00001003558
EGAF00001723300	10.3 GB	MD5	78f51d4a4279ade6288d5cf1b7a730fe	EGAZ00001312581/3e8eb01c-17f4-47a8-bb4e-e55bccbb70e9/PCAWG.42ccd9ba-dd34-11e4-9779-7278c254ba06.STAR.v1.bam.cip	EGAD00001003558
EGAF00001723540	9.3 GB	MD5	575e624e59c2fd35d03db34b35693f19	EGAZ00001312662/a53c999c-3ac6-4207-a3ff-cc247db032b3/PCAWG.bec08a02-dd30-11e4-911e-ff7fc254ba06.STAR.v1.bam.cip	EGAD00001003558
EGAF00001723429	13.1 GB	MD5	8c46362192396e28ef3556836820ee0b	EGAZ00001312624/71d8d7f5-4dd9-4be2-afd8-35b815026af5/PCAWG.757b192e-dd3b-11e4-8e07-04ebc154ba06.STAR.v1.bam.cip	EGAD00001003558
EGAF00001723306	7.0 GB	MD5	989d07e22eb1769c145de91132454b48	EGAZ00001312583/402d4eda-b5c1-4d60-ace0-bccadc661519/PCAWG.242bb83a-dd3b-11e4-9b69-2be3c254ba06.STAR.v1.bam.cip	EGAD00001003558
EGAF00001723546	7.0 GB	MD5	8f07ab2cc0259923ade27136c42bd260	EGAZ00001312664/ab57f144-866d-4203-905f-6cda507b9fa4/PCAWG.315e251c-dd34-11e4-8733-c477c254ba06.STAR.v1.bam.cip	EGAD00001003558
EGAF00001723411	6.8 GB	MD5	38d0e901cbfa90ec900e5c0299b6f144	EGAZ00001312618/6d4d30cf-45a7-40a2-b024-b21c3acc8d65/PCAWG.a0384d54-dd3f-11e4-8ac1-584bc254ba06.STAR.v1.bam.cip	EGAD00001003558
EGAF00001722442	5.0 GB	MD5	b1ec19e781a5bbbf39bef60e4a440e99	EGAZ00001312694/d597773e-1c57-4c2e-995e-e0fe1ba075c9/PCAWG.8c1fb552-dd3d-11e4-bf8a-302dc254ba06.STAR.v1.bam.cip	EGAD00001003558
EGAF00001723417	9.1 GB	MD5	4ecee5af33999b36df9e26621ad2946d	EGAZ00001312620/6d934d12-a701-4dde-8e59-42927b1f94e2/PCAWG.04efdb66-dd3d-11e4-af75-1225c254ba06.STAR.v1.bam.cip	EGAD00001003558
EGAF00001722448	5.7 GB	MD5	809a373f281d09a62144cf1d21d4a1a5	EGAZ00001312696/d65b5ba8-01df-4788-b9d8-917f027226f2/PCAWG.2cc4814c-dd41-11e4-9754-6df6c154ba06.STAR.v1.bam.cip	EGAD00001003558
EGAF00001723534	6.1 GB	MD5	fedea3001f9be4ec8ed5bd7b5c1bf1fd	EGAZ00001312660/a520462f-65da-466c-b221-fa3473714037/PCAWG.77203c42-dd44-11e4-bfb1-1da7c254ba06.STAR.v1.bam.cip	EGAD00001003558
EGAF00001723522	8.6 GB	MD5	c67470f8a0c5f456d7e9144ad09aef12	EGAZ00001312656/a2e63f26-5b02-4347-8b3c-378d5ddd9b01/PCAWG.a4a0928c-dd32-11e4-80fe-13dac254ba06.STAR.v1.bam.cip	EGAD00001003558
EGAF00001722430	12.3 GB	MD5	2de2b7ccc503c7c00160138fba2cce2c	EGAZ00001312690/d0c71659-a92f-4d77-bb4b-105b51f0915f/PCAWG.7d199b76-dd39-11e4-abc6-dec3c254ba06.STAR.v1.bam.cip	EGAD00001003558
EGAF00001723528	15.3 GB	MD5	4a55492bd81ea18ad1479e2d507a975f	EGAZ00001312658/a43b067c-cd35-4707-9755-d0299fd30de8/PCAWG.0a2585da-dd34-11e4-9a98-3d75c254ba06.STAR.v1.bam.cip	EGAD00001003558
EGAF00001722436	8.5 GB	MD5	c571d7bb3ce1877b01052fa18dbfa4c7	EGAZ00001312692/d12a96ca-8baa-4aed-a8b1-7926ef37d70d/PCAWG.c3844876-dd30-11e4-9ea1-9b80c254ba06.STAR.v1.bam.cip	EGAD00001003558
EGAF00001723405	9.1 GB	MD5	6e520d8ced51b011b5403f98197c0614	EGAZ00001312616/6cbf4ceb-e85f-4cf2-a5f4-46a04c5e5848/PCAWG.8f15b974-dd37-11e4-b5ff-5ca8c254ba06.STAR.v1.bam.cip	EGAD00001003558
EGAF00001723510	6.0 GB	MD5	747b99cd5fe5a2f209b33fd13522375b	EGAZ00001312652/92ee6ac3-7ed7-4818-b4c9-95927cb333e3/PCAWG.fbe1fbc4-dd43-11e4-becd-a0a6c254ba06.STAR.v1.bam.cip	EGAD00001003558
EGAF00001723198	6.2 GB	MD5	c184ce22a2f8b44e3e6870163b380a44	EGAZ00001312547/0805a757-b11b-44ca-8054-93ddce770cff/PCAWG.4f86b36c-dd3c-11e4-903e-879fc254ba06.STAR.v1.bam.cip	EGAD00001003558
EGAF00001723516	10.6 GB	MD5	a86722341f0e28b5ed98966ba00a3656	EGAZ00001312654/98727bc5-3920-4948-9cec-edd5104ef8dc/PCAWG.a5358064-dd31-11e4-a980-6996c254ba06.STAR.v1.bam.cip	EGAD00001003558
EGAF00001722424	6.7 GB	MD5	9a1b7c17d99f1df9efa707a3c61fedb8	EGAZ00001312688/cc87bee9-41cd-409d-9bef-cf5f0fabd9e9/PCAWG.27dd46c2-dd38-11e4-afb0-c9b0c254ba06.STAR.v1.bam.cip	EGAD00001003558
EGAF00001723195	7.6 GB	MD5	b3cba60592611cea81b91fac08cf012e	EGAZ00001312546/07bb44c7-6357-4f12-a913-ab08e7a13996/PCAWG.9104f3e0-dd31-11e4-bec9-d293c254ba06.STAR.v1.bam.cip	EGAD00001003558
EGAF00001723192	7.1 GB	MD5	656c2c0c2e93d907f8d5bc51082ccf90	EGAZ00001312545/06cce63b-136a-49d2-88ae-5f90e97fc1f2/PCAWG.237e750e-dd35-11e4-8253-9885c254ba06.STAR.v1.bam.cip	EGAD00001003558
EGAF00001723189	10.0 GB	MD5	70c448c33562e84d1d43da3ef7180ed1	EGAZ00001312544/02e0b0d5-4577-4abb-be3e-c835c60f3a7f/PCAWG.695a84b2-dd37-11e4-bb2a-2aa6c254ba06.STAR.v1.bam.cip	EGAD00001003558
EGAF00001723186	6.6 GB	MD5	3ca6c173608d7bde5db5569162aea764	EGAZ00001312543/02b580ea-bc80-4bac-9fe8-cc6d2971026d/PCAWG.e423ab9a-dd39-11e4-bf6e-a5ccc254ba06.STAR.v1.bam.cip	EGAD00001003558
EGAF00001723504	3.6 GB	MD5	ecd87cc2933cd77948728515e705d226	EGAZ00001312650/8f9fa3f3-5bdf-4239-9e5c-5f6c27b37d74/PCAWG.833cdc6c-dd38-11e4-8ffa-a3b5c254ba06.STAR.v1.bam.cip	EGAD00001003558
EGAF00001723183	7.0 GB	MD5	a7afc97de930497127b207d3dd86c345	EGAZ00001312542/02b2b029-ca9b-4e4d-acd8-952de8051d24/PCAWG.b73485ac-dd41-11e4-a1fc-2053c254ba06.STAR.v1.bam.cip	EGAD00001003558
EGAF00001723180	6.4 GB	MD5	04244af0b5b4bff097df9c63b35a8181	EGAZ00001312541/01a50653-7574-431a-be4b-1d175da22d2f/PCAWG.f5410668-dd3c-11e4-a82c-0324c254ba06.STAR.v1.bam.cip	EGAD00001003558
EGAF00001723612	14.4 GB	MD5	c964a3822172d3cb03ea268a09e77890	EGAZ00001312686/c7e18de6-f0bc-4aed-bd47-d9e1399fa81e/PCAWG.51646a30-dd23-11e4-99bf-1e4972a8e264.STAR.v1.bam.cip	EGAD00001003558
EGAF00001723294	6.6 GB	MD5	794158899ff4ae85e9db89561d2565a9	EGAZ00001312579/3e69ef23-550b-4b35-851a-18da774cd83f/PCAWG.9e6e8eb4-dd3c-11e4-b28a-39d4c254ba06.STAR.v1.bam.cip	EGAD00001003558
EGAF00001723288	5.2 GB	MD5	ed929134a5850884845fbf33224e27c5	EGAZ00001312577/3cad7c97-e7dc-4925-abf1-d233273cd46c/PCAWG.0c1e8a2c-dd38-11e4-aef9-76afc254ba06.STAR.v1.bam.cip	EGAD00001003558
EGAF00001723606	4.0 GB	MD5	413f37a9f3e2f795820f5993480ec4e5	EGAZ00001312684/c4b57ca3-005f-4667-8c68-2f7f58c47eef/PCAWG.7d143632-dd33-11e4-9a2f-82a9c254ba06.STAR.v1.bam.cip	EGAD00001003558
EGAF00001723600	7.9 GB	MD5	28558a849935fa8c1aeeaa5f638fc4ea	EGAZ00001312682/c24317d1-9931-476a-ad3d-8730c48db324/PCAWG.1ee804b2-dd3d-11e4-aaa5-b426c254ba06.STAR.v1.bam.cip	EGAD00001003558
EGAF00001722508	8.9 GB	MD5	f447b5d7af057f4f91cf3214797ab2b3	EGAZ00001312716/ff28ad9a-7a8a-4723-b6d6-d01a79b664ba/PCAWG.c70f52e2-dd30-11e4-a68c-ed80c254ba06.STAR.v1.bam.cip	EGAD00001003558
EGAF00001723282	6.5 GB	MD5	276582ab3806bc655687251e11e601b1	EGAZ00001312575/39934ad2-2d8f-47d7-bec1-1fb793ab5726/PCAWG.f1592852-dd35-11e4-86fb-ab90c254ba06.STAR.v1.bam.cip	EGAD00001003558
EGAF00001723399	7.6 GB	MD5	f360b1e50d7ac25cd47b5f2ce40d2db0	EGAZ00001312614/69f7e171-b95a-41b7-aaf5-17d09f14ebff/PCAWG.195ab0e4-dd42-11e4-96a9-104cc254ba06.STAR.v1.bam.cip	EGAD00001003558
EGAF00001723276	9.4 GB	MD5	5b67f9a43063238d7d81b23855132ecf	EGAZ00001312573/331ce71c-f4e8-45c8-8b00-dbbd10b6ccfc/PCAWG.70e5d8d2-dd3f-11e4-a5a5-3a48c254ba06.STAR.v1.bam.cip	EGAD00001003558
EGAF00001722502	6.1 GB	MD5	27e26158aee1594d62c8342ac3dc9fea	EGAZ00001312714/fd0e6d3f-d994-4de6-9a90-ad64d4b1a831/PCAWG.413ef306-dd31-11e4-82cf-a488c254ba06.STAR.v1.bam.cip	EGAD00001003558
EGAF00001723393	8.5 GB	MD5	4137682f207b8403083eb622323e3842	EGAZ00001312612/660e3582-bdf1-4678-8841-6b50989b8e4d/PCAWG.f10e7080-dd41-11e4-ab36-e1e4c254ba06.STAR.v1.bam.cip	EGAD00001003558
EGAF00001723270	8.8 GB	MD5	896e265016a2748e9575968fdde9b66e	EGAZ00001312571/2b755d3b-3b87-48c3-9b8d-e42ef30f11ed/PCAWG.02f756c2-dd33-11e4-ba49-b4bec254ba06.STAR.v1.bam.cip	EGAD00001003558
EGAF00001723264	11.5 GB	MD5	9cfb26fdb7e56b9ff1b906a3bd266578	EGAZ00001312569/2b2a2057-be08-4ee7-9933-13bf8dc4cbd4/PCAWG.f98658a6-dd30-11e4-a293-9384c254ba06.STAR.v1.bam.cip	EGAD00001003558
EGAF00001723384	7.2 GB	MD5	3bacfcc7e1db220b3a08d57c4bcd26e2	EGAZ00001312609/62b3594c-81af-4c29-bcd4-b9bd198798aa/PCAWG.21ed5056-dd31-11e4-9b95-a486c254ba06.STAR.v1.bam.cip	EGAD00001003558
EGAF00001722736	7.9 GB	MD5	029aef597806a2e6988a1b586c9ced42	EGAZ00001312628/76c53e9d-bdf3-4258-a7ef-def0e20321c2/PCAWG.2bf49880-dd44-11e4-973c-bba9c254ba06.STAR.v1.bam.cip	EGAD00001003558
EGAF00001723378	5.8 GB	MD5	955a886f2d6162bbaf3eabcea66a0953	EGAZ00001312608/620be15b-7a39-4b81-99e4-d8d0c27b2593/PCAWG.5450eefe-dd31-11e4-a095-c18ac254ba06.STAR.v1.bam.cip	EGAD00001003558
EGAF00001723258	7.9 GB	MD5	72b5b153ded5c3aa4155113387a9366b	EGAZ00001312567/2ae21724-9065-44c2-b0bd-00e4b0629a8b/PCAWG.8631d5c8-dd36-11e4-b9d1-4999c254ba06.STAR.v1.bam.cip	EGAD00001003558
EGAF00001723498	16.5 GB	MD5	dadf9857cd88fb9e1abca12ac41dc79a	EGAZ00001312648/890151b9-0d59-499f-bff0-f66eabbb3376/PCAWG.a08814fc-dd34-11e4-a193-4b7ec254ba06.STAR.v1.bam.cip	EGAD00001003558
EGAF00001723375	7.6 GB	MD5	5c6d6ebf2e8cb58ded09e902c7d5bd14	EGAZ00001312606/5a809738-c798-4d79-9b53-b539385b3740/PCAWG.4f2ea678-dd36-11e4-9275-1f96c254ba06.STAR.v1.bam.cip	EGAD00001003558
EGAF00001723252	8.0 GB	MD5	bef46453f790ddeecc766777ea1dd00f	EGAZ00001312565/2abb676c-a89d-456f-814a-0c035dfd3c44/PCAWG.bddb49d8-dd35-11e4-8a0b-c68dc254ba06.STAR.v1.bam.cip	EGAD00001003558
EGAF00001723492	8.5 GB	MD5	c5a7c3648edcf2ecb55d66ddeea0e1cb	EGAZ00001312646/870b714a-ce0b-4adf-827d-10bbfc4ed816/PCAWG.7c2e0376-dd31-11e4-b027-b78fc254ba06.STAR.v1.bam.cip	EGAD00001003558
EGAF00001723246	5.8 GB	MD5	0afd85d956048f615cb511aa25ebed3c	EGAZ00001312563/29a2dd09-2684-42dd-b687-3293de3e0da9/PCAWG.488551fa-dd3b-11e4-92d0-56e5c254ba06.STAR.v1.bam.cip	EGAD00001003558
EGAF00001723486	8.4 GB	MD5	52ac30a9201696ba31f646b5cf3ea630	EGAZ00001312644/86cd0308-a56e-4647-9482-98d618231a32/PCAWG.672047d2-dd31-11e4-a528-528cc254ba06.STAR.v1.bam.cip	EGAD00001003558
EGAF00001723243	14.9 GB	MD5	74de942448df8a0b73dbbea7b40346a0	EGAZ00001312562/25a05dbd-c852-4923-845d-5da240ad0729/PCAWG.8c9d65a2-dd32-11e4-b8fb-c1b4c254ba06.STAR.v1.bam.cip	EGAD00001003558
EGAF00001723240	7.5 GB	MD5	bb6f67295df46d07021ad19e5c25fa3b	EGAZ00001312561/257ac017-892d-444d-bc40-1e0d4ed7330c/PCAWG.7b4ad790-dd45-11e4-a8fb-4404c254ba06.STAR.v1.bam.cip	EGAD00001003558
EGAF00001723369	7.6 GB	MD5	d7d26bf2ce1e2d2329bb57f982afa001	EGAZ00001312604/5a4b937a-88e4-4755-b81a-cdc71b04fabc/PCAWG.3eec6dce-dd39-11e4-aeeb-85c0c254ba06.STAR.v1.bam.cip	EGAD00001003558
EGAF00001723480	8.5 GB	MD5	04ca1e1b3066b6a85ae17e3d997c9b65	EGAZ00001312642/856b7707-16ca-47d6-a3dc-6df664f4fba5/PCAWG.d0dc8664-dd3f-11e4-8ac1-fc4dc254ba06.STAR.v1.bam.cip	EGAD00001003558
EGAF00001723360	12.8 GB	MD5	a6bbdc906400333d43fb4fae2089bb98	EGAZ00001312601/5872d4f4-fd00-46bd-baaf-58406fef4a0a/PCAWG.24f4ba02-dd3e-11e4-ac5c-e235c254ba06.STAR.v1.bam.cip	EGAD00001003558
EGAF00001723354	10.4 GB	MD5	e2594a5f62d554e974fa8cdf672a0e3d	EGAZ00001312599/51f11adc-56dc-4aba-bcbc-0afc08bb2143/PCAWG.4cf1f35a-dd32-11e4-ba86-a69fc254ba06.STAR.v1.bam.cip	EGAD00001003558
EGAF00001723234	5.8 GB	MD5	5bc17125aae1627856460ce38d4f250b	EGAZ00001312559/23331990-d06e-4010-bf0a-3ff8c74cc03c/PCAWG.3d92b40e-dd45-11e4-9303-a2f8c154ba06.STAR.v1.bam.cip	EGAD00001003558
EGAF00001723594	5.7 GB	MD5	156a69043a73b72bd3cb5308109f0d95	EGAZ00001312680/be3a8dd6-97ae-4b1b-b932-511bfee99b8b/PCAWG.0f70b7bc-dd39-11e4-a3d0-e5bdc254ba06.STAR.v1.bam.cip	EGAD00001003558
EGAF00001723231	5.1 GB	MD5	f6a11b8af1fba710d7312a5e2a635686	EGAZ00001312558/20c82f13-a27c-45a1-b6fe-806b19cb1940/PCAWG.b9bf94f6-dd37-11e4-971f-fdaac254ba06.STAR.v1.bam.cip	EGAD00001003558
EGAF00001723474	8.7 GB	MD5	185b1272e4ff057582d11fd4a2bf0c94	EGAZ00001312640/7e3a3d10-e771-49ac-b220-859ef9d8c689/PCAWG.da2e717a-dd38-11e4-bd8b-d8bac254ba06.STAR.v1.bam.cip	EGAD00001003558
EGAF00001723351	7.0 GB	MD5	579ce33061cff0197b9d36c8e2e9d235	EGAZ00001312598/4d8218cd-0bbe-4b99-8408-877fc64bb822/PCAWG.a40fd4d4-dd39-11e4-b774-e8c5c254ba06.STAR.v1.bam.cip	EGAD00001003558
EGAF00001723237	8.7 GB	MD5	5f97b36eddc12e5fc24609a889a338aa	EGAZ00001312560/252e8a88-7541-4055-a907-61e66aaa0ed2/PCAWG.b739fca4-dd36-11e4-bdd3-639cc254ba06.STAR.v1.bam.cip	EGAD00001003558
EGAF00001723588	5.2 GB	MD5	b857b34c2e2e2f72b094065f98e66597	EGAZ00001312678/bd055fc9-a570-4ef9-b644-2f4172e99b19/PCAWG.820f2112-dd3b-11e4-8b45-55fcc154ba06.STAR.v1.bam.cip	EGAD00001003558
EGAF00001723225	10.6 GB	MD5	fa55619344c427bf6b0b49af381147f7	EGAZ00001312556/1b02b61a-0f84-4e78-b656-431fdaecf4e1/PCAWG.eb48b638-dd37-11e4-860a-a0adc254ba06.STAR.v1.bam.cip	EGAD00001003558
EGAF00001723222	6.3 GB	MD5	0d181973604f29908790844386bd50bf	EGAZ00001312555/1ae6916f-64ce-4867-a088-d064ecc72be4/PCAWG.480ae108-dd37-11e4-8061-88a4c254ba06.STAR.v1.bam.cip	EGAD00001003558
EGAF00001722496	5.7 GB	MD5	ab10355749c74fe66b719b583fd4045a	EGAZ00001312712/fc9f44c6-e860-4534-b24c-30b90845de50/PCAWG.b1c3906e-dd3b-11e4-ab75-128ac254ba06.STAR.v1.bam.cip	EGAD00001003558
EGAF00001723462	7.2 GB	MD5	8d7834735467a96ef39390884756bf0a	EGAZ00001312636/7d2e745d-3fae-435c-9614-487c4d5785fb/PCAWG.e43faa7e-dd30-11e4-ab1d-3283c254ba06.STAR.v1.bam.cip	EGAD00001003558
EGAF00001723342	7.1 GB	MD5	0be9c12ea7644598a6e623fa3e9c9092	EGAZ00001312595/4d6781b9-b0e0-483f-a82b-639a038d9c92/PCAWG.e096370e-dd34-11e4-8386-dc81c254ba06.STAR.v1.bam.cip	EGAD00001003558
EGAF00001723582	6.1 GB	MD5	eb08cbfb4580f4d3aaacb1f847fee5f1	EGAZ00001312676/bb72714a-31bf-48b6-b2cb-998b8d69b9bc/PCAWG.38f55f38-dd3a-11e4-8250-fdd5c254ba06.STAR.v1.bam.cip	EGAD00001003558
EGAF00001723228	5.9 GB	MD5	3798e64ebee8cc84ff1fc243a1801eae	EGAZ00001312557/1f77771f-e587-48b7-8db0-aa6b2d89427f/PCAWG.30e90a96-dd31-11e4-856d-ad87c254ba06.STAR.v1.bam.cip	EGAD00001003558
EGAF00001723468	6.0 GB	MD5	e0d60db1efce104952be3bea40579f98	EGAZ00001312638/7d87fd27-22d6-4e3b-b512-2c4d74344d81/PCAWG.cd9a3f72-dd36-11e4-b689-a79dc254ba06.STAR.v1.bam.cip	EGAD00001003558
EGAF00001719087	12.1 GB	MD5	cec468b29171e57978b867a034c72aea	EGAZ00001312152/48caf2df-d0b0-4001-a957-ba9fe509be88/PCAWG.0895c75e-e1fb-11e4-8e7f-ef4a1a0a8610.STAR.v1.bam.cip	EGAD00001003547
EGAF00001719084	6.8 GB	MD5	462c2ebe3c43c2c6d7397b33144b4479	EGAZ00001312151/471e3667-119e-49c9-b63e-dde42ddf353c/PCAWG.4f9df41a-e1ff-11e4-b19a-455f557324be.STAR.v1.bam.cip	EGAD00001003547
EGAF00001719081	8.5 GB	MD5	4909ae811bbbd1189aed6500e0a52a60	EGAZ00001312150/453de3da-efd0-494c-b5e7-060cace50119/PCAWG.f412044e-e1e8-11e4-a56c-90219d4f5ec7.STAR.v1.bam.cip	EGAD00001003547
EGAF00001719198	14.2 GB	MD5	1c5e7e9ea3b238caf1b58551783fed12	EGAZ00001312189/99af0a5c-2dab-41ec-866a-522f280ef4dd/PCAWG.66528474-e203-11e4-b971-5a229f91f09a.STAR.v1.bam.cip	EGAD00001003547
EGAF00001719075	3.2 GB	MD5	9f6bc552d8650d433e7fb0f8541c4f0b	EGAZ00001312148/40b9f6c8-3cc9-4297-9dfb-40e87486a5da/PCAWG.b3b1cf46-e1f3-11e4-80eb-a0501b5396e4.STAR.v1.bam.cip	EGAD00001003547
EGAF00001719195	7.0 GB	MD5	c83e9b3685a066e9b38f2b149d98deb7	EGAZ00001312188/95b050a7-b713-4e4a-85e9-b31291f335d5/PCAWG.f1a011da-e1e6-11e4-9048-b03a1c44a9c8.STAR.v1.bam.cip	EGAD00001003547
EGAF00001719078	9.3 GB	MD5	ec1c9c7d9bf82ba7d5e968fe9ef3d5d7	EGAZ00001312149/4307c485-ca55-45b0-a3c6-e75b7e467426/PCAWG.7c1e249a-e201-11e4-8f79-57f74a963160.STAR.v1.bam.cip	EGAD00001003547
EGAF00001719072	5.4 GB	MD5	7ab2c70e4a5f09cb0ec15b51e2a835ee	EGAZ00001312147/3932a72d-29b7-43e9-a598-4f605f5332aa/PCAWG.71a46c8c-e1d8-11e4-973d-81945acaaf21.STAR.v1.bam.cip	EGAD00001003547
EGAF00001719192	6.3 GB	MD5	adb3d0b6bd47c5107e7c6f91b8c5d6b3	EGAZ00001312187/94cd42f7-4cba-4f7e-b99c-2cdda69f5ee9/PCAWG.8a231888-e1f8-11e4-b5aa-391f6eeb50a1.STAR.v1.bam.cip	EGAD00001003547
EGAF00001719066	7.7 GB	MD5	ca5e18138052ae5ea2b0fe11b7855b18	EGAZ00001312145/33b64810-c84b-4084-a0c2-367673dae702/PCAWG.355c2422-e200-11e4-a1d2-c0f04a963160.STAR.v1.bam.cip	EGAD00001003547
EGAF00001719186	7.5 GB	MD5	d814cc1a27771f9111d0d77640501e04	EGAZ00001312185/90f8b5a5-5086-4fe3-9ac5-2659386debf6/PCAWG.59440790-e202-11e4-a267-a64f7b9b801b.STAR.v1.bam.cip	EGAD00001003547
EGAF00001719063	7.8 GB	MD5	fb1d8eb8da603dfd06c432f9f7e1456d	EGAZ00001312144/30fc24a5-0b95-4d6e-8a73-9f2aad694be4/PCAWG.828680ae-e1ff-11e4-9f14-7d2d0fba82fa.STAR.v1.bam.cip	EGAD00001003547
EGAF00001719069	5.5 GB	MD5	0ac94a84fee3e59e610c766e17654189	EGAZ00001312146/3794f444-ec61-4977-8291-51853b16e0bb/PCAWG.88787748-e203-11e4-a9f9-c7557b9b801b.STAR.v1.bam.cip	EGAD00001003547
EGAF00001719189	8.1 GB	MD5	73eaa74ce5cdf8e9d04f8a70c9a4d22b	EGAZ00001312186/9307bf2e-3fbb-40dd-a5a2-d84cfd75035a/PCAWG.b90b842e-e1cf-11e4-8fc1-46b37beeaedb.STAR.v1.bam.cip	EGAD00001003547
EGAF00001719183	5.8 GB	MD5	3581f294e88cb1608619e6b5acb194fb	EGAZ00001312184/90a2c970-aa82-4d81-96a3-e22d6726cb3f/PCAWG.4e6b1c0c-e205-11e4-a3ce-8d2a9f91f09a.STAR.v1.bam.cip	EGAD00001003547
EGAF00001719060	6.8 GB	MD5	ca0fe19aebb38105fc05f4a52e0580fd	EGAZ00001312143/307192b9-9f35-4d7c-8f7e-12f0ace91118/PCAWG.8cd2af98-e1f9-11e4-b7eb-e4c182ebcdd5.STAR.v1.bam.cip	EGAD00001003547
EGAF00001719180	9.6 GB	MD5	8a47ecb6d93404411d38f2582f44d566	EGAZ00001312183/8e86196b-57cd-42a8-a0af-3d2b0cfe7e58/PCAWG.ffcdb0dc-e1eb-11e4-a3ee-884f1a8ef4d2.STAR.v1.bam.cip	EGAD00001003547
EGAF00001719297	6.9 GB	MD5	d08a33cd9e3a89c8d6a13c7d5b813b38	EGAZ00001312222/d997585b-6d77-49b4-b437-c56f84792c50/PCAWG.db6c2e94-e1e6-11e4-aa38-81ff547324be.STAR.v1.bam.cip	EGAD00001003547
EGAF00001719054	3.4 GB	MD5	2991cc1447d4075076d05164a862c5e8	EGAZ00001312141/2c211f94-ea2f-47a4-8908-c27bb2d02f11/PCAWG.9c6244f0-e1f4-11e4-8872-ca469d73416a.STAR.v1.bam.cip	EGAD00001003547
EGAF00001719174	10.5 GB	MD5	c97220d1d589c7d6636a87b64e518acd	EGAZ00001312181/8790e9aa-c0d8-4b31-9376-3fa4ab1a53ee/PCAWG.92b90324-e1dd-11e4-a340-e2d4cdffdcaa.STAR.v1.bam.cip	EGAD00001003547
EGAF00001719294	7.5 GB	MD5	eef82388f756084e2d185c15a7b13a46	EGAZ00001312221/d6c4682b-a549-4bb7-ac1a-1a193f4f41b5/PCAWG.94d23f5a-e1e6-11e4-968c-df4bceffdcaa.STAR.v1.bam.cip	EGAD00001003547
EGAF00001719057	11.0 GB	MD5	f5cc69af85b49684f01608b9ce65f914	EGAZ00001312142/2e75f0bd-e176-4327-aa17-71989fdd8312/PCAWG.698ae9d2-e1dc-11e4-9449-13f0ff23e656.STAR.v1.bam.cip	EGAD00001003547
EGAF00001719177	12.4 GB	MD5	2e68d11ad83ff76e1e2910de879e682b	EGAZ00001312182/8e35618b-cfb6-487d-b76c-9461aefb2c8c/PCAWG.ecb63422-e201-11e4-8c8f-c74429975181.STAR.v1.bam.cip	EGAD00001003547
EGAF00001719051	7.4 GB	MD5	4ce70284364764277aa9b04376f046fc	EGAZ00001312140/2c092527-5205-4fd9-abe3-109feee634a4/PCAWG.bf82eecc-e1f3-11e4-9e70-3371782a667f.STAR.v1.bam.cip	EGAD00001003547
EGAF00001719171	14.0 GB	MD5	09db4258935f5ba6e8cdbc0baeedee79	EGAZ00001312180/871771f5-7ba3-4705-bde6-fe214b2dca27/PCAWG.d1c96690-e1fa-11e4-b2d8-8f534b963160.STAR.v1.bam.cip	EGAD00001003547
EGAF00001719291	5.9 GB	MD5	48c810c59102a4647768a1177f6c9a1f	EGAZ00001312220/d0b56041-97b9-4ed8-9966-ef2b3d17e007/PCAWG.5d2f5ac0-e1ef-11e4-b763-dc903c08e733.STAR.v1.bam.cip	EGAD00001003547
EGAF00001719039	5.1 GB	MD5	8fc0e872e64b73324982f9ced77f3675	EGAZ00001312136/1dec8840-ead8-49fc-9086-3e2da94f37ec/PCAWG.c2b4405e-e1f9-11e4-a0f7-837f4fb570f9.STAR.v1.bam.cip	EGAD00001003547
EGAF00001719159	6.5 GB	MD5	f58e491d739dd44ea6ae8318f982128e	EGAZ00001312176/81f867d1-4bae-4699-a1a5-0d4420f71d0b/PCAWG.c7042168-e1e7-11e4-bcfd-837772d2bdba.STAR.v1.bam.cip	EGAD00001003547
EGAF00001719165	8.3 GB	MD5	fc27b524b7a6e5a354ad60786617f07f	EGAZ00001312178/8312f502-db97-42ea-aebc-25a27dbc6795/PCAWG.5212f748-e1ca-11e4-8823-95977beeaedb.STAR.v1.bam.cip	EGAD00001003547
EGAF00001719285	9.8 GB	MD5	2649dd314bc99d8c2bf6c375bfb2da38	EGAZ00001312218/c7893a64-0d5c-42da-b056-70209e8d841e/PCAWG.63ae1b78-e205-11e4-8137-1f2a42ec2769.STAR.v1.bam.cip	EGAD00001003547
EGAF00001719042	10.7 GB	MD5	357919275ff7d646dafc010185c2b2a4	EGAZ00001312137/207f58d9-d1ed-4db8-9784-050f159f7d92/PCAWG.0d81e1bc-e1e2-11e4-a48b-e13b90e4cd7a.STAR.v1.bam.cip	EGAD00001003547
EGAF00001719162	5.7 GB	MD5	eab77ada84b2fc32bab1d2c06e6200b7	EGAZ00001312177/823cf012-1f50-4cee-ab06-5bc8302c4e2d/PCAWG.ee00c91e-e1fc-11e4-a8fa-15059f91f09a.STAR.v1.bam.cip	EGAD00001003547
EGAF00001719048	8.2 GB	MD5	60967e0793291a93363a7152fb8239e0	EGAZ00001312139/2a840dae-40cc-42c7-b331-60663ae5cbb0/PCAWG.9318445a-e1de-11e4-836a-e42b9d73416a.STAR.v1.bam.cip	EGAD00001003547
EGAF00001719168	14.8 GB	MD5	a80737fb8f6d348be99c2dcfcb4dc13c	EGAZ00001312179/85015a35-77a2-4184-b814-e9ce1b949197/PCAWG.4dd18422-e203-11e4-93ca-dd97a5ed4642.STAR.v1.bam.cip	EGAD00001003547
EGAF00001719288	5.0 GB	MD5	9aa3d20bada2ac3e41b98a4642efcd2f	EGAZ00001312219/cbec6a23-c88c-4744-9cfb-51ba1058c79a/PCAWG.849be998-e1e5-11e4-ae5e-dccda47388b2.STAR.v1.bam.cip	EGAD00001003547
EGAF00001719045	5.7 GB	MD5	a6ee70b8f37d8ff2d74beccc0ba7944a	EGAZ00001312138/2891534b-0c93-41ad-b489-665e6f6cb218/PCAWG.102fdc84-e1f6-11e4-b21b-b8030ae66825.STAR.v1.bam.cip	EGAD00001003547
EGAF00001719282	12.8 GB	MD5	557d79dd70668178d558b6f9d1e528dc	EGAZ00001312217/c49d3de2-35e6-4d16-bd8e-fe794c48eb1d/PCAWG.eb7a8840-e1e5-11e4-ba5b-fda10cf231cc.STAR.v1.bam.cip	EGAD00001003547
EGAF00001719027	12.6 GB	MD5	8155023c637b9e21e4f668bdb9cb0add	EGAZ00001312132/19916ae8-0ec3-4eb0-9180-57b994e703cb/PCAWG.ed670436-e1fd-11e4-b312-cf8790e4cd7a.STAR.v1.bam.cip	EGAD00001003547
EGAF00001719033	6.5 GB	MD5	0b33cec00098be7c2d40d9baf5051a5f	EGAZ00001312134/1caa5927-316c-43b8-ba5a-6ee598038536/PCAWG.5a7bbe26-e1e1-11e4-b8a3-bf31ceffdcaa.STAR.v1.bam.cip	EGAD00001003547
EGAF00001719153	11.9 GB	MD5	dbc89306db86458c51920d1021cc8065	EGAZ00001312174/80a86427-b4f1-4821-93e4-012c96dee829/PCAWG.d00a086e-e204-11e4-9cf5-bd50a20fa9bf.STAR.v1.bam.cip	EGAD00001003547
EGAF00001719273	5.7 GB	MD5	e7817646ede2618e15cd14216e1ec1e3	EGAZ00001312214/c1c7e21a-a51c-4301-a372-5497f021b546/PCAWG.ed3c53e4-e1f8-11e4-b9e0-ba484d1861aa.STAR.v1.bam.cip	EGAD00001003547
EGAF00001719030	9.1 GB	MD5	86f466cf0aa6901da2fa42f2a4538ca5	EGAZ00001312133/1b71b24f-9f91-4054-9b1e-ae6c3fe01808/PCAWG.7a4e5dca-e1d8-11e4-9920-e1476179f732.STAR.v1.bam.cip	EGAD00001003547
EGAF00001719279	17.6 GB	MD5	e2afcbce501daa86354cbf1db3716e83	EGAZ00001312216/c33c9a24-13a8-4217-ae5b-173adf903dd1/PCAWG.77093f40-e1e7-11e4-b253-8b65557324be.STAR.v1.bam.cip	EGAD00001003547
EGAF00001719036	4.0 GB	MD5	f0588e896e3891a8905cfbcd5621f19f	EGAZ00001312135/1cd6109b-6593-4d50-90df-d9ea2de1a4d6/PCAWG.d4194596-e24f-11e4-954d-5d324fb570f9.STAR.v1.bam.cip	EGAD00001003547
EGAF00001719156	5.6 GB	MD5	0e30263f6efa7afc5c91bdce004cfc69	EGAZ00001312175/819d0494-420b-4c8a-ad98-af5c7cbf33ee/PCAWG.982660a8-e1fc-11e4-ad44-73f0cdbd61e0.STAR.v1.bam.cip	EGAD00001003547
EGAF00001719276	5.9 GB	MD5	743fea083469f437ed6ed099e3f902c0	EGAZ00001312215/c21851e3-6d26-4503-8126-66bc46f4ac77/PCAWG.c8434128-e1e0-11e4-983c-9e47f69e2eee.STAR.v1.bam.cip	EGAD00001003547
EGAF00001719150	14.9 GB	MD5	b734eaa89ad639670cd4dde73d344216	EGAZ00001312173/7fb48282-b26b-40c6-861f-83ea356bf0f3/PCAWG.c169529e-e202-11e4-8b08-e7b75418f422.STAR.v1.bam.cip	EGAD00001003547
EGAF00001719270	7.7 GB	MD5	70628db62ce23f448493fee7d6bca7b2	EGAZ00001312213/c0690d81-cad8-4887-b805-d4e2d3735d43/PCAWG.c970169c-e1f5-11e4-9f94-19694fb570f9.STAR.v1.bam.cip	EGAD00001003547
EGAF00001719018	9.0 GB	MD5	6cc3be61f33d5250ef95cf8115ce63ae	EGAZ00001312126/13ebd757-bc37-44cd-a861-1fe81bf94d31/PCAWG.0571951e-e203-11e4-9a2b-13ff4a963160.STAR.v1.bam.cip	EGAD00001003547
EGAF00001719138	7.5 GB	MD5	ef9f71057be0a4988f2cf039f9c0f5bb	EGAZ00001312169/75472622-ca62-4506-898e-4dbd1d444546/PCAWG.71d32f9a-e1dd-11e4-99be-36404b963160.STAR.v1.bam.cip	EGAD00001003547
EGAF00001719258	4.4 GB	MD5	a9285b19d818267fd46b87d037396b49	EGAZ00001312209/b9a35448-5b9f-4c0b-b530-4d7dc91fb07f/PCAWG.f970b300-e1f1-11e4-a3ac-b3a03c08e733.STAR.v1.bam.cip	EGAD00001003547
EGAF00001719264	10.6 GB	MD5	d1ec1c9a80baa12291c6e483f39fe1b8	EGAZ00001312211/bab19d49-f6a1-4824-9560-da609573468a/PCAWG.afcc03ae-e1ff-11e4-b000-e30042ec2769.STAR.v1.bam.cip	EGAD00001003547
EGAF00001719021	7.8 GB	MD5	996f677f02f66ac85f0eb9387aa294b6	EGAZ00001312128/14b9e52d-9d2e-48ee-a203-8c2b3abf29da/PCAWG.5cbe9ee6-e1e2-11e4-816f-daa877a4beb5.STAR.v1.bam.cip	EGAD00001003547
EGAF00001719141	10.5 GB	MD5	96adca970e956d48a266221f2d8c69d4	EGAZ00001312170/788d6378-2002-401c-a9a9-aba231168e19/PCAWG.d7b5452c-e1d4-11e4-980d-85ae8eec17f3.STAR.v1.bam.cip	EGAD00001003547
EGAF00001719261	11.2 GB	MD5	6be1875f7baf0a2e867157da4abe411d	EGAZ00001312210/baa6855e-510b-43fe-9970-1293dbc31030/PCAWG.d1b07588-e1df-11e4-8ca8-6896a20fa9bf.STAR.v1.bam.cip	EGAD00001003547
EGAF00001719147	8.0 GB	MD5	86610e0c3c759b1752fd82cf6f1dd5fe	EGAZ00001312172/7f00e2c3-fd39-4140-82fd-70c99abd2480/PCAWG.16d4e0d2-e1f8-11e4-8244-cdce180f7476.STAR.v1.bam.cip	EGAD00001003547
EGAF00001719267	3.5 GB	MD5	4affeb0e6fcf88e1c4e0ee0cdea952da	EGAZ00001312212/bbf820e7-a217-4bf9-a768-6fb565abf9ff/PCAWG.d09182b8-e1f4-11e4-a93d-e166e9f95034.STAR.v1.bam.cip	EGAD00001003547
EGAF00001719024	10.1 GB	MD5	f35aa9e8d7ce1e8895a9b4e0668fc1a8	EGAZ00001312130/14ccb024-f192-4359-92e7-2315f47a657c/PCAWG.511fb1e4-e1fe-11e4-8a70-730a9f91f09a.STAR.v1.bam.cip	EGAD00001003547
EGAF00001719144	6.4 GB	MD5	7c7297f4db080adb2941207496c6f0ac	EGAZ00001312171/7aafbd45-0514-4319-8481-c6ca04734b86/PCAWG.3a534ff8-e1f3-11e4-b02d-79a71a8ef4d2.STAR.v1.bam.cip	EGAD00001003547
EGAF00001719129	6.4 GB	MD5	a105067bb06eceec3af496d190fe3ed4	EGAZ00001312166/6df3c6d5-5150-4998-8ae6-a3d92497b19b/PCAWG.72798dea-e1d8-11e4-84cd-dbc2ff23e656.STAR.v1.bam.cip	EGAD00001003547
EGAF00001719249	9.1 GB	MD5	fbf8da93b39e5ee664578ac3c0a02a94	EGAZ00001312206/b178e7f3-c20b-40fb-9844-42c667889add/PCAWG.68c963c0-e204-11e4-8166-9f064b963160.STAR.v1.bam.cip	EGAD00001003547
EGAF00001719006	7.4 GB	MD5	17bcca4253d4ad9b9cc9bdcc76c4c16c	EGAZ00001312118/02cf837c-8096-4125-b4da-a28e88efb69e/PCAWG.88003006-e200-11e4-af7b-62234fb570f9.STAR.v1.bam.cip	EGAD00001003547
EGAF00001719126	7.9 GB	MD5	4e74e8d7b232e3b2fd4a61382e25c8f6	EGAZ00001312165/64fa9f30-344b-44bd-9955-5e52f350ddc2/PCAWG.2b791aa0-e1dd-11e4-8172-820478cf9794.STAR.v1.bam.cip	EGAD00001003547
EGAF00001719009	7.7 GB	MD5	92bafc593659cd626b47ba99d9d40014	EGAZ00001312120/0b338f47-4266-4c8f-bbf8-2c73587d5d4c/PCAWG.25cf7772-e1e0-11e4-b288-937682ebcdd5.STAR.v1.bam.cip	EGAD00001003547
EGAF00001719132	10.5 GB	MD5	67b2f476c10d2608a05eeeb64c0ae500	EGAZ00001312167/71803087-8ab0-4157-8a63-6d1813c2e6f0/PCAWG.c216487c-e1ef-11e4-82c6-f12a9d4f5ec7.STAR.v1.bam.cip	EGAD00001003547
EGAF00001719252	9.5 GB	MD5	326686d61210f83eb86af83f15d070cd	EGAZ00001312207/b2f04249-9e43-4c2d-8122-95bafff10ff4/PCAWG.31615db2-e1f9-11e4-9c66-c7ab578961f5.STAR.v1.bam.cip	EGAD00001003547
EGAF00001719015	3.1 GB	MD5	6d3e15c34a8a5f372c6a22339d6f5496	EGAZ00001312124/11674a90-b1c0-4bf0-9db9-1bfe18706a3d/PCAWG.c0e4c222-e1ee-11e4-afbf-9ba2930ea054.STAR.v1.bam.cip	EGAD00001003547
EGAF00001719135	5.9 GB	MD5	3c2f506f373ffac568ff324c7100b24a	EGAZ00001312168/7310e1b3-117e-4b04-a95b-4dc9a5e8ce6f/PCAWG.542faa68-e1f6-11e4-8341-933c1d39b151.STAR.v1.bam.cip	EGAD00001003547
EGAF00001719255	6.0 GB	MD5	456afe73980ce446bf55bb811090351d	EGAZ00001312208/b94c3906-cb23-4caa-8d0b-f93d5588dd94/PCAWG.8f15f278-e204-11e4-9ddf-b545b13b0664.STAR.v1.bam.cip	EGAD00001003547
EGAF00001719012	5.1 GB	MD5	0351a65ff56dbc1cea532f9dad732126	EGAZ00001312122/0e25222b-1513-4582-93cb-8031d6d3ddeb/PCAWG.b521a4de-e1f1-11e4-8986-fa48ef7160eb.STAR.v1.bam.cip	EGAD00001003547
EGAF00001719099	10.0 GB	MD5	ca28544e297536fe741d117a9b10d366	EGAZ00001312156/5148f912-ca8a-4413-818b-d0d45982a859/PCAWG.eaa42780-e1e2-11e4-bf59-d6efb5fa6e67.STAR.v1.bam.cip	EGAD00001003547
EGAF00001719096	7.2 GB	MD5	2090b14aed95957f7e470e12bebc7a95	EGAZ00001312155/4f4add2a-a377-4ea0-b58a-5aa59bd1f9f3/PCAWG.577251f2-e1fc-11e4-86b4-ce927d696080.STAR.v1.bam.cip	EGAD00001003547
EGAF00001719090	7.2 GB	MD5	7c5fb75cb10a12154fcebf001e67f6d6	EGAZ00001312153/4e436e55-4ed7-43fa-81da-e93cdca42b5d/PCAWG.f73f3736-e201-11e4-9fcc-d11b9f91f09a.STAR.v1.bam.cip	EGAD00001003547
EGAF00001719093	15.5 GB	MD5	7ae11f5bc36140d85109dfd9f1d3e6a5	EGAZ00001312154/4f47206c-8cc4-4a5d-afb0-23949ff6febe/PCAWG.ec683d1e-e1ff-11e4-97f4-53129f91f09a.STAR.v1.bam.cip	EGAD00001003547
EGAF00001718997	14.4 GB	MD5	6df0e835599d7ce3ffde7c24e9f50004	EGAZ00001312129/14c99384-0079-4f0d-b320-10b081e1c380/PCAWG.35113010-e1e8-11e4-a956-ae91ce2f5b95.STAR.v1.bam.cip	EGAD00001003547
EGAF00001718994	4.2 GB	MD5	0a2edeb59eaffcca0f7425f788a4d12b	EGAZ00001312127/143d4ea9-4381-4415-b1d7-e766cd61c0a4/PCAWG.a83f389c-e1fd-11e4-beea-0adb190a8610.STAR.v1.bam.cip	EGAD00001003547
EGAF00001718985	5.6 GB	MD5	31002aec7d6b5e1100c74b9d613330c7	EGAZ00001312121/0d2a65eb-a1af-4d37-9153-8f7fddcd09e3/PCAWG.7542468a-e1ff-11e4-a2fa-e71ea66539a8.STAR.v1.bam.cip	EGAD00001003547
EGAF00001718988	4.8 GB	MD5	973c38a345d1d1fc1f365811b4d99b9b	EGAZ00001312123/0e6563c7-a012-43a9-9a66-9594f46c22e7/PCAWG.cee641c4-e203-11e4-8911-b22042ec2769.STAR.v1.bam.cip	EGAD00001003547
EGAF00001718991	7.5 GB	MD5	728ed56de2c473d83d1b30d6105e670b	EGAZ00001312125/11bb5ca4-eb93-4376-9ed9-f9984a0c22fc/PCAWG.74fa82ea-e1d8-11e4-9107-ae120fba82fa.STAR.v1.bam.cip	EGAD00001003547
EGAF00001718979	8.0 GB	MD5	c003bd908fbdd188f834900c24e73672	EGAZ00001312117/00e1ef2f-82eb-4deb-a57b-8a2e7247f4be/PCAWG.92142364-e1f5-11e4-9e4b-f7c9c579ed44.STAR.v1.bam.cip	EGAD00001003547
EGAF00001718976	14.9 GB	MD5	a6cb831e4303dcb348e8c7fae8a1df01	EGAZ00001312115/0041fda0-52ce-46b5-9085-b0d358a48414/PCAWG.63a26562-e1fb-11e4-9899-a52c75ff8f68.STAR.v1.bam.cip	EGAD00001003547
EGAF00001718982	7.4 GB	MD5	edd439b60345bc5ec48a26ff72fe9e39	EGAZ00001312119/0a808c92-4a16-4963-8bef-679277b7db81/PCAWG.5925cbda-e1db-11e4-9d34-e4a8cdbd61e0.STAR.v1.bam.cip	EGAD00001003547
EGAF00001719117	8.7 GB	MD5	4ceb4fdc4f3539a8e6b86ccc5ef4e54a	EGAZ00001312162/5e591c3b-2539-43ec-8ac5-0820364114d2/PCAWG.630f803c-e1e0-11e4-9442-5a4978cf9794.STAR.v1.bam.cip	EGAD00001003547
EGAF00001719237	10.9 GB	MD5	db585ac4fbbde05b80d5c900c63c066b	EGAZ00001312202/af00b47a-ad26-4545-9759-2d139a54c81e/PCAWG.c4960f4a-e1f1-11e4-8331-b8a01a8ef4d2.STAR.v1.bam.cip	EGAD00001003547
EGAF00001719357	9.1 GB	MD5	4eaa7bf07f1e607cbfae4300804496b6	EGAZ00001312242/fc5c7b76-eba3-42ba-9689-a8871208477d/PCAWG.7791f926-e204-11e4-a8e5-507b8d07f9f4.STAR.v1.bam.cip	EGAD00001003547
EGAF00001719363	4.9 GB	MD5	50c9d46fced666fc3b8b45c6a004bb96	EGAZ00001312244/fe1bd829-6d0f-45c3-8594-85d4d5d13d49/PCAWG.5f66b9a6-e1f3-11e4-8f30-aabb917fcde1.STAR.v1.bam.cip	EGAD00001003547
EGAF00001719000	4.4 GB	MD5	06939d2df6205e05bd6f791077f94037	EGAZ00001312131/171a8826-7fa9-4095-ab73-8cbafb4690ab/PCAWG.6cfff93c-e1e5-11e4-8a20-a8649d73416a.STAR.v1.bam.cip	EGAD00001003547
EGAF00001719120	10.8 GB	MD5	7fb02f2c08e84941018a3d3e1e64fb9f	EGAZ00001312163/622f8d06-3d5e-4f8d-9f06-e4209e5915e7/PCAWG.c9f767a8-e1e8-11e4-a013-e4b86deb50a1.STAR.v1.bam.cip	EGAD00001003547
EGAF00001719240	4.6 GB	MD5	e833e382e5e6995f7f5487f192c9734b	EGAZ00001312203/af2aeef0-82f7-42d8-8f14-423b3bcce4f1/PCAWG.fa2e025a-e1df-11e4-b18c-6c140fba82fa.STAR.v1.bam.cip	EGAD00001003547
EGAF00001719360	9.3 GB	MD5	be6208b712a7ff650740bd188ff7008e	EGAZ00001312243/fd747ff7-7e9c-406c-9478-35086ddffdd5/PCAWG.411ecf58-e205-11e4-a907-0e5d7b9b801b.STAR.v1.bam.cip	EGAD00001003547
EGAF00001719246	5.1 GB	MD5	2b1d41c77fc2d0cf7bc4cfb6775856c0	EGAZ00001312205/b14b292c-b1ff-4ada-9448-25ea82736654/PCAWG.63fd5f88-e1f8-11e4-98f2-eee85c4ea9de.STAR.v1.bam.cip	EGAD00001003547
EGAF00001719003	4.6 GB	MD5	8ebd8b09449fb68211661b7f255ddd71	EGAZ00001312116/0071533e-e792-4a96-bb4f-49ba0f99e00a/PCAWG.6b3a7754-e1f8-11e4-894c-e7baa5fb34d4.STAR.v1.bam.cip	EGAD00001003547
EGAF00001719123	14.7 GB	MD5	e10bd5728c2a8e50cd2d1851bad4da7d	EGAZ00001312164/63ca11e4-b77d-4868-89ee-8325fd730179/PCAWG.8b7748c4-e1f5-11e4-bdc1-fb4b7d696080.STAR.v1.bam.cip	EGAD00001003547
EGAF00001719243	5.6 GB	MD5	9533228d7771617b57b9f05fc315e6a3	EGAZ00001312204/aff57c47-e9f4-4671-a0f4-e84a03d91b47/PCAWG.37040fb8-e1da-11e4-add5-d2d34a963160.STAR.v1.bam.cip	EGAD00001003547
EGAF00001719228	6.3 GB	MD5	7700c2984c2ec6d384c40e592b28627f	EGAZ00001312199/aa2b2f70-e12a-4f74-af4d-66dbae0316d9/PCAWG.73a72f88-e1d8-11e4-b1c9-cee6231dd87b.STAR.v1.bam.cip	EGAD00001003547
EGAF00001719348	7.8 GB	MD5	3ca9de43dcb15ed67e617b5de33aba20	EGAZ00001312239/f935fbc5-097f-4551-8ac1-ae093a9cc07b/PCAWG.ba32f95c-e1db-11e4-a846-36800fba82fa.STAR.v1.bam.cip	EGAD00001003547
EGAF00001719105	6.1 GB	MD5	914cab20b3a18e55ce76e929cdb61289	EGAZ00001312158/525b1f4f-62a4-4ee3-ac39-e706b8667a60/PCAWG.a7ef9068-e1f7-11e4-9973-9028ceffdcaa.STAR.v1.bam.cip	EGAD00001003547
EGAF00001719225	11.2 GB	MD5	41c5ebc09f1c1b7e0c2b91265473a21e	EGAZ00001312198/a8ce37d2-4c6d-486e-ba33-9dd695303000/PCAWG.553bdd1c-e1da-11e4-bd0a-facc190a8610.STAR.v1.bam.cip	EGAD00001003547
EGAF00001719108	11.5 GB	MD5	4c018014d95773584dc5859dcac36981	EGAZ00001312159/5bf97723-996e-4d23-83c4-7546dd274268/PCAWG.6f90aed8-e1e2-11e4-bd4d-9866f5a66231.STAR.v1.bam.cip	EGAD00001003547
EGAF00001719231	7.6 GB	MD5	c1cdc533679a03ef41f286690bbeeccb	EGAZ00001312200/acebb2ae-fa51-41b5-9c57-13dd241def59/PCAWG.b57a4c8e-e1fa-11e4-aaae-cb07e270cec9.STAR.v1.bam.cip	EGAD00001003547
EGAF00001719351	8.7 GB	MD5	a7fdf7b21e7951313a73c80499ed5659	EGAZ00001312240/f9aa1f5b-7c77-446e-b1fa-4f6c081da51e/PCAWG.bf42c272-e200-11e4-8928-d42e03b1cd43.STAR.v1.bam.cip	EGAD00001003547
EGAF00001719114	13.5 GB	MD5	b768dd977331f3165725284283da454b	EGAZ00001312161/5d35f0bf-8f01-4d4a-aa1d-c25d65f5149f/PCAWG.325d646e-e1da-11e4-bef8-f82ba20fa9bf.STAR.v1.bam.cip	EGAD00001003547
EGAF00001719234	16.2 GB	MD5	c36e9df4d9f08f4f3cd9ee1f2b9f12cb	EGAZ00001312201/ae60e1cf-5d0d-4087-b1e3-53ff7d3778e1/PCAWG.17cc61f4-e1e9-11e4-9867-fed46deb50a1.STAR.v1.bam.cip	EGAD00001003547
EGAF00001719354	13.0 GB	MD5	2f3eadaeeac62db4052b87ed5d20440b	EGAZ00001312241/f9c94121-3016-404b-b39a-11731e63aaeb/PCAWG.ca730d24-e1f0-11e4-9ba5-cf3a6bc51c8e.STAR.v1.bam.cip	EGAD00001003547
EGAF00001719111	11.3 GB	MD5	2f1e335d0b7a05c881f16d778fcb2673	EGAZ00001312160/5c4e552a-bb15-4f90-8b1b-3d25ed4457af/PCAWG.b9d4f1b4-e1fd-11e4-bb07-c6d5917fcde1.STAR.v1.bam.cip	EGAD00001003547
EGAF00001719216	6.0 GB	MD5	e2458774f74b348020ad23d744f0dbfa	EGAZ00001312195/a2ba068d-e6fb-40f4-915b-811b9e16124d/PCAWG.d39b828a-e1f2-11e4-a076-f731782a667f.STAR.v1.bam.cip	EGAD00001003547
EGAF00001719336	13.4 GB	MD5	77ca0120c315c9cb831e8862f54e5fa6	EGAZ00001312235/ee82fdc0-a51e-49f8-8ed4-40c042caf08a/PCAWG.2dc767cc-e1fa-11e4-9449-d8ae9e91f09a.STAR.v1.bam.cip	EGAD00001003547
EGAF00001719219	8.8 GB	MD5	c7bf4336eae282329de6fb710f930cc7	EGAZ00001312196/a4a8d11d-560b-4327-8f6b-5165558a516f/PCAWG.ecfce526-e1fb-11e4-8af1-35879c8b0f27.STAR.v1.bam.cip	EGAD00001003547
EGAF00001719339	4.2 GB	MD5	dc58af9816d8e34957156bed1647d155	EGAZ00001312236/f48aff5a-4f3a-49a3-a208-b179a8d666a4/PCAWG.746d64ca-e1ef-11e4-bd4e-64931a8ef4d2.STAR.v1.bam.cip	EGAD00001003547
EGAF00001719345	6.3 GB	MD5	ebfd7adce3617aac9b3f56358781e447	EGAZ00001312238/f729bd85-2e8c-4178-be78-1aa2c045e352/PCAWG.fbbb57e6-e200-11e4-b1fd-fe477b9b801b.STAR.v1.bam.cip	EGAD00001003547
EGAF00001719102	5.4 GB	MD5	78dcced731ccdf4640b3012c0001dc0a	EGAZ00001312157/521d5824-bf3c-4058-97f3-38e0cc1faddb/PCAWG.268bd9b8-e1df-11e4-8ae8-2d421a0a8610.STAR.v1.bam.cip	EGAD00001003547
EGAF00001719222	10.3 GB	MD5	e619e7c49c80d0ccb108bd900efd8a14	EGAZ00001312197/a6fcb876-8d6d-4e48-865a-4977632ddfbf/PCAWG.2cea0220-e1fe-11e4-80d6-9672ba4f2a7a.STAR.v1.bam.cip	EGAD00001003547
EGAF00001719342	6.4 GB	MD5	e978c7e8d9681788b8d87785e9780b2a	EGAZ00001312237/f4be0ba1-2e42-459a-81c7-5436e383e8e6/PCAWG.4e0b1e20-e1eb-11e4-a704-aeef82ebcdd5.STAR.v1.bam.cip	EGAD00001003547
EGAF00001719327	5.9 GB	MD5	b01167fa3c7fc62d0f98d793e4b6f768	EGAZ00001312232/e4ed0cb7-f173-4d7b-9bb0-c717e1c74e7c/PCAWG.b25f37c8-e202-11e4-956c-d3130ae66825.STAR.v1.bam.cip	EGAD00001003547
EGAF00001719204	5.2 GB	MD5	12890e129db022ddede2b26733ec8cc2	EGAZ00001312191/9ccfbe3d-ad41-4770-92a7-a264fbf6949c/PCAWG.3f729ee4-e1fd-11e4-b471-b620e270cec9.STAR.v1.bam.cip	EGAD00001003547
EGAF00001719324	7.3 GB	MD5	fe4d1ffe08d22c0127c3a8df74a5c91b	EGAZ00001312231/e1341636-84f1-4c0d-8057-a524d9df94ad/PCAWG.f2a5a12a-e1f1-11e4-baa7-65d68eec17f3.STAR.v1.bam.cip	EGAD00001003547
EGAF00001719207	13.5 GB	MD5	da0e4aab3e728a1a7e5e5a83c6022cd2	EGAZ00001312192/a02dc866-5f80-4709-b3ad-96a348db6d71/PCAWG.cf1524e0-e1fd-11e4-9d17-f6e54a963160.STAR.v1.bam.cip	EGAD00001003547
EGAF00001719330	6.9 GB	MD5	349b8371d5fc418f9ed254407f2ab871	EGAZ00001312233/e7679474-bdda-480a-b332-cf8b76e65fe4/PCAWG.9aec9782-e1fa-11e4-af01-35e7cdbd61e0.STAR.v1.bam.cip	EGAD00001003547
EGAF00001719213	9.4 GB	MD5	883810b341c948bd6da6f700b0ca17c7	EGAZ00001312194/a0a71826-f99e-4aab-9434-dd44a8b56353/PCAWG.b2356f78-e1f9-11e4-8e21-fe92a20fa9bf.STAR.v1.bam.cip	EGAD00001003547
EGAF00001719333	4.4 GB	MD5	a122c03483567cedf7643c301000a59f	EGAZ00001312234/e9270165-3631-4f66-a9dc-79e947a59a15/PCAWG.0a59f9f4-e1db-11e4-9182-a543a5ed4642.STAR.v1.bam.cip	EGAD00001003547
EGAF00001719210	7.5 GB	MD5	9681e5ff010a033411e0a181f9980755	EGAZ00001312193/a074b860-e34c-4714-a979-c28496cffd44/PCAWG.8d98c322-e1f4-11e4-b619-5bb01a8ef4d2.STAR.v1.bam.cip	EGAD00001003547
EGAF00001719315	6.2 GB	MD5	22223094d09d2704494a18684762eb48	EGAZ00001312228/dec0eb97-3a99-4713-86d4-bcda2bae9efc/PCAWG.0b88c264-e1f0-11e4-98e2-042e9d4f5ec7.STAR.v1.bam.cip	EGAD00001003547
EGAF00001719318	9.7 GB	MD5	4b30b12521f1c0e6ab8c2f87892ffa22	EGAZ00001312229/e0a408dc-703d-4b64-b8c6-997288aaad6e/PCAWG.7f87dfa4-e1f7-11e4-bf19-e4f4a6653850.STAR.v1.bam.cip	EGAD00001003547
EGAF00001719201	9.8 GB	MD5	96feee05b728f2b73626a07571b54e23	EGAZ00001312190/9a510c52-532e-47be-8e1c-e7eb98f9c631/PCAWG.93019f02-e201-11e4-bdc6-a50f8d07f9f4.STAR.v1.bam.cip	EGAD00001003547
EGAF00001719321	9.0 GB	MD5	ee5bde99dcbbcde7e0473e86d0b8063e	EGAZ00001312230/e0e95dbf-3376-4ad4-ba32-eaeb1bf4b33b/PCAWG.c95fcb60-e1fb-11e4-bf2e-c43c7b9b801b.STAR.v1.bam.cip	EGAD00001003547
EGAF00001719303	10.2 GB	MD5	fd97b446f00badeac777cd05abeb3794	EGAZ00001312224/dced6a40-316c-4248-b5b2-d854ed39ca17/PCAWG.a23f8ede-e201-11e4-a29d-f2ecce2f5b95.STAR.v1.bam.cip	EGAD00001003547
EGAF00001719309	11.7 GB	MD5	407d2d224b0c3a0b07c562319fd50f3f	EGAZ00001312226/dd651bac-856b-4051-a957-2124a59104cf/PCAWG.aa4a1492-e1fb-11e4-92bb-bdc50b709990.STAR.v1.bam.cip	EGAD00001003547
EGAF00001719306	9.7 GB	MD5	c3d4102a52051804eee01c05166aa773	EGAZ00001312225/dd4415b8-4c9c-41a9-b810-82f5f4f2f941/PCAWG.38662220-e1ed-11e4-bc51-c31d4fb570f9.STAR.v1.bam.cip	EGAD00001003547
EGAF00001719312	6.8 GB	MD5	92f751920ed6af109f8afa5b93afa6f7	EGAZ00001312227/dd712b54-512b-4c07-ac2d-1dc305ec39ff/PCAWG.49b0f752-e1e4-11e4-b2f5-340f8fec17f3.STAR.v1.bam.cip	EGAD00001003547
EGAF00001719300	8.3 GB	MD5	107530bb5038b10628642294448ce612	EGAZ00001312223/dc7d43fe-ee75-44a4-86b3-efff1c2211c0/PCAWG.a1b62118-e200-11e4-9986-923aa20fa9bf.STAR.v1.bam.cip	EGAD00001003547
EGAF00001722808	17.4 GB	MD5	b3692f0462ef489eca03b22a96a19bf1	EGAZ00001312909/c2b40bff-9e76-4be9-9f20-e411c6fe9fe0/PCAWG.3d0d72ac-d49a-11e4-b68f-ef6291977611.STAR.v1.bam.cip	EGAD00001003560
EGAF00001722805	15.7 GB	MD5	274db7f91af4ad17824f5793d3c5e830	EGAZ00001312907/bc2331bb-f030-4f40-8757-bc629e607bdb/PCAWG.438df2b8-d4aa-11e4-8394-afc905c62369.STAR.v1.bam.cip	EGAD00001003560
EGAF00001722802	21.2 GB	MD5	999429a2cd9e86eed260fd0615db89ea	EGAZ00001312904/b4c3819e-317e-4688-a579-87c1aa99805a/PCAWG.0a76a8e6-d4c6-11e4-9c8f-cdf4d413c557.STAR.v1.bam.cip	EGAD00001003560
EGAF00001722694	13.8 GB	MD5	e5f55e39341ff99575c8354987480f8a	EGAZ00001312836/65c2b47e-5c8f-4ade-b4f6-9fe588e920db/PCAWG.846de7bc-d495-11e4-b6d8-d2d321f25276.STAR.v1.bam.cip	EGAD00001003560
EGAF00001722691	6.5 GB	MD5	51fd48781d6e9756cca12845e31aaab4	EGAZ00001312834/5fafc664-2563-4a8f-9f92-1da20cb0af23/PCAWG.638d9fd0-d4b1-11e4-9a6c-edb477c7811c.STAR.v1.bam.cip	EGAD00001003560
EGAF00001722685	13.7 GB	MD5	08926f0dd3bf12cc3a26e86c0b31a0d8	EGAZ00001312830/5ae5ba83-4e54-42c1-b23d-a340cddd4eab/PCAWG.bbffe3a8-d4b1-11e4-b624-ccf7083e925a.STAR.v1.bam.cip	EGAD00001003560
EGAF00001722682	14.1 GB	MD5	59dcfdd411937b09d7c6a12c2667b140	EGAZ00001312828/59681553-0332-45cf-bde9-44a41b289bb6/PCAWG.5d1c54f6-d4a3-11e4-8951-dc3ad412181d.STAR.v1.bam.cip	EGAD00001003560
EGAF00001722688	14.9 GB	MD5	1fd84ea50af519eefc7a0ffa6c6065d4	EGAZ00001312832/5ba6e846-de65-45cc-8c47-20a941628ec5/PCAWG.9c5c8310-d4a4-11e4-8050-843db4250de8.STAR.v1.bam.cip	EGAD00001003560
EGAF00001722796	5.6 GB	MD5	120f406de992abe04e70f0f92ec634e9	EGAZ00001312900/acb87704-0677-4094-bd7d-71a2efae61e1/PCAWG.68881e3a-d4d8-11e4-88fe-b06254ac6ee8.STAR.v1.bam.cip	EGAD00001003560
EGAF00001722793	11.9 GB	MD5	90158f2a1b9275c3b5463a22482430c8	EGAZ00001312898/abcd0298-e798-498a-818f-17cf8ec1d7b0/PCAWG.55ca1dda-d49b-11e4-ba86-e8c46bcba2ff.STAR.v1.bam.cip	EGAD00001003560
EGAF00001722673	14.2 GB	MD5	f0ed9695e7fb60970920eab6c11b9e5d	EGAZ00001312822/46ca718c-434b-459d-8ab8-f121d0b13d60/PCAWG.cf5358b4-d492-11e4-b5f0-d24a48487c91.STAR.v1.bam.cip	EGAD00001003560
EGAF00001722670	19.5 GB	MD5	252e53102fbb083683d61f30f7de05f0	EGAZ00001312820/4210ca5c-196b-444c-8767-773af82593ca/PCAWG.2036b4c4-d4b6-11e4-b094-db08d77cf742.STAR.v1.bam.cip	EGAD00001003560
EGAF00001722790	11.8 GB	MD5	6aac58e0a20de9d6a31a52479012b90d	EGAZ00001312896/a9beb491-c284-4fa4-acd2-2ddaa42d7625/PCAWG.af34668c-d4d7-11e4-8770-81ed70ad3328.STAR.v1.bam.cip	EGAD00001003560
EGAF00001722799	13.4 GB	MD5	4187cd903176c0f10145860a81b1204b	EGAZ00001312902/b1512521-9d31-4bda-9fb7-dc8984f6198a/PCAWG.1c3d59a6-d4a0-11e4-b25f-cbe2eebec115.STAR.v1.bam.cip	EGAD00001003560
EGAF00001722679	14.3 GB	MD5	9544f67641045bf84be99576257b01d7	EGAZ00001312826/57681174-0947-494e-bf42-bcfe52a03a7f/PCAWG.de210c24-d497-11e4-8dcb-ff6452e46ffb.STAR.v1.bam.cip	EGAD00001003560
EGAF00001722676	11.0 GB	MD5	2d9e9a88f5d401b4a3c70aa79becc619	EGAZ00001312824/55811fe9-04b1-4f48-9a27-b788bf6564c1/PCAWG.04200fa2-d4b0-11e4-987f-939bd1ed9301.STAR.v1.bam.cip	EGAD00001003560
EGAF00001722784	15.3 GB	MD5	044908ee107ca0904dbf0547c92b0ffa	EGAZ00001312892/a84bfef9-f4b4-4f38-887d-423222587c5d/PCAWG.8b608b7a-d4d5-11e4-a827-bd90bc314f72.STAR.v1.bam.cip	EGAD00001003560
EGAF00001722664	4.8 GB	MD5	361e7e265b4e4384a56958e2d9deac85	EGAZ00001312816/3eddb958-2bd6-4d1c-a24e-95fefea82612/PCAWG.db04c588-d485-11e4-961a-9b235b693b0e.STAR.v1.bam.cip	EGAD00001003560
EGAF00001722661	15.6 GB	MD5	3e0db45c5b0d1fa4fdaff835c53ef3c1	EGAZ00001312814/3d9a6bf2-9a5c-4826-bd91-15542a62fbfe/PCAWG.0f4809cc-d4cc-11e4-8481-bb8914dce1a0.STAR.v1.bam.cip	EGAD00001003560
EGAF00001722781	6.8 GB	MD5	b67aa6adc5f3a9d1090570053e3dc7fc	EGAZ00001312890/a7cbcc0d-8e0c-4052-9528-082f57a5fd26/PCAWG.347d7c6a-d493-11e4-9b5e-bdd51dfc2864.STAR.v1.bam.cip	EGAD00001003560
EGAF00001722667	6.7 GB	MD5	1cc21fbc4cb4a6b34a527dca754c0ee7	EGAZ00001312818/4041a912-3de7-413d-8410-967b1423bf7e/PCAWG.60f27d4e-d494-11e4-8948-f70fcc17f74e.STAR.v1.bam.cip	EGAD00001003560
EGAF00001722787	15.4 GB	MD5	c6c3b89dd66d6c584118d2b105ea8502	EGAZ00001312894/a90dd8b6-7a8a-475f-9c84-335a1406b17e/PCAWG.01541338-d486-11e4-b810-b148b6cf0ce0.STAR.v1.bam.cip	EGAD00001003560
EGAF00001722652	15.3 GB	MD5	23f579d78de3aca889237d6598fd9fa8	EGAZ00001312808/2653f668-f88e-4cf9-9f36-fe6ade6274da/PCAWG.5d8ae9ba-d490-11e4-8652-87f994983622.STAR.v1.bam.cip	EGAD00001003560
EGAF00001722772	16.5 GB	MD5	a3bc5fbea86a6ee8420f184bef29c122	EGAZ00001312884/9f069d61-0495-4656-94bb-bb5fa5c436f0/PCAWG.22359528-d4c1-11e4-a37c-ac70ba102df5.STAR.v1.bam.cip	EGAD00001003560
EGAF00001722658	9.4 GB	MD5	32856cf5a24631534ad6301e02424119	EGAZ00001312812/3015bf6d-6fe0-4e18-97c8-0f4084f23268/PCAWG.1538d0dc-d4cc-11e4-bed8-c4badb6df2b1.STAR.v1.bam.cip	EGAD00001003560
EGAF00001722778	15.9 GB	MD5	8ff2399babf101602c4a63836d535430	EGAZ00001312888/a2746634-6271-474d-8812-51a65ccabe12/PCAWG.da1e5f8a-d4a8-11e4-b19d-cabedb16c55c.STAR.v1.bam.cip	EGAD00001003560
EGAF00001722775	5.9 GB	MD5	67cd0409baa746e5ec5a13162963aecb	EGAZ00001312886/9f77e779-5b71-4620-a2e6-a14cea7eb00a/PCAWG.bd43b518-d480-11e4-9cef-8ad127de0353.STAR.v1.bam.cip	EGAD00001003560
EGAF00001722655	13.6 GB	MD5	f063f993373c0934abe524ec9ff0e49b	EGAZ00001312810/2eebb1d1-b441-46d7-8de2-7afb483b10ea/PCAWG.1db4291e-d4bd-11e4-add8-ce19644e4bcf.STAR.v1.bam.cip	EGAD00001003560
EGAF00001723063	13.7 GB	MD5	0e329a6c68761c34cac718bfad345501	EGAZ00001312860/7c8c79ab-845a-4059-8634-202dc59331e8/PCAWG.20cb64c6-d4a1-11e4-ab9c-a227e3b2df77.STAR.v1.bam.cip	EGAD00001003560
EGAF00001723060	10.1 GB	MD5	2252863150713cdb5563bf13db360d5a	EGAZ00001312858/7836bd11-0004-4877-9167-090040d65f15/PCAWG.b078e34a-d4a2-11e4-b290-b314fd7f2830.STAR.v1.bam.cip	EGAD00001003560
EGAF00001722763	5.3 GB	MD5	d0b3a6cc2a043ce3aaf0e166c7b27bd4	EGAZ00001312878/97cdcd84-88e3-4c23-9d00-b440b7160ea1/PCAWG.c730bc78-d481-11e4-b636-a27a25f02b4e.STAR.v1.bam.cip	EGAD00001003560
EGAF00001723057	14.8 GB	MD5	78f637f378f49308f77ebcd726d74ee3	EGAZ00001312856/75e7f328-2e19-4aed-8cf0-4b022f4f5639/PCAWG.ec222e10-d4bb-11e4-acee-b3094a0e5e84.STAR.v1.bam.cip	EGAD00001003560
EGAF00001722760	11.6 GB	MD5	956e62294ecadab1c09559f3d5642338	EGAZ00001312876/97c3405f-032b-4311-82f1-caf89123a008/PCAWG.012774c4-d4c0-11e4-93a5-c688eda0acae.STAR.v1.bam.cip	EGAD00001003560
EGAF00001722640	11.9 GB	MD5	a13e345477f3554e5b5fafc2cc0d5dfa	EGAZ00001312800/1d13fd3b-b598-4117-b967-bd2919b9af37/PCAWG.873d786a-d4de-11e4-adcf-a5e032340763.STAR.v1.bam.cip	EGAD00001003560
EGAF00001723177	15.4 GB	MD5	e5e4790a5b166576e25717e86580710e	EGAZ00001312937/fb58174e-6894-44e9-b7fe-4c579ca4db83/PCAWG.0675d638-d483-11e4-bfa0-bb0e4b69f186.STAR.v1.bam.cip	EGAD00001003560
EGAF00001723174	16.0 GB	MD5	5159377ea392466b8b7046389df055c2	EGAZ00001312935/f641a6c6-63f3-4ae2-bb70-465ccd9f680a/PCAWG.0931dc8a-d4d5-11e4-aebd-dc9b2c7f3f3e.STAR.v1.bam.cip	EGAD00001003560
EGAF00001723054	10.8 GB	MD5	c2cc26f8aa2ec4b0feff710629683978	EGAZ00001312854/75d9e0e7-5ccd-4cc2-a217-128597347976/PCAWG.48f838d8-d4bb-11e4-8756-b9b726541123.STAR.v1.bam.cip	EGAD00001003560
EGAF00001722649	10.9 GB	MD5	2de4c8eb33ff3b7abf4012fd622e83fb	EGAZ00001312806/25e213e3-c9e1-455b-8292-9a508dcac2d8/PCAWG.017fcb68-d4e5-11e4-a135-b98e7fc89d10.STAR.v1.bam.cip	EGAD00001003560
EGAF00001722769	15.6 GB	MD5	4f0436a014897d600cf00b76d81f6643	EGAZ00001312882/9d7b52d2-6cdc-4154-bd07-12c02581c935/PCAWG.fa220b5a-d4db-11e4-906f-b7558cd5e466.STAR.v1.bam.cip	EGAD00001003560
EGAF00001722766	7.5 GB	MD5	96eba0cc401ae2b7c018018430994925	EGAZ00001312880/9d21f06c-c995-42bf-b5d8-3ab89869b290/PCAWG.72976d8e-d4df-11e4-b216-a9b957e53799.STAR.v1.bam.cip	EGAD00001003560
EGAF00001722646	6.0 GB	MD5	867f4b3eda2688e05e35d1e5b9e974bf	EGAZ00001312804/20fd8285-987d-4344-b928-07a4af92835a/PCAWG.2bf0da6e-d499-11e4-934a-c832350487b0.STAR.v1.bam.cip	EGAD00001003560
EGAF00001722643	15.1 GB	MD5	92aa33ade62e5323a86ebda0a20de79a	EGAZ00001312802/1e61e7a9-afa4-48bd-aabb-1aeea2738d5c/PCAWG.75afbf2e-d4be-11e4-a25e-91077d25b0bf.STAR.v1.bam.cip	EGAD00001003560
EGAF00001723051	2.7 GB	MD5	fa9b64e481740eff48eed33d4e342925	EGAZ00001312852/74ff0ba9-a432-47d5-8226-42e872c82b6c/PCAWG.6f01bba4-d4bf-11e4-9bfe-ee74c3fede10.STAR.v1.bam.cip	EGAD00001003560
EGAF00001723171	11.5 GB	MD5	87a42b9f3ec0bcae1a6d6e918b69287d	EGAZ00001312933/f0e63db4-e55c-46b3-9b45-8e54cb71aef0/PCAWG.e5404aea-d4c1-11e4-a259-b36fca32d320.STAR.v1.bam.cip	EGAD00001003560
EGAF00001723048	17.1 GB	MD5	bc1698f1a08dbc92918f6ce98fec1f7d	EGAZ00001312850/74e90255-94e1-41c2-b94d-d70b703bbce9/PCAWG.d6ac2a74-d4a5-11e4-9f55-8b9019a4f637.STAR.v1.bam.cip	EGAD00001003560
EGAF00001722751	8.7 GB	MD5	d9dc6228e2f1daf0b79d2d6f918969ef	EGAZ00001312870/8d9463a3-036e-4320-a4ad-1171528025d0/PCAWG.aa3a6d6a-d497-11e4-b2e3-f6456ba5fc1d.STAR.v1.bam.cip	EGAD00001003560
EGAF00001723168	14.1 GB	MD5	30b1228c9e0cad11c3a21c4d770664e9	EGAZ00001312931/ece379a0-3544-4d17-adc2-039705339427/PCAWG.aeeec974-d482-11e4-8ba3-dd46c2cd3bf0.STAR.v1.bam.cip	EGAD00001003560
EGAF00001723165	14.5 GB	MD5	d180e8acc59b6980a57c57e25e0f6cf0	EGAZ00001312929/eaf94893-8eea-43cf-b5e8-57665b76d080/PCAWG.71879e78-d4da-11e4-a7a0-a7b30dcbef67.STAR.v1.bam.cip	EGAD00001003560
EGAF00001723045	9.1 GB	MD5	10c99465fb2ff54ad56eef5523e71db1	EGAZ00001312848/741a54d6-25ce-447f-b313-799ac35fc63a/PCAWG.50f83aa6-d4cf-11e4-ad0e-fb213293cdec.STAR.v1.bam.cip	EGAD00001003560
EGAF00001723042	5.9 GB	MD5	a97c439babe168456d4008efc2f76395	EGAZ00001312846/72a4e1e7-4ab1-4920-b001-c7b117b72e1a/PCAWG.51d7aa0e-d49a-11e4-9348-87c8d816dc64.STAR.v1.bam.cip	EGAD00001003560
EGAF00001722757	11.6 GB	MD5	4edbf87d0eb93f435757d8b85b6f9c87	EGAZ00001312874/931d0698-eceb-49b1-85c4-c63fca9563df/PCAWG.bc039118-d4b8-11e4-a147-84b03d54f755.STAR.v1.bam.cip	EGAD00001003560
EGAF00001722754	16.4 GB	MD5	e87e6766fb978f48867fb6a3285eb5d3	EGAZ00001312872/930ff1d7-0045-4b05-be36-a730f923070d/PCAWG.5237ca94-d4a7-11e4-bcee-b5d367c84111.STAR.v1.bam.cip	EGAD00001003560
EGAF00001723162	12.2 GB	MD5	e78354aec24f1f4482f5b284c734b4e5	EGAZ00001312927/e7a4175f-9bf3-45a5-8837-d071ed5d8cb4/PCAWG.2745bf28-d491-11e4-9ea7-c8f62841ab9b.STAR.v1.bam.cip	EGAD00001003560
EGAF00001723159	13.0 GB	MD5	28419f4e459e4cc18e6ac989f0356794	EGAZ00001312925/e31f6e45-38b9-4595-ba32-97d07d1ef93d/PCAWG.fcc84258-d4d0-11e4-9d73-8dd8b349a7c4.STAR.v1.bam.cip	EGAD00001003560
EGAF00001723156	9.6 GB	MD5	7cf8e8c44fd389bc66aaa05c29a7ba10	EGAZ00001312923/e15fc995-d476-4e49-85bd-1a708fb193bb/PCAWG.895b0102-d4b2-11e4-b0c0-b6139891c95e.STAR.v1.bam.cip	EGAD00001003560
EGAF00001723036	4.5 GB	MD5	b10c641b585695751d9c4bf35aaa0702	EGAZ00001312842/6c904f47-d239-4aa6-949e-0b55931144ca/PCAWG.4dfd2e72-d490-11e4-ac9d-e4bdfa9109bc.STAR.v1.bam.cip	EGAD00001003560
EGAF00001723153	9.7 GB	MD5	98578875c0ccfdb463dc0e37d1b27e76	EGAZ00001312921/dfc6ffd0-f65a-4250-9a7c-9b4e3eb0b47c/PCAWG.b329e58a-d48e-11e4-bfb2-a6d39e4a37b9.STAR.v1.bam.cip	EGAD00001003560
EGAF00001722748	15.8 GB	MD5	edac3aeec93c6bedccb26df8cc8d7e40	EGAZ00001312868/8a996906-dbde-4c27-8405-abc9ad23c8a1/PCAWG.26694d3c-d4c7-11e4-8f91-f3138aa03009.STAR.v1.bam.cip	EGAD00001003560
EGAF00001722628	7.5 GB	MD5	0c4873b17f64ed2d358dec7f89c530a1	EGAZ00001312791/184cd47f-33df-470d-b098-cdc992fd9b74/PCAWG.c81dee78-d484-11e4-89b6-d8b07afda675.STAR.v1.bam.cip	EGAD00001003560
EGAF00001722625	11.5 GB	MD5	b69d1ec256dace7adcb4323a5c64569b	EGAZ00001312789/13922917-8c60-4da4-a968-b6bcbc0fe0bd/PCAWG.135c8b0a-d4ae-11e4-8998-831dbabfa7f2.STAR.v1.bam.cip	EGAD00001003560
EGAF00001722745	11.4 GB	MD5	7c9813fdf0587d49195112672b17917d	EGAZ00001312866/8a1881c5-d2b8-4d39-a23b-74bada56d32f/PCAWG.88a468dc-d4b9-11e4-8bdf-b6f92d1b34ca.STAR.v1.bam.cip	EGAD00001003560
EGAF00001723039	15.0 GB	MD5	acca627dce26082f74c6869f3c159e28	EGAZ00001312844/70f66bd9-8eb7-43be-9083-9488f7693d29/PCAWG.5630a954-d489-11e4-b3ee-e558599cd885.STAR.v1.bam.cip	EGAD00001003560
EGAF00001722742	15.5 GB	MD5	33a82503886548adefe94f79003ddd24	EGAZ00001312864/89597517-d691-4665-ac41-acd467213011/PCAWG.3c561334-d49d-11e4-b974-916e214c0fb7.STAR.v1.bam.cip	EGAD00001003560
EGAF00001722622	10.9 GB	MD5	bdb9b4d726f14a67bb83f862aaa6715f	EGAZ00001312787/12116bf7-6705-47f2-b91d-48ab5db16291/PCAWG.37d0020a-d4d1-11e4-88e1-955970b4c781.STAR.v1.bam.cip	EGAD00001003560
EGAF00001722739	14.1 GB	MD5	ebcc6903ada9ce6e73c8a8623a56037b	EGAZ00001312862/7d4b0ccb-1e97-474a-bc1a-3ff6726b086e/PCAWG.998977f2-d480-11e4-addc-f952187d5a80.STAR.v1.bam.cip	EGAD00001003560
EGAF00001723150	15.1 GB	MD5	a9d2723a3002a67d87957a50d021f585	EGAZ00001312919/dc9c2a75-0fcb-40b5-aa8f-a31f8932d9ba/PCAWG.c5b91222-d4dc-11e4-a54f-80c93b5367bc.STAR.v1.bam.cip	EGAD00001003560
EGAF00001723030	16.7 GB	MD5	ddabbb5aa7af97c040815d3f23cd305d	EGAZ00001312837/66768dbb-8a89-4394-897c-da26753e542a/PCAWG.3b407ebe-d4b4-11e4-aba9-9558183f3b75.STAR.v1.bam.cip	EGAD00001003560
EGAF00001723147	13.9 GB	MD5	a12b56daae901d715defab9224ba5fd4	EGAZ00001312916/d1be08f0-f3bf-4273-9034-a7b39befcaa3/PCAWG.9f3a1794-d4e2-11e4-b511-d1951205d4d1.STAR.v1.bam.cip	EGAD00001003560
EGAF00001722850	9.9 GB	MD5	725c9067d08dbb634ac163ff7ff2963b	EGAZ00001312936/f768ae5c-112b-4067-8973-2d6b92dc5b8a/PCAWG.f2498212-f7b5-11e4-98d0-fd46f8b8021c.STAR.v1.bam.cip	EGAD00001003560
EGAF00001722970	6.0 GB	MD5	7dbeae3c8f427803dcf4cba76428f36a	EGAZ00001312798/1cef0671-a9d9-4936-a565-808da49da26d/PCAWG.6788e0ea-d4d9-11e4-b422-fe500187fcc0.STAR.v1.bam.cip	EGAD00001003560
EGAF00001723144	12.2 GB	MD5	e51f04851a3d1eb9e60c9427e6e0e071	EGAZ00001312914/ce5bffc5-a104-4f00-8957-957ca9b7f9e0/PCAWG.288b9bce-d49f-11e4-8b5c-dbf3b064de61.STAR.v1.bam.cip	EGAD00001003560
EGAF00001723141	13.3 GB	MD5	e392ed54c59c2beb82bfe674cfba0e33	EGAZ00001312912/c5ea2673-99d0-4436-b537-1009cc6a21a8/PCAWG.fa40fc42-d4ac-11e4-adaf-c29a4e08dca4.STAR.v1.bam.cip	EGAD00001003560
EGAF00001722853	14.4 GB	MD5	c0022447b3b4ad64a1a5208207d47fb2	EGAZ00001312938/fbe635f0-0019-4bf6-a49b-80088c8fb07a/PCAWG.3322003a-d4d3-11e4-a88f-bf08b9b9fa15.STAR.v1.bam.cip	EGAD00001003560
EGAF00001723135	12.3 GB	MD5	ea810b256fc8edbe01f8f51bcf5ff99b	EGAZ00001312908/bee807fc-21fe-4e2d-a0e6-dfb40e183552/PCAWG.41b8eda8-d4af-11e4-ae54-f464b56c5756.STAR.v1.bam.cip	EGAD00001003560
EGAF00001723132	14.2 GB	MD5	08049f73b9ba10c9c1a5e1bf91d95597	EGAZ00001312906/ba59e4ac-8fe3-44f5-8222-ed8c570baae7/PCAWG.d197fbba-d4d9-11e4-896a-b2a35f256d1d.STAR.v1.bam.cip	EGAD00001003560
EGAF00001722847	14.4 GB	MD5	033cbfec419ade84ccc8d357093563be	EGAZ00001312934/f343e801-e660-4048-80a4-f6e23065d3ff/PCAWG.c05a2114-d486-11e4-a205-c0246cc6aa08.STAR.v1.bam.cip	EGAD00001003560
EGAF00001722967	8.9 GB	MD5	8bf6aee10d0a0e931b4cfef087e51bb2	EGAZ00001312795/1ade4198-9f8e-4706-b0a3-ffe8a138e565/PCAWG.a9ed40c2-d4cd-11e4-8938-9f40591ac8b1.STAR.v1.bam.cip	EGAD00001003560
EGAF00001722964	12.6 GB	MD5	d25644738ee02561aa5116e39abc5af9	EGAZ00001312794/1a68a0b4-a146-43f8-a6f7-ff6a7aee8cfe/PCAWG.0cf7077e-d4c5-11e4-8811-a30346a24af7.STAR.v1.bam.cip	EGAD00001003560
EGAF00001722844	15.0 GB	MD5	aad7146d97ea15761421ffc3617115c3	EGAZ00001312932/ef348132-1ce8-449c-902c-eb63a76583b1/PCAWG.8d0039dc-d4ab-11e4-9409-dda6d6f7d4a4.STAR.v1.bam.cip	EGAD00001003560
EGAF00001723138	15.7 GB	MD5	5d15230edf807273f831648e6a5429e0	EGAZ00001312910/c2ccaf2f-4020-4ea4-b4d7-833d5512ae65/PCAWG.02a9b3c2-d48c-11e4-bfe4-91ef71d5166a.STAR.v1.bam.cip	EGAD00001003560
EGAF00001722841	12.3 GB	MD5	ce17e99f15b9c1c908efa78cc6792121	EGAZ00001312930/ec853418-3e38-4f7e-8c51-59933b625fd1/PCAWG.998b7240-d4e0-11e4-8488-dbf49687fb63.STAR.v1.bam.cip	EGAD00001003560
EGAF00001722838	17.9 GB	MD5	83784d3d1d48f13793963b3b35e98296	EGAZ00001312928/e959dd9a-0799-487b-918d-f37f5d4e5ab7/PCAWG.80be99d4-d488-11e4-b678-89eb00ee7f05.STAR.v1.bam.cip	EGAD00001003560
EGAF00001722835	15.9 GB	MD5	2869d712da3b722f51466eefb707e48d	EGAZ00001312926/e47718c7-fc6e-4040-8b7b-ce455b255850/PCAWG.b027be94-d48d-11e4-b702-96be58fe76c5.STAR.v1.bam.cip	EGAD00001003560
EGAF00001723129	13.2 GB	MD5	23dd0a60d96f83eaaa9b411da89b7b18	EGAZ00001312905/b4e072f3-a7ba-40ce-892a-b3dbd7910ad4/PCAWG.cdb198fe-d4c9-11e4-904d-b61559633223.STAR.v1.bam.cip	EGAD00001003560
EGAF00001722832	12.1 GB	MD5	1a673fcc350145fb6b78c3f387a8baba	EGAZ00001312924/e2013100-c143-4939-8182-308b9390b32f/PCAWG.0bbb69d8-d496-11e4-8cfd-92e71275c5fd.STAR.v1.bam.cip	EGAD00001003560
EGAF00001722952	13.8 GB	MD5	4be7deff8805171d95a1dd3ea4f9c770	EGAZ00001312786/0fededde-d075-4527-9ed4-a3c64868a3e3/PCAWG.70b7fd5c-d48b-11e4-8f01-a4957e9b6c76.STAR.v1.bam.cip	EGAD00001003560
EGAF00001722829	13.5 GB	MD5	d8d31f7fa0af0fc4dbe6977847becf32	EGAZ00001312922/e06f62a9-63b4-48e7-bbf5-eab024b854f9/PCAWG.eca5197c-d4b3-11e4-a0f2-f6a8246bb544.STAR.v1.bam.cip	EGAD00001003560
EGAF00001722949	9.1 GB	MD5	fe0b605b8511f67fd5f5efe7f6aa24f9	EGAZ00001312784/0871cbc9-eeaa-42c5-95c1-819f6f22c700/PCAWG.5b8f183c-d4c4-11e4-8c12-868cd462027c.STAR.v1.bam.cip	EGAD00001003560
EGAF00001722946	5.1 GB	MD5	f0c6b6669d617813e88e3630da82c139	EGAZ00001312782/0608e56a-4acc-4224-a7a4-70d340098312/PCAWG.32d9855a-d495-11e4-bf16-ceef33a92ee6.STAR.v1.bam.cip	EGAD00001003560
EGAF00001722826	12.2 GB	MD5	ebbc3c708f585ce47572aabb670a3fce	EGAZ00001312920/df5c4052-d3ad-49e4-b021-2c71d3d7e13e/PCAWG.cc985b9c-d4c9-11e4-a242-9d1647f6be82.STAR.v1.bam.cip	EGAD00001003560
EGAF00001722823	15.2 GB	MD5	80e0c96214b65e9ac72a035d2ce561ab	EGAZ00001312918/d8fdcd5b-8061-468f-b398-a653c680510d/PCAWG.e20ca448-f7af-11e4-a29f-978716736906.STAR.v1.bam.cip	EGAD00001003560
EGAF00001722700	8.2 GB	MD5	ff62c3f6a7ed9c2409a91fa74e128cc1	EGAZ00001312840/6c236fa8-c85d-4448-9148-22cf8e0d54c4/PCAWG.387891d2-d4b7-11e4-9b98-9aa67e9e188f.STAR.v1.bam.cip	EGAD00001003560
EGAF00001722943	15.3 GB	MD5	6104ac932c132836b98e7d91242d9855	EGAZ00001312780/04b50b93-dcf7-4db1-a13c-f617c85984e1/PCAWG.b5a7f10e-d4ce-11e4-b0f3-998103221222.STAR.v1.bam.cip	EGAD00001003560
EGAF00001722940	12.7 GB	MD5	65bddf2abe687fb829c8169fab4ca157	EGAZ00001312778/042aa775-a80c-4130-b245-3ff7aa570aa4/PCAWG.ff9be992-d4d2-11e4-b835-e1b9cc16db13.STAR.v1.bam.cip	EGAD00001003560
EGAF00001722820	6.5 GB	MD5	84de6d4b9941e82ef1522224ad7acce6	EGAZ00001312917/d3d465b4-cce9-426e-a969-98d9aaa6f937/PCAWG.89528d96-f7ae-11e4-b904-98453e4822e0.STAR.v1.bam.cip	EGAD00001003560
EGAF00001722937	18.2 GB	MD5	c69aa291f971565f2289252c8dd323a8	EGAZ00001312776/0077ccda-046d-43da-bccc-203cc2d6672a/PCAWG.cefaed3e-d4e0-11e4-a77b-a7fbdfb461e2.STAR.v1.bam.cip	EGAD00001003560
EGAF00001722817	7.6 GB	MD5	86ec4f4272c4985e6504497e40b66125	EGAZ00001312915/cf688a87-6b07-473e-b18c-18862c8bca19/PCAWG.ce6a7fc8-d4c3-11e4-83c9-e46b9a21e50d.STAR.v1.bam.cip	EGAD00001003560
EGAF00001722814	7.8 GB	MD5	2329d79817ea2bd15c511ddd0cd928af	EGAZ00001312913/cd8b522c-fa92-4917-8b25-f60b59ed83ab/PCAWG.e628cb66-f7b3-11e4-980b-b2bf33e83580.STAR.v1.bam.cip	EGAD00001003560
EGAF00001722811	6.3 GB	MD5	679b1fe4635cb8decaaefa4375ca6ae3	EGAZ00001312911/c4f23277-9b28-438e-b434-859b61b52fb9/PCAWG.c462f158-d4ba-11e4-85ac-bedbc4ac5db3.STAR.v1.bam.cip	EGAD00001003560
EGAF00001683592	18.8 GB	MD5	f54be3c9b83b90c6b2ef53d72ee96e36	EGAZ00001310636/9a5062c9-0467-4af5-8ffc-2a62cf3fb6dc/PCAWG.480a5111-3dd7-470a-a0b8-b6b751a18238.STAR.v1.bam.cip	EGAD00001003415
EGAF00001683478	13.6 GB	MD5	d459933b815fc091444c84699a2a17b8	EGAZ00001310598/3ef07559-ec31-4c74-a4d2-5b265b3a79db/PCAWG.e17a842a-9bbb-4991-b35b-eaf657b84b99.STAR.v1.bam.cip	EGAD00001003415
EGAF00001683598	20.7 GB	MD5	5cd2d01a34590568a389e0f1d7de8688	EGAZ00001310638/a45461b7-0e83-4ccf-8091-8142a4df051a/PCAWG.04a840f5-c8ea-4988-a36c-39c9d6684cad.STAR.v1.bam.cip	EGAD00001003415
EGAF00001683595	14.4 GB	MD5	06e836d6d1ed18b8245f620a6532a6a5	EGAZ00001310637/9e6ac106-6301-407e-a6a7-fba857abe676/PCAWG.3416cdb2-089e-463a-8fec-0f67659118a6.STAR.v1.bam.cip	EGAD00001003415
EGAF00001683475	16.5 GB	MD5	69eb2e0ce16ec03d3af74beb870d0d80	EGAZ00001310597/3c978b66-ac63-4aa6-a6d9-82259814f997/PCAWG.0413de9e-b480-4bda-afd0-e0ba293012c3.STAR.v1.bam.cip	EGAD00001003415
EGAF00001683472	15.5 GB	MD5	f37d98fb66185164e40b0acba1f5435c	EGAZ00001310596/3bb5a7d7-1e3a-401e-b918-d46f6b1a0e9e/PCAWG.be332f3a-f514-4f05-903a-2289b22620bf.STAR.v1.bam.cip	EGAD00001003415
EGAF00001683481	15.1 GB	MD5	0dd4da674e2961f0b15a407f9742175a	EGAZ00001310599/40fb56da-261e-4085-b22e-69861d351606/PCAWG.9952a9c1-767d-4cc8-82d6-7cf5eb8f969b.STAR.v1.bam.cip	EGAD00001003415
EGAF00001683487	18.7 GB	MD5	3cc7347daf2f3f3f549966255e67f2ca	EGAZ00001310601/4355984f-da80-4cb1-a7c9-956e37377c6d/PCAWG.5c345055-8d45-4eba-a86a-577c1043a1b2.STAR.v1.bam.cip	EGAD00001003415
EGAF00001683484	20.8 GB	MD5	6675479622ff26c8488dc4cafaf6effe	EGAZ00001310600/41171d65-5bb1-4954-b27d-e8c23ea43710/PCAWG.73f1be4f-4458-4085-bdc7-a7776c16ee88.STAR.v1.bam.cip	EGAD00001003415
EGAF00001683493	14.5 GB	MD5	2fb008c12a916d10545c513e51ac5436	EGAZ00001310603/497bf397-f94e-4ed6-806c-86e8ca4287b5/PCAWG.94ab345c-3f3c-48cb-b3bd-936fcb4237d7.STAR.v1.bam.cip	EGAD00001003415
EGAF00001683490	13.1 GB	MD5	6ff2fe25e126ccfda8752905797e70b5	EGAZ00001310602/48e461e1-0387-4ac3-9d14-515241643de1/PCAWG.04f9ba57-6a52-404c-9ecf-25e7206a6979.STAR.v1.bam.cip	EGAD00001003415
EGAF00001683499	20.0 GB	MD5	016f637f5adc3b07494af1456945257b	EGAZ00001310605/51d18cc6-c612-4ac7-82ea-5462f363392c/PCAWG.ae69d0ff-ef1a-4d53-83bc-406c830123b8.STAR.v1.bam.cip	EGAD00001003415
EGAF00001683496	19.4 GB	MD5	bd3a5be387798fff63abcd425500d1ee	EGAZ00001310604/4beeaba2-06e6-4d34-916d-e2e1d19dba9b/PCAWG.71a10564-1bcb-4308-b0ea-206136702475.STAR.v1.bam.cip	EGAD00001003415
EGAF00001683706	13.1 GB	MD5	93f677eb0beadad2124e020316855a03	EGAZ00001310674/faeceee7-7c12-4c9b-b6f4-b6bd99b8450b/PCAWG.6bfeee12-4659-4627-b314-0a011ca9bd2b.STAR.v1.bam.cip	EGAD00001003415
EGAF00001683703	17.7 GB	MD5	5476690830077ffe0ef95273c82513ee	EGAZ00001310673/f68774b1-06f9-4764-97bb-62b324c21bba/PCAWG.441247ee-d6cd-4a25-81cf-15606ee5ac4a.STAR.v1.bam.cip	EGAD00001003415
EGAF00001683700	20.6 GB	MD5	87d8cb551f1ba6e1a7786d751b3013b6	EGAZ00001310672/f25efa2c-57d5-4016-bc9d-a707c68f0004/PCAWG.63f6b5d4-33b9-4754-b34c-959bb3f29fc4.STAR.v1.bam.cip	EGAD00001003415
EGAF00001683559	17.2 GB	MD5	78f02e5fb4dca7f2081f7e05c28d88c6	EGAZ00001310625/83ee0218-d84f-4910-ae97-058ff145ddcb/PCAWG.a55d65b8-6a2d-43f9-b7b2-fcfa08f81497.STAR.v1.bam.cip	EGAD00001003415
EGAF00001683439	18.0 GB	MD5	0dd8701b15b6df315bf3af716d66d6f9	EGAZ00001310585/18614be5-783e-4212-a88a-90a200dfec36/PCAWG.38f73f9a-3885-4203-9a38-23dce417520c.STAR.v1.bam.cip	EGAD00001003415
EGAF00001683436	19.1 GB	MD5	87143eb14935aee4efe11e5c662fc325	EGAZ00001310584/12f82d51-3f49-4c6f-98ea-036a44a13df0/PCAWG.45438d60-5a04-424d-b1d8-844162d4e525.STAR.v1.bam.cip	EGAD00001003415
EGAF00001683679	17.7 GB	MD5	2b3200df02aabb38833a6d92d6ababec	EGAZ00001310665/e48b05b5-e560-492e-a58e-2542bcaecc4b/PCAWG.35f758b1-becc-46d4-bd75-ec665b593765.STAR.v1.bam.cip	EGAD00001003415
EGAF00001683676	18.1 GB	MD5	77c67050bfcae143a21f45a0eaa4cfa3	EGAZ00001310664/e23e0ea1-ab61-415a-9a44-6781546f81bb/PCAWG.af3012c4-1c27-4c55-9448-658e81a8edbc.STAR.v1.bam.cip	EGAD00001003415
EGAF00001683556	16.5 GB	MD5	04ba4fbe20be76c64438d5518e5e388c	EGAZ00001310624/829996ab-aa78-483c-b38f-8283ec1a53ba/PCAWG.9f1bfd1a-5c69-4a08-b872-1a166cd57f5a.STAR.v1.bam.cip	EGAD00001003415
EGAF00001683553	17.7 GB	MD5	4943e6088a347fe6229f67d8c972e475	EGAZ00001310623/8092e52a-9c09-4b91-8d64-efeec0788e81/PCAWG.9fa26e22-4464-4c0a-a05f-5740ccbb2a6e.STAR.v1.bam.cip	EGAD00001003415
EGAF00001683433	17.4 GB	MD5	f59eeb97d5446a2df879f84fc5a76d3c	EGAZ00001310583/090dcf9e-3e63-4f3c-b3b1-dcc5c9cda72e/PCAWG.dbc17fb8-3b90-4e10-8183-9bcf052a188a.STAR.v1.bam.cip	EGAD00001003415
EGAF00001683430	14.7 GB	MD5	c2f1318bece9267a54bbf81ab74a6fbf	EGAZ00001310582/00b0428e-8fa6-455d-9b9b-cc52387ae3e6/PCAWG.01e50db2-06f3-45d3-85ec-ca9665660e13.STAR.v1.bam.cip	EGAD00001003415
EGAF00001683673	23.1 GB	MD5	f284ceda152a0a733248dc60bff54fc4	EGAZ00001310663/e0b1c4f1-6b8e-453e-b5ce-d814cf638299/PCAWG.75133cb2-d8e1-4ed1-8b75-8115bc6b2747.STAR.v1.bam.cip	EGAD00001003415
EGAF00001683670	16.3 GB	MD5	0cd0cc562a5b797d42a041e96eb477ac	EGAZ00001310662/e0874553-f290-4a11-8b4c-8ab78aff4b31/PCAWG.b1f90aaa-5a8a-4a0a-8153-db1d58df3119.STAR.v1.bam.cip	EGAD00001003415
EGAF00001683550	17.1 GB	MD5	69cb63d56ab873b584ca0f0c181b1295	EGAZ00001310622/7e7fef99-884b-431d-9dd9-d815107533fe/PCAWG.adf1af84-c49b-4f84-8602-5f9f2459558b.STAR.v1.bam.cip	EGAD00001003415
EGAF00001683568	17.1 GB	MD5	d9ec16094e1c1b88d6c70da97bfbcfb2	EGAZ00001310628/941cad93-a830-4a42-95b3-771dcdc63a72/PCAWG.9d856132-b10d-4553-8adb-7eb70edc2228.STAR.v1.bam.cip	EGAD00001003415
EGAF00001683448	14.1 GB	MD5	06aeeb739160c35f305965f292113e9d	EGAZ00001310588/1f4ff1f9-a904-484c-a41a-5667aff32f69/PCAWG.72142140-20a0-44d4-b2b8-b8c93e120c7d.STAR.v1.bam.cip	EGAD00001003415
EGAF00001683445	16.5 GB	MD5	1f2b8f590039e9123e534246e9232db0	EGAZ00001310587/19c2f3cb-9c59-4b96-a77e-04a839494b8f/PCAWG.e0e39f2e-9709-4ee3-9e69-789831d845e7.STAR.v1.bam.cip	EGAD00001003415
EGAF00001683688	18.8 GB	MD5	9b8478a38b33e44d807dcb36c015d7bc	EGAZ00001310668/e7bbcd0b-96ee-4b74-bc82-658fa2cc8744/PCAWG.3d3fa69f-4653-4c79-96b3-aa451f149fe6.STAR.v1.bam.cip	EGAD00001003415
EGAF00001683685	19.3 GB	MD5	0f616dec8a2d0a85c9d9af4ce6a7769b	EGAZ00001310667/e58fabf2-0ec5-4355-884d-ff1e1327ac82/PCAWG.3ac9b9a1-a80e-415b-a8a5-cb8aa4878a64.STAR.v1.bam.cip	EGAD00001003415
EGAF00001683565	13.3 GB	MD5	8dbd840eb8ade22cdf0c432215649c93	EGAZ00001310627/93083534-c882-4f58-b9b5-5b69caaae4f6/PCAWG.a98ddf7a-e7cc-4f81-983d-ea281787329f.STAR.v1.bam.cip	EGAD00001003415
EGAF00001683562	19.8 GB	MD5	d7a4e06541ebe170a610e78800a686f6	EGAZ00001310626/88dde3fb-4e6a-46ba-8093-2342dd0dfa0f/PCAWG.075eab42-064d-4336-aa64-3b582a95d0e9.STAR.v1.bam.cip	EGAD00001003415
EGAF00001683442	10.9 GB	MD5	225a1194d52b38df92bc4f6c0987e603	EGAZ00001310586/18d844b1-4d3e-4877-9829-54a73e954cec/PCAWG.3832d101-3c09-4121-9652-6f40029847d5.STAR.v1.bam.cip	EGAD00001003415
EGAF00001683682	14.9 GB	MD5	2a519251c894568f1872e230d3c4cdbf	EGAZ00001310666/e507570d-1bbb-43ca-ab69-577529a33ae8/PCAWG.b9999aa7-279a-4d74-ae50-6c2ab1d27696.STAR.v1.bam.cip	EGAD00001003415
EGAF00001683691	15.5 GB	MD5	49d34b6e68af913d206c2a3bc8306c0d	EGAZ00001310669/ecd089b1-3d38-4766-a0b0-f65586f78b5c/PCAWG.a4a80168-7f53-4e57-9f42-dfb85ff9f405.STAR.v1.bam.cip	EGAD00001003415
EGAF00001683577	16.1 GB	MD5	cf59c089203b122bf1d07c6bab6357c1	EGAZ00001310631/95777ba2-0183-432c-b1a6-d458a9b3855d/PCAWG.032b9048-1555-4f0e-9212-bbacc4800fff.STAR.v1.bam.cip	EGAD00001003415
EGAF00001683457	12.6 GB	MD5	e2b7ae1ad750a086c5dfbee30ec5eafd	EGAZ00001310591/2c04a2ed-1486-4e79-9e2f-1286e7db3fc3/PCAWG.0d5f3240-2f9b-4f2c-bb95-faf0131bbbfb.STAR.v1.bam.cip	EGAD00001003415
EGAF00001683454	17.1 GB	MD5	ac4f0a309aed68653e8be3ed360abced	EGAZ00001310590/262111c3-6732-477c-8578-d07ad65198a0/PCAWG.a5517624-3187-4958-b5d6-5bdf2cda142f.STAR.v1.bam.cip	EGAD00001003415
EGAF00001683697	21.2 GB	MD5	3524e3ee1054a92c3bfb332cd6e5ae69	EGAZ00001310671/ef7e708c-dbae-49e8-af1b-827ebeb3047b/PCAWG.45957f3c-85db-47ea-8052-f36d357f4fb5.STAR.v1.bam.cip	EGAD00001003415
EGAF00001683694	17.3 GB	MD5	2a601902453a4a51516a159edb398656	EGAZ00001310670/ef6f90f3-eef7-4a96-aba6-e13c8d45b8f0/PCAWG.58d35a25-1fd3-4540-b854-b1b12846156a.STAR.v1.bam.cip	EGAD00001003415
EGAF00001683574	17.2 GB	MD5	d261f2c2f48f8b61f8ce8ff28040e8ce	EGAZ00001310630/955dc4f3-b2d8-4a8d-a52a-e935c18d1155/PCAWG.88bd3a94-735d-4d9d-999c-34ac3aef1301.STAR.v1.bam.cip	EGAD00001003415
EGAF00001683571	17.1 GB	MD5	158d6279aac528088f8f3c31f31ef489	EGAZ00001310629/941f48eb-c147-4b57-a37e-afc432910b12/PCAWG.18583ccc-e5c9-4759-824c-6851a729f377.STAR.v1.bam.cip	EGAD00001003415
EGAF00001683451	18.4 GB	MD5	0140bebdf5583c647da2f852eede350f	EGAZ00001310589/1ff69f3e-0a0f-4d50-8e66-e3bfd0eb6b5e/PCAWG.c50015e2-768a-4e11-ba67-e65fe13041b3.STAR.v1.bam.cip	EGAD00001003415
EGAF00001683469	15.2 GB	MD5	5d5e2e6699ba0a4382c4d06850e1bde7	EGAZ00001310595/33d31ae3-ffa7-429b-af61-7680c05ccfe4/PCAWG.5351c275-21fb-44ad-b047-927852aabbea.STAR.v1.bam.cip	EGAD00001003415
EGAF00001683580	16.1 GB	MD5	4f4de72d72ec3dc4c38f05155992d617	EGAZ00001310632/960208ce-4ef0-46b5-ac13-378979937b3a/PCAWG.3b3273ce-5893-41c4-ba4e-0d4b81de3f1b.STAR.v1.bam.cip	EGAD00001003415
EGAF00001683460	17.0 GB	MD5	3f6c7db50a62ab307de2fad0ac91052d	EGAZ00001310592/2ca0660a-fa23-4ff0-89ea-4fcf00215e45/PCAWG.f6cc0e5f-cf41-4427-977e-49405a53f3b9.STAR.v1.bam.cip	EGAD00001003415
EGAF00001683589	19.5 GB	MD5	acde173bd38ea34748085583b5bf66a6	EGAZ00001310635/99fed3c9-a8c7-4830-b9ae-39705b4f1064/PCAWG.fd9d1e80-6600-4a85-a4da-076ea310dad8.STAR.v1.bam.cip	EGAD00001003415
EGAF00001683586	17.1 GB	MD5	08a9e8ad5ece35075236a92e1ae47e92	EGAZ00001310634/99214b22-3c00-431c-b5f2-fe65ef33027c/PCAWG.44ccc810-8199-4ee4-9fdd-4c9115155ae1.STAR.v1.bam.cip	EGAD00001003415
EGAF00001683466	15.6 GB	MD5	34c525e17c4e4c6086739069f2b2fda3	EGAZ00001310594/31c07cfc-fe6f-4c06-a88d-cc232d15d822/PCAWG.67c9cc03-feb3-4b74-9285-0cb88cd69570.STAR.v1.bam.cip	EGAD00001003415
EGAF00001683463	17.3 GB	MD5	b72a55b1baeff7bad6e6e8a875337df2	EGAZ00001310593/2e96b465-e0ae-4847-9ff3-525aebb5672a/PCAWG.5a67af83-88b1-4f6c-88c9-9a4ac23d8f4a.STAR.v1.bam.cip	EGAD00001003415
EGAF00001683583	15.6 GB	MD5	ab52d803c5c8b329e3235fdd6cbf36b1	EGAZ00001310633/99065ad4-17cd-4aba-a9f7-8310b3ac0484/PCAWG.26f905f4-29b2-47ca-a5ed-4b2ddead9667.STAR.v1.bam.cip	EGAD00001003415
EGAF00001683517	18.4 GB	MD5	24584427be73bed2a8fc8d5ab267fbeb	EGAZ00001310611/5cb2c5dd-ba89-4a3e-babe-7ce54c7a53b8/PCAWG.197291e2-3108-4aad-b58b-e942dbb44335.STAR.v1.bam.cip	EGAD00001003415
EGAF00001683637	13.6 GB	MD5	4f044968d488bcf78ce97651cc8fc8f6	EGAZ00001310651/cbd0a7b2-4469-46ab-9dc0-f915fec38df0/PCAWG.a5450531-7714-4697-a404-3747feff5c99.STAR.v1.bam.cip	EGAD00001003415
EGAF00001683634	19.1 GB	MD5	33365cbc3bb1b1b632d83c20d233a8a9	EGAZ00001310650/c96c2b66-a55f-4199-85d4-76280797a118/PCAWG.b4512740-62be-4b6e-9308-669b513f3ef1.STAR.v1.bam.cip	EGAD00001003415
EGAF00001683514	17.2 GB	MD5	df55824a3baa53849831ac2ec58addb9	EGAZ00001310610/5aa049d3-f30d-4eba-bec7-1173a0e0f0a9/PCAWG.2e366a11-2737-48d5-bbf9-34a86a3355d6.STAR.v1.bam.cip	EGAD00001003415
EGAF00001683511	15.7 GB	MD5	7d389415cd729cba0c2b72f3dbff4f69	EGAZ00001310609/596967f3-cf22-45d3-92f2-26bab7f6290e/PCAWG.8a30d91f-609b-498b-83fe-06434eb422e3.STAR.v1.bam.cip	EGAD00001003415
EGAF00001683631	18.8 GB	MD5	cc6cb3f8725ba68a104c8208417d3d2e	EGAZ00001310649/c8b96b50-56c0-4bb5-9b91-0741282d5c14/PCAWG.111724fa-ffce-4472-ae1d-eef1f4804796.STAR.v1.bam.cip	EGAD00001003415
EGAF00001683649	17.2 GB	MD5	64c94d39dd2c555f656907df7ecab6f4	EGAZ00001310655/d88186c5-864a-486f-acaa-d7f90c2d5c85/PCAWG.d83ab77f-765a-432b-99cd-20af96f548ee.STAR.v1.bam.cip	EGAD00001003415
EGAF00001683529	10.3 GB	MD5	c3113edd76fcafa5040e3e469c14a614	EGAZ00001310615/63d08632-90c3-4f3c-8c37-5049ce8e72e5/PCAWG.433e7fc8-fd85-4346-ad97-18cc025f9d05.STAR.v1.bam.cip	EGAD00001003415
EGAF00001683526	18.7 GB	MD5	87f640251a4499124dde992e368c3140	EGAZ00001310614/63b2e618-073c-488e-807b-918616625873/PCAWG.e202c6b8-6ac4-4a2a-840d-820a5f21c62e.STAR.v1.bam.cip	EGAD00001003415
EGAF00001683646	20.2 GB	MD5	8cc280346d927fd41f4505ffb2dc47b0	EGAZ00001310654/d2fbc473-33eb-4612-ae27-fd4b7cc32876/PCAWG.d44718b6-4b12-4228-ab2b-ccb35bae0b17.STAR.v1.bam.cip	EGAD00001003415
EGAF00001683643	27.0 GB	MD5	3e1280ba35cc6150451806d5e18e7f3e	EGAZ00001310653/d2674b1e-42ef-4f4a-a580-858a19e1c12c/PCAWG.4ab6f824-6fee-4623-a549-dc5f97152790.STAR.v1.bam.cip	EGAD00001003415
EGAF00001683523	15.8 GB	MD5	c30d3126da3667ddbf862a2c38abdf25	EGAZ00001310613/5e5f47bf-a780-40f7-824a-865b5940d9ff/PCAWG.34f65337-ca19-493e-8ca6-e6e28c39e5a2.STAR.v1.bam.cip	EGAD00001003415
EGAF00001683520	22.6 GB	MD5	543ebabfb5a96d46c369384d17e03096	EGAZ00001310612/5cc90ce3-0225-42eb-bee5-5967591fa4dd/PCAWG.69ffda6f-41a0-42b5-9d75-7be6bce7a8f5.STAR.v1.bam.cip	EGAD00001003415
EGAF00001683640	19.4 GB	MD5	bd0ef17ef903a3d5c4ad962497c7550a	EGAZ00001310652/cedb0f8d-4eb8-4821-99b2-93445b1fc5c3/PCAWG.ae6a5683-ffe3-4f7e-8805-f440874d2060.STAR.v1.bam.cip	EGAD00001003415
EGAF00001683658	18.2 GB	MD5	fcc9a6b4c6efa635c2a23a2e4f6dae07	EGAZ00001310658/dc334403-d477-47aa-8f42-0c02c40f1108/PCAWG.c2bf706a-27cb-4cd1-80f5-c453dc0d2e91.STAR.v1.bam.cip	EGAD00001003415
EGAF00001683538	14.0 GB	MD5	2f52a1da7995c47c3293b36dec144140	EGAZ00001310618/6ca0872e-42ca-4d53-94f7-73045cca47ff/PCAWG.f3ef932e-0934-489c-99e4-aac61ed88e15.STAR.v1.bam.cip	EGAD00001003415
EGAF00001683535	23.7 GB	MD5	c22341209408b0d886a3ccda7cf7c76d	EGAZ00001310617/6b9cc378-f270-4ebb-8c1d-501528b12bf3/PCAWG.d3410632-a274-46b4-8a2e-bbcfd698cc80.STAR.v1.bam.cip	EGAD00001003415
EGAF00001683655	20.0 GB	MD5	d9032785209fcb710826f9bf39726f13	EGAZ00001310657/db44de85-11f1-46a0-a982-d3b68e7362a9/PCAWG.97b507d6-ef0d-49ed-8498-2cc50473e12a.STAR.v1.bam.cip	EGAD00001003415
EGAF00001683652	18.0 GB	MD5	83fcc2ddf1d6bcce852eb8f336942d75	EGAZ00001310656/d96156c8-d951-422b-afe4-94e4ec46e488/PCAWG.573037f8-2859-48c2-8e9a-6da92b78ae29.STAR.v1.bam.cip	EGAD00001003415
EGAF00001683532	16.1 GB	MD5	5727139f958a1f2ba8b4d7c0a40a2993	EGAZ00001310616/64f29c61-9724-40c6-abda-86322dbfd043/PCAWG.4384f910-81c8-4cad-8b2c-74408ac98356.STAR.v1.bam.cip	EGAD00001003415
EGAF00001683667	16.3 GB	MD5	2dffb146cafd2348e2a8752436d8ddac	EGAZ00001310661/df0273bc-0722-4911-beb9-d450f64143cf/PCAWG.d6dda3e7-5a17-41b9-8dac-e2eebf8a02cf.STAR.v1.bam.cip	EGAD00001003415
EGAF00001683547	18.6 GB	MD5	98d267496ab8ca867690ddb908033e2c	EGAZ00001310621/75884e9b-0d37-4c0f-8560-886f27d8b4b9/PCAWG.55ca6dbe-ea95-4315-811d-d4beebb53756.STAR.v1.bam.cip	EGAD00001003415
EGAF00001683544	21.4 GB	MD5	4659af7250fa586128d31bbb9fe01370	EGAZ00001310620/6ebb3647-1d39-474b-a6e0-741f3ae5427f/PCAWG.886afa77-527c-4a8c-b382-d61ab8c7a4be.STAR.v1.bam.cip	EGAD00001003415
EGAF00001683664	10.3 GB	MD5	595e1eb4dd988b2ef3e44441f81a9b14	EGAZ00001310660/deb7d0c5-4b2f-4131-bb79-4e04989fadb3/PCAWG.57271b5d-5a74-4858-95a6-96118c90e1d3.STAR.v1.bam.cip	EGAD00001003415
EGAF00001683661	16.2 GB	MD5	3cfb8c92669140474e8bd0b3286dfcb2	EGAZ00001310659/dd62bc9e-0cc5-4b72-beda-db160b2f628c/PCAWG.bdb30670-e093-42c6-b32d-7ed2c397ac93.STAR.v1.bam.cip	EGAD00001003415
EGAF00001683541	13.1 GB	MD5	0062ee3ca20ced12f1ed712f48d492f6	EGAZ00001310619/6df64719-6ead-4d34-88ec-5feaad73fabb/PCAWG.e32387b8-8245-4e8d-ad8f-23b1bc7060c9.STAR.v1.bam.cip	EGAD00001003415
EGAF00001683607	11.2 GB	MD5	967d1e55f0a491e85a9292cc081bd752	EGAZ00001310641/b2285eba-83a5-4b51-a3a3-80a693735e03/PCAWG.dd5396a0-770c-4817-b6a1-937c4d2855be.STAR.v1.bam.cip	EGAD00001003415
EGAF00001683604	18.0 GB	MD5	a7d025005688b38cde3035254efa2ba1	EGAZ00001310640/a56d285d-8a91-4cb6-b44b-0aa5b9e354a9/PCAWG.edb28a6e-cdc9-4084-8d9e-0be1fa064776.STAR.v1.bam.cip	EGAD00001003415
EGAF00001683601	10.0 GB	MD5	4419afd0b3f134f1ccdb08fb344cc6e7	EGAZ00001310639/a549cac5-8c4b-41a8-a4ac-7f083eac45d9/PCAWG.37670696-c57e-44ac-9376-09f45581d6e4.STAR.v1.bam.cip	EGAD00001003415
EGAF00001683619	18.5 GB	MD5	013c0ece8071f7c72104987b7bd21154	EGAZ00001310645/ba64b7bd-ec5c-49f0-96e7-2cb8c3dc693d/PCAWG.bea8bc28-3b49-480c-a433-b4823cba0de2.STAR.v1.bam.cip	EGAD00001003415
EGAF00001683616	20.2 GB	MD5	377fe7895f62ae832824f7750adfeec4	EGAZ00001310644/b91bff13-15b1-4a59-bb5e-8f596ee5567f/PCAWG.3bf72221-5941-4472-bb1c-5b6976a05610.STAR.v1.bam.cip	EGAD00001003415
EGAF00001683613	16.7 GB	MD5	fd33b3463e5c643fd2595f8998e3f85d	EGAZ00001310643/b8224275-7b59-4f83-9fe1-e17c2abcfcf1/PCAWG.aaa428e0-6069-46df-9852-4d47aa5d8990.STAR.v1.bam.cip	EGAD00001003415
EGAF00001683610	15.5 GB	MD5	4f523d5029b736a2c457831a7f0e2e3d	EGAZ00001310642/b6483126-f307-472c-a63f-f911ba0e2d27/PCAWG.8b468225-f03c-4a42-b034-746149b709eb.STAR.v1.bam.cip	EGAD00001003415
EGAF00001683508	15.8 GB	MD5	1dbbf135231135f43b32c15d1eedce34	EGAZ00001310608/581a035b-dbf1-455d-b1af-da4cc90f74c6/PCAWG.b9fa6d31-aca3-47ed-9f5f-7524270db895.STAR.v1.bam.cip	EGAD00001003415
EGAF00001683628	13.5 GB	MD5	0900f59bedc179bd54cedac5def8dbc9	EGAZ00001310648/c8194231-96d6-4b1a-b3cf-f7dc9bcbfe85/PCAWG.595240a0-803a-4ff2-b78c-798cd7077c23.STAR.v1.bam.cip	EGAD00001003415
EGAF00001683625	15.2 GB	MD5	03c37c655bbb358d097295ef4ee0e508	EGAZ00001310647/c6ae5fa2-d403-401b-b44d-f03c06d8ce18/PCAWG.c6785c84-d769-4c34-97d0-d1ee00fc6c41.STAR.v1.bam.cip	EGAD00001003415
EGAF00001683505	15.1 GB	MD5	7fe86475974eb7d69cf414e8eeb8e5b6	EGAZ00001310607/56f61c0e-6865-4d99-b190-09e8e3a690f7/PCAWG.1f770205-fece-47c8-a12e-99b3450337b3.STAR.v1.bam.cip	EGAD00001003415
EGAF00001683502	18.2 GB	MD5	278a20d504e1981f28f36d25f82b1056	EGAZ00001310606/525c4958-d181-4c69-ade7-52f6eb5f8a11/PCAWG.852b9de2-ad4e-4130-a8db-032f140664c3.STAR.v1.bam.cip	EGAD00001003415
EGAF00001683622	19.5 GB	MD5	9db0806e8b99cacebec7bfa38fa7befe	EGAZ00001310646/bbf60d98-57ad-45c0-8941-70de3b92196b/PCAWG.554778f3-a699-43cc-93ac-f4bd2b8ba3d2.STAR.v1.bam.cip	EGAD00001003415
