file	format	type	num_seqs	sum_len	min_len	avg_len	max_len
output/SRR19762165_1.fastq.gz	FASTQ	RNA	21821518	3273227700	150	150.0	150
output/SRR19762165_2.fastq.gz	FASTQ	RNA	21821518	3273227700	150	150.0	150
output/SRR19762166_1.fastq.gz	FASTQ	RNA	26229854	3934478100	150	150.0	150
output/SRR19762166_2.fastq.gz	FASTQ	RNA	26229854	3934478100	150	150.0	150
output/SRR19762167_1.fastq.gz	FASTQ	RNA	30710015	4606502250	150	150.0	150
output/SRR19762167_2.fastq.gz	FASTQ	RNA	30710015	4606502250	150	150.0	150
output/SRR19762168_1.fastq.gz	FASTQ	RNA	29042921	4356438150	150	150.0	150
output/SRR19762168_2.fastq.gz	FASTQ	RNA	29042921	4356438150	150	150.0	150
output/SRR19762169_1.fastq.gz	FASTQ	RNA	22836260	3425439000	150	150.0	150
output/SRR19762169_2.fastq.gz	FASTQ	RNA	22836260	3425439000	150	150.0	150
output/SRR19762170_1.fastq.gz	FASTQ	RNA	19956405	2993460750	150	150.0	150
output/SRR19762170_2.fastq.gz	FASTQ	RNA	19956405	2993460750	150	150.0	150
output/SRR19762171_1.fastq.gz	FASTQ	RNA	46541747	6981262050	150	150.0	150
output/SRR19762171_2.fastq.gz	FASTQ	RNA	46541747	6981262050	150	150.0	150
output/SRR19762172_1.fastq.gz	FASTQ	RNA	37499277	5624891550	150	150.0	150
output/SRR19762172_2.fastq.gz	FASTQ	RNA	37499277	5624891550	150	150.0	150
output/SRR19762173_1.fastq.gz	FASTQ	RNA	26128458	3919268700	150	150.0	150
output/SRR19762173_2.fastq.gz	FASTQ	RNA	26128458	3919268700	150	150.0	150
output/SRR19762174_1.fastq.gz	FASTQ	RNA	53708995	8056349250	150	150.0	150
output/SRR19762174_2.fastq.gz	FASTQ	RNA	53708995	8056349250	150	150.0	150
output/SRR19762175_1.fastq.gz	FASTQ	RNA	30878813	4631821950	150	150.0	150
output/SRR19762175_2.fastq.gz	FASTQ	RNA	30878813	4631821950	150	150.0	150
output/SRR19762176_1.fastq.gz	FASTQ	RNA	28064213	4209631950	150	150.0	150
output/SRR19762176_2.fastq.gz	FASTQ	RNA	28064213	4209631950	150	150.0	150
output/SRR19762177_1.fastq.gz	FASTQ	RNA	29967922	4495188300	150	150.0	150
output/SRR19762177_2.fastq.gz	FASTQ	RNA	29967922	4495188300	150	150.0	150
output/SRR19762178_1.fastq.gz	FASTQ	RNA	28190231	4228534650	150	150.0	150
output/SRR19762178_2.fastq.gz	FASTQ	RNA	28190231	4228534650	150	150.0	150
output/SRR19762179_1.fastq.gz	FASTQ	RNA	35038371	5255755650	150	150.0	150
output/SRR19762179_2.fastq.gz	FASTQ	RNA	35038371	5255755650	150	150.0	150
output/SRR19762180_1.fastq.gz	FASTQ	RNA	24073138	3610970700	150	150.0	150
output/SRR19762180_2.fastq.gz	FASTQ	RNA	24073138	3610970700	150	150.0	150
output/SRR19762181_1.fastq.gz	FASTQ	RNA	21464893	3219733950	150	150.0	150
output/SRR19762181_2.fastq.gz	FASTQ	RNA	21464893	3219733950	150	150.0	150
output/SRR19762182_1.fastq.gz	FASTQ	RNA	26711623	4006743450	150	150.0	150
output/SRR19762182_2.fastq.gz	FASTQ	RNA	26711623	4006743450	150	150.0	150
output/SRR19762183_1.fastq.gz	FASTQ	RNA	26970812	4045621800	150	150.0	150
output/SRR19762183_2.fastq.gz	FASTQ	RNA	26970812	4045621800	150	150.0	150
output/SRR19762184_1.fastq.gz	FASTQ	RNA	31290162	4693524300	150	150.0	150
output/SRR19762184_2.fastq.gz	FASTQ	RNA	31290162	4693524300	150	150.0	150
output/SRR19762185_1.fastq.gz	FASTQ	RNA	31850453	4777567950	150	150.0	150
output/SRR19762185_2.fastq.gz	FASTQ	RNA	31850453	4777567950	150	150.0	150
output/SRR19762186_1.fastq.gz	FASTQ	RNA	28841580	4326237000	150	150.0	150
output/SRR19762186_2.fastq.gz	FASTQ	RNA	28841580	4326237000	150	150.0	150
output/SRR19762187_1.fastq.gz	FASTQ	RNA	52974364	7946154600	150	150.0	150
output/SRR19762187_2.fastq.gz	FASTQ	RNA	52974364	7946154600	150	150.0	150
output/SRR19762188_1.fastq.gz	FASTQ	RNA	27652300	4147845000	150	150.0	150
output/SRR19762188_2.fastq.gz	FASTQ	RNA	27652300	4147845000	150	150.0	150
output/SRR19762189_1.fastq.gz	FASTQ	RNA	22297517	3344627550	150	150.0	150
output/SRR19762189_2.fastq.gz	FASTQ	RNA	22297517	3344627550	150	150.0	150
output/SRR19762190_1.fastq.gz	FASTQ	RNA	28038832	4205824800	150	150.0	150
output/SRR19762190_2.fastq.gz	FASTQ	RNA	28038832	4205824800	150	150.0	150
output/SRR19762191_1.fastq.gz	FASTQ	RNA	32766214	4914932100	150	150.0	150
output/SRR19762191_2.fastq.gz	FASTQ	RNA	32766214	4914932100	150	150.0	150
output/SRR19762192_1.fastq.gz	FASTQ	RNA	40619679	6092951850	150	150.0	150
output/SRR19762192_2.fastq.gz	FASTQ	RNA	40619679	6092951850	150	150.0	150
output/SRR19762193_1.fastq.gz	FASTQ	RNA	28277189	4241578350	150	150.0	150
output/SRR19762193_2.fastq.gz	FASTQ	RNA	28277189	4241578350	150	150.0	150
output/SRR19762194_1.fastq.gz	FASTQ	RNA	32768224	4915233600	150	150.0	150
output/SRR19762194_2.fastq.gz	FASTQ	RNA	32768224	4915233600	150	150.0	150
output/SRR19762195_1.fastq.gz	FASTQ	RNA	28070077	4210511550	150	150.0	150
output/SRR19762195_2.fastq.gz	FASTQ	RNA	28070077	4210511550	150	150.0	150
output/SRR19762196_1.fastq.gz	FASTQ	RNA	28634664	4295199600	150	150.0	150
output/SRR19762196_2.fastq.gz	FASTQ	RNA	28634664	4295199600	150	150.0	150
output/SRR19762197_1.fastq.gz	FASTQ	RNA	24471057	3670658550	150	150.0	150
output/SRR19762197_2.fastq.gz	FASTQ	RNA	24471057	3670658550	150	150.0	150
output/SRR19762198_1.fastq.gz	FASTQ	RNA	27877330	4181599500	150	150.0	150
output/SRR19762198_2.fastq.gz	FASTQ	RNA	27877330	4181599500	150	150.0	150
output/SRR19762199_1.fastq.gz	FASTQ	RNA	28691576	4303736400	150	150.0	150
output/SRR19762199_2.fastq.gz	FASTQ	RNA	28691576	4303736400	150	150.0	150
output/SRR19762200_1.fastq.gz	FASTQ	RNA	23310043	3496506450	150	150.0	150
output/SRR19762200_2.fastq.gz	FASTQ	RNA	23310043	3496506450	150	150.0	150
output/SRR19762201_1.fastq.gz	FASTQ	RNA	23323825	3498573750	150	150.0	150
output/SRR19762201_2.fastq.gz	FASTQ	RNA	23323825	3498573750	150	150.0	150
output/SRR19762202_1.fastq.gz	FASTQ	RNA	58547079	8782061850	150	150.0	150
output/SRR19762202_2.fastq.gz	FASTQ	RNA	58547079	8782061850	150	150.0	150
output/SRR19762203_1.fastq.gz	FASTQ	RNA	30103754	4515563100	150	150.0	150
output/SRR19762203_2.fastq.gz	FASTQ	RNA	30103754	4515563100	150	150.0	150
output/SRR19762204_1.fastq.gz	FASTQ	RNA	34032619	5104892850	150	150.0	150
output/SRR19762204_2.fastq.gz	FASTQ	RNA	34032619	5104892850	150	150.0	150
output/SRR19762205_1.fastq.gz	FASTQ	RNA	21252228	3187834200	150	150.0	150
output/SRR19762205_2.fastq.gz	FASTQ	RNA	21252228	3187834200	150	150.0	150
output/SRR19762206_1.fastq.gz	FASTQ	RNA	32893594	4934039100	150	150.0	150
output/SRR19762206_2.fastq.gz	FASTQ	RNA	32893594	4934039100	150	150.0	150
output/SRR19762207_1.fastq.gz	FASTQ	RNA	25560190	3834028500	150	150.0	150
output/SRR19762207_2.fastq.gz	FASTQ	RNA	25560190	3834028500	150	150.0	150
output/SRR19762208_2.fastq.gz	FASTQ	RNA	31994106	4799115900	150	150.0	150
output/SRR19762209_1.fastq.gz	FASTQ	RNA	22958064	3443709600	150	150.0	150
output/SRR19762209_2.fastq.gz	FASTQ	RNA	22958064	3443709600	150	150.0	150
output/SRR19762210_1.fastq.gz	FASTQ	RNA	33242264	4986339600	150	150.0	150
output/SRR19762210_2.fastq.gz	FASTQ	RNA	33242264	4986339600	150	150.0	150
output/SRR19762211_1.fastq.gz	FASTQ	RNA	32437661	4865649150	150	150.0	150
output/SRR19762211_2.fastq.gz	FASTQ	RNA	32437661	4865649150	150	150.0	150
output/SRR19762212_1.fastq.gz	FASTQ	RNA	23648166	3547224900	150	150.0	150
output/SRR19762212_2.fastq.gz	FASTQ	RNA	23648166	3547224900	150	150.0	150
output/SRR19762213_1.fastq.gz	FASTQ	RNA	35115998	5267399700	150	150.0	150
output/SRR19762213_2.fastq.gz	FASTQ	RNA	35115998	5267399700	150	150.0	150
output/SRR19762214_1.fastq.gz	FASTQ	RNA	32819272	4922890800	150	150.0	150
output/SRR19762214_2.fastq.gz	FASTQ	RNA	32819272	4922890800	150	150.0	150
output/SRR19762215_1.fastq.gz	FASTQ	RNA	25362272	3804340800	150	150.0	150
output/SRR19762215_2.fastq.gz	FASTQ	RNA	25362272	3804340800	150	150.0	150
output/SRR19762216_1.fastq.gz	FASTQ	RNA	39165603	5874840450	150	150.0	150
output/SRR19762216_2.fastq.gz	FASTQ	RNA	39165603	5874840450	150	150.0	150
output/SRR19762217_1.fastq.gz	FASTQ	RNA	31371329	4705699350	150	150.0	150
output/SRR19762217_2.fastq.gz	FASTQ	RNA	31371329	4705699350	150	150.0	150
output/SRR19762218_1.fastq.gz	FASTQ	RNA	25850329	3877549350	150	150.0	150
output/SRR19762218_2.fastq.gz	FASTQ	RNA	25850329	3877549350	150	150.0	150
output/SRR19762219_1.fastq.gz	FASTQ	RNA	27229686	4084452900	150	150.0	150
output/SRR19762219_2.fastq.gz	FASTQ	RNA	27229686	4084452900	150	150.0	150
output/SRR19762220_1.fastq.gz	FASTQ	RNA	20450317	3067547550	150	150.0	150
output/SRR19762220_2.fastq.gz	FASTQ	RNA	20450317	3067547550	150	150.0	150
output/SRR19762221_1.fastq.gz	FASTQ	RNA	20780033	3117004950	150	150.0	150
output/SRR19762221_2.fastq.gz	FASTQ	RNA	20780033	3117004950	150	150.0	150
output/SRR19762222_1.fastq.gz	FASTQ	RNA	32423641	4863546150	150	150.0	150
output/SRR19762222_2.fastq.gz	FASTQ	RNA	32423641	4863546150	150	150.0	150
output/SRR19762223_1.fastq.gz	FASTQ	RNA	30355376	4553306400	150	150.0	150
output/SRR19762223_2.fastq.gz	FASTQ	RNA	30355376	4553306400	150	150.0	150
output/SRR19762224_1.fastq.gz	FASTQ	RNA	24858299	3728744850	150	150.0	150
output/SRR19762224_2.fastq.gz	FASTQ	RNA	24858299	3728744850	150	150.0	150
output/SRR19762225_1.fastq.gz	FASTQ	RNA	32005058	4800758700	150	150.0	150
output/SRR19762225_2.fastq.gz	FASTQ	RNA	32005058	4800758700	150	150.0	150
output/SRR19762226_1.fastq.gz	FASTQ	RNA	30982553	4647382950	150	150.0	150
output/SRR19762226_2.fastq.gz	FASTQ	RNA	30982553	4647382950	150	150.0	150
output/SRR19762227_1.fastq.gz	FASTQ	RNA	26953953	4043092950	150	150.0	150
output/SRR19762227_2.fastq.gz	FASTQ	RNA	26953953	4043092950	150	150.0	150
output/SRR19762228_1.fastq.gz	FASTQ	RNA	23054877	3458231550	150	150.0	150
output/SRR19762228_2.fastq.gz	FASTQ	RNA	23054877	3458231550	150	150.0	150
output/SRR19762229_1.fastq.gz	FASTQ	RNA	28046129	4206919350	150	150.0	150
output/SRR19762229_2.fastq.gz	FASTQ	RNA	28046129	4206919350	150	150.0	150
output/SRR19762230_1.fastq.gz	FASTQ	RNA	26223850	3933577500	150	150.0	150
output/SRR19762230_2.fastq.gz	FASTQ	RNA	26223850	3933577500	150	150.0	150
output/SRR19762231_1.fastq.gz	FASTQ	RNA	31832647	4774897050	150	150.0	150
output/SRR19762231_2.fastq.gz	FASTQ	RNA	31832647	4774897050	150	150.0	150
output/SRR19762232_1.fastq.gz	FASTQ	RNA	28435573	4265335950	150	150.0	150
output/SRR19762232_2.fastq.gz	FASTQ	RNA	28435573	4265335950	150	150.0	150
output/SRR19762233_1.fastq.gz	FASTQ	RNA	30406361	4560954150	150	150.0	150
output/SRR19762233_2.fastq.gz	FASTQ	RNA	30406361	4560954150	150	150.0	150
output/SRR19762234_1.fastq.gz	FASTQ	RNA	18390577	2758586550	150	150.0	150
output/SRR19762234_2.fastq.gz	FASTQ	RNA	18390577	2758586550	150	150.0	150
output/SRR19762235_1.fastq.gz	FASTQ	RNA	36250620	5437593000	150	150.0	150
output/SRR19762235_2.fastq.gz	FASTQ	RNA	36250620	5437593000	150	150.0	150
output/SRR19762236_1.fastq.gz	FASTQ	RNA	34005839	5100875850	150	150.0	150
output/SRR19762236_2.fastq.gz	FASTQ	RNA	34005839	5100875850	150	150.0	150
output/SRR19762237_1.fastq.gz	FASTQ	RNA	27604717	4140707550	150	150.0	150
output/SRR19762237_2.fastq.gz	FASTQ	RNA	27604717	4140707550	150	150.0	150
output/SRR19762238_1.fastq.gz	FASTQ	RNA	31553921	4733088150	150	150.0	150
output/SRR19762238_2.fastq.gz	FASTQ	RNA	31553921	4733088150	150	150.0	150
output/SRR19762239_1.fastq.gz	FASTQ	RNA	32118526	4817778900	150	150.0	150
output/SRR19762239_2.fastq.gz	FASTQ	RNA	32118526	4817778900	150	150.0	150
output/SRR19762240_1.fastq.gz	FASTQ	RNA	26057209	3908581350	150	150.0	150
output/SRR19762240_2.fastq.gz	FASTQ	RNA	26057209	3908581350	150	150.0	150
output/SRR19762241_1.fastq.gz	FASTQ	RNA	29856899	4478534850	150	150.0	150
output/SRR19762241_2.fastq.gz	FASTQ	RNA	29856899	4478534850	150	150.0	150
output/SRR19762242_1.fastq.gz	FASTQ	RNA	48143953	7221592950	150	150.0	150
output/SRR19762242_2.fastq.gz	FASTQ	RNA	48143953	7221592950	150	150.0	150
output/SRR19762243_1.fastq.gz	FASTQ	RNA	20828462	3124269300	150	150.0	150
output/SRR19762243_2.fastq.gz	FASTQ	RNA	20828462	3124269300	150	150.0	150
output/SRR19762244_1.fastq.gz	FASTQ	RNA	27420400	4113060000	150	150.0	150
output/SRR19762244_2.fastq.gz	FASTQ	RNA	27420400	4113060000	150	150.0	150
output/SRR19762245_1.fastq.gz	FASTQ	RNA	26676160	4001424000	150	150.0	150
output/SRR19762245_2.fastq.gz	FASTQ	RNA	26676160	4001424000	150	150.0	150
output/SRR19762246_1.fastq.gz	FASTQ	RNA	23735154	3560273100	150	150.0	150
output/SRR19762246_2.fastq.gz	FASTQ	RNA	23735154	3560273100	150	150.0	150
output/SRR19762247_1.fastq.gz	FASTQ	RNA	34760102	5214015300	150	150.0	150
output/SRR19762247_2.fastq.gz	FASTQ	RNA	34760102	5214015300	150	150.0	150
output/SRR19762248_1.fastq.gz	FASTQ	RNA	47615356	7142303400	150	150.0	150
output/SRR19762248_2.fastq.gz	FASTQ	RNA	47615356	7142303400	150	150.0	150
output/SRR19762249_1.fastq.gz	FASTQ	RNA	25034996	3755249400	150	150.0	150
output/SRR19762249_2.fastq.gz	FASTQ	RNA	25034996	3755249400	150	150.0	150
output/SRR19762250_1.fastq.gz	FASTQ	RNA	27987650	4198147500	150	150.0	150
output/SRR19762250_2.fastq.gz	FASTQ	RNA	27987650	4198147500	150	150.0	150
output/SRR19762251_1.fastq.gz	FASTQ	RNA	21772376	3265856400	150	150.0	150
output/SRR19762251_2.fastq.gz	FASTQ	RNA	21772376	3265856400	150	150.0	150
output/SRR19762252_1.fastq.gz	FASTQ	RNA	30331149	4549672350	150	150.0	150
output/SRR19762252_2.fastq.gz	FASTQ	RNA	30331149	4549672350	150	150.0	150
output/SRR19762253_1.fastq.gz	FASTQ	RNA	31380628	4707094200	150	150.0	150
output/SRR19762253_2.fastq.gz	FASTQ	RNA	31380628	4707094200	150	150.0	150
output/SRR19762254_1.fastq.gz	FASTQ	RNA	48073588	7211038200	150	150.0	150
output/SRR19762254_2.fastq.gz	FASTQ	RNA	48073588	7211038200	150	150.0	150
output/SRR19762255_1.fastq.gz	FASTQ	RNA	23284885	3492732750	150	150.0	150
output/SRR19762255_2.fastq.gz	FASTQ	RNA	23284885	3492732750	150	150.0	150
output/SRR19762256_1.fastq.gz	FASTQ	RNA	27872772	4180915800	150	150.0	150
output/SRR19762256_2.fastq.gz	FASTQ	RNA	27872772	4180915800	150	150.0	150
output/SRR19762257_1.fastq.gz	FASTQ	RNA	32350158	4852523700	150	150.0	150
output/SRR19762257_2.fastq.gz	FASTQ	RNA	32350158	4852523700	150	150.0	150
output/SRR19762258_1.fastq.gz	FASTQ	RNA	28493041	4273956150	150	150.0	150
output/SRR19762258_2.fastq.gz	FASTQ	RNA	28493041	4273956150	150	150.0	150
output/SRR19762259_1.fastq.gz	FASTQ	RNA	27960157	4194023550	150	150.0	150
output/SRR19762259_2.fastq.gz	FASTQ	RNA	27960157	4194023550	150	150.0	150
output/SRR19762260_1.fastq.gz	FASTQ	RNA	29825295	4473794250	150	150.0	150
output/SRR19762260_2.fastq.gz	FASTQ	RNA	29825295	4473794250	150	150.0	150
output/SRR19762261_1.fastq.gz	FASTQ	RNA	26895675	4034351250	150	150.0	150
output/SRR19762261_2.fastq.gz	FASTQ	RNA	26895675	4034351250	150	150.0	150
output/SRR19762262_1.fastq.gz	FASTQ	RNA	29012044	4351806600	150	150.0	150
output/SRR19762262_2.fastq.gz	FASTQ	RNA	29012044	4351806600	150	150.0	150
output/SRR19762263_1.fastq.gz	FASTQ	RNA	25768107	3865216050	150	150.0	150
output/SRR19762263_2.fastq.gz	FASTQ	RNA	25768107	3865216050	150	150.0	150
output/SRR19762264_1.fastq.gz	FASTQ	RNA	26857628	4028644200	150	150.0	150
output/SRR19762264_2.fastq.gz	FASTQ	RNA	26857628	4028644200	150	150.0	150
output/SRR19762265_1.fastq.gz	FASTQ	RNA	46323512	6948526800	150	150.0	150
output/SRR19762265_2.fastq.gz	FASTQ	RNA	46323512	6948526800	150	150.0	150
output/SRR19762266_1.fastq.gz	FASTQ	RNA	26508097	3976214550	150	150.0	150
output/SRR19762266_2.fastq.gz	FASTQ	RNA	26508097	3976214550	150	150.0	150
output/SRR19762267_1.fastq.gz	FASTQ	RNA	30975356	4646303400	150	150.0	150
output/SRR19762267_2.fastq.gz	FASTQ	RNA	30975356	4646303400	150	150.0	150
output/SRR19762268_1.fastq.gz	FASTQ	RNA	27232978	4084946700	150	150.0	150
output/SRR19762268_2.fastq.gz	FASTQ	RNA	27232978	4084946700	150	150.0	150
output/SRR19762269_1.fastq.gz	FASTQ	RNA	28418047	4262707050	150	150.0	150
output/SRR19762269_2.fastq.gz	FASTQ	RNA	28418047	4262707050	150	150.0	150
output/SRR19762270_1.fastq.gz	FASTQ	RNA	29003082	4350462300	150	150.0	150
output/SRR19762270_2.fastq.gz	FASTQ	RNA	29003082	4350462300	150	150.0	150
output/SRR19762271_2.fastq.gz	FASTQ	RNA	51171898	7675784700	150	150.0	150
output/SRR19762272_1.fastq.gz	FASTQ	RNA	29660640	4449096000	150	150.0	150
output/SRR19762272_2.fastq.gz	FASTQ	RNA	29660640	4449096000	150	150.0	150
output/SRR19762273_1.fastq.gz	FASTQ	RNA	30296688	4544503200	150	150.0	150
output/SRR19762273_2.fastq.gz	FASTQ	RNA	30296688	4544503200	150	150.0	150
output/SRR19762274_1.fastq.gz	FASTQ	RNA	22619798	3392969700	150	150.0	150
output/SRR19762274_2.fastq.gz	FASTQ	RNA	22619798	3392969700	150	150.0	150
output/SRR19762275_1.fastq.gz	FASTQ	RNA	27320772	4098115800	150	150.0	150
output/SRR19762275_2.fastq.gz	FASTQ	RNA	27320772	4098115800	150	150.0	150
output/SRR19762276_1.fastq.gz	FASTQ	RNA	26254350	3938152500	150	150.0	150
output/SRR19762276_2.fastq.gz	FASTQ	RNA	26254350	3938152500	150	150.0	150
output/SRR19762277_1.fastq.gz	FASTQ	RNA	27395424	4109313600	150	150.0	150
output/SRR19762277_2.fastq.gz	FASTQ	RNA	27395424	4109313600	150	150.0	150
output/SRR19762278_1.fastq.gz	FASTQ	RNA	25339532	3800929800	150	150.0	150
output/SRR19762278_2.fastq.gz	FASTQ	RNA	25339532	3800929800	150	150.0	150
output/SRR19762279_1.fastq.gz	FASTQ	RNA	26759089	4013863350	150	150.0	150
output/SRR19762279_2.fastq.gz	FASTQ	RNA	26759089	4013863350	150	150.0	150
output/SRR19762280_1.fastq.gz	FASTQ	RNA	26125438	3918815700	150	150.0	150
output/SRR19762280_2.fastq.gz	FASTQ	RNA	26125438	3918815700	150	150.0	150
output/SRR19762281_1.fastq.gz	FASTQ	RNA	71238030	10685704500	150	150.0	150
output/SRR19762282_1.fastq.gz	FASTQ	RNA	24088481	3613272150	150	150.0	150
output/SRR19762282_2.fastq.gz	FASTQ	RNA	24088481	3613272150	150	150.0	150
output/SRR19762283_1.fastq.gz	FASTQ	RNA	31718333	4757749950	150	150.0	150
output/SRR19762283_2.fastq.gz	FASTQ	RNA	31718333	4757749950	150	150.0	150
output/SRR19762284_1.fastq.gz	FASTQ	RNA	28056729	4208509350	150	150.0	150
output/SRR19762284_2.fastq.gz	FASTQ	RNA	28056729	4208509350	150	150.0	150
output/SRR19762285_1.fastq.gz	FASTQ	RNA	28365724	4254858600	150	150.0	150
output/SRR19762285_2.fastq.gz	FASTQ	RNA	28365724	4254858600	150	150.0	150
output/SRR19762286_1.fastq.gz	FASTQ	RNA	36693307	5503996050	150	150.0	150
output/SRR19762286_2.fastq.gz	FASTQ	RNA	36693307	5503996050	150	150.0	150
output/SRR19762287_1.fastq.gz	FASTQ	RNA	24150692	3622603800	150	150.0	150
output/SRR19762287_2.fastq.gz	FASTQ	RNA	24150692	3622603800	150	150.0	150
output/SRR19762288_1.fastq.gz	FASTQ	RNA	27523770	4128565500	150	150.0	150
output/SRR19762288_2.fastq.gz	FASTQ	RNA	27523770	4128565500	150	150.0	150
output/SRR19762289_1.fastq.gz	FASTQ	RNA	27990359	4198553850	150	150.0	150
output/SRR19762289_2.fastq.gz	FASTQ	RNA	27990359	4198553850	150	150.0	150
output/SRR19762290_1.fastq.gz	FASTQ	RNA	27877131	4181569650	150	150.0	150
output/SRR19762290_2.fastq.gz	FASTQ	RNA	27877131	4181569650	150	150.0	150
output/SRR19762291_1.fastq.gz	FASTQ	RNA	24236405	3635460750	150	150.0	150
output/SRR19762291_2.fastq.gz	FASTQ	RNA	24236405	3635460750	150	150.0	150
output/SRR19762292_1.fastq.gz	FASTQ	RNA	28251205	4237680750	150	150.0	150
output/SRR19762292_2.fastq.gz	FASTQ	RNA	28251205	4237680750	150	150.0	150
output/SRR19762293_1.fastq.gz	FASTQ	RNA	47339719	7100957850	150	150.0	150
output/SRR19762293_2.fastq.gz	FASTQ	RNA	47339719	7100957850	150	150.0	150
output/SRR19762294_2.fastq.gz	FASTQ	RNA	22838359	3425753850	150	150.0	150
output/SRR19762295_1.fastq.gz	FASTQ	RNA	29071254	4360688100	150	150.0	150
output/SRR19762295_2.fastq.gz	FASTQ	RNA	29071254	4360688100	150	150.0	150
output/SRR19762296_1.fastq.gz	FASTQ	RNA	27090613	4063591950	150	150.0	150
output/SRR19762296_2.fastq.gz	FASTQ	RNA	27090613	4063591950	150	150.0	150
output/SRR19762297_1.fastq.gz	FASTQ	RNA	29288026	4393203900	150	150.0	150
output/SRR19762297_2.fastq.gz	FASTQ	RNA	29288026	4393203900	150	150.0	150
output/SRR19762298_1.fastq.gz	FASTQ	RNA	28947449	4342117350	150	150.0	150
output/SRR19762298_2.fastq.gz	FASTQ	RNA	28947449	4342117350	150	150.0	150
output/SRR19762299_1.fastq.gz	FASTQ	RNA	28052304	4207845600	150	150.0	150
output/SRR19762299_2.fastq.gz	FASTQ	RNA	28052304	4207845600	150	150.0	150
output/SRR19762300_1.fastq.gz	FASTQ	RNA	51605840	7740876000	150	150.0	150
output/SRR19762300_2.fastq.gz	FASTQ	RNA	51605840	7740876000	150	150.0	150
output/SRR19762301_1.fastq.gz	FASTQ	RNA	90823295	13623494250	150	150.0	150
output/SRR19762301_2.fastq.gz	FASTQ	RNA	90823295	13623494250	150	150.0	150
output/SRR19762302_1.fastq.gz	FASTQ	RNA	25320945	3798141750	150	150.0	150
output/SRR19762302_2.fastq.gz	FASTQ	RNA	25320945	3798141750	150	150.0	150
output/SRR19762303_1.fastq.gz	FASTQ	RNA	34379857	5156978550	150	150.0	150
output/SRR19762303_2.fastq.gz	FASTQ	RNA	34379857	5156978550	150	150.0	150
output/SRR19762304_1.fastq.gz	FASTQ	RNA	30253542	4538031300	150	150.0	150
output/SRR19762304_2.fastq.gz	FASTQ	RNA	30253542	4538031300	150	150.0	150
output/SRR19762305_1.fastq.gz	FASTQ	RNA	28321924	4248288600	150	150.0	150
output/SRR19762305_2.fastq.gz	FASTQ	RNA	28321924	4248288600	150	150.0	150
output/SRR19762306_1.fastq.gz	FASTQ	RNA	29675380	4451307000	150	150.0	150
output/SRR19762306_2.fastq.gz	FASTQ	RNA	29675380	4451307000	150	150.0	150
output/SRR19762307_1.fastq.gz	FASTQ	RNA	27791823	4168773450	150	150.0	150
output/SRR19762307_2.fastq.gz	FASTQ	RNA	27791823	4168773450	150	150.0	150
output/SRR19762308_1.fastq.gz	FASTQ	RNA	24373830	3656074500	150	150.0	150
output/SRR19762309_1.fastq.gz	FASTQ	RNA	27878470	4181770500	150	150.0	150
output/SRR19762309_2.fastq.gz	FASTQ	RNA	27878470	4181770500	150	150.0	150
output/SRR19762310_1.fastq.gz	FASTQ	RNA	27483459	4122518850	150	150.0	150
output/SRR19762310_2.fastq.gz	FASTQ	RNA	27483459	4122518850	150	150.0	150
output/SRR19762311_1.fastq.gz	FASTQ	RNA	24625706	3693855900	150	150.0	150
output/SRR19762311_2.fastq.gz	FASTQ	RNA	24625706	3693855900	150	150.0	150
output/SRR19762312_1.fastq.gz	FASTQ	RNA	34251628	5137744200	150	150.0	150
output/SRR19762312_2.fastq.gz	FASTQ	RNA	34251628	5137744200	150	150.0	150
output/SRR19762313_1.fastq.gz	FASTQ	RNA	33468456	5020268400	150	150.0	150
output/SRR19762313_2.fastq.gz	FASTQ	RNA	33468456	5020268400	150	150.0	150
output/SRR19762314_1.fastq.gz	FASTQ	RNA	28952837	4342925550	150	150.0	150
output/SRR19762314_2.fastq.gz	FASTQ	RNA	28952837	4342925550	150	150.0	150
output/SRR19762315_2.fastq.gz	FASTQ	RNA	28977984	4346697600	150	150.0	150
output/SRR19762316_1.fastq.gz	FASTQ	RNA	35102855	5265428250	150	150.0	150
output/SRR19762316_2.fastq.gz	FASTQ	RNA	35102855	5265428250	150	150.0	150
output/SRR19762317_1.fastq.gz	FASTQ	RNA	63569223	9535383450	150	150.0	150
output/SRR19762317_2.fastq.gz	FASTQ	RNA	63569223	9535383450	150	150.0	150
output/SRR19762318_1.fastq.gz	FASTQ	RNA	28202886	4230432900	150	150.0	150
output/SRR19762318_2.fastq.gz	FASTQ	RNA	28202886	4230432900	150	150.0	150
output/SRR19762319_1.fastq.gz	FASTQ	RNA	24209297	3631394550	150	150.0	150
output/SRR19762319_2.fastq.gz	FASTQ	RNA	24209297	3631394550	150	150.0	150
output/SRR19762320_1.fastq.gz	FASTQ	RNA	25454205	3818130750	150	150.0	150
output/SRR19762320_2.fastq.gz	FASTQ	RNA	25454205	3818130750	150	150.0	150
output/SRR19762321_1.fastq.gz	FASTQ	RNA	24537092	3680563800	150	150.0	150
output/SRR19762321_2.fastq.gz	FASTQ	RNA	24537092	3680563800	150	150.0	150
output/SRR19762322_1.fastq.gz	FASTQ	RNA	47446314	7116947100	150	150.0	150
output/SRR19762322_2.fastq.gz	FASTQ	RNA	47446314	7116947100	150	150.0	150
output/SRR19762323_1.fastq.gz	FASTQ	RNA	28809009	4321351350	150	150.0	150
output/SRR19762323_2.fastq.gz	FASTQ	RNA	28809009	4321351350	150	150.0	150
output/SRR19762324_1.fastq.gz	FASTQ	RNA	22698340	3404751000	150	150.0	150
output/SRR19762324_2.fastq.gz	FASTQ	RNA	22698340	3404751000	150	150.0	150
output/SRR19762325_1.fastq.gz	FASTQ	RNA	23440914	3516137100	150	150.0	150
output/SRR19762325_2.fastq.gz	FASTQ	RNA	23440914	3516137100	150	150.0	150
output/SRR19762326_1.fastq.gz	FASTQ	RNA	28061960	4209294000	150	150.0	150
output/SRR19762326_2.fastq.gz	FASTQ	RNA	28061960	4209294000	150	150.0	150
output/SRR19762327_1.fastq.gz	FASTQ	RNA	30434204	4565130600	150	150.0	150
output/SRR19762327_2.fastq.gz	FASTQ	RNA	30434204	4565130600	150	150.0	150
output/SRR19762328_1.fastq.gz	FASTQ	RNA	28782144	4317321600	150	150.0	150
output/SRR19762328_2.fastq.gz	FASTQ	RNA	28782144	4317321600	150	150.0	150
output/SRR19762329_1.fastq.gz	FASTQ	RNA	27920688	4188103200	150	150.0	150
output/SRR19762329_2.fastq.gz	FASTQ	RNA	27920688	4188103200	150	150.0	150
output/SRR19762330_1.fastq.gz	FASTQ	RNA	34028411	5104261650	150	150.0	150
output/SRR19762330_2.fastq.gz	FASTQ	RNA	34028411	5104261650	150	150.0	150
output/SRR19762331_1.fastq.gz	FASTQ	RNA	24099548	3614932200	150	150.0	150
output/SRR19762331_2.fastq.gz	FASTQ	RNA	24099548	3614932200	150	150.0	150
output/SRR19762332_1.fastq.gz	FASTQ	RNA	27417808	4112671200	150	150.0	150
output/SRR19762332_2.fastq.gz	FASTQ	RNA	27417808	4112671200	150	150.0	150
output/SRR19762333_1.fastq.gz	FASTQ	RNA	27440183	4116027450	150	150.0	150
output/SRR19762333_2.fastq.gz	FASTQ	RNA	27440183	4116027450	150	150.0	150
output/SRR19762334_1.fastq.gz	FASTQ	RNA	31304199	4695629850	150	150.0	150
output/SRR19762334_2.fastq.gz	FASTQ	RNA	31304199	4695629850	150	150.0	150
output/SRR19762335_1.fastq.gz	FASTQ	RNA	19429393	2914408950	150	150.0	150
output/SRR19762335_2.fastq.gz	FASTQ	RNA	19429393	2914408950	150	150.0	150
output/SRR19762336_1.fastq.gz	FASTQ	RNA	28373827	4256074050	150	150.0	150
output/SRR19762336_2.fastq.gz	FASTQ	RNA	28373827	4256074050	150	150.0	150
output/SRR19762337_1.fastq.gz	FASTQ	RNA	28423239	4263485850	150	150.0	150
output/SRR19762337_2.fastq.gz	FASTQ	RNA	28423239	4263485850	150	150.0	150
output/SRR19762338_1.fastq.gz	FASTQ	RNA	29209994	4381499100	150	150.0	150
output/SRR19762338_2.fastq.gz	FASTQ	RNA	29209994	4381499100	150	150.0	150
output/SRR19762339_1.fastq.gz	FASTQ	RNA	28148423	4222263450	150	150.0	150
output/SRR19762339_2.fastq.gz	FASTQ	RNA	28148423	4222263450	150	150.0	150
output/SRR19762340_1.fastq.gz	FASTQ	RNA	25835562	3875334300	150	150.0	150
output/SRR19762340_2.fastq.gz	FASTQ	RNA	25835562	3875334300	150	150.0	150
output/SRR19762341_1.fastq.gz	FASTQ	RNA	23069062	3460359300	150	150.0	150
output/SRR19762341_2.fastq.gz	FASTQ	RNA	23069062	3460359300	150	150.0	150
output/SRR19762342_2.fastq.gz	FASTQ	RNA	57327737	8599160550	150	150.0	150
output/SRR19762343_1.fastq.gz	FASTQ	RNA	27507131	4126069650	150	150.0	150
output/SRR19762343_2.fastq.gz	FASTQ	RNA	27507131	4126069650	150	150.0	150
output/SRR19762344_1.fastq.gz	FASTQ	RNA	27176397	4076459550	150	150.0	150
output/SRR19762344_2.fastq.gz	FASTQ	RNA	27176397	4076459550	150	150.0	150
output/SRR19762345_1.fastq.gz	FASTQ	RNA	68603005	10290450750	150	150.0	150
output/SRR19762345_2.fastq.gz	FASTQ	RNA	68603005	10290450750	150	150.0	150
output/SRR19762346_1.fastq.gz	FASTQ	RNA	24062761	3609414150	150	150.0	150
output/SRR19762346_2.fastq.gz	FASTQ	RNA	24062761	3609414150	150	150.0	150
output/SRR19762347_1.fastq.gz	FASTQ	RNA	25643104	3846465600	150	150.0	150
output/SRR19762347_2.fastq.gz	FASTQ	RNA	25643104	3846465600	150	150.0	150
output/SRR19762348_1.fastq.gz	FASTQ	RNA	27272630	4090894500	150	150.0	150
output/SRR19762348_2.fastq.gz	FASTQ	RNA	27272630	4090894500	150	150.0	150
output/SRR19762349_1.fastq.gz	FASTQ	RNA	34062164	5109324600	150	150.0	150
output/SRR19762349_2.fastq.gz	FASTQ	RNA	34062164	5109324600	150	150.0	150
output/SRR19762350_1.fastq.gz	FASTQ	RNA	33972999	5095949850	150	150.0	150
output/SRR19762350_2.fastq.gz	FASTQ	RNA	33972999	5095949850	150	150.0	150
output/SRR19762351_1.fastq.gz	FASTQ	RNA	28811271	4321690650	150	150.0	150
output/SRR19762351_2.fastq.gz	FASTQ	RNA	28811271	4321690650	150	150.0	150
output/SRR19762352_1.fastq.gz	FASTQ	RNA	25401633	3810244950	150	150.0	150
output/SRR19762352_2.fastq.gz	FASTQ	RNA	25401633	3810244950	150	150.0	150
output/SRR19762353_1.fastq.gz	FASTQ	RNA	26974539	4046180850	150	150.0	150
output/SRR19762353_2.fastq.gz	FASTQ	RNA	26974539	4046180850	150	150.0	150
output/SRR19762354_1.fastq.gz	FASTQ	RNA	37964082	5694612300	150	150.0	150
output/SRR19762354_2.fastq.gz	FASTQ	RNA	37964082	5694612300	150	150.0	150
output/SRR19762355_1.fastq.gz	FASTQ	RNA	25614727	3842209050	150	150.0	150
output/SRR19762355_2.fastq.gz	FASTQ	RNA	25614727	3842209050	150	150.0	150
output/SRR19762356_1.fastq.gz	FASTQ	RNA	37774274	5666141100	150	150.0	150
output/SRR19762356_2.fastq.gz	FASTQ	RNA	37774274	5666141100	150	150.0	150
output/SRR19762357_1.fastq.gz	FASTQ	RNA	27628935	4144340250	150	150.0	150
output/SRR19762357_2.fastq.gz	FASTQ	RNA	27628935	4144340250	150	150.0	150
output/SRR19762358_1.fastq.gz	FASTQ	RNA	24143947	3621592050	150	150.0	150
output/SRR19762358_2.fastq.gz	FASTQ	RNA	24143947	3621592050	150	150.0	150
output/SRR19762359_1.fastq.gz	FASTQ	RNA	23917996	3587699400	150	150.0	150
output/SRR19762359_2.fastq.gz	FASTQ	RNA	23917996	3587699400	150	150.0	150
output/SRR19762360_1.fastq.gz	FASTQ	RNA	28466156	4269923400	150	150.0	150
output/SRR19762360_2.fastq.gz	FASTQ	RNA	28466156	4269923400	150	150.0	150
output/SRR19762361_1.fastq.gz	FASTQ	RNA	25192904	3778935600	150	150.0	150
output/SRR19762361_2.fastq.gz	FASTQ	RNA	25192904	3778935600	150	150.0	150
output/SRR19762362_1.fastq.gz	FASTQ	RNA	77214611	11582191650	150	150.0	150
output/SRR19762362_2.fastq.gz	FASTQ	RNA	77214611	11582191650	150	150.0	150
output/SRR19762363_1.fastq.gz	FASTQ	RNA	46811913	7021786950	150	150.0	150
output/SRR19762363_2.fastq.gz	FASTQ	RNA	46811913	7021786950	150	150.0	150
output/SRR19762364_1.fastq.gz	FASTQ	RNA	24116433	3617464950	150	150.0	150
output/SRR19762364_2.fastq.gz	FASTQ	RNA	24116433	3617464950	150	150.0	150
output/SRR19762365_1.fastq.gz	FASTQ	RNA	24005125	3600768750	150	150.0	150
output/SRR19762365_2.fastq.gz	FASTQ	RNA	24005125	3600768750	150	150.0	150
output/SRR19762366_1.fastq.gz	FASTQ	RNA	30297232	4544584800	150	150.0	150
output/SRR19762366_2.fastq.gz	FASTQ	RNA	30297232	4544584800	150	150.0	150
output/SRR19762367_1.fastq.gz	FASTQ	RNA	28232496	4234874400	150	150.0	150
output/SRR19762367_2.fastq.gz	FASTQ	RNA	28232496	4234874400	150	150.0	150
output/SRR19762368_1.fastq.gz	FASTQ	RNA	29308384	4396257600	150	150.0	150
output/SRR19762368_2.fastq.gz	FASTQ	RNA	29308384	4396257600	150	150.0	150
output/SRR19762369_1.fastq.gz	FASTQ	RNA	35064463	5259669450	150	150.0	150
output/SRR19762369_2.fastq.gz	FASTQ	RNA	35064463	5259669450	150	150.0	150
output/SRR19762370_1.fastq.gz	FASTQ	RNA	22259197	3338879550	150	150.0	150
output/SRR19762370_2.fastq.gz	FASTQ	RNA	22259197	3338879550	150	150.0	150
output/SRR19762371_1.fastq.gz	FASTQ	RNA	31442496	4716374400	150	150.0	150
output/SRR19762371_2.fastq.gz	FASTQ	RNA	31442496	4716374400	150	150.0	150
output/SRR19762372_1.fastq.gz	FASTQ	RNA	27159828	4073974200	150	150.0	150
output/SRR19762372_2.fastq.gz	FASTQ	RNA	27159828	4073974200	150	150.0	150
output/SRR19762373_1.fastq.gz	FASTQ	RNA	31892753	4783912950	150	150.0	150
output/SRR19762373_2.fastq.gz	FASTQ	RNA	31892753	4783912950	150	150.0	150
output/SRR19762374_1.fastq.gz	FASTQ	RNA	29130389	4369558350	150	150.0	150
output/SRR19762374_2.fastq.gz	FASTQ	RNA	29130389	4369558350	150	150.0	150
output/SRR19762375_1.fastq.gz	FASTQ	RNA	34195027	5129254050	150	150.0	150
output/SRR19762375_2.fastq.gz	FASTQ	RNA	34195027	5129254050	150	150.0	150
output/SRR19762376_1.fastq.gz	FASTQ	RNA	32363297	4854494550	150	150.0	150
output/SRR19762376_2.fastq.gz	FASTQ	RNA	32363297	4854494550	150	150.0	150
output/SRR19762377_1.fastq.gz	FASTQ	RNA	28678055	4301708250	150	150.0	150
output/SRR19762377_2.fastq.gz	FASTQ	RNA	28678055	4301708250	150	150.0	150
output/SRR19762378_1.fastq.gz	FASTQ	RNA	20083729	3012559350	150	150.0	150
output/SRR19762378_2.fastq.gz	FASTQ	RNA	20083729	3012559350	150	150.0	150
output/SRR19762379_1.fastq.gz	FASTQ	RNA	58493992	8774098800	150	150.0	150
output/SRR19762379_2.fastq.gz	FASTQ	RNA	58493992	8774098800	150	150.0	150
output/SRR19762380_1.fastq.gz	FASTQ	RNA	28328686	4249302900	150	150.0	150
output/SRR19762380_2.fastq.gz	FASTQ	RNA	28328686	4249302900	150	150.0	150
output/SRR19762381_1.fastq.gz	FASTQ	RNA	29992695	4498904250	150	150.0	150
output/SRR19762381_2.fastq.gz	FASTQ	RNA	29992695	4498904250	150	150.0	150
output/SRR19762382_1.fastq.gz	FASTQ	RNA	29466544	4419981600	150	150.0	150
output/SRR19762382_2.fastq.gz	FASTQ	RNA	29466544	4419981600	150	150.0	150
output/SRR19762383_1.fastq.gz	FASTQ	RNA	32035131	4805269650	150	150.0	150
output/SRR19762383_2.fastq.gz	FASTQ	RNA	32035131	4805269650	150	150.0	150
output/SRR19762384_1.fastq.gz	FASTQ	RNA	27740631	4161094650	150	150.0	150
output/SRR19762384_2.fastq.gz	FASTQ	RNA	27740631	4161094650	150	150.0	150
output/SRR19762385_1.fastq.gz	FASTQ	RNA	42971118	6445667700	150	150.0	150
output/SRR19762385_2.fastq.gz	FASTQ	RNA	42971118	6445667700	150	150.0	150
output/SRR19762386_1.fastq.gz	FASTQ	RNA	31445164	4716774600	150	150.0	150
output/SRR19762386_2.fastq.gz	FASTQ	RNA	31445164	4716774600	150	150.0	150
output/SRR19762387_1.fastq.gz	FASTQ	RNA	34212423	5131863450	150	150.0	150
output/SRR19762387_2.fastq.gz	FASTQ	RNA	34212423	5131863450	150	150.0	150
output/SRR19762388_1.fastq.gz	FASTQ	RNA	23834113	3575116950	150	150.0	150
output/SRR19762388_2.fastq.gz	FASTQ	RNA	23834113	3575116950	150	150.0	150
output/SRR19762389_1.fastq.gz	FASTQ	RNA	25543690	3831553500	150	150.0	150
output/SRR19762389_2.fastq.gz	FASTQ	RNA	25543690	3831553500	150	150.0	150
output/SRR19762390_1.fastq.gz	FASTQ	RNA	34131268	5119690200	150	150.0	150
output/SRR19762390_2.fastq.gz	FASTQ	RNA	34131268	5119690200	150	150.0	150
output/SRR19762391_1.fastq.gz	FASTQ	RNA	23824155	3573623250	150	150.0	150
output/SRR19762391_2.fastq.gz	FASTQ	RNA	23824155	3573623250	150	150.0	150
output/SRR19762392_1.fastq.gz	FASTQ	RNA	25299509	3794926350	150	150.0	150
output/SRR19762392_2.fastq.gz	FASTQ	RNA	25299509	3794926350	150	150.0	150
output/SRR19762393_1.fastq.gz	FASTQ	RNA	37439398	5615909700	150	150.0	150
output/SRR19762393_2.fastq.gz	FASTQ	RNA	37439398	5615909700	150	150.0	150
output/SRR19762394_1.fastq.gz	FASTQ	RNA	24070470	3610570500	150	150.0	150
output/SRR19762394_2.fastq.gz	FASTQ	RNA	24070470	3610570500	150	150.0	150
output/SRR19762395_1.fastq.gz	FASTQ	RNA	31010233	4651534950	150	150.0	150
output/SRR19762395_2.fastq.gz	FASTQ	RNA	31010233	4651534950	150	150.0	150
output/SRR19762396_1.fastq.gz	FASTQ	RNA	24902105	3735315750	150	150.0	150
output/SRR19762396_2.fastq.gz	FASTQ	RNA	24902105	3735315750	150	150.0	150
output/SRR19762397_1.fastq.gz	FASTQ	RNA	27797947	4169692050	150	150.0	150
output/SRR19762397_2.fastq.gz	FASTQ	RNA	27797947	4169692050	150	150.0	150
output/SRR19762398_1.fastq.gz	FASTQ	RNA	28597250	4289587500	150	150.0	150
output/SRR19762398_2.fastq.gz	FASTQ	RNA	28597250	4289587500	150	150.0	150
output/SRR19762399_1.fastq.gz	FASTQ	RNA	24510397	3676559550	150	150.0	150
output/SRR19762399_2.fastq.gz	FASTQ	RNA	24510397	3676559550	150	150.0	150
output/SRR19762400_1.fastq.gz	FASTQ	RNA	51742936	7761440400	150	150.0	150
output/SRR19762400_2.fastq.gz	FASTQ	RNA	51742936	7761440400	150	150.0	150
output/SRR19762401_1.fastq.gz	FASTQ	RNA	26019747	3902962050	150	150.0	150
output/SRR19762401_2.fastq.gz	FASTQ	RNA	26019747	3902962050	150	150.0	150
output/SRR19762402_1.fastq.gz	FASTQ	RNA	34825352	5223802800	150	150.0	150
output/SRR19762402_2.fastq.gz	FASTQ	RNA	34825352	5223802800	150	150.0	150
output/SRR19762403_1.fastq.gz	FASTQ	RNA	22212731	3331909650	150	150.0	150
output/SRR19762403_2.fastq.gz	FASTQ	RNA	22212731	3331909650	150	150.0	150
output/SRR19762404_1.fastq.gz	FASTQ	RNA	26089943	3913491450	150	150.0	150
output/SRR19762404_2.fastq.gz	FASTQ	RNA	26089943	3913491450	150	150.0	150
output/SRR19762405_1.fastq.gz	FASTQ	RNA	25600314	3840047100	150	150.0	150
output/SRR19762405_2.fastq.gz	FASTQ	RNA	25600314	3840047100	150	150.0	150
output/SRR19762406_1.fastq.gz	FASTQ	RNA	30635820	4595373000	150	150.0	150
output/SRR19762406_2.fastq.gz	FASTQ	RNA	30635820	4595373000	150	150.0	150
output/SRR19762407_1.fastq.gz	FASTQ	RNA	33811238	5071685700	150	150.0	150
output/SRR19762407_2.fastq.gz	FASTQ	RNA	33811238	5071685700	150	150.0	150
output/SRR19762408_1.fastq.gz	FASTQ	RNA	28680632	4302094800	150	150.0	150
output/SRR19762408_2.fastq.gz	FASTQ	RNA	28680632	4302094800	150	150.0	150
output/SRR19762409_1.fastq.gz	FASTQ	RNA	52092448	7813867200	150	150.0	150
output/SRR19762409_2.fastq.gz	FASTQ	RNA	52092448	7813867200	150	150.0	150
output/SRR19762410_1.fastq.gz	FASTQ	RNA	34636077	5195411550	150	150.0	150
output/SRR19762410_2.fastq.gz	FASTQ	RNA	34636077	5195411550	150	150.0	150
output/SRR19762411_1.fastq.gz	FASTQ	RNA	38650775	5797616250	150	150.0	150
output/SRR19762411_2.fastq.gz	FASTQ	RNA	38650775	5797616250	150	150.0	150
output/SRR19762412_1.fastq.gz	FASTQ	RNA	26134199	3920129850	150	150.0	150
output/SRR19762412_2.fastq.gz	FASTQ	RNA	26134199	3920129850	150	150.0	150
output/SRR19762413_1.fastq.gz	FASTQ	RNA	36034995	5405249250	150	150.0	150
output/SRR19762413_2.fastq.gz	FASTQ	RNA	36034995	5405249250	150	150.0	150
output/SRR19762414_1.fastq.gz	FASTQ	RNA	32108510	4816276500	150	150.0	150
output/SRR19762414_2.fastq.gz	FASTQ	RNA	32108510	4816276500	150	150.0	150
output/SRR19762415_1.fastq.gz	FASTQ	RNA	28157159	4223573850	150	150.0	150
output/SRR19762415_2.fastq.gz	FASTQ	RNA	28157159	4223573850	150	150.0	150
output/SRR19762416_1.fastq.gz	FASTQ	RNA	27208982	4081347300	150	150.0	150
output/SRR19762416_2.fastq.gz	FASTQ	RNA	27208982	4081347300	150	150.0	150
output/SRR19762417_1.fastq.gz	FASTQ	RNA	25265157	3789773550	150	150.0	150
output/SRR19762417_2.fastq.gz	FASTQ	RNA	25265157	3789773550	150	150.0	150
output/SRR19762418_1.fastq.gz	FASTQ	RNA	29686122	4452918300	150	150.0	150
output/SRR19762418_2.fastq.gz	FASTQ	RNA	29686122	4452918300	150	150.0	150
output/SRR19762419_1.fastq.gz	FASTQ	RNA	27801578	4170236700	150	150.0	150
output/SRR19762419_2.fastq.gz	FASTQ	RNA	27801578	4170236700	150	150.0	150
output/SRR19762420_1.fastq.gz	FASTQ	RNA	23962140	3594321000	150	150.0	150
output/SRR19762420_2.fastq.gz	FASTQ	RNA	23962140	3594321000	150	150.0	150
output/SRR19762421_1.fastq.gz	FASTQ	RNA	26860705	4029105750	150	150.0	150
output/SRR19762421_2.fastq.gz	FASTQ	RNA	26860705	4029105750	150	150.0	150
output/SRR19762422_1.fastq.gz	FASTQ	RNA	32659368	4898905200	150	150.0	150
output/SRR19762422_2.fastq.gz	FASTQ	RNA	32659368	4898905200	150	150.0	150
output/SRR19762423_1.fastq.gz	FASTQ	RNA	31563997	4734599550	150	150.0	150
output/SRR19762423_2.fastq.gz	FASTQ	RNA	31563997	4734599550	150	150.0	150
output/SRR19762424_1.fastq.gz	FASTQ	RNA	23310203	3496530450	150	150.0	150
output/SRR19762424_2.fastq.gz	FASTQ	RNA	23310203	3496530450	150	150.0	150
output/SRR19762425_1.fastq.gz	FASTQ	RNA	29851286	4477692900	150	150.0	150
output/SRR19762425_2.fastq.gz	FASTQ	RNA	29851286	4477692900	150	150.0	150
output/SRR19762426_1.fastq.gz	FASTQ	RNA	33376537	5006480550	150	150.0	150
output/SRR19762426_2.fastq.gz	FASTQ	RNA	33376537	5006480550	150	150.0	150
output/SRR19762427_1.fastq.gz	FASTQ	RNA	29108488	4366273200	150	150.0	150
output/SRR19762427_2.fastq.gz	FASTQ	RNA	29108488	4366273200	150	150.0	150
output/SRR19762428_1.fastq.gz	FASTQ	RNA	23235026	3485253900	150	150.0	150
output/SRR19762428_2.fastq.gz	FASTQ	RNA	23235026	3485253900	150	150.0	150
output/SRR19762429_1.fastq.gz	FASTQ	RNA	23085344	3462801600	150	150.0	150
output/SRR19762429_2.fastq.gz	FASTQ	RNA	23085344	3462801600	150	150.0	150
output/SRR19762430_1.fastq.gz	FASTQ	RNA	51836298	7775444700	150	150.0	150
output/SRR19762430_2.fastq.gz	FASTQ	RNA	51836298	7775444700	150	150.0	150
output/SRR19762431_1.fastq.gz	FASTQ	RNA	25417060	3812559000	150	150.0	150
output/SRR19762431_2.fastq.gz	FASTQ	RNA	25417060	3812559000	150	150.0	150
output/SRR19762432_1.fastq.gz	FASTQ	RNA	26330903	3949635450	150	150.0	150
output/SRR19762432_2.fastq.gz	FASTQ	RNA	26330903	3949635450	150	150.0	150
output/SRR19762433_1.fastq.gz	FASTQ	RNA	29189466	4378419900	150	150.0	150
output/SRR19762433_2.fastq.gz	FASTQ	RNA	29189466	4378419900	150	150.0	150
output/SRR19762434_1.fastq.gz	FASTQ	RNA	30081162	4512174300	150	150.0	150
output/SRR19762434_2.fastq.gz	FASTQ	RNA	30081162	4512174300	150	150.0	150
output/SRR19762435_1.fastq.gz	FASTQ	RNA	25638248	3845737200	150	150.0	150
output/SRR19762435_2.fastq.gz	FASTQ	RNA	25638248	3845737200	150	150.0	150
output/SRR19762436_1.fastq.gz	FASTQ	RNA	28614820	4292223000	150	150.0	150
output/SRR19762436_2.fastq.gz	FASTQ	RNA	28614820	4292223000	150	150.0	150
output/SRR19762437_1.fastq.gz	FASTQ	RNA	33738605	5060790750	150	150.0	150
output/SRR19762437_2.fastq.gz	FASTQ	RNA	33738605	5060790750	150	150.0	150
output/SRR19762438_1.fastq.gz	FASTQ	RNA	22613861	3392079150	150	150.0	150
output/SRR19762438_2.fastq.gz	FASTQ	RNA	22613861	3392079150	150	150.0	150
output/SRR19762439_1.fastq.gz	FASTQ	RNA	32637359	4895603850	150	150.0	150
output/SRR19762439_2.fastq.gz	FASTQ	RNA	32637359	4895603850	150	150.0	150
output/SRR19762440_1.fastq.gz	FASTQ	RNA	24132175	3619826250	150	150.0	150
output/SRR19762440_2.fastq.gz	FASTQ	RNA	24132175	3619826250	150	150.0	150
output/SRR19762441_1.fastq.gz	FASTQ	RNA	21172246	3175836900	150	150.0	150
output/SRR19762441_2.fastq.gz	FASTQ	RNA	21172246	3175836900	150	150.0	150
output/SRR19762442_1.fastq.gz	FASTQ	RNA	27937170	4190575500	150	150.0	150
output/SRR19762442_2.fastq.gz	FASTQ	RNA	27937170	4190575500	150	150.0	150
output/SRR19762443_1.fastq.gz	FASTQ	RNA	40637383	6095607450	150	150.0	150
output/SRR19762443_2.fastq.gz	FASTQ	RNA	40637383	6095607450	150	150.0	150
output/SRR19762444_1.fastq.gz	FASTQ	RNA	27719465	4157919750	150	150.0	150
output/SRR19762444_2.fastq.gz	FASTQ	RNA	27719465	4157919750	150	150.0	150
output/SRR19762445_1.fastq.gz	FASTQ	RNA	24783212	3717481800	150	150.0	150
output/SRR19762445_2.fastq.gz	FASTQ	RNA	24783212	3717481800	150	150.0	150
output/SRR19762446_1.fastq.gz	FASTQ	RNA	77352229	11602834350	150	150.0	150
output/SRR19762446_2.fastq.gz	FASTQ	RNA	77352229	11602834350	150	150.0	150
output/SRR19762447_1.fastq.gz	FASTQ	RNA	31813126	4771968900	150	150.0	150
output/SRR19762447_2.fastq.gz	FASTQ	RNA	31813126	4771968900	150	150.0	150
output/SRR19762448_1.fastq.gz	FASTQ	RNA	25878909	3881836350	150	150.0	150
output/SRR19762448_2.fastq.gz	FASTQ	RNA	25878909	3881836350	150	150.0	150
output/SRR19762449_1.fastq.gz	FASTQ	RNA	26983097	4047464550	150	150.0	150
output/SRR19762449_2.fastq.gz	FASTQ	RNA	26983097	4047464550	150	150.0	150
output/SRR19762450_1.fastq.gz	FASTQ	RNA	30730920	4609638000	150	150.0	150
output/SRR19762450_2.fastq.gz	FASTQ	RNA	30730920	4609638000	150	150.0	150
output/SRR19762451_1.fastq.gz	FASTQ	RNA	23817394	3572609100	150	150.0	150
output/SRR19762451_2.fastq.gz	FASTQ	RNA	23817394	3572609100	150	150.0	150
output/SRR19762452_1.fastq.gz	FASTQ	RNA	26283801	3942570150	150	150.0	150
output/SRR19762452_2.fastq.gz	FASTQ	RNA	26283801	3942570150	150	150.0	150
output/SRR19762453_1.fastq.gz	FASTQ	RNA	25404252	3810637800	150	150.0	150
output/SRR19762453_2.fastq.gz	FASTQ	RNA	25404252	3810637800	150	150.0	150
output/SRR19762454_1.fastq.gz	FASTQ	RNA	28298549	4244782350	150	150.0	150
output/SRR19762454_2.fastq.gz	FASTQ	RNA	28298549	4244782350	150	150.0	150
output/SRR19762455_1.fastq.gz	FASTQ	RNA	24726039	3708905850	150	150.0	150
output/SRR19762455_2.fastq.gz	FASTQ	RNA	24726039	3708905850	150	150.0	150
output/SRR19762456_1.fastq.gz	FASTQ	RNA	27553593	4133038950	150	150.0	150
output/SRR19762456_2.fastq.gz	FASTQ	RNA	27553593	4133038950	150	150.0	150
output/SRR19762457_1.fastq.gz	FASTQ	RNA	27835675	4175351250	150	150.0	150
output/SRR19762457_2.fastq.gz	FASTQ	RNA	27835675	4175351250	150	150.0	150
output/SRR19762458_1.fastq.gz	FASTQ	RNA	32682909	4902436350	150	150.0	150
output/SRR19762458_2.fastq.gz	FASTQ	RNA	32682909	4902436350	150	150.0	150
output/SRR19762459_1.fastq.gz	FASTQ	RNA	31175477	4676321550	150	150.0	150
output/SRR19762459_2.fastq.gz	FASTQ	RNA	31175477	4676321550	150	150.0	150
output/SRR19762460_1.fastq.gz	FASTQ	RNA	20955104	3143265600	150	150.0	150
output/SRR19762460_2.fastq.gz	FASTQ	RNA	20955104	3143265600	150	150.0	150
output/SRR19762461_1.fastq.gz	FASTQ	RNA	46457011	6968551650	150	150.0	150
output/SRR19762461_2.fastq.gz	FASTQ	RNA	46457011	6968551650	150	150.0	150
output/SRR19762462_1.fastq.gz	FASTQ	RNA	36848095	5527214250	150	150.0	150
output/SRR19762462_2.fastq.gz	FASTQ	RNA	36848095	5527214250	150	150.0	150
output/SRR19762463_1.fastq.gz	FASTQ	RNA	64109125	9616368750	150	150.0	150
output/SRR19762463_2.fastq.gz	FASTQ	RNA	64109125	9616368750	150	150.0	150
output/SRR19762464_1.fastq.gz	FASTQ	RNA	34632481	5194872150	150	150.0	150
output/SRR19762464_2.fastq.gz	FASTQ	RNA	34632481	5194872150	150	150.0	150
output/SRR19762465_1.fastq.gz	FASTQ	RNA	24628948	3694342200	150	150.0	150
output/SRR19762465_2.fastq.gz	FASTQ	RNA	24628948	3694342200	150	150.0	150
output/SRR19762466_1.fastq.gz	FASTQ	RNA	30686749	4603012350	150	150.0	150
output/SRR19762466_2.fastq.gz	FASTQ	RNA	30686749	4603012350	150	150.0	150
output/SRR19762467_1.fastq.gz	FASTQ	RNA	24484333	3672649950	150	150.0	150
output/SRR19762467_2.fastq.gz	FASTQ	RNA	24484333	3672649950	150	150.0	150
output/SRR19762468_1.fastq.gz	FASTQ	RNA	36026995	5404049250	150	150.0	150
output/SRR19762468_2.fastq.gz	FASTQ	RNA	36026995	5404049250	150	150.0	150
output/SRR19762469_1.fastq.gz	FASTQ	RNA	25671523	3850728450	150	150.0	150
output/SRR19762469_2.fastq.gz	FASTQ	RNA	25671523	3850728450	150	150.0	150
output/SRR19762470_1.fastq.gz	FASTQ	RNA	30508194	4576229100	150	150.0	150
output/SRR19762470_2.fastq.gz	FASTQ	RNA	30508194	4576229100	150	150.0	150
output/SRR19762471_1.fastq.gz	FASTQ	RNA	26477257	3971588550	150	150.0	150
output/SRR19762471_2.fastq.gz	FASTQ	RNA	26477257	3971588550	150	150.0	150
output/SRR19762472_1.fastq.gz	FASTQ	RNA	27047561	4057134150	150	150.0	150
output/SRR19762472_2.fastq.gz	FASTQ	RNA	27047561	4057134150	150	150.0	150
output/SRR19762473_1.fastq.gz	FASTQ	RNA	23278323	3491748450	150	150.0	150
output/SRR19762473_2.fastq.gz	FASTQ	RNA	23278323	3491748450	150	150.0	150
output/SRR19762474_1.fastq.gz	FASTQ	RNA	31585101	4737765150	150	150.0	150
output/SRR19762474_2.fastq.gz	FASTQ	RNA	31585101	4737765150	150	150.0	150
output/SRR19762475_1.fastq.gz	FASTQ	RNA	27766006	4164900900	150	150.0	150
output/SRR19762475_2.fastq.gz	FASTQ	RNA	27766006	4164900900	150	150.0	150
output/SRR19762476_1.fastq.gz	FASTQ	RNA	24949455	3742418250	150	150.0	150
output/SRR19762476_2.fastq.gz	FASTQ	RNA	24949455	3742418250	150	150.0	150
output/SRR19762477_1.fastq.gz	FASTQ	RNA	30640411	4596061650	150	150.0	150
output/SRR19762477_2.fastq.gz	FASTQ	RNA	30640411	4596061650	150	150.0	150
output/SRR19762478_1.fastq.gz	FASTQ	RNA	24577482	3686622300	150	150.0	150
output/SRR19762478_2.fastq.gz	FASTQ	RNA	24577482	3686622300	150	150.0	150
output/SRR19762479_1.fastq.gz	FASTQ	RNA	27861814	4179272100	150	150.0	150
output/SRR19762479_2.fastq.gz	FASTQ	RNA	27861814	4179272100	150	150.0	150
output/SRR19762480_1.fastq.gz	FASTQ	RNA	35520131	5328019650	150	150.0	150
output/SRR19762480_2.fastq.gz	FASTQ	RNA	35520131	5328019650	150	150.0	150
output/SRR19762481_1.fastq.gz	FASTQ	RNA	30371372	4555705800	150	150.0	150
output/SRR19762481_2.fastq.gz	FASTQ	RNA	30371372	4555705800	150	150.0	150
output/SRR19762482_1.fastq.gz	FASTQ	RNA	21125473	3168820950	150	150.0	150
output/SRR19762482_2.fastq.gz	FASTQ	RNA	21125473	3168820950	150	150.0	150
output/SRR19762483_1.fastq.gz	FASTQ	RNA	32607647	4891147050	150	150.0	150
output/SRR19762483_2.fastq.gz	FASTQ	RNA	32607647	4891147050	150	150.0	150
output/SRR19762484_1.fastq.gz	FASTQ	RNA	23372062	3505809300	150	150.0	150
output/SRR19762484_2.fastq.gz	FASTQ	RNA	23372062	3505809300	150	150.0	150
output/SRR19762485_1.fastq.gz	FASTQ	RNA	63054543	9458181450	150	150.0	150
output/SRR19762485_2.fastq.gz	FASTQ	RNA	63054543	9458181450	150	150.0	150
output/SRR19762486_1.fastq.gz	FASTQ	RNA	23493284	3523992600	150	150.0	150
output/SRR19762486_2.fastq.gz	FASTQ	RNA	23493284	3523992600	150	150.0	150
output/SRR19762487_1.fastq.gz	FASTQ	RNA	29086109	4362916350	150	150.0	150
output/SRR19762487_2.fastq.gz	FASTQ	RNA	29086109	4362916350	150	150.0	150
output/SRR19762488_1.fastq.gz	FASTQ	RNA	30246107	4536916050	150	150.0	150
output/SRR19762488_2.fastq.gz	FASTQ	RNA	30246107	4536916050	150	150.0	150
output/SRR19762489_1.fastq.gz	FASTQ	RNA	23632055	3544808250	150	150.0	150
output/SRR19762489_2.fastq.gz	FASTQ	RNA	23632055	3544808250	150	150.0	150
output/SRR19762490_1.fastq.gz	FASTQ	RNA	52073005	7810950750	150	150.0	150
output/SRR19762490_2.fastq.gz	FASTQ	RNA	52073005	7810950750	150	150.0	150
output/SRR19762491_1.fastq.gz	FASTQ	RNA	19265304	2889795600	150	150.0	150
output/SRR19762491_2.fastq.gz	FASTQ	RNA	19265304	2889795600	150	150.0	150
output/SRR19762492_1.fastq.gz	FASTQ	RNA	32808778	4921316700	150	150.0	150
output/SRR19762492_2.fastq.gz	FASTQ	RNA	32808778	4921316700	150	150.0	150
output/SRR19762493_1.fastq.gz	FASTQ	RNA	48453373	7268005950	150	150.0	150
output/SRR19762493_2.fastq.gz	FASTQ	RNA	48453373	7268005950	150	150.0	150
output/SRR19762494_1.fastq.gz	FASTQ	RNA	34962373	5244355950	150	150.0	150
output/SRR19762494_2.fastq.gz	FASTQ	RNA	34962373	5244355950	150	150.0	150
output/SRR19762495_1.fastq.gz	FASTQ	RNA	26305893	3945883950	150	150.0	150
output/SRR19762495_2.fastq.gz	FASTQ	RNA	26305893	3945883950	150	150.0	150
output/SRR19762496_1.fastq.gz	FASTQ	RNA	20663246	3099486900	150	150.0	150
output/SRR19762496_2.fastq.gz	FASTQ	RNA	20663246	3099486900	150	150.0	150
output/SRR19762497_1.fastq.gz	FASTQ	RNA	36034384	5405157600	150	150.0	150
output/SRR19762497_2.fastq.gz	FASTQ	RNA	36034384	5405157600	150	150.0	150
output/SRR19762498_1.fastq.gz	FASTQ	RNA	26763137	4014470550	150	150.0	150
output/SRR19762498_2.fastq.gz	FASTQ	RNA	26763137	4014470550	150	150.0	150
output/SRR19762499_1.fastq.gz	FASTQ	RNA	37150229	5572534350	150	150.0	150
output/SRR19762499_2.fastq.gz	FASTQ	RNA	37150229	5572534350	150	150.0	150
output/SRR19762500_1.fastq.gz	FASTQ	RNA	37600135	5640020250	150	150.0	150
output/SRR19762500_2.fastq.gz	FASTQ	RNA	37600135	5640020250	150	150.0	150
output/SRR19762501_1.fastq.gz	FASTQ	RNA	33578916	5036837400	150	150.0	150
output/SRR19762501_2.fastq.gz	FASTQ	RNA	33578916	5036837400	150	150.0	150
output/SRR19762502_1.fastq.gz	FASTQ	RNA	32635045	4895256750	150	150.0	150
output/SRR19762502_2.fastq.gz	FASTQ	RNA	32635045	4895256750	150	150.0	150
output/SRR19762503_1.fastq.gz	FASTQ	RNA	49979755	7496963250	150	150.0	150
output/SRR19762503_2.fastq.gz	FASTQ	RNA	49979755	7496963250	150	150.0	150
output/SRR19762504_1.fastq.gz	FASTQ	RNA	29643310	4446496500	150	150.0	150
output/SRR19762504_2.fastq.gz	FASTQ	RNA	29643310	4446496500	150	150.0	150
output/SRR19762505_1.fastq.gz	FASTQ	RNA	25042906	3756435900	150	150.0	150
output/SRR19762505_2.fastq.gz	FASTQ	RNA	25042906	3756435900	150	150.0	150
output/SRR19762506_1.fastq.gz	FASTQ	RNA	36663668	5499550200	150	150.0	150
output/SRR19762506_2.fastq.gz	FASTQ	RNA	36663668	5499550200	150	150.0	150
output/SRR19762507_1.fastq.gz	FASTQ	RNA	29677174	4451576100	150	150.0	150
output/SRR19762507_2.fastq.gz	FASTQ	RNA	29677174	4451576100	150	150.0	150
output/SRR19762508_1.fastq.gz	FASTQ	RNA	33910730	5086609500	150	150.0	150
output/SRR19762508_2.fastq.gz	FASTQ	RNA	33910730	5086609500	150	150.0	150
output/SRR19762509_1.fastq.gz	FASTQ	RNA	23620166	3543024900	150	150.0	150
output/SRR19762509_2.fastq.gz	FASTQ	RNA	23620166	3543024900	150	150.0	150
output/SRR19762510_1.fastq.gz	FASTQ	RNA	26167402	3925110300	150	150.0	150
output/SRR19762510_2.fastq.gz	FASTQ	RNA	26167402	3925110300	150	150.0	150
output/SRR19762511_1.fastq.gz	FASTQ	RNA	26488870	3973330500	150	150.0	150
output/SRR19762511_2.fastq.gz	FASTQ	RNA	26488870	3973330500	150	150.0	150
output/SRR19762512_1.fastq.gz	FASTQ	RNA	32209105	4831365750	150	150.0	150
output/SRR19762512_2.fastq.gz	FASTQ	RNA	32209105	4831365750	150	150.0	150
output/SRR19762513_1.fastq.gz	FASTQ	RNA	32464923	4869738450	150	150.0	150
output/SRR19762513_2.fastq.gz	FASTQ	RNA	32464923	4869738450	150	150.0	150
output/SRR19762514_1.fastq.gz	FASTQ	RNA	29480213	4422031950	150	150.0	150
output/SRR19762514_2.fastq.gz	FASTQ	RNA	29480213	4422031950	150	150.0	150
output/SRR19762515_1.fastq.gz	FASTQ	RNA	28853034	4327955100	150	150.0	150
output/SRR19762515_2.fastq.gz	FASTQ	RNA	28853034	4327955100	150	150.0	150
output/SRR19762516_1.fastq.gz	FASTQ	RNA	31103905	4665585750	150	150.0	150
output/SRR19762516_2.fastq.gz	FASTQ	RNA	31103905	4665585750	150	150.0	150
output/SRR19762517_1.fastq.gz	FASTQ	RNA	25264628	3789694200	150	150.0	150
output/SRR19762517_2.fastq.gz	FASTQ	RNA	25264628	3789694200	150	150.0	150
output/SRR19762518_1.fastq.gz	FASTQ	RNA	32787030	4918054500	150	150.0	150
output/SRR19762518_2.fastq.gz	FASTQ	RNA	32787030	4918054500	150	150.0	150
output/SRR19762519_1.fastq.gz	FASTQ	RNA	33113437	4967015550	150	150.0	150
output/SRR19762519_2.fastq.gz	FASTQ	RNA	33113437	4967015550	150	150.0	150
output/SRR19762520_1.fastq.gz	FASTQ	RNA	32402599	4860389850	150	150.0	150
output/SRR19762520_2.fastq.gz	FASTQ	RNA	32402599	4860389850	150	150.0	150
output/SRR19762521_1.fastq.gz	FASTQ	RNA	31653880	4748082000	150	150.0	150
output/SRR19762521_2.fastq.gz	FASTQ	RNA	31653880	4748082000	150	150.0	150
output/SRR19762522_1.fastq.gz	FASTQ	RNA	36624947	5493742050	150	150.0	150
output/SRR19762522_2.fastq.gz	FASTQ	RNA	36624947	5493742050	150	150.0	150
output/SRR19762523_1.fastq.gz	FASTQ	RNA	77500368	11625055200	150	150.0	150
output/SRR19762523_2.fastq.gz	FASTQ	RNA	77500368	11625055200	150	150.0	150
output/SRR19762524_1.fastq.gz	FASTQ	RNA	25446042	3816906300	150	150.0	150
output/SRR19762524_2.fastq.gz	FASTQ	RNA	25446042	3816906300	150	150.0	150
output/SRR19762525_1.fastq.gz	FASTQ	RNA	31300522	4695078300	150	150.0	150
output/SRR19762525_2.fastq.gz	FASTQ	RNA	31300522	4695078300	150	150.0	150
output/SRR19762526_1.fastq.gz	FASTQ	RNA	35996843	5399526450	150	150.0	150
output/SRR19762526_2.fastq.gz	FASTQ	RNA	35996843	5399526450	150	150.0	150
output/SRR19762527_1.fastq.gz	FASTQ	RNA	22571731	3385759650	150	150.0	150
output/SRR19762527_2.fastq.gz	FASTQ	RNA	22571731	3385759650	150	150.0	150
output/SRR19762528_1.fastq.gz	FASTQ	RNA	26980372	4047055800	150	150.0	150
output/SRR19762528_2.fastq.gz	FASTQ	RNA	26980372	4047055800	150	150.0	150
output/SRR19762529_1.fastq.gz	FASTQ	RNA	31212673	4681900950	150	150.0	150
output/SRR19762529_2.fastq.gz	FASTQ	RNA	31212673	4681900950	150	150.0	150
output/SRR19762530_1.fastq.gz	FASTQ	RNA	26222287	3933343050	150	150.0	150
output/SRR19762530_2.fastq.gz	FASTQ	RNA	26222287	3933343050	150	150.0	150
output/SRR19762531_1.fastq.gz	FASTQ	RNA	25414388	3812158200	150	150.0	150
output/SRR19762531_2.fastq.gz	FASTQ	RNA	25414388	3812158200	150	150.0	150
output/SRR19762532_1.fastq.gz	FASTQ	RNA	27637207	4145581050	150	150.0	150
output/SRR19762532_2.fastq.gz	FASTQ	RNA	27637207	4145581050	150	150.0	150
output/SRR19762533_1.fastq.gz	FASTQ	RNA	23002795	3450419250	150	150.0	150
output/SRR19762533_2.fastq.gz	FASTQ	RNA	23002795	3450419250	150	150.0	150
output/SRR19762534_1.fastq.gz	FASTQ	RNA	33230025	4984503750	150	150.0	150
output/SRR19762534_2.fastq.gz	FASTQ	RNA	33230025	4984503750	150	150.0	150
output/SRR19762535_1.fastq.gz	FASTQ	RNA	41249479	6187421850	150	150.0	150
output/SRR19762535_2.fastq.gz	FASTQ	RNA	41249479	6187421850	150	150.0	150
output/SRR19762536_1.fastq.gz	FASTQ	RNA	26311271	3946690650	150	150.0	150
output/SRR19762536_2.fastq.gz	FASTQ	RNA	26311271	3946690650	150	150.0	150
output/SRR19762537_1.fastq.gz	FASTQ	RNA	27764685	4164702750	150	150.0	150
output/SRR19762537_2.fastq.gz	FASTQ	RNA	27764685	4164702750	150	150.0	150
output/SRR19762538_1.fastq.gz	FASTQ	RNA	85639983	12845997450	150	150.0	150
output/SRR19762538_2.fastq.gz	FASTQ	RNA	85639983	12845997450	150	150.0	150
output/SRR19762539_1.fastq.gz	FASTQ	RNA	24782924	3717438600	150	150.0	150
output/SRR19762539_2.fastq.gz	FASTQ	RNA	24782924	3717438600	150	150.0	150
output/SRR19762540_1.fastq.gz	FASTQ	RNA	30109553	4516432950	150	150.0	150
output/SRR19762540_2.fastq.gz	FASTQ	RNA	30109553	4516432950	150	150.0	150
output/SRR19762541_1.fastq.gz	FASTQ	RNA	32857683	4928652450	150	150.0	150
output/SRR19762541_2.fastq.gz	FASTQ	RNA	32857683	4928652450	150	150.0	150
output/SRR19762542_1.fastq.gz	FASTQ	RNA	45995773	6899365950	150	150.0	150
output/SRR19762542_2.fastq.gz	FASTQ	RNA	45995773	6899365950	150	150.0	150
output/SRR19762543_1.fastq.gz	FASTQ	RNA	21850781	3277617150	150	150.0	150
output/SRR19762543_2.fastq.gz	FASTQ	RNA	21850781	3277617150	150	150.0	150
output/SRR19762544_1.fastq.gz	FASTQ	RNA	27241207	4086181050	150	150.0	150
output/SRR19762544_2.fastq.gz	FASTQ	RNA	27241207	4086181050	150	150.0	150
output/SRR19762545_1.fastq.gz	FASTQ	RNA	28048159	4207223850	150	150.0	150
output/SRR19762545_2.fastq.gz	FASTQ	RNA	28048159	4207223850	150	150.0	150
output/SRR19762546_1.fastq.gz	FASTQ	RNA	29067924	4360188600	150	150.0	150
output/SRR19762546_2.fastq.gz	FASTQ	RNA	29067924	4360188600	150	150.0	150
output/SRR19762547_1.fastq.gz	FASTQ	RNA	26505300	3975795000	150	150.0	150
output/SRR19762547_2.fastq.gz	FASTQ	RNA	26505300	3975795000	150	150.0	150
output/SRR19762548_1.fastq.gz	FASTQ	RNA	22861100	3429165000	150	150.0	150
output/SRR19762548_2.fastq.gz	FASTQ	RNA	22861100	3429165000	150	150.0	150
output/SRR19762549_1.fastq.gz	FASTQ	RNA	26718327	4007749050	150	150.0	150
output/SRR19762549_2.fastq.gz	FASTQ	RNA	26718327	4007749050	150	150.0	150
output/SRR19762550_1.fastq.gz	FASTQ	RNA	30156307	4523446050	150	150.0	150
output/SRR19762550_2.fastq.gz	FASTQ	RNA	30156307	4523446050	150	150.0	150
output/SRR19762551_1.fastq.gz	FASTQ	RNA	74918472	11237770800	150	150.0	150
output/SRR19762551_2.fastq.gz	FASTQ	RNA	74918472	11237770800	150	150.0	150
output/SRR19762552_1.fastq.gz	FASTQ	RNA	38016719	5702507850	150	150.0	150
output/SRR19762552_2.fastq.gz	FASTQ	RNA	38016719	5702507850	150	150.0	150
output/SRR19762553_1.fastq.gz	FASTQ	RNA	26694894	4004234100	150	150.0	150
output/SRR19762553_2.fastq.gz	FASTQ	RNA	26694894	4004234100	150	150.0	150
output/SRR19762554_1.fastq.gz	FASTQ	RNA	31481410	4722211500	150	150.0	150
output/SRR19762554_2.fastq.gz	FASTQ	RNA	31481410	4722211500	150	150.0	150
output/SRR19762555_1.fastq.gz	FASTQ	RNA	24681787	3702268050	150	150.0	150
output/SRR19762555_2.fastq.gz	FASTQ	RNA	24681787	3702268050	150	150.0	150
output/SRR19762556_1.fastq.gz	FASTQ	RNA	32942072	4941310800	150	150.0	150
output/SRR19762556_2.fastq.gz	FASTQ	RNA	32942072	4941310800	150	150.0	150
output/SRR19762557_1.fastq.gz	FASTQ	RNA	28176981	4226547150	150	150.0	150
output/SRR19762557_2.fastq.gz	FASTQ	RNA	28176981	4226547150	150	150.0	150
output/SRR19762558_1.fastq.gz	FASTQ	RNA	33642983	5046447450	150	150.0	150
output/SRR19762558_2.fastq.gz	FASTQ	RNA	33642983	5046447450	150	150.0	150
output/SRR19762559_1.fastq.gz	FASTQ	RNA	32471238	4870685700	150	150.0	150
output/SRR19762559_2.fastq.gz	FASTQ	RNA	32471238	4870685700	150	150.0	150
output/SRR19762560_1.fastq.gz	FASTQ	RNA	30611931	4591789650	150	150.0	150
output/SRR19762560_2.fastq.gz	FASTQ	RNA	30611931	4591789650	150	150.0	150
output/SRR19762561_1.fastq.gz	FASTQ	RNA	29636079	4445411850	150	150.0	150
output/SRR19762561_2.fastq.gz	FASTQ	RNA	29636079	4445411850	150	150.0	150
output/SRR19762562_1.fastq.gz	FASTQ	RNA	22011927	3301789050	150	150.0	150
output/SRR19762562_2.fastq.gz	FASTQ	RNA	22011927	3301789050	150	150.0	150
output/SRR19762563_1.fastq.gz	FASTQ	RNA	27681835	4152275250	150	150.0	150
output/SRR19762563_2.fastq.gz	FASTQ	RNA	27681835	4152275250	150	150.0	150
output/SRR19762564_1.fastq.gz	FASTQ	RNA	32683434	4902515100	150	150.0	150
output/SRR19762564_2.fastq.gz	FASTQ	RNA	32683434	4902515100	150	150.0	150
output/SRR19762565_1.fastq.gz	FASTQ	RNA	26787862	4018179300	150	150.0	150
output/SRR19762565_2.fastq.gz	FASTQ	RNA	26787862	4018179300	150	150.0	150
output/SRR19762566_1.fastq.gz	FASTQ	RNA	25289312	3793396800	150	150.0	150
output/SRR19762566_2.fastq.gz	FASTQ	RNA	25289312	3793396800	150	150.0	150
output/SRR19762567_1.fastq.gz	FASTQ	RNA	26893776	4034066400	150	150.0	150
output/SRR19762567_2.fastq.gz	FASTQ	RNA	26893776	4034066400	150	150.0	150
output/SRR19762568_1.fastq.gz	FASTQ	RNA	26528801	3979320150	150	150.0	150
output/SRR19762568_2.fastq.gz	FASTQ	RNA	26528801	3979320150	150	150.0	150
output/SRR19762569_1.fastq.gz	FASTQ	RNA	29471588	4420738200	150	150.0	150
output/SRR19762569_2.fastq.gz	FASTQ	RNA	29471588	4420738200	150	150.0	150
output/SRR19762570_1.fastq.gz	FASTQ	RNA	26378158	3956723700	150	150.0	150
output/SRR19762570_2.fastq.gz	FASTQ	RNA	26378158	3956723700	150	150.0	150
output/SRR19762571_1.fastq.gz	FASTQ	RNA	38750225	5812533750	150	150.0	150
output/SRR19762571_2.fastq.gz	FASTQ	RNA	38750225	5812533750	150	150.0	150
output/SRR19762572_1.fastq.gz	FASTQ	RNA	26904464	4035669600	150	150.0	150
output/SRR19762572_2.fastq.gz	FASTQ	RNA	26904464	4035669600	150	150.0	150
output/SRR19762573_1.fastq.gz	FASTQ	RNA	27983324	4197498600	150	150.0	150
output/SRR19762573_2.fastq.gz	FASTQ	RNA	27983324	4197498600	150	150.0	150
output/SRR19762574_1.fastq.gz	FASTQ	RNA	33573163	5035974450	150	150.0	150
output/SRR19762574_2.fastq.gz	FASTQ	RNA	33573163	5035974450	150	150.0	150
output/SRR19762575_1.fastq.gz	FASTQ	RNA	30037715	4505657250	150	150.0	150
output/SRR19762575_2.fastq.gz	FASTQ	RNA	30037715	4505657250	150	150.0	150
output/SRR19762576_1.fastq.gz	FASTQ	RNA	26898011	4034701650	150	150.0	150
output/SRR19762576_2.fastq.gz	FASTQ	RNA	26898011	4034701650	150	150.0	150
output/SRR19762577_1.fastq.gz	FASTQ	RNA	23685633	3552844950	150	150.0	150
output/SRR19762577_2.fastq.gz	FASTQ	RNA	23685633	3552844950	150	150.0	150
output/SRR19762578_1.fastq.gz	FASTQ	RNA	21386621	3207993150	150	150.0	150
output/SRR19762578_2.fastq.gz	FASTQ	RNA	21386621	3207993150	150	150.0	150
output/SRR19762579_1.fastq.gz	FASTQ	RNA	25909059	3886358850	150	150.0	150
output/SRR19762579_2.fastq.gz	FASTQ	RNA	25909059	3886358850	150	150.0	150
output/SRR19762580_1.fastq.gz	FASTQ	RNA	24863675	3729551250	150	150.0	150
output/SRR19762580_2.fastq.gz	FASTQ	RNA	24863675	3729551250	150	150.0	150
output/SRR19762581_1.fastq.gz	FASTQ	RNA	27458905	4118835750	150	150.0	150
output/SRR19762581_2.fastq.gz	FASTQ	RNA	27458905	4118835750	150	150.0	150
output/SRR19762582_1.fastq.gz	FASTQ	RNA	29275525	4391328750	150	150.0	150
output/SRR19762582_2.fastq.gz	FASTQ	RNA	29275525	4391328750	150	150.0	150
output/SRR19762583_1.fastq.gz	FASTQ	RNA	27917643	4187646450	150	150.0	150
output/SRR19762583_2.fastq.gz	FASTQ	RNA	27917643	4187646450	150	150.0	150
output/SRR19762584_1.fastq.gz	FASTQ	RNA	35316219	5297432850	150	150.0	150
output/SRR19762584_2.fastq.gz	FASTQ	RNA	35316219	5297432850	150	150.0	150
output/SRR19762585_1.fastq.gz	FASTQ	RNA	29811072	4471660800	150	150.0	150
output/SRR19762585_2.fastq.gz	FASTQ	RNA	29811072	4471660800	150	150.0	150
output/SRR19762586_1.fastq.gz	FASTQ	RNA	49717643	7457646450	150	150.0	150
output/SRR19762586_2.fastq.gz	FASTQ	RNA	49717643	7457646450	150	150.0	150
output/SRR19762587_1.fastq.gz	FASTQ	RNA	38300009	5745001350	150	150.0	150
output/SRR19762587_2.fastq.gz	FASTQ	RNA	38300009	5745001350	150	150.0	150
output/SRR19762588_1.fastq.gz	FASTQ	RNA	26019982	3902997300	150	150.0	150
output/SRR19762588_2.fastq.gz	FASTQ	RNA	26019982	3902997300	150	150.0	150
output/SRR19762589_1.fastq.gz	FASTQ	RNA	27096111	4064416650	150	150.0	150
output/SRR19762589_2.fastq.gz	FASTQ	RNA	27096111	4064416650	150	150.0	150
output/SRR19762590_1.fastq.gz	FASTQ	RNA	26493840	3974076000	150	150.0	150
output/SRR19762590_2.fastq.gz	FASTQ	RNA	26493840	3974076000	150	150.0	150
output/SRR19762591_1.fastq.gz	FASTQ	RNA	28817374	4322606100	150	150.0	150
output/SRR19762591_2.fastq.gz	FASTQ	RNA	28817374	4322606100	150	150.0	150
output/SRR19762592_1.fastq.gz	FASTQ	RNA	32417233	4862584950	150	150.0	150
output/SRR19762592_2.fastq.gz	FASTQ	RNA	32417233	4862584950	150	150.0	150
output/SRR19762593_1.fastq.gz	FASTQ	RNA	34815625	5222343750	150	150.0	150
output/SRR19762593_2.fastq.gz	FASTQ	RNA	34815625	5222343750	150	150.0	150
output/SRR19762594_1.fastq.gz	FASTQ	RNA	22423536	3363530400	150	150.0	150
output/SRR19762594_2.fastq.gz	FASTQ	RNA	22423536	3363530400	150	150.0	150
output/SRR19762595_1.fastq.gz	FASTQ	RNA	31452040	4717806000	150	150.0	150
output/SRR19762595_2.fastq.gz	FASTQ	RNA	31452040	4717806000	150	150.0	150
output/SRR19762596_1.fastq.gz	FASTQ	RNA	26343989	3951598350	150	150.0	150
output/SRR19762596_2.fastq.gz	FASTQ	RNA	26343989	3951598350	150	150.0	150
output/SRR19762597_1.fastq.gz	FASTQ	RNA	25497494	3824624100	150	150.0	150
output/SRR19762597_2.fastq.gz	FASTQ	RNA	25497494	3824624100	150	150.0	150
output/SRR19762598_1.fastq.gz	FASTQ	RNA	26088519	3913277850	150	150.0	150
output/SRR19762598_2.fastq.gz	FASTQ	RNA	26088519	3913277850	150	150.0	150
output/SRR19762599_1.fastq.gz	FASTQ	RNA	36636814	5495522100	150	150.0	150
output/SRR19762599_2.fastq.gz	FASTQ	RNA	36636814	5495522100	150	150.0	150
output/SRR19762600_1.fastq.gz	FASTQ	RNA	27203067	4080460050	150	150.0	150
output/SRR19762600_2.fastq.gz	FASTQ	RNA	27203067	4080460050	150	150.0	150
output/SRR19762601_1.fastq.gz	FASTQ	RNA	36785395	5517809250	150	150.0	150
output/SRR19762601_2.fastq.gz	FASTQ	RNA	36785395	5517809250	150	150.0	150
output/SRR19762602_1.fastq.gz	FASTQ	RNA	32495280	4874292000	150	150.0	150
output/SRR19762602_2.fastq.gz	FASTQ	RNA	32495280	4874292000	150	150.0	150
output/SRR19762603_1.fastq.gz	FASTQ	RNA	23778098	3566714700	150	150.0	150
output/SRR19762603_2.fastq.gz	FASTQ	RNA	23778098	3566714700	150	150.0	150
output/SRR19762604_1.fastq.gz	FASTQ	RNA	80494912	12074236800	150	150.0	150
output/SRR19762604_2.fastq.gz	FASTQ	RNA	80494912	12074236800	150	150.0	150
output/SRR19762605_1.fastq.gz	FASTQ	RNA	23205521	3480828150	150	150.0	150
output/SRR19762605_2.fastq.gz	FASTQ	RNA	23205521	3480828150	150	150.0	150
output/SRR19762606_1.fastq.gz	FASTQ	RNA	30118609	4517791350	150	150.0	150
output/SRR19762606_2.fastq.gz	FASTQ	RNA	30118609	4517791350	150	150.0	150
output/SRR19762607_1.fastq.gz	FASTQ	RNA	27725151	4158772650	150	150.0	150
output/SRR19762607_2.fastq.gz	FASTQ	RNA	27725151	4158772650	150	150.0	150
output/SRR19762608_1.fastq.gz	FASTQ	RNA	32290513	4843576950	150	150.0	150
output/SRR19762608_2.fastq.gz	FASTQ	RNA	32290513	4843576950	150	150.0	150
output/SRR19762609_1.fastq.gz	FASTQ	RNA	32501312	4875196800	150	150.0	150
output/SRR19762609_2.fastq.gz	FASTQ	RNA	32501312	4875196800	150	150.0	150
output/SRR19762610_1.fastq.gz	FASTQ	RNA	26329779	3949466850	150	150.0	150
output/SRR19762610_2.fastq.gz	FASTQ	RNA	26329779	3949466850	150	150.0	150
output/SRR19762611_1.fastq.gz	FASTQ	RNA	32526875	4879031250	150	150.0	150
output/SRR19762611_2.fastq.gz	FASTQ	RNA	32526875	4879031250	150	150.0	150
output/SRR19762612_1.fastq.gz	FASTQ	RNA	44415967	6662395050	150	150.0	150
output/SRR19762612_2.fastq.gz	FASTQ	RNA	44415967	6662395050	150	150.0	150
output/SRR19762613_1.fastq.gz	FASTQ	RNA	29119006	4367850900	150	150.0	150
output/SRR19762613_2.fastq.gz	FASTQ	RNA	29119006	4367850900	150	150.0	150
output/SRR19762614_1.fastq.gz	FASTQ	RNA	51219083	7682862450	150	150.0	150
output/SRR19762614_2.fastq.gz	FASTQ	RNA	51219083	7682862450	150	150.0	150
output/SRR19762615_1.fastq.gz	FASTQ	RNA	24539838	3680975700	150	150.0	150
output/SRR19762615_2.fastq.gz	FASTQ	RNA	24539838	3680975700	150	150.0	150
output/SRR19762616_1.fastq.gz	FASTQ	RNA	24518381	3677757150	150	150.0	150
output/SRR19762616_2.fastq.gz	FASTQ	RNA	24518381	3677757150	150	150.0	150
output/SRR19762617_1.fastq.gz	FASTQ	RNA	28595828	4289374200	150	150.0	150
output/SRR19762617_2.fastq.gz	FASTQ	RNA	28595828	4289374200	150	150.0	150
output/SRR19762618_1.fastq.gz	FASTQ	RNA	28740620	4311093000	150	150.0	150
output/SRR19762618_2.fastq.gz	FASTQ	RNA	28740620	4311093000	150	150.0	150
output/SRR19762619_1.fastq.gz	FASTQ	RNA	26101308	3915196200	150	150.0	150
output/SRR19762619_2.fastq.gz	FASTQ	RNA	26101308	3915196200	150	150.0	150
output/SRR19762620_1.fastq.gz	FASTQ	RNA	22020781	3303117150	150	150.0	150
output/SRR19762620_2.fastq.gz	FASTQ	RNA	22020781	3303117150	150	150.0	150
output/SRR19762621_1.fastq.gz	FASTQ	RNA	27323386	4098507900	150	150.0	150
output/SRR19762621_2.fastq.gz	FASTQ	RNA	27323386	4098507900	150	150.0	150
output/SRR19762622_1.fastq.gz	FASTQ	RNA	26479668	3971950200	150	150.0	150
output/SRR19762622_2.fastq.gz	FASTQ	RNA	26479668	3971950200	150	150.0	150
output/SRR19762623_1.fastq.gz	FASTQ	RNA	31788470	4768270500	150	150.0	150
output/SRR19762623_2.fastq.gz	FASTQ	RNA	31788470	4768270500	150	150.0	150
output/SRR19762624_1.fastq.gz	FASTQ	RNA	25247978	3787196700	150	150.0	150
output/SRR19762624_2.fastq.gz	FASTQ	RNA	25247978	3787196700	150	150.0	150
output/SRR19762625_1.fastq.gz	FASTQ	RNA	40719375	6107906250	150	150.0	150
output/SRR19762625_2.fastq.gz	FASTQ	RNA	40719375	6107906250	150	150.0	150
output/SRR19762626_1.fastq.gz	FASTQ	RNA	49592032	7438804800	150	150.0	150
output/SRR19762626_2.fastq.gz	FASTQ	RNA	49592032	7438804800	150	150.0	150
output/SRR19762627_1.fastq.gz	FASTQ	RNA	33995374	5099306100	150	150.0	150
output/SRR19762627_2.fastq.gz	FASTQ	RNA	33995374	5099306100	150	150.0	150
output/SRR19762628_1.fastq.gz	FASTQ	RNA	30635353	4595302950	150	150.0	150
output/SRR19762628_2.fastq.gz	FASTQ	RNA	30635353	4595302950	150	150.0	150
output/SRR19762629_1.fastq.gz	FASTQ	RNA	25289511	3793426650	150	150.0	150
output/SRR19762629_2.fastq.gz	FASTQ	RNA	25289511	3793426650	150	150.0	150
output/SRR19762630_1.fastq.gz	FASTQ	RNA	22966750	3445012500	150	150.0	150
output/SRR19762630_2.fastq.gz	FASTQ	RNA	22966750	3445012500	150	150.0	150
output/SRR19762631_1.fastq.gz	FASTQ	RNA	27998864	4199829600	150	150.0	150
output/SRR19762631_2.fastq.gz	FASTQ	RNA	27998864	4199829600	150	150.0	150
output/SRR19762632_1.fastq.gz	FASTQ	RNA	29924207	4488631050	150	150.0	150
output/SRR19762632_2.fastq.gz	FASTQ	RNA	29924207	4488631050	150	150.0	150
output/SRR19762633_1.fastq.gz	FASTQ	RNA	31319664	4697949600	150	150.0	150
output/SRR19762633_2.fastq.gz	FASTQ	RNA	31319664	4697949600	150	150.0	150
output/SRR19762634_1.fastq.gz	FASTQ	RNA	28156953	4223542950	150	150.0	150
output/SRR19762634_2.fastq.gz	FASTQ	RNA	28156953	4223542950	150	150.0	150
output/SRR19762635_1.fastq.gz	FASTQ	RNA	28153191	4222978650	150	150.0	150
output/SRR19762635_2.fastq.gz	FASTQ	RNA	28153191	4222978650	150	150.0	150
output/SRR19762636_1.fastq.gz	FASTQ	RNA	29691039	4453655850	150	150.0	150
output/SRR19762636_2.fastq.gz	FASTQ	RNA	29691039	4453655850	150	150.0	150
output/SRR19762637_1.fastq.gz	FASTQ	RNA	26222391	3933358650	150	150.0	150
output/SRR19762637_2.fastq.gz	FASTQ	RNA	26222391	3933358650	150	150.0	150
output/SRR19762638_1.fastq.gz	FASTQ	RNA	34431091	5164663650	150	150.0	150
output/SRR19762638_2.fastq.gz	FASTQ	RNA	34431091	5164663650	150	150.0	150
output/SRR19762639_1.fastq.gz	FASTQ	RNA	25187628	3778144200	150	150.0	150
output/SRR19762639_2.fastq.gz	FASTQ	RNA	25187628	3778144200	150	150.0	150
output/SRR19762640_1.fastq.gz	FASTQ	RNA	30275176	4541276400	150	150.0	150
output/SRR19762640_2.fastq.gz	FASTQ	RNA	30275176	4541276400	150	150.0	150
output/SRR19762641_1.fastq.gz	FASTQ	RNA	20261616	3039242400	150	150.0	150
output/SRR19762641_2.fastq.gz	FASTQ	RNA	20261616	3039242400	150	150.0	150
output/SRR19762642_1.fastq.gz	FASTQ	RNA	25802375	3870356250	150	150.0	150
output/SRR19762642_2.fastq.gz	FASTQ	RNA	25802375	3870356250	150	150.0	150
output/SRR19762643_1.fastq.gz	FASTQ	RNA	24761960	3714294000	150	150.0	150
output/SRR19762643_2.fastq.gz	FASTQ	RNA	24761960	3714294000	150	150.0	150
output/SRR19762644_1.fastq.gz	FASTQ	RNA	25906236	3885935400	150	150.0	150
output/SRR19762644_2.fastq.gz	FASTQ	RNA	25906236	3885935400	150	150.0	150
output/SRR19762645_1.fastq.gz	FASTQ	RNA	30503177	4575476550	150	150.0	150
output/SRR19762645_2.fastq.gz	FASTQ	RNA	30503177	4575476550	150	150.0	150
output/SRR19762646_1.fastq.gz	FASTQ	RNA	37657500	5648625000	150	150.0	150
output/SRR19762646_2.fastq.gz	FASTQ	RNA	37657500	5648625000	150	150.0	150
output/SRR19762647_1.fastq.gz	FASTQ	RNA	21385541	3207831150	150	150.0	150
output/SRR19762647_2.fastq.gz	FASTQ	RNA	21385541	3207831150	150	150.0	150
output/SRR19762648_1.fastq.gz	FASTQ	RNA	21854489	3278173350	150	150.0	150
output/SRR19762648_2.fastq.gz	FASTQ	RNA	21854489	3278173350	150	150.0	150
output/SRR19762649_1.fastq.gz	FASTQ	RNA	24897000	3734550000	150	150.0	150
output/SRR19762649_2.fastq.gz	FASTQ	RNA	24897000	3734550000	150	150.0	150
output/SRR19762650_1.fastq.gz	FASTQ	RNA	34079923	5111988450	150	150.0	150
output/SRR19762650_2.fastq.gz	FASTQ	RNA	34079923	5111988450	150	150.0	150
output/SRR19762651_1.fastq.gz	FASTQ	RNA	21360382	3204057300	150	150.0	150
output/SRR19762651_2.fastq.gz	FASTQ	RNA	21360382	3204057300	150	150.0	150
output/SRR19762652_1.fastq.gz	FASTQ	RNA	54215703	8132355450	150	150.0	150
output/SRR19762652_2.fastq.gz	FASTQ	RNA	54215703	8132355450	150	150.0	150
output/SRR19762653_1.fastq.gz	FASTQ	RNA	21660473	3249070950	150	150.0	150
output/SRR19762653_2.fastq.gz	FASTQ	RNA	21660473	3249070950	150	150.0	150
output/SRR19762654_1.fastq.gz	FASTQ	RNA	26799966	4019994900	150	150.0	150
output/SRR19762654_2.fastq.gz	FASTQ	RNA	26799966	4019994900	150	150.0	150
output/SRR19762655_1.fastq.gz	FASTQ	RNA	50777791	7616668650	150	150.0	150
output/SRR19762655_2.fastq.gz	FASTQ	RNA	50777791	7616668650	150	150.0	150
output/SRR19762656_1.fastq.gz	FASTQ	RNA	28496344	4274451600	150	150.0	150
output/SRR19762656_2.fastq.gz	FASTQ	RNA	28496344	4274451600	150	150.0	150
output/SRR19762657_1.fastq.gz	FASTQ	RNA	21544835	3231725250	150	150.0	150
output/SRR19762657_2.fastq.gz	FASTQ	RNA	21544835	3231725250	150	150.0	150
output/SRR19762658_1.fastq.gz	FASTQ	RNA	35268769	5290315350	150	150.0	150
output/SRR19762658_2.fastq.gz	FASTQ	RNA	35268769	5290315350	150	150.0	150
output/SRR19762659_1.fastq.gz	FASTQ	RNA	28456682	4268502300	150	150.0	150
output/SRR19762659_2.fastq.gz	FASTQ	RNA	28456682	4268502300	150	150.0	150
output/SRR19762660_1.fastq.gz	FASTQ	RNA	23483295	3522494250	150	150.0	150
output/SRR19762660_2.fastq.gz	FASTQ	RNA	23483295	3522494250	150	150.0	150
output/SRR19762661_2.fastq.gz	FASTQ	RNA	23690073	3553510950	150	150.0	150
output/SRR19762662_1.fastq.gz	FASTQ	RNA	22079489	3311923350	150	150.0	150
output/SRR19762662_2.fastq.gz	FASTQ	RNA	22079489	3311923350	150	150.0	150
output/SRR19762663_1.fastq.gz	FASTQ	RNA	24916279	3737441850	150	150.0	150
output/SRR19762663_2.fastq.gz	FASTQ	RNA	24916279	3737441850	150	150.0	150
output/SRR19762664_1.fastq.gz	FASTQ	RNA	27491936	4123790400	150	150.0	150
output/SRR19762664_2.fastq.gz	FASTQ	RNA	27491936	4123790400	150	150.0	150
output/SRR19762665_1.fastq.gz	FASTQ	RNA	62733861	9410079150	150	150.0	150
output/SRR19762665_2.fastq.gz	FASTQ	RNA	62733861	9410079150	150	150.0	150
output/SRR19762666_1.fastq.gz	FASTQ	RNA	22618284	3392742600	150	150.0	150
output/SRR19762666_2.fastq.gz	FASTQ	RNA	22618284	3392742600	150	150.0	150
output/SRR19762667_1.fastq.gz	FASTQ	RNA	30205523	4530828450	150	150.0	150
output/SRR19762667_2.fastq.gz	FASTQ	RNA	30205523	4530828450	150	150.0	150
output/SRR19762668_1.fastq.gz	FASTQ	RNA	28603319	4290497850	150	150.0	150
output/SRR19762668_2.fastq.gz	FASTQ	RNA	28603319	4290497850	150	150.0	150
output/SRR19762669_1.fastq.gz	FASTQ	RNA	24606256	3690938400	150	150.0	150
output/SRR19762669_2.fastq.gz	FASTQ	RNA	24606256	3690938400	150	150.0	150
output/SRR19762670_1.fastq.gz	FASTQ	RNA	25738891	3860833650	150	150.0	150
output/SRR19762670_2.fastq.gz	FASTQ	RNA	25738891	3860833650	150	150.0	150
output/SRR19762671_1.fastq.gz	FASTQ	RNA	32186579	4827986850	150	150.0	150
output/SRR19762671_2.fastq.gz	FASTQ	RNA	32186579	4827986850	150	150.0	150
output/SRR19762672_1.fastq.gz	FASTQ	RNA	27618798	4142819700	150	150.0	150
output/SRR19762672_2.fastq.gz	FASTQ	RNA	27618798	4142819700	150	150.0	150
output/SRR19762673_1.fastq.gz	FASTQ	RNA	26713508	4007026200	150	150.0	150
output/SRR19762673_2.fastq.gz	FASTQ	RNA	26713508	4007026200	150	150.0	150
output/SRR19762674_1.fastq.gz	FASTQ	RNA	28212540	4231881000	150	150.0	150
output/SRR19762674_2.fastq.gz	FASTQ	RNA	28212540	4231881000	150	150.0	150
output/SRR19762675_1.fastq.gz	FASTQ	RNA	50459453	7568917950	150	150.0	150
output/SRR19762675_2.fastq.gz	FASTQ	RNA	50459453	7568917950	150	150.0	150
output/SRR19762676_1.fastq.gz	FASTQ	RNA	46552973	6982945950	150	150.0	150
output/SRR19762676_2.fastq.gz	FASTQ	RNA	46552973	6982945950	150	150.0	150
output/SRR19762677_1.fastq.gz	FASTQ	RNA	32162592	4824388800	150	150.0	150
output/SRR19762677_2.fastq.gz	FASTQ	RNA	32162592	4824388800	150	150.0	150
output/SRR19762678_1.fastq.gz	FASTQ	RNA	24877214	3731582100	150	150.0	150
output/SRR19762678_2.fastq.gz	FASTQ	RNA	24877214	3731582100	150	150.0	150
output/SRR19762679_1.fastq.gz	FASTQ	RNA	25496905	3824535750	150	150.0	150
output/SRR19762679_2.fastq.gz	FASTQ	RNA	25496905	3824535750	150	150.0	150
output/SRR19762680_1.fastq.gz	FASTQ	RNA	25795774	3869366100	150	150.0	150
output/SRR19762680_2.fastq.gz	FASTQ	RNA	25795774	3869366100	150	150.0	150
output/SRR19762681_1.fastq.gz	FASTQ	RNA	29979196	4496879400	150	150.0	150
output/SRR19762681_2.fastq.gz	FASTQ	RNA	29979196	4496879400	150	150.0	150
output/SRR19762682_1.fastq.gz	FASTQ	RNA	25218976	3782846400	150	150.0	150
output/SRR19762682_2.fastq.gz	FASTQ	RNA	25218976	3782846400	150	150.0	150
output/SRR19762683_1.fastq.gz	FASTQ	RNA	33726023	5058903450	150	150.0	150
output/SRR19762683_2.fastq.gz	FASTQ	RNA	33726023	5058903450	150	150.0	150
output/SRR19762684_1.fastq.gz	FASTQ	RNA	30927452	4639117800	150	150.0	150
output/SRR19762684_2.fastq.gz	FASTQ	RNA	30927452	4639117800	150	150.0	150
output/SRR19762685_1.fastq.gz	FASTQ	RNA	25562590	3834388500	150	150.0	150
output/SRR19762685_2.fastq.gz	FASTQ	RNA	25562590	3834388500	150	150.0	150
output/SRR19762686_1.fastq.gz	FASTQ	RNA	31914786	4787217900	150	150.0	150
output/SRR19762686_2.fastq.gz	FASTQ	RNA	31914786	4787217900	150	150.0	150
output/SRR19762687_1.fastq.gz	FASTQ	RNA	29935771	4490365650	150	150.0	150
output/SRR19762687_2.fastq.gz	FASTQ	RNA	29935771	4490365650	150	150.0	150
output/SRR19762688_1.fastq.gz	FASTQ	RNA	35855090	5378263500	150	150.0	150
output/SRR19762688_2.fastq.gz	FASTQ	RNA	35855090	5378263500	150	150.0	150
output/SRR19762689_1.fastq.gz	FASTQ	RNA	34399164	5159874600	150	150.0	150
output/SRR19762689_2.fastq.gz	FASTQ	RNA	34399164	5159874600	150	150.0	150
output/SRR19762690_1.fastq.gz	FASTQ	RNA	37282303	5592345450	150	150.0	150
output/SRR19762690_2.fastq.gz	FASTQ	RNA	37282303	5592345450	150	150.0	150
output/SRR19762691_1.fastq.gz	FASTQ	RNA	22313631	3347044650	150	150.0	150
output/SRR19762691_2.fastq.gz	FASTQ	RNA	22313631	3347044650	150	150.0	150
output/SRR19762692_1.fastq.gz	FASTQ	RNA	48347543	7252131450	150	150.0	150
output/SRR19762692_2.fastq.gz	FASTQ	RNA	48347543	7252131450	150	150.0	150
output/SRR19762693_1.fastq.gz	FASTQ	RNA	23865924	3579888600	150	150.0	150
output/SRR19762693_2.fastq.gz	FASTQ	RNA	23865924	3579888600	150	150.0	150
output/SRR19762694_1.fastq.gz	FASTQ	RNA	29778526	4466778900	150	150.0	150
output/SRR19762694_2.fastq.gz	FASTQ	RNA	29778526	4466778900	150	150.0	150
output/SRR19762695_1.fastq.gz	FASTQ	RNA	26176462	3926469300	150	150.0	150
output/SRR19762695_2.fastq.gz	FASTQ	RNA	26176462	3926469300	150	150.0	150
output/SRR19762696_1.fastq.gz	FASTQ	RNA	51418715	7712807250	150	150.0	150
output/SRR19762696_2.fastq.gz	FASTQ	RNA	51418715	7712807250	150	150.0	150
output/SRR19762697_1.fastq.gz	FASTQ	RNA	31673262	4750989300	150	150.0	150
output/SRR19762697_2.fastq.gz	FASTQ	RNA	31673262	4750989300	150	150.0	150
output/SRR19762698_1.fastq.gz	FASTQ	RNA	28409444	4261416600	150	150.0	150
output/SRR19762698_2.fastq.gz	FASTQ	RNA	28409444	4261416600	150	150.0	150
output/SRR19762699_1.fastq.gz	FASTQ	RNA	27147062	4072059300	150	150.0	150
output/SRR19762699_2.fastq.gz	FASTQ	RNA	27147062	4072059300	150	150.0	150
output/SRR19762700_1.fastq.gz	FASTQ	RNA	53247261	7987089150	150	150.0	150
output/SRR19762700_2.fastq.gz	FASTQ	RNA	53247261	7987089150	150	150.0	150
output/SRR19762701_1.fastq.gz	FASTQ	RNA	37710395	5656559250	150	150.0	150
output/SRR19762701_2.fastq.gz	FASTQ	RNA	37710395	5656559250	150	150.0	150
output/SRR19762702_1.fastq.gz	FASTQ	RNA	76636577	11495486550	150	150.0	150
output/SRR19762702_2.fastq.gz	FASTQ	RNA	76636577	11495486550	150	150.0	150
output/SRR19762703_1.fastq.gz	FASTQ	RNA	24424293	3663643950	150	150.0	150
output/SRR19762703_2.fastq.gz	FASTQ	RNA	24424293	3663643950	150	150.0	150
output/SRR19762704_1.fastq.gz	FASTQ	RNA	33660061	5049009150	150	150.0	150
output/SRR19762704_2.fastq.gz	FASTQ	RNA	33660061	5049009150	150	150.0	150
output/SRR19762705_1.fastq.gz	FASTQ	RNA	34861633	5229244950	150	150.0	150
output/SRR19762705_2.fastq.gz	FASTQ	RNA	34861633	5229244950	150	150.0	150
output/SRR19762706_1.fastq.gz	FASTQ	RNA	24909048	3736357200	150	150.0	150
output/SRR19762706_2.fastq.gz	FASTQ	RNA	24909048	3736357200	150	150.0	150
output/SRR19762707_1.fastq.gz	FASTQ	RNA	36334548	5450182200	150	150.0	150
output/SRR19762707_2.fastq.gz	FASTQ	RNA	36334548	5450182200	150	150.0	150
output/SRR19762708_1.fastq.gz	FASTQ	RNA	27713851	4157077650	150	150.0	150
output/SRR19762708_2.fastq.gz	FASTQ	RNA	27713851	4157077650	150	150.0	150
output/SRR19762709_1.fastq.gz	FASTQ	RNA	29531573	4429735950	150	150.0	150
output/SRR19762709_2.fastq.gz	FASTQ	RNA	29531573	4429735950	150	150.0	150
output/SRR19762710_1.fastq.gz	FASTQ	RNA	28277150	4241572500	150	150.0	150
output/SRR19762710_2.fastq.gz	FASTQ	RNA	28277150	4241572500	150	150.0	150
output/SRR19762711_1.fastq.gz	FASTQ	RNA	26537853	3980677950	150	150.0	150
output/SRR19762711_2.fastq.gz	FASTQ	RNA	26537853	3980677950	150	150.0	150
output/SRR19762712_1.fastq.gz	FASTQ	RNA	36149519	5422427850	150	150.0	150
output/SRR19762712_2.fastq.gz	FASTQ	RNA	36149519	5422427850	150	150.0	150
output/SRR19762713_1.fastq.gz	FASTQ	RNA	33377393	5006608950	150	150.0	150
output/SRR19762713_2.fastq.gz	FASTQ	RNA	33377393	5006608950	150	150.0	150
output/SRR19762714_1.fastq.gz	FASTQ	RNA	28999373	4349905950	150	150.0	150
output/SRR19762714_2.fastq.gz	FASTQ	RNA	28999373	4349905950	150	150.0	150
output/SRR19762715_1.fastq.gz	FASTQ	RNA	44216358	6632453700	150	150.0	150
output/SRR19762715_2.fastq.gz	FASTQ	RNA	44216358	6632453700	150	150.0	150
output/SRR19762716_1.fastq.gz	FASTQ	RNA	31488152	4723222800	150	150.0	150
output/SRR19762716_2.fastq.gz	FASTQ	RNA	31488152	4723222800	150	150.0	150
output/SRR19762717_1.fastq.gz	FASTQ	RNA	27622021	4143303150	150	150.0	150
output/SRR19762717_2.fastq.gz	FASTQ	RNA	27622021	4143303150	150	150.0	150
output/SRR19762718_1.fastq.gz	FASTQ	RNA	24241832	3636274800	150	150.0	150
output/SRR19762718_2.fastq.gz	FASTQ	RNA	24241832	3636274800	150	150.0	150
output/SRR19762719_1.fastq.gz	FASTQ	RNA	28577444	4286616600	150	150.0	150
output/SRR19762719_2.fastq.gz	FASTQ	RNA	28577444	4286616600	150	150.0	150
output/SRR19762720_1.fastq.gz	FASTQ	RNA	26147389	3922108350	150	150.0	150
output/SRR19762720_2.fastq.gz	FASTQ	RNA	26147389	3922108350	150	150.0	150
output/SRR19762721_1.fastq.gz	FASTQ	RNA	28159790	4223968500	150	150.0	150
output/SRR19762722_1.fastq.gz	FASTQ	RNA	28376359	4256453850	150	150.0	150
output/SRR19762722_2.fastq.gz	FASTQ	RNA	28376359	4256453850	150	150.0	150
output/SRR19762723_1.fastq.gz	FASTQ	RNA	32681005	4902150750	150	150.0	150
output/SRR19762723_2.fastq.gz	FASTQ	RNA	32681005	4902150750	150	150.0	150
output/SRR19762724_1.fastq.gz	FASTQ	RNA	28630346	4294551900	150	150.0	150
output/SRR19762724_2.fastq.gz	FASTQ	RNA	28630346	4294551900	150	150.0	150
output/SRR19762725_1.fastq.gz	FASTQ	RNA	29994948	4499242200	150	150.0	150
output/SRR19762725_2.fastq.gz	FASTQ	RNA	29994948	4499242200	150	150.0	150
output/SRR19762726_1.fastq.gz	FASTQ	RNA	22826706	3424005900	150	150.0	150
output/SRR19762726_2.fastq.gz	FASTQ	RNA	22826706	3424005900	150	150.0	150
output/SRR19762727_1.fastq.gz	FASTQ	RNA	32385784	4857867600	150	150.0	150
output/SRR19762727_2.fastq.gz	FASTQ	RNA	32385784	4857867600	150	150.0	150
output/SRR19762728_1.fastq.gz	FASTQ	RNA	24645380	3696807000	150	150.0	150
output/SRR19762728_2.fastq.gz	FASTQ	RNA	24645380	3696807000	150	150.0	150
output/SRR19762729_1.fastq.gz	FASTQ	RNA	30770240	4615536000	150	150.0	150
output/SRR19762729_2.fastq.gz	FASTQ	RNA	30770240	4615536000	150	150.0	150
output/SRR19762730_1.fastq.gz	FASTQ	RNA	30429831	4564474650	150	150.0	150
output/SRR19762730_2.fastq.gz	FASTQ	RNA	30429831	4564474650	150	150.0	150
output/SRR19762731_1.fastq.gz	FASTQ	RNA	31873101	4780965150	150	150.0	150
output/SRR19762731_2.fastq.gz	FASTQ	RNA	31873101	4780965150	150	150.0	150
output/SRR19762732_1.fastq.gz	FASTQ	RNA	28932368	4339855200	150	150.0	150
output/SRR19762732_2.fastq.gz	FASTQ	RNA	28932368	4339855200	150	150.0	150
output/SRR19762733_1.fastq.gz	FASTQ	RNA	27843627	4176544050	150	150.0	150
output/SRR19762733_2.fastq.gz	FASTQ	RNA	27843627	4176544050	150	150.0	150
output/SRR19762734_1.fastq.gz	FASTQ	RNA	29876648	4481497200	150	150.0	150
output/SRR19762734_2.fastq.gz	FASTQ	RNA	29876648	4481497200	150	150.0	150
output/SRR19762735_1.fastq.gz	FASTQ	RNA	27338048	4100707200	150	150.0	150
output/SRR19762735_2.fastq.gz	FASTQ	RNA	27338048	4100707200	150	150.0	150
output/SRR19762736_1.fastq.gz	FASTQ	RNA	32067314	4810097100	150	150.0	150
output/SRR19762736_2.fastq.gz	FASTQ	RNA	32067314	4810097100	150	150.0	150
output/SRR19762737_1.fastq.gz	FASTQ	RNA	35107802	5266170300	150	150.0	150
output/SRR19762737_2.fastq.gz	FASTQ	RNA	35107802	5266170300	150	150.0	150
output/SRR19762738_1.fastq.gz	FASTQ	RNA	26583738	3987560700	150	150.0	150
output/SRR19762738_2.fastq.gz	FASTQ	RNA	26583738	3987560700	150	150.0	150
output/SRR19762739_1.fastq.gz	FASTQ	RNA	29215689	4382353350	150	150.0	150
output/SRR19762739_2.fastq.gz	FASTQ	RNA	29215689	4382353350	150	150.0	150
output/SRR19762740_1.fastq.gz	FASTQ	RNA	22997453	3449617950	150	150.0	150
output/SRR19762740_2.fastq.gz	FASTQ	RNA	22997453	3449617950	150	150.0	150
output/SRR19762741_1.fastq.gz	FASTQ	RNA	23198569	3479785350	150	150.0	150
output/SRR19762741_2.fastq.gz	FASTQ	RNA	23198569	3479785350	150	150.0	150
output/SRR19762742_1.fastq.gz	FASTQ	RNA	43783916	6567587400	150	150.0	150
output/SRR19762742_2.fastq.gz	FASTQ	RNA	43783916	6567587400	150	150.0	150
output/SRR19762743_1.fastq.gz	FASTQ	RNA	27835186	4175277900	150	150.0	150
output/SRR19762743_2.fastq.gz	FASTQ	RNA	27835186	4175277900	150	150.0	150
output/SRR19762744_1.fastq.gz	FASTQ	RNA	30794051	4619107650	150	150.0	150
output/SRR19762744_2.fastq.gz	FASTQ	RNA	30794051	4619107650	150	150.0	150
output/SRR19762745_1.fastq.gz	FASTQ	RNA	24656041	3698406150	150	150.0	150
output/SRR19762745_2.fastq.gz	FASTQ	RNA	24656041	3698406150	150	150.0	150
output/SRR19762746_1.fastq.gz	FASTQ	RNA	52880812	7932121800	150	150.0	150
output/SRR19762746_2.fastq.gz	FASTQ	RNA	52880812	7932121800	150	150.0	150
output/SRR19762747_1.fastq.gz	FASTQ	RNA	30210660	4531599000	150	150.0	150
output/SRR19762747_2.fastq.gz	FASTQ	RNA	30210660	4531599000	150	150.0	150
output/SRR19762748_1.fastq.gz	FASTQ	RNA	34533825	5180073750	150	150.0	150
output/SRR19762748_2.fastq.gz	FASTQ	RNA	34533825	5180073750	150	150.0	150
output/SRR19762749_1.fastq.gz	FASTQ	RNA	28290853	4243627950	150	150.0	150
output/SRR19762749_2.fastq.gz	FASTQ	RNA	28290853	4243627950	150	150.0	150
output/SRR19762750_1.fastq.gz	FASTQ	RNA	74155212	11123281800	150	150.0	150
output/SRR19762750_2.fastq.gz	FASTQ	RNA	74155212	11123281800	150	150.0	150
output/SRR19762751_1.fastq.gz	FASTQ	RNA	25356036	3803405400	150	150.0	150
output/SRR19762751_2.fastq.gz	FASTQ	RNA	25356036	3803405400	150	150.0	150
output/SRR19762752_1.fastq.gz	FASTQ	RNA	26037060	3905559000	150	150.0	150
output/SRR19762752_2.fastq.gz	FASTQ	RNA	26037060	3905559000	150	150.0	150
output/SRR19762753_1.fastq.gz	FASTQ	RNA	20254713	3038206950	150	150.0	150
output/SRR19762753_2.fastq.gz	FASTQ	RNA	20254713	3038206950	150	150.0	150
output/SRR19762754_1.fastq.gz	FASTQ	RNA	31058073	4658710950	150	150.0	150
output/SRR19762754_2.fastq.gz	FASTQ	RNA	31058073	4658710950	150	150.0	150
output/SRR19762755_1.fastq.gz	FASTQ	RNA	28371083	4255662450	150	150.0	150
output/SRR19762755_2.fastq.gz	FASTQ	RNA	28371083	4255662450	150	150.0	150
output/SRR19762756_1.fastq.gz	FASTQ	RNA	28181531	4227229650	150	150.0	150
output/SRR19762756_2.fastq.gz	FASTQ	RNA	28181531	4227229650	150	150.0	150
output/SRR19762757_1.fastq.gz	FASTQ	RNA	26732945	4009941750	150	150.0	150
output/SRR19762757_2.fastq.gz	FASTQ	RNA	26732945	4009941750	150	150.0	150
output/SRR19762758_1.fastq.gz	FASTQ	RNA	43009427	6451414050	150	150.0	150
output/SRR19762758_2.fastq.gz	FASTQ	RNA	43009427	6451414050	150	150.0	150
output/SRR19762759_1.fastq.gz	FASTQ	RNA	26267882	3940182300	150	150.0	150
output/SRR19762759_2.fastq.gz	FASTQ	RNA	26267882	3940182300	150	150.0	150
output/SRR19762760_1.fastq.gz	FASTQ	RNA	22858179	3428726850	150	150.0	150
output/SRR19762760_2.fastq.gz	FASTQ	RNA	22858179	3428726850	150	150.0	150
output/SRR19762761_1.fastq.gz	FASTQ	RNA	28532744	4279911600	150	150.0	150
output/SRR19762761_2.fastq.gz	FASTQ	RNA	28532744	4279911600	150	150.0	150
output/SRR19762762_1.fastq.gz	FASTQ	RNA	26168465	3925269750	150	150.0	150
output/SRR19762762_2.fastq.gz	FASTQ	RNA	26168465	3925269750	150	150.0	150
output/SRR19762763_1.fastq.gz	FASTQ	RNA	35190097	5278514550	150	150.0	150
output/SRR19762763_2.fastq.gz	FASTQ	RNA	35190097	5278514550	150	150.0	150
output/SRR19762764_1.fastq.gz	FASTQ	RNA	25833833	3875074950	150	150.0	150
output/SRR19762764_2.fastq.gz	FASTQ	RNA	25833833	3875074950	150	150.0	150
output/SRR19762765_1.fastq.gz	FASTQ	RNA	20852116	3127817400	150	150.0	150
output/SRR19762765_2.fastq.gz	FASTQ	RNA	20852116	3127817400	150	150.0	150
output/SRR19762766_1.fastq.gz	FASTQ	RNA	20688818	3103322700	150	150.0	150
output/SRR19762766_2.fastq.gz	FASTQ	RNA	20688818	3103322700	150	150.0	150
output/SRR19762767_1.fastq.gz	FASTQ	RNA	29296344	4394451600	150	150.0	150
output/SRR19762768_1.fastq.gz	FASTQ	RNA	22245618	3336842700	150	150.0	150
output/SRR19762768_2.fastq.gz	FASTQ	RNA	22245618	3336842700	150	150.0	150
output/SRR19762769_1.fastq.gz	FASTQ	RNA	34966299	5244944850	150	150.0	150
output/SRR19762769_2.fastq.gz	FASTQ	RNA	34966299	5244944850	150	150.0	150
output/SRR19762770_1.fastq.gz	FASTQ	RNA	22787353	3418102950	150	150.0	150
output/SRR19762770_2.fastq.gz	FASTQ	RNA	22787353	3418102950	150	150.0	150
output/SRR19762771_1.fastq.gz	FASTQ	RNA	31131571	4669735650	150	150.0	150
output/SRR19762772_1.fastq.gz	FASTQ	RNA	29087024	4363053600	150	150.0	150
output/SRR19762772_2.fastq.gz	FASTQ	RNA	29087024	4363053600	150	150.0	150
output/SRR19762773_1.fastq.gz	FASTQ	RNA	34013073	5101960950	150	150.0	150
output/SRR19762773_2.fastq.gz	FASTQ	RNA	34013073	5101960950	150	150.0	150
output/SRR19762774_1.fastq.gz	FASTQ	RNA	22939306	3440895900	150	150.0	150
output/SRR19762774_2.fastq.gz	FASTQ	RNA	22939306	3440895900	150	150.0	150
output/SRR19762775_1.fastq.gz	FASTQ	RNA	52544133	7881619950	150	150.0	150
output/SRR19762775_2.fastq.gz	FASTQ	RNA	52544133	7881619950	150	150.0	150
output/SRR19762776_1.fastq.gz	FASTQ	RNA	28130907	4219636050	150	150.0	150
output/SRR19762776_2.fastq.gz	FASTQ	RNA	28130907	4219636050	150	150.0	150
output/SRR19762777_1.fastq.gz	FASTQ	RNA	28185069	4227760350	150	150.0	150
output/SRR19762777_2.fastq.gz	FASTQ	RNA	28185069	4227760350	150	150.0	150
output/SRR19762778_1.fastq.gz	FASTQ	RNA	26178137	3926720550	150	150.0	150
output/SRR19762778_2.fastq.gz	FASTQ	RNA	26178137	3926720550	150	150.0	150
output/SRR19762779_1.fastq.gz	FASTQ	RNA	31504061	4725609150	150	150.0	150
output/SRR19762779_2.fastq.gz	FASTQ	RNA	31504061	4725609150	150	150.0	150
output/SRR19762780_1.fastq.gz	FASTQ	RNA	29693134	4453970100	150	150.0	150
output/SRR19762780_2.fastq.gz	FASTQ	RNA	29693134	4453970100	150	150.0	150
output/SRR19762781_1.fastq.gz	FASTQ	RNA	33273360	4991004000	150	150.0	150
output/SRR19762781_2.fastq.gz	FASTQ	RNA	33273360	4991004000	150	150.0	150
output/SRR19762782_1.fastq.gz	FASTQ	RNA	28114856	4217228400	150	150.0	150
output/SRR19762782_2.fastq.gz	FASTQ	RNA	28114856	4217228400	150	150.0	150
output/SRR19762783_1.fastq.gz	FASTQ	RNA	29242004	4386300600	150	150.0	150
output/SRR19762783_2.fastq.gz	FASTQ	RNA	29242004	4386300600	150	150.0	150
output/SRR19762784_1.fastq.gz	FASTQ	RNA	27449069	4117360350	150	150.0	150
output/SRR19762784_2.fastq.gz	FASTQ	RNA	27449069	4117360350	150	150.0	150
output/SRR19762785_1.fastq.gz	FASTQ	RNA	50747648	7612147200	150	150.0	150
output/SRR19762785_2.fastq.gz	FASTQ	RNA	50747648	7612147200	150	150.0	150
output/SRR19762786_1.fastq.gz	FASTQ	RNA	29263771	4389565650	150	150.0	150
output/SRR19762786_2.fastq.gz	FASTQ	RNA	29263771	4389565650	150	150.0	150
output/SRR19762787_1.fastq.gz	FASTQ	RNA	31048861	4657329150	150	150.0	150
output/SRR19762787_2.fastq.gz	FASTQ	RNA	31048861	4657329150	150	150.0	150
output/SRR19762788_1.fastq.gz	FASTQ	RNA	28954988	4343248200	150	150.0	150
output/SRR19762788_2.fastq.gz	FASTQ	RNA	28954988	4343248200	150	150.0	150
output/SRR19762789_1.fastq.gz	FASTQ	RNA	25309358	3796403700	150	150.0	150
output/SRR19762789_2.fastq.gz	FASTQ	RNA	25309358	3796403700	150	150.0	150
output/SRR19762790_1.fastq.gz	FASTQ	RNA	43479368	6521905200	150	150.0	150
output/SRR19762790_2.fastq.gz	FASTQ	RNA	43479368	6521905200	150	150.0	150
output/SRR19762791_1.fastq.gz	FASTQ	RNA	30321947	4548292050	150	150.0	150
output/SRR19762791_2.fastq.gz	FASTQ	RNA	30321947	4548292050	150	150.0	150
output/SRR19762792_1.fastq.gz	FASTQ	RNA	31718590	4757788500	150	150.0	150
output/SRR19762792_2.fastq.gz	FASTQ	RNA	31718590	4757788500	150	150.0	150
output/SRR19762793_1.fastq.gz	FASTQ	RNA	26480600	3972090000	150	150.0	150
output/SRR19762793_2.fastq.gz	FASTQ	RNA	26480600	3972090000	150	150.0	150
output/SRR19762794_1.fastq.gz	FASTQ	RNA	33140315	4971047250	150	150.0	150
output/SRR19762794_2.fastq.gz	FASTQ	RNA	33140315	4971047250	150	150.0	150
output/SRR19762795_1.fastq.gz	FASTQ	RNA	23858229	3578734350	150	150.0	150
output/SRR19762795_2.fastq.gz	FASTQ	RNA	23858229	3578734350	150	150.0	150
output/SRR19762796_1.fastq.gz	FASTQ	RNA	25159377	3773906550	150	150.0	150
output/SRR19762796_2.fastq.gz	FASTQ	RNA	25159377	3773906550	150	150.0	150
output/SRR19762797_1.fastq.gz	FASTQ	RNA	26374910	3956236500	150	150.0	150
output/SRR19762797_2.fastq.gz	FASTQ	RNA	26374910	3956236500	150	150.0	150
output/SRR19762798_1.fastq.gz	FASTQ	RNA	28636172	4295425800	150	150.0	150
output/SRR19762798_2.fastq.gz	FASTQ	RNA	28636172	4295425800	150	150.0	150
output/SRR19762799_1.fastq.gz	FASTQ	RNA	37197045	5579556750	150	150.0	150
output/SRR19762799_2.fastq.gz	FASTQ	RNA	37197045	5579556750	150	150.0	150
output/SRR19762800_1.fastq.gz	FASTQ	RNA	50772451	7615867650	150	150.0	150
output/SRR19762800_2.fastq.gz	FASTQ	RNA	50772451	7615867650	150	150.0	150
output/SRR19762801_1.fastq.gz	FASTQ	RNA	29438996	4415849400	150	150.0	150
output/SRR19762801_2.fastq.gz	FASTQ	RNA	29438996	4415849400	150	150.0	150
output/SRR19762802_1.fastq.gz	FASTQ	RNA	29907615	4486142250	150	150.0	150
output/SRR19762802_2.fastq.gz	FASTQ	RNA	29907615	4486142250	150	150.0	150
output/SRR19762803_1.fastq.gz	FASTQ	RNA	31409686	4711452900	150	150.0	150
output/SRR19762803_2.fastq.gz	FASTQ	RNA	31409686	4711452900	150	150.0	150
output/SRR19762804_1.fastq.gz	FASTQ	RNA	21470346	3220551900	150	150.0	150
output/SRR19762804_2.fastq.gz	FASTQ	RNA	21470346	3220551900	150	150.0	150
output/SRR19762805_1.fastq.gz	FASTQ	RNA	27312574	4096886100	150	150.0	150
output/SRR19762805_2.fastq.gz	FASTQ	RNA	27312574	4096886100	150	150.0	150
output/SRR19762806_1.fastq.gz	FASTQ	RNA	29664883	4449732450	150	150.0	150
output/SRR19762806_2.fastq.gz	FASTQ	RNA	29664883	4449732450	150	150.0	150
output/SRR19762807_1.fastq.gz	FASTQ	RNA	27982865	4197429750	150	150.0	150
output/SRR19762807_2.fastq.gz	FASTQ	RNA	27982865	4197429750	150	150.0	150
output/SRR19762808_1.fastq.gz	FASTQ	RNA	32236504	4835475600	150	150.0	150
output/SRR19762808_2.fastq.gz	FASTQ	RNA	32236504	4835475600	150	150.0	150
output/SRR19762809_1.fastq.gz	FASTQ	RNA	29271282	4390692300	150	150.0	150
output/SRR19762809_2.fastq.gz	FASTQ	RNA	29271282	4390692300	150	150.0	150
output/SRR19762810_1.fastq.gz	FASTQ	RNA	30471729	4570759350	150	150.0	150
output/SRR19762810_2.fastq.gz	FASTQ	RNA	30471729	4570759350	150	150.0	150
output/SRR19762811_1.fastq.gz	FASTQ	RNA	30110992	4516648800	150	150.0	150
output/SRR19762811_2.fastq.gz	FASTQ	RNA	30110992	4516648800	150	150.0	150
output/SRR19762812_1.fastq.gz	FASTQ	RNA	21108800	3166320000	150	150.0	150
output/SRR19762812_2.fastq.gz	FASTQ	RNA	21108800	3166320000	150	150.0	150
output/SRR19762813_1.fastq.gz	FASTQ	RNA	25342202	3801330300	150	150.0	150
output/SRR19762813_2.fastq.gz	FASTQ	RNA	25342202	3801330300	150	150.0	150
output/SRR19762814_1.fastq.gz	FASTQ	RNA	35540065	5331009750	150	150.0	150
output/SRR19762814_2.fastq.gz	FASTQ	RNA	35540065	5331009750	150	150.0	150
output/SRR19762815_1.fastq.gz	FASTQ	RNA	20243191	3036478650	150	150.0	150
output/SRR19762815_2.fastq.gz	FASTQ	RNA	20243191	3036478650	150	150.0	150
output/SRR19762816_1.fastq.gz	FASTQ	RNA	20206304	3030945600	150	150.0	150
output/SRR19762816_2.fastq.gz	FASTQ	RNA	20206304	3030945600	150	150.0	150
output/SRR19762817_1.fastq.gz	FASTQ	RNA	26692204	4003830600	150	150.0	150
output/SRR19762817_2.fastq.gz	FASTQ	RNA	26692204	4003830600	150	150.0	150
output/SRR19762818_1.fastq.gz	FASTQ	RNA	24575549	3686332350	150	150.0	150
output/SRR19762818_2.fastq.gz	FASTQ	RNA	24575549	3686332350	150	150.0	150
output/SRR19762819_1.fastq.gz	FASTQ	RNA	45012870	6751930500	150	150.0	150
output/SRR19762819_2.fastq.gz	FASTQ	RNA	45012870	6751930500	150	150.0	150
output/SRR19762820_1.fastq.gz	FASTQ	RNA	34920021	5238003150	150	150.0	150
output/SRR19762820_2.fastq.gz	FASTQ	RNA	34920021	5238003150	150	150.0	150
output/SRR19762821_1.fastq.gz	FASTQ	RNA	30420410	4563061500	150	150.0	150
output/SRR19762821_2.fastq.gz	FASTQ	RNA	30420410	4563061500	150	150.0	150
output/SRR19762822_1.fastq.gz	FASTQ	RNA	25142210	3771331500	150	150.0	150
output/SRR19762822_2.fastq.gz	FASTQ	RNA	25142210	3771331500	150	150.0	150
output/SRR19762823_1.fastq.gz	FASTQ	RNA	26694221	4004133150	150	150.0	150
output/SRR19762823_2.fastq.gz	FASTQ	RNA	26694221	4004133150	150	150.0	150
output/SRR19762824_1.fastq.gz	FASTQ	RNA	26442532	3966379800	150	150.0	150
output/SRR19762824_2.fastq.gz	FASTQ	RNA	26442532	3966379800	150	150.0	150
output/SRR19762825_1.fastq.gz	FASTQ	RNA	33423913	5013586950	150	150.0	150
output/SRR19762825_2.fastq.gz	FASTQ	RNA	33423913	5013586950	150	150.0	150
output/SRR19762826_1.fastq.gz	FASTQ	RNA	26305498	3945824700	150	150.0	150
output/SRR19762826_2.fastq.gz	FASTQ	RNA	26305498	3945824700	150	150.0	150
output/SRR19762827_1.fastq.gz	FASTQ	RNA	50503403	7575510450	150	150.0	150
output/SRR19762827_2.fastq.gz	FASTQ	RNA	50503403	7575510450	150	150.0	150
output/SRR19762828_1.fastq.gz	FASTQ	RNA	39005872	5850880800	150	150.0	150
output/SRR19762828_2.fastq.gz	FASTQ	RNA	39005872	5850880800	150	150.0	150
output/SRR19762829_1.fastq.gz	FASTQ	RNA	27735617	4160342550	150	150.0	150
output/SRR19762829_2.fastq.gz	FASTQ	RNA	27735617	4160342550	150	150.0	150
output/SRR19762830_2.fastq.gz	FASTQ	RNA	31272570	4690885500	150	150.0	150
output/SRR19762831_1.fastq.gz	FASTQ	RNA	28075615	4211342250	150	150.0	150
output/SRR19762831_2.fastq.gz	FASTQ	RNA	28075615	4211342250	150	150.0	150
output/SRR19762832_1.fastq.gz	FASTQ	RNA	28766684	4315002600	150	150.0	150
output/SRR19762832_2.fastq.gz	FASTQ	RNA	28766684	4315002600	150	150.0	150
output/SRR19762833_1.fastq.gz	FASTQ	RNA	39018820	5852823000	150	150.0	150
output/SRR19762833_2.fastq.gz	FASTQ	RNA	39018820	5852823000	150	150.0	150
output/SRR19762834_1.fastq.gz	FASTQ	RNA	30882372	4632355800	150	150.0	150
output/SRR19762834_2.fastq.gz	FASTQ	RNA	30882372	4632355800	150	150.0	150
output/SRR19762835_1.fastq.gz	FASTQ	RNA	31361821	4704273150	150	150.0	150
output/SRR19762835_2.fastq.gz	FASTQ	RNA	31361821	4704273150	150	150.0	150
output/SRR19762836_1.fastq.gz	FASTQ	RNA	27826862	4174029300	150	150.0	150
output/SRR19762836_2.fastq.gz	FASTQ	RNA	27826862	4174029300	150	150.0	150
output/SRR19762837_1.fastq.gz	FASTQ	RNA	26164893	3924733950	150	150.0	150
output/SRR19762837_2.fastq.gz	FASTQ	RNA	26164893	3924733950	150	150.0	150
output/SRR19762838_1.fastq.gz	FASTQ	RNA	33451414	5017712100	150	150.0	150
output/SRR19762838_2.fastq.gz	FASTQ	RNA	33451414	5017712100	150	150.0	150
output/SRR19762839_1.fastq.gz	FASTQ	RNA	24982535	3747380250	150	150.0	150
output/SRR19762839_2.fastq.gz	FASTQ	RNA	24982535	3747380250	150	150.0	150
output/SRR19762840_1.fastq.gz	FASTQ	RNA	30545303	4581795450	150	150.0	150
output/SRR19762840_2.fastq.gz	FASTQ	RNA	30545303	4581795450	150	150.0	150
output/SRR19762841_1.fastq.gz	FASTQ	RNA	28040836	4206125400	150	150.0	150
output/SRR19762841_2.fastq.gz	FASTQ	RNA	28040836	4206125400	150	150.0	150
output/SRR19762842_1.fastq.gz	FASTQ	RNA	34988989	5248348350	150	150.0	150
output/SRR19762842_2.fastq.gz	FASTQ	RNA	34988989	5248348350	150	150.0	150
output/SRR19762843_1.fastq.gz	FASTQ	RNA	28359672	4253950800	150	150.0	150
output/SRR19762843_2.fastq.gz	FASTQ	RNA	28359672	4253950800	150	150.0	150
output/SRR19762844_1.fastq.gz	FASTQ	RNA	31005324	4650798600	150	150.0	150
output/SRR19762844_2.fastq.gz	FASTQ	RNA	31005324	4650798600	150	150.0	150
output/SRR19762845_1.fastq.gz	FASTQ	RNA	26181699	3927254850	150	150.0	150
output/SRR19762845_2.fastq.gz	FASTQ	RNA	26181699	3927254850	150	150.0	150
output/SRR19762846_1.fastq.gz	FASTQ	RNA	28912997	4336949550	150	150.0	150
output/SRR19762846_2.fastq.gz	FASTQ	RNA	28912997	4336949550	150	150.0	150
output/SRR19762847_1.fastq.gz	FASTQ	RNA	25454031	3818104650	150	150.0	150
output/SRR19762847_2.fastq.gz	FASTQ	RNA	25454031	3818104650	150	150.0	150
output/SRR19762848_1.fastq.gz	FASTQ	RNA	26464180	3969627000	150	150.0	150
output/SRR19762848_2.fastq.gz	FASTQ	RNA	26464180	3969627000	150	150.0	150
output/SRR19762849_1.fastq.gz	FASTQ	RNA	29514397	4427159550	150	150.0	150
output/SRR19762849_2.fastq.gz	FASTQ	RNA	29514397	4427159550	150	150.0	150
output/SRR19762850_1.fastq.gz	FASTQ	RNA	44310450	6646567500	150	150.0	150
output/SRR19762850_2.fastq.gz	FASTQ	RNA	44310450	6646567500	150	150.0	150
output/SRR19762851_1.fastq.gz	FASTQ	RNA	31140114	4671017100	150	150.0	150
output/SRR19762851_2.fastq.gz	FASTQ	RNA	31140114	4671017100	150	150.0	150
output/SRR19762852_1.fastq.gz	FASTQ	RNA	43394568	6509185200	150	150.0	150
output/SRR19762852_2.fastq.gz	FASTQ	RNA	43394568	6509185200	150	150.0	150
output/SRR19762853_1.fastq.gz	FASTQ	RNA	33757969	5063695350	150	150.0	150
output/SRR19762853_2.fastq.gz	FASTQ	RNA	33757969	5063695350	150	150.0	150
output/SRR19762854_1.fastq.gz	FASTQ	RNA	27204478	4080671700	150	150.0	150
output/SRR19762854_2.fastq.gz	FASTQ	RNA	27204478	4080671700	150	150.0	150
output/SRR19762855_1.fastq.gz	FASTQ	RNA	23438392	3515758800	150	150.0	150
output/SRR19762855_2.fastq.gz	FASTQ	RNA	23438392	3515758800	150	150.0	150
output/SRR19762856_1.fastq.gz	FASTQ	RNA	24142275	3621341250	150	150.0	150
output/SRR19762856_2.fastq.gz	FASTQ	RNA	24142275	3621341250	150	150.0	150
output/SRR19762857_1.fastq.gz	FASTQ	RNA	29048825	4357323750	150	150.0	150
output/SRR19762857_2.fastq.gz	FASTQ	RNA	29048825	4357323750	150	150.0	150
output/SRR19762858_1.fastq.gz	FASTQ	RNA	27699138	4154870700	150	150.0	150
output/SRR19762858_2.fastq.gz	FASTQ	RNA	27699138	4154870700	150	150.0	150
output/SRR19762859_1.fastq.gz	FASTQ	RNA	28470071	4270510650	150	150.0	150
output/SRR19762859_2.fastq.gz	FASTQ	RNA	28470071	4270510650	150	150.0	150
output/SRR19762860_1.fastq.gz	FASTQ	RNA	31119539	4667930850	150	150.0	150
output/SRR19762860_2.fastq.gz	FASTQ	RNA	31119539	4667930850	150	150.0	150
output/SRR19762861_1.fastq.gz	FASTQ	RNA	21212203	3181830450	150	150.0	150
output/SRR19762861_2.fastq.gz	FASTQ	RNA	21212203	3181830450	150	150.0	150
output/SRR19762862_1.fastq.gz	FASTQ	RNA	23204006	3480600900	150	150.0	150
output/SRR19762862_2.fastq.gz	FASTQ	RNA	23204006	3480600900	150	150.0	150
output/SRR19762863_1.fastq.gz	FASTQ	RNA	27321027	4098154050	150	150.0	150
output/SRR19762863_2.fastq.gz	FASTQ	RNA	27321027	4098154050	150	150.0	150
output/SRR19762864_1.fastq.gz	FASTQ	RNA	25723291	3858493650	150	150.0	150
output/SRR19762864_2.fastq.gz	FASTQ	RNA	25723291	3858493650	150	150.0	150
output/SRR19762865_1.fastq.gz	FASTQ	RNA	22270106	3340515900	150	150.0	150
output/SRR19762865_2.fastq.gz	FASTQ	RNA	22270106	3340515900	150	150.0	150
output/SRR19762866_1.fastq.gz	FASTQ	RNA	30317910	4547686500	150	150.0	150
output/SRR19762866_2.fastq.gz	FASTQ	RNA	30317910	4547686500	150	150.0	150
output/SRR19762867_1.fastq.gz	FASTQ	RNA	32154351	4823152650	150	150.0	150
output/SRR19762867_2.fastq.gz	FASTQ	RNA	32154351	4823152650	150	150.0	150
output/SRR19762868_1.fastq.gz	FASTQ	RNA	29297313	4394596950	150	150.0	150
output/SRR19762868_2.fastq.gz	FASTQ	RNA	29297313	4394596950	150	150.0	150
output/SRR19762869_1.fastq.gz	FASTQ	RNA	31532967	4729945050	150	150.0	150
output/SRR19762869_2.fastq.gz	FASTQ	RNA	31532967	4729945050	150	150.0	150
output/SRR19762870_1.fastq.gz	FASTQ	RNA	23689434	3553415100	150	150.0	150
output/SRR19762871_1.fastq.gz	FASTQ	RNA	25574805	3836220750	150	150.0	150
output/SRR19762871_2.fastq.gz	FASTQ	RNA	25574805	3836220750	150	150.0	150
output/SRR19762872_1.fastq.gz	FASTQ	RNA	53808013	8071201950	150	150.0	150
output/SRR19762872_2.fastq.gz	FASTQ	RNA	53808013	8071201950	150	150.0	150
output/SRR19762873_1.fastq.gz	FASTQ	RNA	26885570	4032835500	150	150.0	150
output/SRR19762873_2.fastq.gz	FASTQ	RNA	26885570	4032835500	150	150.0	150
output/SRR19762874_1.fastq.gz	FASTQ	RNA	55290228	8293534200	150	150.0	150
output/SRR19762874_2.fastq.gz	FASTQ	RNA	55290228	8293534200	150	150.0	150
output/SRR19762875_1.fastq.gz	FASTQ	RNA	25081199	3762179850	150	150.0	150
output/SRR19762875_2.fastq.gz	FASTQ	RNA	25081199	3762179850	150	150.0	150
output/SRR19762876_1.fastq.gz	FASTQ	RNA	26065289	3909793350	150	150.0	150
output/SRR19762876_2.fastq.gz	FASTQ	RNA	26065289	3909793350	150	150.0	150
output/SRR19762877_1.fastq.gz	FASTQ	RNA	24101249	3615187350	150	150.0	150
output/SRR19762877_2.fastq.gz	FASTQ	RNA	24101249	3615187350	150	150.0	150
output/SRR19762878_1.fastq.gz	FASTQ	RNA	36424804	5463720600	150	150.0	150
output/SRR19762878_2.fastq.gz	FASTQ	RNA	36424804	5463720600	150	150.0	150
output/SRR19762879_1.fastq.gz	FASTQ	RNA	29021354	4353203100	150	150.0	150
output/SRR19762879_2.fastq.gz	FASTQ	RNA	29021354	4353203100	150	150.0	150
output/SRR19762880_1.fastq.gz	FASTQ	RNA	35824342	5373651300	150	150.0	150
output/SRR19762880_2.fastq.gz	FASTQ	RNA	35824342	5373651300	150	150.0	150
output/SRR19762881_1.fastq.gz	FASTQ	RNA	29721166	4458174900	150	150.0	150
output/SRR19762881_2.fastq.gz	FASTQ	RNA	29721166	4458174900	150	150.0	150
output/SRR19762882_1.fastq.gz	FASTQ	RNA	26581069	3987160350	150	150.0	150
output/SRR19762882_2.fastq.gz	FASTQ	RNA	26581069	3987160350	150	150.0	150
output/SRR19762883_1.fastq.gz	FASTQ	RNA	32697656	4904648400	150	150.0	150
output/SRR19762883_2.fastq.gz	FASTQ	RNA	32697656	4904648400	150	150.0	150
output/SRR19762884_1.fastq.gz	FASTQ	RNA	24427324	3664098600	150	150.0	150
output/SRR19762884_2.fastq.gz	FASTQ	RNA	24427324	3664098600	150	150.0	150
output/SRR19762885_1.fastq.gz	FASTQ	RNA	28932371	4339855650	150	150.0	150
output/SRR19762885_2.fastq.gz	FASTQ	RNA	28932371	4339855650	150	150.0	150
output/SRR19762886_1.fastq.gz	FASTQ	RNA	20311083	3046662450	150	150.0	150
output/SRR19762886_2.fastq.gz	FASTQ	RNA	20311083	3046662450	150	150.0	150
output/SRR19762887_1.fastq.gz	FASTQ	RNA	28442254	4266338100	150	150.0	150
output/SRR19762887_2.fastq.gz	FASTQ	RNA	28442254	4266338100	150	150.0	150
output/SRR19762888_1.fastq.gz	FASTQ	RNA	29661162	4449174300	150	150.0	150
output/SRR19762888_2.fastq.gz	FASTQ	RNA	29661162	4449174300	150	150.0	150
output/SRR19762889_1.fastq.gz	FASTQ	RNA	52605422	7890813300	150	150.0	150
output/SRR19762889_2.fastq.gz	FASTQ	RNA	52605422	7890813300	150	150.0	150
output/SRR19762890_1.fastq.gz	FASTQ	RNA	23574563	3536184450	150	150.0	150
output/SRR19762891_1.fastq.gz	FASTQ	RNA	20883561	3132534150	150	150.0	150
output/SRR19762891_2.fastq.gz	FASTQ	RNA	20883561	3132534150	150	150.0	150
output/SRR19762892_1.fastq.gz	FASTQ	RNA	24604317	3690647550	150	150.0	150
output/SRR19762892_2.fastq.gz	FASTQ	RNA	24604317	3690647550	150	150.0	150
output/SRR19762893_1.fastq.gz	FASTQ	RNA	25027895	3754184250	150	150.0	150
output/SRR19762893_2.fastq.gz	FASTQ	RNA	25027895	3754184250	150	150.0	150
output/SRR19762894_1.fastq.gz	FASTQ	RNA	32811798	4921769700	150	150.0	150
output/SRR19762894_2.fastq.gz	FASTQ	RNA	32811798	4921769700	150	150.0	150
output/SRR19762895_1.fastq.gz	FASTQ	RNA	30536573	4580485950	150	150.0	150
output/SRR19762895_2.fastq.gz	FASTQ	RNA	30536573	4580485950	150	150.0	150
output/SRR19762896_1.fastq.gz	FASTQ	RNA	30593045	4588956750	150	150.0	150
output/SRR19762896_2.fastq.gz	FASTQ	RNA	30593045	4588956750	150	150.0	150
output/SRR19762897_1.fastq.gz	FASTQ	RNA	34402061	5160309150	150	150.0	150
output/SRR19762897_2.fastq.gz	FASTQ	RNA	34402061	5160309150	150	150.0	150
output/SRR19762898_1.fastq.gz	FASTQ	RNA	27060445	4059066750	150	150.0	150
output/SRR19762898_2.fastq.gz	FASTQ	RNA	27060445	4059066750	150	150.0	150
output/SRR19762899_1.fastq.gz	FASTQ	RNA	26036756	3905513400	150	150.0	150
output/SRR19762899_2.fastq.gz	FASTQ	RNA	26036756	3905513400	150	150.0	150
output/SRR19762900_1.fastq.gz	FASTQ	RNA	26888960	4033344000	150	150.0	150
output/SRR19762900_2.fastq.gz	FASTQ	RNA	26888960	4033344000	150	150.0	150
output/SRR19762901_1.fastq.gz	FASTQ	RNA	29291099	4393664850	150	150.0	150
output/SRR19762901_2.fastq.gz	FASTQ	RNA	29291099	4393664850	150	150.0	150
output/SRR19762902_1.fastq.gz	FASTQ	RNA	30391666	4558749900	150	150.0	150
output/SRR19762902_2.fastq.gz	FASTQ	RNA	30391666	4558749900	150	150.0	150
output/SRR19762903_1.fastq.gz	FASTQ	RNA	26737133	4010569950	150	150.0	150
output/SRR19762903_2.fastq.gz	FASTQ	RNA	26737133	4010569950	150	150.0	150
output/SRR19762904_1.fastq.gz	FASTQ	RNA	38161530	5724229500	150	150.0	150
output/SRR19762904_2.fastq.gz	FASTQ	RNA	38161530	5724229500	150	150.0	150
output/SRR19762905_1.fastq.gz	FASTQ	RNA	28797928	4319689200	150	150.0	150
output/SRR19762905_2.fastq.gz	FASTQ	RNA	28797928	4319689200	150	150.0	150
output/SRR19762906_1.fastq.gz	FASTQ	RNA	26288158	3943223700	150	150.0	150
output/SRR19762906_2.fastq.gz	FASTQ	RNA	26288158	3943223700	150	150.0	150
output/SRR19762907_1.fastq.gz	FASTQ	RNA	27395988	4109398200	150	150.0	150
output/SRR19762907_2.fastq.gz	FASTQ	RNA	27395988	4109398200	150	150.0	150
output/SRR19762908_1.fastq.gz	FASTQ	RNA	31861485	4779222750	150	150.0	150
output/SRR19762908_2.fastq.gz	FASTQ	RNA	31861485	4779222750	150	150.0	150
output/SRR19762909_1.fastq.gz	FASTQ	RNA	33885250	5082787500	150	150.0	150
output/SRR19762909_2.fastq.gz	FASTQ	RNA	33885250	5082787500	150	150.0	150
output/SRR19762910_1.fastq.gz	FASTQ	RNA	39173861	5876079150	150	150.0	150
output/SRR19762910_2.fastq.gz	FASTQ	RNA	39173861	5876079150	150	150.0	150
output/SRR19762911_1.fastq.gz	FASTQ	RNA	31708721	4756308150	150	150.0	150
output/SRR19762911_2.fastq.gz	FASTQ	RNA	31708721	4756308150	150	150.0	150
output/SRR19762912_1.fastq.gz	FASTQ	RNA	21813011	3271951650	150	150.0	150
output/SRR19762912_2.fastq.gz	FASTQ	RNA	21813011	3271951650	150	150.0	150
output/SRR19762913_1.fastq.gz	FASTQ	RNA	27480564	4122084600	150	150.0	150
output/SRR19762913_2.fastq.gz	FASTQ	RNA	27480564	4122084600	150	150.0	150
output/SRR19762914_1.fastq.gz	FASTQ	RNA	25800272	3870040800	150	150.0	150
output/SRR19762914_2.fastq.gz	FASTQ	RNA	25800272	3870040800	150	150.0	150
output/SRR19762915_1.fastq.gz	FASTQ	RNA	26163414	3924512100	150	150.0	150
output/SRR19762915_2.fastq.gz	FASTQ	RNA	26163414	3924512100	150	150.0	150
output/SRR19762916_1.fastq.gz	FASTQ	RNA	31152398	4672859700	150	150.0	150
output/SRR19762916_2.fastq.gz	FASTQ	RNA	31152398	4672859700	150	150.0	150
output/SRR19762917_1.fastq.gz	FASTQ	RNA	27752968	4162945200	150	150.0	150
output/SRR19762917_2.fastq.gz	FASTQ	RNA	27752968	4162945200	150	150.0	150
output/SRR19762918_1.fastq.gz	FASTQ	RNA	26500065	3975009750	150	150.0	150
output/SRR19762918_2.fastq.gz	FASTQ	RNA	26500065	3975009750	150	150.0	150
output/SRR19762919_1.fastq.gz	FASTQ	RNA	27177455	4076618250	150	150.0	150
output/SRR19762919_2.fastq.gz	FASTQ	RNA	27177455	4076618250	150	150.0	150
output/SRR19762920_1.fastq.gz	FASTQ	RNA	26150455	3922568250	150	150.0	150
output/SRR19762920_2.fastq.gz	FASTQ	RNA	26150455	3922568250	150	150.0	150
output/SRR19762921_1.fastq.gz	FASTQ	RNA	27620721	4143108150	150	150.0	150
output/SRR19762921_2.fastq.gz	FASTQ	RNA	27620721	4143108150	150	150.0	150
output/SRR19762922_1.fastq.gz	FASTQ	RNA	38680379	5802056850	150	150.0	150
output/SRR19762922_2.fastq.gz	FASTQ	RNA	38680379	5802056850	150	150.0	150
output/SRR19762923_1.fastq.gz	FASTQ	RNA	24739966	3710994900	150	150.0	150
output/SRR19762923_2.fastq.gz	FASTQ	RNA	24739966	3710994900	150	150.0	150
output/SRR19762924_1.fastq.gz	FASTQ	RNA	37858434	5678765100	150	150.0	150
output/SRR19762924_2.fastq.gz	FASTQ	RNA	37858434	5678765100	150	150.0	150
output/SRR19762925_1.fastq.gz	FASTQ	RNA	18298800	2744820000	150	150.0	150
output/SRR19762925_2.fastq.gz	FASTQ	RNA	18298800	2744820000	150	150.0	150
output/SRR19762926_1.fastq.gz	FASTQ	RNA	25131789	3769768350	150	150.0	150
output/SRR19762926_2.fastq.gz	FASTQ	RNA	25131789	3769768350	150	150.0	150
output/SRR19762927_1.fastq.gz	FASTQ	RNA	20205201	3030780150	150	150.0	150
output/SRR19762927_2.fastq.gz	FASTQ	RNA	20205201	3030780150	150	150.0	150
output/SRR19762928_1.fastq.gz	FASTQ	RNA	26564656	3984698400	150	150.0	150
output/SRR19762928_2.fastq.gz	FASTQ	RNA	26564656	3984698400	150	150.0	150
output/SRR19762929_1.fastq.gz	FASTQ	RNA	30234511	4535176650	150	150.0	150
output/SRR19762929_2.fastq.gz	FASTQ	RNA	30234511	4535176650	150	150.0	150
output/SRR19762930_1.fastq.gz	FASTQ	RNA	22636786	3395517900	150	150.0	150
output/SRR19762930_2.fastq.gz	FASTQ	RNA	22636786	3395517900	150	150.0	150
output/SRR19762931_1.fastq.gz	FASTQ	RNA	26664611	3999691650	150	150.0	150
output/SRR19762931_2.fastq.gz	FASTQ	RNA	26664611	3999691650	150	150.0	150
output/SRR19762932_1.fastq.gz	FASTQ	RNA	28858697	4328804550	150	150.0	150
output/SRR19762932_2.fastq.gz	FASTQ	RNA	28858697	4328804550	150	150.0	150
output/SRR19762933_1.fastq.gz	FASTQ	RNA	31506569	4725985350	150	150.0	150
output/SRR19762933_2.fastq.gz	FASTQ	RNA	31506569	4725985350	150	150.0	150
output/SRR19762934_1.fastq.gz	FASTQ	RNA	33568809	5035321350	150	150.0	150
output/SRR19762934_2.fastq.gz	FASTQ	RNA	33568809	5035321350	150	150.0	150
output/SRR19762935_1.fastq.gz	FASTQ	RNA	36254085	5438112750	150	150.0	150
output/SRR19762935_2.fastq.gz	FASTQ	RNA	36254085	5438112750	150	150.0	150
output/SRR19762936_1.fastq.gz	FASTQ	RNA	28719380	4307907000	150	150.0	150
output/SRR19762936_2.fastq.gz	FASTQ	RNA	28719380	4307907000	150	150.0	150
output/SRR19762937_1.fastq.gz	FASTQ	RNA	27865602	4179840300	150	150.0	150
output/SRR19762937_2.fastq.gz	FASTQ	RNA	27865602	4179840300	150	150.0	150
output/SRR19762938_1.fastq.gz	FASTQ	RNA	29428884	4414332600	150	150.0	150
output/SRR19762938_2.fastq.gz	FASTQ	RNA	29428884	4414332600	150	150.0	150
output/SRR19762939_1.fastq.gz	FASTQ	RNA	47714358	7157153700	150	150.0	150
output/SRR19762939_2.fastq.gz	FASTQ	RNA	47714358	7157153700	150	150.0	150
output/SRR19762940_1.fastq.gz	FASTQ	RNA	27674063	4151109450	150	150.0	150
output/SRR19762940_2.fastq.gz	FASTQ	RNA	27674063	4151109450	150	150.0	150
output/SRR19762941_1.fastq.gz	FASTQ	RNA	24531240	3679686000	150	150.0	150
output/SRR19762941_2.fastq.gz	FASTQ	RNA	24531240	3679686000	150	150.0	150
output/SRR19762942_1.fastq.gz	FASTQ	RNA	32991337	4948700550	150	150.0	150
output/SRR19762942_2.fastq.gz	FASTQ	RNA	32991337	4948700550	150	150.0	150
output/SRR19762943_1.fastq.gz	FASTQ	RNA	31424208	4713631200	150	150.0	150
output/SRR19762943_2.fastq.gz	FASTQ	RNA	31424208	4713631200	150	150.0	150
