sample	fusion
SRR19762327	RP11-96H19.1--RP11-446N19.1
SRR19762327	YWHAZ--ZNF706
SRR19762327	LEPROT--LEPR
SRR19762327	OAZ1--KLF16
SRR19762327	HLA-S--HLA-A
SRR19762327	TIMM23--PARGP1
SRR19762327	TIMM23--RP11-574K11.29
SRR19762327	EIF4A1--EIF5A
SRR19762591	OAZ1--RAC2
SRR19762591	RAB2A--KCNS2
SRR19762591	RP11-662M24.2--RIMBP2
SRR19762591	LEPROT--LEPR
SRR19762591	OAZ1--PTMA
SRR19762591	CLTC--VMP1
SRR19762591	MACC1--AC005062.2
SRR19762591	RNF216--ACTB
SRR19762591	MAFK--ACTB
SRR19762591	NCOR2--UBC
SRR19762591	STK25--IGH@-ext
SRR19762591	RP11-367G6.3--FAM65B
SRR19762591	DDX5--ACTB
SRR19762591	RP6-206I17.1--RP11-403I13.8
SRR19762591	OAZ1--KLF16
SRR19762591	TIMM23--PARGP1
SRR19762591	SLC7A5--SMG1P1
SRR19762591	PFKFB3--RP11-563J2.2
SRR19762591	RFC4--EML4
SRR19762591	USP10--KLHL36
SRR19762591	NRL--DHRS4-AS1
SRR19762591	BSG--PTBP1
SRR19762591	EIF4A1--EIF5A
SRR19762591	EIF4A1--PTMA
SRR19762483	YWHAE--CRK
SRR19762483	SIK1--ACTB
SRR19762483	NCL--PTMA
SRR19762483	BOLA2B--RP11-345J4.8
SRR19762483	SRSF1--DDX5
SRR19762483	LEPROT--LEPR
SRR19762483	TIMM23--PARGP1
SRR19762483	IGLVI-70--IGL@-ext
SRR19762632	FNBP1--SET
SRR19762632	MBP--CTDP1
SRR19762632	RP11-367G6.3--FAM65B
SRR19762632	NRIP1--AF127936.7
SRR19762632	SRSF1--DDX5
SRR19762632	PTP4A1--EEF1A1
SRR19762632	OAZ1--DOT1L
SRR19762632	LEPROT--LEPR
SRR19762632	GLTSCR2--DHX34
SRR19762632	BSG--RNF126
SRR19762632	OAZ1--KLF16
SRR19762632	RP11-155G15.2--RP11-1E3.1
SRR19762632	POLE--ANKLE2
SRR19762632	TIMM23--PARGP1
SRR19762632	PTBP1--RNF126
SRR19762632	KLF10--AZIN1
SRR19762632	OAZ1--DAZAP1
SRR19762728	RP11-662M24.2--RIMBP2
SRR19762728	RPA3-AS1--GLCCI1
SRR19762728	RP11-367G6.3--FAM65B
SRR19762728	HMGN2--PTMA
SRR19762728	RP11-141M1.3--STARD13
SRR19762728	PTP4A1--EEF1A1
SRR19762728	RP6-206I17.1--RP11-403I13.8
SRR19762728	LEPROT--LEPR
SRR19762728	OAZ1--LIMD2
SRR19762728	OAZ1--PTMA
SRR19762728	OAZ1--KLF16
SRR19762728	NCOR2--UBC
SRR19762728	HLA-S--HLA-A
SRR19762728	TIMM23--PARGP1
SRR19762728	VTI1A--RP11-57H14.3
SRR19762728	EIF4A1--EIF5A
SRR19762728	EIF4A1--PTMA
SRR19762743	ACTB--FSCN1
SRR19762743	RP11-367G6.3--FAM65B
SRR19762743	DCLRE1C--OR7E26P
SRR19762743	RP6-206I17.1--RP11-403I13.8
SRR19762743	LEPROT--LEPR
SRR19762743	SEPT7P2--PSPH
SRR19762743	RP11-155G15.2--RP11-1E3.1
SRR19762743	OAZ1--KLF16
SRR19762743	HLA-S--HLA-A
SRR19762743	TIMM23--PARGP1
SRR19762743	LENG8--CNOT3
SRR19762743	IGLVI-70--IGL@-ext
SRR19762559	PISD--EIF4ENIF1
SRR19762559	PRKCH--RP11-47I22.3
SRR19762559	RP11-367G6.3--FAM65B
SRR19762559	RP11-381K20.2--KLHL3
SRR19762559	PFKFB3--RP11-563J2.2
SRR19762559	SEPT7P2--PSPH
SRR19762559	RP11-155G15.2--RP11-1E3.1
SRR19762559	TIMM23--PARGP1
SRR19762559	ACTB--PTMA
SRR19762559	TIMM23--RP11-574K11.29
SRR19762883	RP11-367G6.3--FAM65B
SRR19762883	NRIP1--AF127936.7
SRR19762883	RP11-96H19.1--RP11-446N19.1
SRR19762883	BOLA2B--RP11-347C12.2
SRR19762883	PFKFB3--RP11-563J2.2
SRR19762883	LEPROT--LEPR
SRR19762883	OAZ1--PTMA
SRR19762883	BCKDHB--RP11-250B2.3
SRR19762883	TIMM23--PARGP1
SRR19762883	RP11-96P7.1--CTD-2336H13.2
SRR19762883	VTI1A--RP11-57H14.3
SRR19762883	TIMM23--RP11-574K11.29
SRR19762883	MIR155HG--JAM2
SRR19762883	YME1L1--MKX
SRR19762605	ANP32A--PKM
SRR19762605	BOLA2B--RP11-345J4.8
SRR19762605	LEPROT--LEPR
SRR19762605	POLE--ANKLE2
SRR19762605	TIMM23--RP11-574K11.29
SRR19762605	MIR17HG--HMGB1
SRR19762605	YWHAZ--ZNF706
SRR19762605	EEF1DP3--FRY
SRR19762605	CTBP1--MAEA
SRR19762605	RP11-367G6.3--FAM65B
SRR19762605	NRIP1--AF127936.7
SRR19762605	B2M--EIF4A1
SRR19762605	OAZ1--FKBP8
SRR19762605	TIMM23--PARGP1
SRR19762605	OAZ1--KLF16
SRR19762605	VTI1A--RP11-57H14.3
SRR19762605	RPS10--NUDT3
SRR19762605	SOCS5--AC016722.2
SRR19762605	USP12--HMGB1
SRR19762605	OAZ1--ACTB
SRR19762605	OAZ1--CSNK1G2
SRR19762605	EIF4A1--EIF5A
SRR19762863	RAB2A--KCNS2
SRR19762863	SYNCRIP--EEF1A1
SRR19762863	TFG--GPR128
SRR19762863	TNFSF9--RN7SL2
SRR19762863	RP11-367G6.3--FAM65B
SRR19762863	FAM60A--DENND5B
SRR19762863	PDPK1--ATP6V0C
SRR19762863	TPM4--PTMA
SRR19762863	EIF4A1--DDX5
SRR19762863	LEPROT--LEPR
SRR19762863	FUS--RAC2
SRR19762863	TIMM23--PARGP1
SRR19762863	PMM2--ABAT
SRR19762863	ARPC2--TPM3
SRR19762863	TIMM23--RP11-574K11.29
SRR19762863	RP11-120D5.1--MID1
SRR19762863	AC024084.1--AC009784.3
SRR19762863	VTI1A--RP11-57H14.3
SRR19762423	LINC00623--RP11-403I13.8
SRR19762423	RP11-367G6.3--FAM65B
SRR19762423	BOLA2B--RP11-345J4.8
SRR19762423	NRIP1--AF127936.7
SRR19762423	KANSL1--ARL17A
SRR19762423	OAZ1--DOT1L
SRR19762423	LEPROT--LEPR
SRR19762423	BSG--RNF126
SRR19762423	OAZ1--KLF16
SRR19762423	RPS10--NUDT3
SRR19762423	TIMM23--PARGP1
SRR19762423	SLC16A3--METRNL
SRR19762423	B3GNT2--EHBP1
SRR19762423	TIMM23--RP11-574K11.29
SRR19762423	OAZ1--DAZAP1
SRR19762279	RP11-367G6.3--FAM65B
SRR19762279	RP11-96H19.1--RP11-446N19.1
SRR19762279	LEPROT--LEPR
SRR19762279	POLE--ANKLE2
SRR19762279	TIMM23--PARGP1
SRR19762279	IGH-@-ext--SPON2
SRR19762279	HLA-S--HLA-A
SRR19762279	IGH@-ext--MT-ND4
SRR19762653	LINC00623--RP11-403I13.8
SRR19762653	RP11-662M24.2--RIMBP2
SRR19762653	RPA3-AS1--GLCCI1
SRR19762653	RP11-367G6.3--FAM65B
SRR19762653	NRIP1--AF127936.7
SRR19762653	KANSL1--ARL17A
SRR19762653	MAFK--ACTB
SRR19762653	LEPROT--LEPR
SRR19762653	RP11-155G15.2--RP11-1E3.1
SRR19762653	OAZ1--KLF16
SRR19762653	TIMM23--PARGP1
SRR19762653	RP11-316P17.2--RP5-1050E16.2
SRR19762653	TIMM23--RP11-574K11.29
SRR19762653	OAZ1--DAZAP1
SRR19762653	CYTH1--USP36
SRR19762543	ACTB--FSCN1
SRR19762543	RP11-367G6.3--FAM65B
SRR19762543	TMEM63B--VEGFA
SRR19762543	SEPT7P2--PSPH
SRR19762543	BCKDHB--RP11-250B2.3
SRR19762543	OAZ1--KLF16
SRR19762543	TIMM23--PARGP1
SRR19762543	ACTB--PTMA
SRR19762543	EIF4A1--PTMA
SRR19762289	RRN3P1--RP11-105C19.1
SRR19762289	MKLN1-AS1--PTMA
SRR19762289	RP11-367G6.3--FAM65B
SRR19762289	RP11-96H19.1--RP11-446N19.1
SRR19762289	PFKFB3--RP11-563J2.2
SRR19762289	RP6-206I17.1--RP11-403I13.8
SRR19762289	POM121C--ZP3
SRR19762289	SBF1--SCO2
SRR19762289	BCKDHB--RP11-250B2.3
SRR19762289	RP11-426C22.5--SNX29P2
SRR19762289	OAZ1--KLF16
SRR19762289	OAZ1--PTBP1
SRR19762289	TIMM23--PARGP1
SRR19762289	PARG--BMS1
SRR19762289	ITM2C--PTMA
SRR19762289	MIR4435-1HG--AC083899.3
SRR19762289	IGH-@-ext--PTMA
SRR19762677	OAZ1--TCF3
SRR19762677	RPA3-AS1--GLCCI1
SRR19762677	RP11-367G6.3--FAM65B
SRR19762677	OAZ1--DOT1L
SRR19762677	PFKFB3--RP11-563J2.2
SRR19762677	LEPROT--LEPR
SRR19762677	IGH-@-ext--MT-ND4
SRR19762677	RP11-155G15.2--RP11-1E3.1
SRR19762677	OAZ1--KLF16
SRR19762677	TIMM23--PARGP1
SRR19762677	SLC7A5--SMG1P1
SRR19762677	OAZ1--DAZAP1
SRR19762491	AC104820.2--ITGA4
SRR19762491	POLR2A--SLC25A3
SRR19762491	ZNF83--TOMM40
SRR19762491	HMGN2--PTMA
SRR19762491	NOC4L--FBRSL1
SRR19762491	LEPROT--LEPR
SRR19762491	B2M--AC013394.2
SRR19762491	PTBP1--RNF126
SRR19762491	TIMM23--RP11-175I17.2
SRR19762491	ZEB1--HNRNPF
SRR19762491	CNN2--ACTB
SRR19762491	SEPT7P2--PSPH
SRR19762491	ACTB--HMGN2
SRR19762491	GIGYF2--SREK1
SRR19762491	ZC3H3--EEF1D
SRR19762491	SLC35A3--MREG
SRR19762491	LRCH4--EIF4A1
SRR19762491	RP11-367G6.3--FAM65B
SRR19762491	NRIP1--AF127936.7
SRR19762491	CTDP1--PQLC1
SRR19762491	TIMM23B--PARGP1
SRR19762491	SLC16A3--PHF13
SRR19762491	GLB1--TOP2B
SRR19762491	OAZ1--KLF16
SRR19762491	C4orf32--AP1AR
SRR19762491	SLC16A3--METRNL
SRR19762491	RP11-120D5.1--MID1
SRR19762491	PIM3--SCO2
SRR19762491	SPEN--FYTTD1
SRR19762491	LINC00623--RP11-403I13.8
SRR19762491	GNPTG--SET
SRR19762491	PFKFB3--RP11-563J2.2
SRR19762491	CTBP1--MICAL1
SRR19762491	BSG--PTBP1
SRR19762491	ACTB--PTMA
SRR19762491	RNF126--PTBP1
SRR19762491	DAZAP1--METRNL
SRR19762603	RP11-662M24.2--RIMBP2
SRR19762603	BOLA2B--RP11-345J4.8
SRR19762603	OAZ1--DOT1L
SRR19762603	LEPROT--LEPR
SRR19762603	POLE--ANKLE2
SRR19762603	TIMM23--RP11-574K11.29
SRR19762603	IGH@-ext--MT-ATP6
SRR19762603	RP11-1E3.1--RP11-455B3.1
SRR19762603	LSP1--CD81
SRR19762603	RP11-155G15.2--RP11-1E3.1
SRR19762603	OAZ1--BTBD2
SRR19762603	RP11-367G6.3--FAM65B
SRR19762603	KANSL1--ARL17A
SRR19762603	BSG--RNF126
SRR19762603	OAZ1--KLF16
SRR19762603	TIMM23--PARGP1
SRR19762603	RCC1--SNX5
SRR19762603	HCFC1--IGH@-ext
SRR19762603	OAZ1--RNF126
SRR19762707	RP11-367G6.3--FAM65B
SRR19762707	RP11-96H19.1--RP11-446N19.1
SRR19762707	LEPROT--LEPR
SRR19762707	USP10--KLHL36
SRR19762707	OAZ1--PTMA
SRR19762707	POLE--ANKLE2
SRR19762707	TIMM23--PARGP1
SRR19762707	HLA-S--HLA-A
SRR19762165	ZEB1--HNRNPF
SRR19762165	OAZ1--RAC2
SRR19762165	LINC00623--RP11-403I13.8
SRR19762165	RP11-367G6.3--FAM65B
SRR19762165	SRSF1--DDX5
SRR19762165	RP11-96H19.1--RP11-446N19.1
SRR19762165	OAZ1--DOT1L
SRR19762165	LEPROT--LEPR
SRR19762165	OAZ1--RBM38
SRR19762165	OAZ1--KLF16
SRR19762165	TIMM23--PARGP1
SRR19762165	SLC7A5--SMG1P1
SRR19762165	SQSTM1--UBE2J2
SRR19762165	ACTB--PTMA
SRR19762165	TIMM23--RP11-574K11.29
SRR19762761	RP11-367G6.3--FAM65B
SRR19762761	BOLA2B--RP11-345J4.8
SRR19762761	CARD11--AC073316.1
SRR19762761	RP11-96H19.1--RP11-446N19.1
SRR19762761	PFKFB3--RP11-563J2.2
SRR19762761	LEPROT--LEPR
SRR19762761	OAZ1--PTMA
SRR19762761	RP11-155G15.2--RP11-1E3.1
SRR19762761	BSG--RNF126
SRR19762761	NCOR2--UBC
SRR19762761	TIMM23--PARGP1
SRR19762761	IGLVI-70--IGL@-ext
SRR19762548	IGLVI-70--IGL@-ext
SRR19762548	YWHAE--CRK
SRR19762548	RP11-367G6.3--FAM65B
SRR19762548	NRIP1--AF127936.7
SRR19762548	KANSL1--ARL17A
SRR19762548	LEPROT--LEPR
SRR19762548	RP11-155G15.2--RP11-1E3.1
SRR19762548	OAZ1--KLF16
SRR19762548	TIMM23--PARGP1
SRR19762548	TIMM23--RP11-574K11.29
SRR19762548	RPL21P122--IGH-@-ext
SRR19762427	ACTB--FSCN1
SRR19762427	ACTB--LIMD2
SRR19762427	RP11-367G6.3--FAM65B
SRR19762427	RP11-96H19.1--RP11-446N19.1
SRR19762427	BOLA2B--RP11-347C12.2
SRR19762427	LEPROT--LEPR
SRR19762427	RP11-155G15.2--RP11-1E3.1
SRR19762427	CTSC--RAB38
SRR19762427	P2RY8--ANKLE2
SRR19762427	TIMM23--PARGP1
SRR19762427	RP11-411K7.1--MLIP
SRR19762427	SUZ12P--CRLF3
SRR19762738	NCL--PTMA
SRR19762738	OAZ1--TCF3
SRR19762738	HMGN2--PTMA
SRR19762738	EDF1--RABL6
SRR19762738	OAZ1--DOT1L
SRR19762738	LEPROT--LEPR
SRR19762738	OAZ1--PTMA
SRR19762738	POLE--ANKLE2
SRR19762738	TIMM23--RP11-574K11.29
SRR19762738	CYTH1--USP36
SRR19762738	TIMM23--AGAP6
SRR19762738	PTMA--ACTB
SRR19762738	C15orf57--CBX3
SRR19762738	RP11-367G6.3--FAM65B
SRR19762738	KLF13--ZBTB2
SRR19762738	NRIP1--AF127936.7
SRR19762738	OAZ1--KLF16
SRR19762738	TIMM23--PARGP1
SRR19762738	SOCS5--AC016722.2
SRR19762738	POLE--FUS
SRR19762738	RP11-96H19.1--RP11-446N19.1
SRR19762738	ACTB--PTMA
SRR19762738	OAZ1--CSNK1G2
SRR19762738	EIF4A1--EIF5A
SRR19762738	OAZ1--DAZAP1
SRR19762614	RP11-367G6.3--FAM65B
SRR19762614	RP11-96H19.1--RP11-446N19.1
SRR19762614	SRSF1--DDX5
SRR19762614	PFKFB3--RP11-563J2.2
SRR19762614	IGH@-ext--EEF1A1
SRR19762614	TIMM23--PARGP1
SRR19762614	TIMM23--RP11-574K11.29
SRR19762614	RPS10--NUDT3
SRR19762176	ZEB1--HNRNPF
SRR19762176	NCL--PTMA
SRR19762176	NAIP--OCLN
SRR19762176	RP11-367G6.3--FAM65B
SRR19762176	BOLA2B--RP11-345J4.8
SRR19762176	RP11-96H19.1--RP11-446N19.1
SRR19762176	RP11-353N4.6--RP11-403I13.7
SRR19762176	LEPROT--LEPR
SRR19762176	PIM3--BRD1
SRR19762176	OAZ1--KLF16
SRR19762176	TIMM23--PARGP1
SRR19762176	YWHAE--EIF5A
SRR19762176	AKAP13--AC013394.2
SRR19762176	MAFF--RER1
SRR19762176	RP11-1151B14.4--MALT1
SRR19762344	BOLA2B--RP11-345J4.8
SRR19762344	LEPROT--LEPR
SRR19762344	OVOL2--IGH@-ext
SRR19762344	POLE--ANKLE2
SRR19762344	AC009133.12--PTMA
SRR19762344	TIMM23--RP11-574K11.29
SRR19762344	RP11-640M9.1--RP11-403I13.8
SRR19762344	RP11-1E3.1--RP11-455B3.1
SRR19762344	AC096579.7--IGL-@-ext
SRR19762344	BCKDHB--RP11-250B2.3
SRR19762344	RP11-155G15.2--RP11-1E3.1
SRR19762344	RP11-33B1.1--PSPH
SRR19762344	IGH-@-ext--HLA-B
SRR19762344	RP11-367G6.3--FAM65B
SRR19762344	NRIP1--AF127936.7
SRR19762344	AC096579.7--IGL@-ext
SRR19762344	BSG--RNF126
SRR19762344	TIMM23--PARGP1
SRR19762344	RP11-96H19.1--RP11-446N19.1
SRR19762344	POM121C--ZP3
SRR19762344	HLA-S--HLA-A
SRR19762344	EIF4A1--EIF5A
SRR19762811	FNBP1--SET
SRR19762811	RP11-662M24.2--RIMBP2
SRR19762811	RP11-367G6.3--FAM65B
SRR19762811	RP11-96H19.1--RP11-446N19.1
SRR19762811	PFKFB3--RP11-563J2.2
SRR19762811	LEPROT--LEPR
SRR19762811	RP11-155G15.2--RP11-1E3.1
SRR19762811	OAZ1--KLF16
SRR19762811	OAZ1--CSNK1G2
SRR19762811	TIMM23--PARGP1
SRR19762811	POLE--ANKLE2
SRR19762811	ACTB--PTMA
SRR19762811	TIMM23--RP11-574K11.29
SRR19762811	OAZ1--DAZAP1
SRR19762214	LINC00623--RP11-403I13.8
SRR19762214	RP11-367G6.3--FAM65B
SRR19762214	SEPT7P2--PSPH
SRR19762214	CARKD--ING1
SRR19762214	TIMM23--PARGP1
SRR19762800	RP11-662M24.2--RIMBP2
SRR19762800	RP11-367G6.3--FAM65B
SRR19762800	LEPROT--LEPR
SRR19762800	NCOR2--UBC
SRR19762800	TIMM23--PARGP1
SRR19762206	ZEB1--WAC
SRR19762206	LINC00623--RP11-403I13.8
SRR19762206	HIATL1--RP11-307E17.8
SRR19762206	RP11-367G6.3--FAM65B
SRR19762206	IRF4--PTMA
SRR19762206	RP11-96H19.1--RP11-446N19.1
SRR19762206	BSG--RNF126
SRR19762206	BSG--PTBP1
SRR19762206	OAZ1--KLF16
SRR19762206	TIMM23--PARGP1
SRR19762206	ACTB--PTMA
SRR19762206	TIMM23--RP11-574K11.29
SRR19762206	IGH-@-ext--PTMA
SRR19762206	IGLVI-70--IGL@-ext
SRR19762588	YWHAE--CRK
SRR19762588	SIK1--ACTB
SRR19762588	MYH9--PTMA
SRR19762588	BOLA2B--RP11-345J4.8
SRR19762588	RP11-367G6.3--FAM65B
SRR19762588	RP11-96H19.1--RP11-446N19.1
SRR19762588	TIMM23B--PARGP1
SRR19762588	BCL2L11--PTMA
SRR19762588	RP11-15J10.3--AC096579.7
SRR19762588	LEPROT--LEPR
SRR19762588	OAZ1--PTMA
SRR19762588	ACTB--PTMA
SRR19762588	BSG--PTMA
SRR19762588	TIMM23--RP11-574K11.29
SRR19762588	EIF4A1--PTMA
SRR19762588	MACC1--AC005062.2
SRR19762333	RP11-662M24.2--RIMBP2
SRR19762333	OAZ1--TCF3
SRR19762333	LEPROT--LEPR
SRR19762333	POLE--ANKLE2
SRR19762333	TIMM23--RP11-574K11.29
SRR19762333	IGH-@-ext--PTMA
SRR19762333	ZEB1--HNRNPF
SRR19762333	ZEB1--WAC
SRR19762333	RNF216--ACTB
SRR19762333	PTMA--ING5
SRR19762333	KLF13--B2M
SRR19762333	TPM4--BBC3
SRR19762333	TPM4--KLF2
SRR19762333	RPL23AP53--SEPT14
SRR19762333	ACTB--RNF166
SRR19762333	C7orf50--ADAP1
SRR19762333	ACTB--CNN2
SRR19762333	TIMM13--KLF16
SRR19762333	RP11-367G6.3--FAM65B
SRR19762333	NRIP1--AF127936.7
SRR19762333	CXXC5--NR3C1
SRR19762333	OAZ1--KLF16
SRR19762333	TIMM23--PARGP1
SRR19762333	PIM3--SCO2
SRR19762333	EIF4A1--ACTB
SRR19762333	ACTB--FSCN1
SRR19762333	LINC00623--RP11-403I13.8
SRR19762333	RPA3-AS1--GLCCI1
SRR19762333	IRF4--PTMA
SRR19762333	RP11-96H19.1--RP11-446N19.1
SRR19762333	PFKFB3--RP11-563J2.2
SRR19762333	USP10--KLHL36
SRR19762333	OAZ1--ACTB
SRR19762333	ZBTB2--MTHFD1L
SRR19762333	ACTB--PTMA
SRR19762333	EIF4A1--PTMA
SRR19762574	ACTB--FSCN1
SRR19762574	TIMM23--AGAP6
SRR19762574	RP11-662M24.2--RIMBP2
SRR19762574	NCL--PTMA
SRR19762574	RP11-367G6.3--FAM65B
SRR19762574	BOLA2B--RP11-345J4.8
SRR19762574	NRIP1--AF127936.7
SRR19762574	RP11-96H19.1--RP11-446N19.1
SRR19762574	PFKFB3--RP11-563J2.2
SRR19762574	LEPROT--LEPR
SRR19762574	RP11-155G15.2--RP11-1E3.1
SRR19762574	OAZ1--KLF16
SRR19762574	TIMM23--PARGP1
SRR19762574	ACTB--PTMA
SRR19762574	RNF138--RNF125
SRR19762574	TIMM23--RP11-574K11.29
SRR19762574	IGH-@-ext--PTMA
SRR19762353	OAZ1--TCF3
SRR19762353	FBRSL1--ANKLE2
SRR19762353	EDF1--RABL6
SRR19762353	LEPROT--LEPR
SRR19762353	CTSC--RAB38
SRR19762353	CYTH1--USP36
SRR19762353	ZEB1--HNRNPF
SRR19762353	SIK1--ACTB
SRR19762353	MED16--RNF126
SRR19762353	ITM2C--PTMA
SRR19762353	ACTB--SCO2
SRR19762353	RP11-367G6.3--FAM65B
SRR19762353	NRIP1--AF127936.7
SRR19762353	BSG--RNF126
SRR19762353	TIMM23--PARGP1
SRR19762353	CSNK1G2--DAZAP1
SRR19762353	LINC00623--RP11-403I13.8
SRR19762353	RP11-96H19.1--RP11-446N19.1
SRR19762353	OAZ1--CSNK1G2
SRR19762353	OAZ1--DAZAP1
SRR19762420	HNRNPH1--DDX5
SRR19762420	LEPROT--LEPR
SRR19762420	CTSC--RAB38
SRR19762420	POLE--ANKLE2
SRR19762420	TIMM23--RP11-574K11.29
SRR19762420	MACC1--AC005062.2
SRR19762420	YWHAE--CRK
SRR19762420	SRSF1--DDX5
SRR19762420	AC022182.1--CLVS1
SRR19762420	KANSL1--ARL17B
SRR19762420	SYNCRIP--EEF1A1
SRR19762420	C22orf34--SCO2
SRR19762420	RP11-367G6.3--FAM65B
SRR19762420	NRIP1--AF127936.7
SRR19762420	COTL1--KLHL36
SRR19762420	OAZ1--KLF16
SRR19762420	TIMM23--PARGP1
SRR19762420	SLC7A5--SMG1P1
SRR19762420	VTI1A--RP11-57H14.3
SRR19762420	NUTM2A-AS1--MINPP1
SRR19762420	RP11-96H19.1--RP11-446N19.1
SRR19762420	USP10--KLHL36
SRR19762420	FUS--SETD1A
SRR19762420	RPLP0--IGH-@-ext
SRR19762420	EIF4A1--EIF5A
SRR19762676	TRIM60--AKAP13
SRR19762676	RP11-367G6.3--FAM65B
SRR19762676	RP11-96H19.1--RP11-446N19.1
SRR19762676	NOC4L--FBRSL1
SRR19762676	LEPROT--LEPR
SRR19762676	RP11-155G15.2--RP11-1E3.1
SRR19762676	TIMM23--PARGP1
SRR19762676	TIMM23--RP11-574K11.29
SRR19762676	ADRBK2--IGLL3P
SRR19762583	RP11-367G6.3--FAM65B
SRR19762583	RP6-206I17.1--RP11-403I13.8
SRR19762583	FNBP1--PTMA
SRR19762583	HLA-S--HLA-A
SRR19762583	TIMM23--PARGP1
SRR19762583	MACC1--AC005062.2
SRR19762866	RP11-367G6.3--FAM65B
SRR19762866	NRIP1--AF127936.7
SRR19762866	SRSF1--DDX5
SRR19762866	PFKFB3--RP11-563J2.2
SRR19762866	OAZ1--ACTB
SRR19762866	CTSC--RAB38
SRR19762866	TIMM23--PARGP1
SRR19762866	ACTB--PTMA
SRR19762648	ZEB1--HNRNPF
SRR19762648	FNBP1--SET
SRR19762648	RP11-1E3.1--RP11-455B3.1
SRR19762648	RP11-662M24.2--RIMBP2
SRR19762648	IGH-@-ext--MT-RNR2
SRR19762648	RP11-367G6.3--FAM65B
SRR19762648	NRIP1--AF127936.7
SRR19762648	ITM2C--PTMA
SRR19762648	RP11-96H19.1--RP11-446N19.1
SRR19762648	RP6-206I17.1--RP11-403I13.8
SRR19762648	CNN2--PTMA
SRR19762648	LEPROT--LEPR
SRR19762648	RP11-155G15.2--RP11-1E3.1
SRR19762648	TIMM23--PARGP1
SRR19762648	C15orf57--CBX3
SRR19762648	POLE--ANKLE2
SRR19762648	IGH-@-ext--MT-ATP6
SRR19762648	HLA-S--HLA-A
SRR19762417	ACTB--FSCN1
SRR19762417	RPA3-AS1--GLCCI1
SRR19762417	RP11-367G6.3--FAM65B
SRR19762417	BOLA2B--RP11-347C12.2
SRR19762417	KANSL1--ARL17A
SRR19762417	PFKFB3--RP11-563J2.2
SRR19762417	RP11-439L18.2--HIVEP2
SRR19762417	LEPROT--LEPR
SRR19762417	OAZ1--PTMA
SRR19762417	RP11-155G15.2--RP11-1E3.1
SRR19762417	OAZ1--ACTB
SRR19762417	CTSC--RAB38
SRR19762417	TIMM23--PARGP1
SRR19762417	HLA-S--HLA-A
SRR19762417	IGKV2-29--AC096579.7
SRR19762417	ACTB--PTMA
SRR19762417	KLF10--AZIN1
SRR19762417	IGLVI-70--IGL@-ext
SRR19762840	RP11-367G6.3--FAM65B
SRR19762840	SRSF1--DDX5
SRR19762840	PFKFB3--RP11-563J2.2
SRR19762840	LEPROT--LEPR
SRR19762840	MIR155HG--JAM2
SRR19762840	OAZ1--KLF16
SRR19762840	HLA-S--HLA-A
SRR19762840	TIMM23--PARGP1
SRR19762840	TIMM23--RP11-574K11.29
SRR19762840	EIF4A1--EIF5A
SRR19762368	RP11-411K7.1--MLIP
SRR19762368	CYTH1--USP36
SRR19762368	RPA3-AS1--GLCCI1
SRR19762368	RP11-367G6.3--FAM65B
SRR19762368	RP11-96H19.1--RP11-446N19.1
SRR19762368	PFKFB3--RP11-563J2.2
SRR19762368	RP6-206I17.1--RP11-403I13.8
SRR19762368	TMEM18--PTMA
SRR19762368	LEPROT--LEPR
SRR19762368	RP11-155G15.2--RP11-1E3.1
SRR19762368	OAZ1--KLF16
SRR19762368	BSG--PTBP1
SRR19762368	TIMM23--PARGP1
SRR19762368	C15orf57--CBX3
SRR19762368	OAZ1--SF1
SRR19762368	TIMM23--RP11-574K11.29
SRR19762368	RPS10--NUDT3
SRR19762368	IGLVI-70--IGL@-ext
SRR19762792	RP11-367G6.3--FAM65B
SRR19762792	SRSF1--DDX5
SRR19762792	PFKFB3--RP11-563J2.2
SRR19762792	LEPROT--LEPR
SRR19762792	OAZ1--KLF16
SRR19762792	TIMM23--PARGP1
SRR19762792	AC022182.1--CLVS1
SRR19762792	EIF4A1--EIF5A
SRR19762792	RPS10--NUDT3
SRR19762490	RP11-367G6.3--FAM65B
SRR19762490	LEPROT--LEPR
SRR19762490	TIMM23--PARGP1
SRR19762490	IGH-@-ext--MT-RNR2
SRR19762490	IGL-@-ext--ZNRD1-AS1
SRR19762484	RP11-367G6.3--FAM65B
SRR19762484	RP11-96H19.1--RP11-446N19.1
SRR19762484	PTP4A1--EEF1A1
SRR19762484	PFKFB3--RP11-563J2.2
SRR19762484	OAZ1--DOT1L
SRR19762484	EIF4A1--DDX5
SRR19762484	LEPROT--LEPR
SRR19762484	HMGN2--ACTB
SRR19762484	OAZ1--PTMA
SRR19762484	MIR155HG--JAM2
SRR19762484	TIMM23--PARGP1
SRR19762484	ACTB--PTMA
SRR19762484	SLC7A5--SMG1P1
SRR19762484	EIF4A1--EIF5A
SRR19762484	EIF4A1--PTMA
SRR19762769	BOLA2B--RP11-345J4.8
SRR19762769	RP11-367G6.3--FAM65B
SRR19762769	ACTB--EIF4A1
SRR19762769	NRIP1--AF127936.7
SRR19762769	LEPROT--LEPR
SRR19762769	SEPT7P2--PSPH
SRR19762769	RP11-155G15.2--RP11-1E3.1
SRR19762769	TIMM23--PARGP1
SRR19762769	ACTB--PTMA
SRR19762769	TIMM23--RP11-574K11.29
SRR19762769	EIF4A1--ACTB
SRR19762734	OAZ1--RAC2
SRR19762734	IGH-@-ext--RPLP0
SRR19762734	ELMO1--AOAH
SRR19762734	LEPROT--LEPR
SRR19762734	IGL-@-ext--MT-CO1
SRR19762734	BSG--SCO2
SRR19762734	BSG--SET
SRR19762734	B2M--AC013394.2
SRR19762734	PTBP1--RNF126
SRR19762734	YWHAE--CRK
SRR19762734	RP11-155G15.2--RP11-1E3.1
SRR19762734	B2M--IGH@-ext
SRR19762734	PVT1--MYC
SRR19762734	KANSL1--ARL17B
SRR19762734	POLE--PGAM5
SRR19762734	RP11-367G6.3--FAM65B
SRR19762734	LRRC8B--LRRC8C
SRR19762734	IGH@-ext--EEF1A1
SRR19762734	OAZ1--KLF16
SRR19762734	TIMM23--PARGP1
SRR19762734	IGH@-ext--MT-ATP8
SRR19762734	USP12--HMGB1
SRR19762734	LINC00623--RP11-403I13.8
SRR19762734	RP11-96H19.1--RP11-446N19.1
SRR19762734	PFKFB3--RP11-563J2.2
SRR19762734	NRL--DHRS4-AS1
SRR19762734	IGH@-ext--MT-RNR2
SRR19762734	HNRNPA2B1--HNRNPK
SRR19762885	BOLA2B--RP11-345J4.8
SRR19762885	NPEPPS--TBC1D3F
SRR19762885	LEPROT--LEPR
SRR19762885	WASH5P--AJ271736.10
SRR19762885	TIMM23--RP11-574K11.29
SRR19762885	CHSY1--RP11-505E24.2
SRR19762885	ALDOA--FAM132A
SRR19762885	SRSF1--DDX5
SRR19762885	PARG--BMS1
SRR19762885	RP11-367G6.3--FAM65B
SRR19762885	MED16--PTBP1
SRR19762885	CARKD--ING1
SRR19762885	OAZ1--KLF16
SRR19762885	TIMM23--PARGP1
SRR19762885	RPA3-AS1--GLCCI1
SRR19762885	PFKFB3--RP11-563J2.2
SRR19762885	RPS3--UBB
SRR19762885	USP10--KLHL36
SRR19762885	IGH-@-ext--MT-ND4
SRR19762885	RP11-316P17.2--RP5-1050E16.2
SRR19762876	C1ORF220--RP5-1098D14.1
SRR19762876	OAZ1--DOT1L
SRR19762876	LEPROT--LEPR
SRR19762876	CTSC--RAB38
SRR19762876	OAZ1--SETP14
SRR19762876	POLE--ANKLE2
SRR19762876	MACC1--AC005062.2
SRR19762876	IGH@-ext--MT-ATP6
SRR19762876	IGL-@-ext--B2M
SRR19762876	RP11-452H21.4--GAB2
SRR19762876	AL109761.5--CHODL
SRR19762876	C22orf34--SCO2
SRR19762876	RP11-367G6.3--FAM65B
SRR19762876	XPO6--RP11-449H11.1
SRR19762876	TIMM23--PARGP1
SRR19762876	IGH@-ext--MT-ND3
SRR19762876	RP11-96H19.1--RP11-446N19.1
SRR19762876	HLA-S--HLA-A
SRR19762876	EIF4A1--EIF5A
SRR19762876	EIF4A1--PTMA
SRR19762469	OAZ1--TCF3
SRR19762469	RP11-367G6.3--FAM65B
SRR19762469	IGL-@-ext--RP11-461O7.1
SRR19762469	PIM3--SCO2
SRR19762469	LEPROT--LEPR
SRR19762469	OAZ1--KLF16
SRR19762469	NCOR2--UBC
SRR19762469	TIMM23--PARGP1
SRR19762469	ZC3H3--EEF1D
SRR19762469	TIMM23--RP11-574K11.29
SRR19762469	OAZ1--DAZAP1
SRR19762469	EIF4A1--PTMA
SRR19762469	SBNO2--DAZAP1
SRR19762729	RP11-367G6.3--FAM65B
SRR19762729	NRIP1--AF127936.7
SRR19762729	POM121C--ZP3
SRR19762729	MAFK--ACTB
SRR19762729	LEPROT--LEPR
SRR19762729	RP6-206I17.1--RP11-403I13.8
SRR19762729	OAZ1--KLF16
SRR19762729	POLE--ANKLE2
SRR19762729	TIMM23--PARGP1
SRR19762729	TIMM23--RP11-574K11.29
SRR19762347	SEPT10--AC096669.1
SRR19762347	TPM4--PTMA
SRR19762347	OAZ1--DOT1L
SRR19762347	TPM4--ACTB
SRR19762347	POLE--ANKLE2
SRR19762347	BSG--ACTB
SRR19762347	IGH@-ext--MT-ATP6
SRR19762347	SBF1--SCO2
SRR19762347	RP11-155G15.2--RP11-1E3.1
SRR19762347	CFL1--PTMA
SRR19762347	CTC-786C10.1--RP11-680G10.1
SRR19762347	ADAP1--C7orf50
SRR19762347	RP11-367G6.3--FAM65B
SRR19762347	TIMM23--PARGP1
SRR19762347	NUTM2A-AS1--MINPP1
SRR19762347	AC092635.1--AC016730.1
SRR19762347	RP11-96H19.1--RP11-446N19.1
SRR19762347	OAZ1--EIF4A1
SRR19762347	BSG--PTBP1
SRR19762347	RP11-680G10.1--GSE1
SRR19762347	ACTB--PTMA
SRR19762347	OAZ1--DAZAP1
SRR19762492	KANSL1--ARL17B
SRR19762492	RP11-662M24.2--RIMBP2
SRR19762492	RP11-367G6.3--FAM65B
SRR19762492	RP11-96H19.1--RP11-446N19.1
SRR19762492	RP6-206I17.1--RP11-403I13.8
SRR19762492	RP11-155G15.2--RP11-1E3.1
SRR19762492	TIMM23--PARGP1
SRR19762492	POLE--ANKLE2
SRR19762492	C15orf57--CBX3
SRR19762492	IGH-@-ext--PTMA
SRR19762786	OAZ1--TCF3
SRR19762786	NFATC1--PQLC1
SRR19762786	LEPROT--LEPR
SRR19762786	TIMM23--RP11-574K11.29
SRR19762786	CYTH1--USP36
SRR19762786	TIMM23--AGAP6
SRR19762786	GARNL3--SET
SRR19762786	TRIM60--AKAP13
SRR19762786	B2M--SET
SRR19762786	MB21D2--FGF12
SRR19762786	RP11-33B1.1--PSPH
SRR19762786	PTP4A1--SYNCRIP
SRR19762786	RP11-367G6.3--FAM65B
SRR19762786	CNN2--PTMA
SRR19762786	OAZ1--KLF16
SRR19762786	TIMM23--PARGP1
SRR19762786	RPS10--NUDT3
SRR19762786	RP11-96H19.1--RP11-446N19.1
SRR19762786	EEF1A1--PABPC1
SRR19762786	EIF4A1--EIF5A
SRR19762190	FNBP1--SET
SRR19762190	RP11-662M24.2--RIMBP2
SRR19762190	EDF1--RABL6
SRR19762190	OAZ1--DOT1L
SRR19762190	LEPROT--LEPR
SRR19762190	OAZ1--PTMA
SRR19762190	PTBP1--RNF126
SRR19762190	MACC1--AC005062.2
SRR19762190	TRIM60--AKAP13
SRR19762190	RP11-155G15.2--RP11-1E3.1
SRR19762190	NCOR2--UBC
SRR19762190	OAZ1--SCAMP4
SRR19762190	RP11-367G6.3--FAM65B
SRR19762190	LMNB2--SGTA
SRR19762190	LRRC8B--LRRC8C
SRR19762190	OAZ1--KLF16
SRR19762190	TIMM23--PARGP1
SRR19762190	RPS10--NUDT3
SRR19762190	PFKFB3--RP11-563J2.2
SRR19762190	FUS--SETD1A
SRR19762190	G3BP2--CCNG2
SRR19762190	OAZ1--DAZAP1
SRR19762392	MT-ND6--RPL13A
SRR19762392	RP11-367G6.3--FAM65B
SRR19762392	SRSF1--DDX5
SRR19762392	PFKFB3--RP11-563J2.2
SRR19762392	USP10--KLHL36
SRR19762392	LEPROT--LEPR
SRR19762392	IGL-@-ext--MT-CO1
SRR19762392	IGH-@-ext--EEF1A1
SRR19762392	GAS6--IGH@-ext
SRR19762392	OAZ1--KLF16
SRR19762392	TIMM23--PARGP1
SRR19762392	IGH-@-ext--MT-RNR2
SRR19762392	PIM3--SCO2
SRR19762392	IGLVI-70--IGL@-ext
SRR19762204	RP11-367G6.3--FAM65B
SRR19762204	IGKV2-26--AC096579.7
SRR19762204	LEPROT--LEPR
SRR19762204	RP11-155G15.2--RP11-1E3.1
SRR19762204	TIMM23--PARGP1
SRR19762204	TIMM23--RP11-574K11.29
SRR19762204	EIF4A1--EIF5A
SRR19762204	MACC1--AC005062.2
SRR19762299	OAZ1--DOT1L
SRR19762299	LEPROT--LEPR
SRR19762299	EIF4G2--PTMA
SRR19762299	PTBP1--RNF126
SRR19762299	FUS--ACTB
SRR19762299	SRSF1--DDX5
SRR19762299	MAFK--ACTB
SRR19762299	NCOR2--UBC
SRR19762299	IGLVI-70--IGL@-ext
SRR19762299	GLB1L2--MUM1
SRR19762299	EIF4A1--SET
SRR19762299	RP11-367G6.3--FAM65B
SRR19762299	KANSL1--ARL17A
SRR19762299	RP6-206I17.1--RP11-403I13.8
SRR19762299	TIMM23--PARGP1
SRR19762299	RP11-120D5.1--MID1
SRR19762299	RP11-96H19.1--RP11-446N19.1
SRR19762299	ZEB1--ACTB
SRR19762299	PFKFB3--RP11-563J2.2
SRR19762299	EIF4A1--EIF5A
SRR19762299	EIF4A1--PTMA
SRR19762426	RP11-662M24.2--RIMBP2
SRR19762426	RPA3-AS1--GLCCI1
SRR19762426	RP11-367G6.3--FAM65B
SRR19762426	NRIP1--AF127936.7
SRR19762426	OAZ1--DOT1L
SRR19762426	RP6-206I17.1--RP11-403I13.8
SRR19762426	LEPROT--LEPR
SRR19762426	OAZ1--KLF16
SRR19762426	HLA-S--HLA-A
SRR19762426	TIMM23--PARGP1
SRR19762426	EIF4A1--EIF5A
SRR19762426	IGH-@-ext--PTMA
SRR19762687	FNBP1--SET
SRR19762687	LEPROT--LEPR
SRR19762687	OAZ1--PTMA
SRR19762687	POLE--ANKLE2
SRR19762687	IGH-@-ext--PTMA
SRR19762687	TMC6--PTMA
SRR19762687	SRSF1--DDX5
SRR19762687	TPM4--KLF2
SRR19762687	PTP4A1--EEF1A1
SRR19762687	SEPT7P2--PSPH
SRR19762687	NCOR2--UBC
SRR19762687	ZC3H3--EEF1D
SRR19762687	MIR155HG--JAM2
SRR19762687	RP11-367G6.3--FAM65B
SRR19762687	SLC7A5--RP11-347C12.2
SRR19762687	BSG--RNF126
SRR19762687	OAZ1--KLF16
SRR19762687	TIMM23--PARGP1
SRR19762687	USP12--HMGB1
SRR19762687	YAF2--RYBP
SRR19762687	PFKFB3--RP11-563J2.2
SRR19762526	FNBP1--SET
SRR19762526	OAZ1--TCF3
SRR19762526	CSNK1G2--KLF16
SRR19762526	LEPROT--LEPR
SRR19762526	POLE--ANKLE2
SRR19762526	PTBP1--RNF126
SRR19762526	MACC1--AC005062.2
SRR19762526	ZEB1--WAC
SRR19762526	YWHAE--CRK
SRR19762526	SRSF1--DDX5
SRR19762526	YWHAE--PITPNA
SRR19762526	RP11-367G6.3--FAM65B
SRR19762526	NRIP1--AF127936.7
SRR19762526	RP6-206I17.1--RP11-403I13.8
SRR19762526	OAZ1--KLF16
SRR19762526	TIMM23--PARGP1
SRR19762526	USP12--HMGB1
SRR19762526	PFKFB3--RP11-563J2.2
SRR19762526	FUS--SETD1A
SRR19762526	EIF4A1--EIF5A
SRR19762526	OAZ1--DAZAP1
SRR19762526	SUZ12P--CRLF3
SRR19762482	RP11-96H19.1--RP11-446N19.1
SRR19762482	LEPROT--LEPR
SRR19762482	AC034193.5--TMCC1-AS1
SRR19762482	PIM3--BRD1
SRR19762482	RP11-155G15.2--RP11-1E3.1
SRR19762482	OAZ1--KLF16
SRR19762482	TIMM23--PARGP1
SRR19762482	C15orf57--CBX3
SRR19762482	CHSY1--RP11-505E24.2
SRR19762301	RP11-662M24.2--RIMBP2
SRR19762301	TRIM60--AKAP13
SRR19762301	RP11-367G6.3--FAM65B
SRR19762301	KANSL1--ARL17A
SRR19762301	PFKFB3--RP11-563J2.2
SRR19762301	LEPROT--LEPR
SRR19762301	OAZ1--KLF16
SRR19762301	TIMM23--PARGP1
SRR19762642	RP11-662M24.2--RIMBP2
SRR19762642	RP11-434C1.1--ETV6
SRR19762642	RCC1--EEF1D
SRR19762642	SLC5A3--AP000318.2
SRR19762642	LEPROT--LEPR
SRR19762642	DDX5--IRF4
SRR19762642	RP11-14D22.2--PRICKLE2
SRR19762642	MT-ND6--RPL13A
SRR19762642	PRKCH--RP11-47I22.3
SRR19762642	BCKDHB--RP11-250B2.3
SRR19762642	RP11-155G15.2--RP11-1E3.1
SRR19762642	CTC-786C10.1--RP11-680G10.1
SRR19762642	IGH-@-ext--MT-CO3
SRR19762642	RP11-367G6.3--FAM65B
SRR19762642	BOLA2B--RP11-347C12.2
SRR19762642	NRIP1--AF127936.7
SRR19762642	RP11-426C22.5--SNX29P2
SRR19762642	TIMM23--PARGP1
SRR19762642	RP11-313P13.3--CCDC146
SRR19762642	RPA3-AS1--GLCCI1
SRR19762642	RP11-96H19.1--RP11-446N19.1
SRR19762642	PFKFB3--RP11-563J2.2
SRR19762642	RP11-680G10.1--GSE1
SRR19762941	TIMM23--AGAP6
SRR19762941	IRF4--ACTB
SRR19762941	RP11-367G6.3--FAM65B
SRR19762941	KANSL1--ARL17A
SRR19762941	EIF4A1--DDX5
SRR19762941	PIM3--SCO2
SRR19762941	LEPROT--LEPR
SRR19762941	USP10--KLHL36
SRR19762941	RP11-155G15.2--RP11-1E3.1
SRR19762941	CTSC--RAB38
SRR19762941	NCOR2--UBC
SRR19762941	TIMM23--PARGP1
SRR19762941	LINC00623--RP11-403I13.7
SRR19762941	C5orf56--RAD50
SRR19762941	OAZ1--KLF16
SRR19762941	TIMM23--RP11-574K11.29
SRR19762941	ZEB1--PTMA
SRR19762390	BOLA2B--RP11-345J4.8
SRR19762390	IGH-@-ext--ACTB
SRR19762390	SRSF1--DDX5
SRR19762390	RP6-206I17.1--RP11-403I13.8
SRR19762390	LEPROT--LEPR
SRR19762390	RP11-745L13.2--RPL7AP28
SRR19762390	TIMM23--PARGP1
SRR19762390	C5orf56--RAD50
SRR19762390	MACC1--AC005062.2
SRR19762512	KANSL1--ARL17B
SRR19762512	POLE--FUS
SRR19762512	AC131097.3--AC093642.5
SRR19762512	RP11-367G6.3--FAM65B
SRR19762512	RP11-96H19.1--RP11-446N19.1
SRR19762512	RP11-155G15.2--RP11-1E3.1
SRR19762512	POLE--ANKLE2
SRR19762512	TIMM23--PARGP1
SRR19762512	HLA-S--HLA-A
SRR19762512	TIMM23--RP11-574K11.29
SRR19762433	TFEB--TMC6
SRR19762433	LEPROT--LEPR
SRR19762433	AKAP13--AC013394.2
SRR19762433	TIMM23--RP11-574K11.29
SRR19762433	SRSF1--DDX5
SRR19762433	BCKDHB--RP11-250B2.3
SRR19762433	USP22--RN7SL5P
SRR19762433	IGLVI-70--IGL@-ext
SRR19762433	USP22--RN7SL2
SRR19762433	RP11-367G6.3--FAM65B
SRR19762433	KANSL1--ARL17A
SRR19762433	TIMM23B--PARGP1
SRR19762433	CDKN1A--SET
SRR19762433	OAZ1--KLF16
SRR19762433	RPS10--NUDT3
SRR19762433	RP11-120D5.1--MID1
SRR19762433	RPA3-AS1--GLCCI1
SRR19762433	YAF2--RYBP
SRR19762433	IGH-@-ext--EIF4B
SRR19762433	EIF4A1--EIF5A
SRR19762590	EIF5A--ACTB
SRR19762590	ACTB--CFL1
SRR19762590	BOP1--PTMA
SRR19762590	LEPROT--LEPR
SRR19762590	AKAP13--AC013394.2
SRR19762590	IGH-@-ext--PTMA
SRR19762590	PTMA--ACTB
SRR19762590	RNF216--ACTB
SRR19762590	OAZ1--SET
SRR19762590	MAFK--ACTB
SRR19762590	ACTB--HMGN2
SRR19762590	C15orf57--CBX3
SRR19762590	ZC3H3--EEF1D
SRR19762590	IGH-@-ext--COL13A1
SRR19762590	IGLVI-70--IGL@-ext
SRR19762590	SREBF2--ACTB
SRR19762590	RP11-367G6.3--FAM65B
SRR19762590	IGL-@-ext--HLA-B
SRR19762590	OAZ1--KLF16
SRR19762590	TIMM23--PARGP1
SRR19762590	BSG--ZNF276
SRR19762590	EIF4A1--ACTB
SRR19762590	LINC00623--RP11-403I13.8
SRR19762590	RP11-96H19.1--RP11-446N19.1
SRR19762590	FUS--SETD1A
SRR19762590	OAZ1--ACTB
SRR19762590	HLA-S--HLA-A
SRR19762590	ACTB--PTMA
SRR19762590	EIF4A1--EIF5A
SRR19762224	RPA3-AS1--GLCCI1
SRR19762224	RP11-367G6.3--FAM65B
SRR19762224	RP11-96H19.1--RP11-446N19.1
SRR19762224	POLR2E--PTMA
SRR19762224	EIF4A1--DDX5
SRR19762224	LEPROT--LEPR
SRR19762224	MAFK--ACTB
SRR19762224	OAZ1--PTMA
SRR19762224	RP11-155G15.2--RP11-1E3.1
SRR19762224	OAZ1--KLF16
SRR19762224	POLE--ANKLE2
SRR19762224	TIMM23--PARGP1
SRR19762224	TIMM23--RP11-574K11.29
SRR19762224	RP11-305P22.9--DAZAP1
SRR19762224	CYTH1--USP36
SRR19762832	ACTB--FSCN1
SRR19762832	ZEB1--HNRNPF
SRR19762832	RP11-662M24.2--RIMBP2
SRR19762832	TRIM60--AKAP13
SRR19762832	RP11-367G6.3--FAM65B
SRR19762832	MAFK--ACTB
SRR19762832	LEPROT--LEPR
SRR19762832	OAZ1--KLF16
SRR19762832	HLA-S--HLA-A
SRR19762832	TIMM23--PARGP1
SRR19762832	OAZ1--DAZAP1
SRR19762625	RP11-33B1.1--PSPH
SRR19762625	ZEB1--HNRNPF
SRR19762625	ZEB1--WAC
SRR19762625	ZEB1--BMI1
SRR19762625	YWHAE--CRK
SRR19762625	RP11-367G6.3--FAM65B
SRR19762625	SRSF1--DDX5
SRR19762625	LEPROT--LEPR
SRR19762625	IGL-@-ext--MT-RNR2
SRR19762625	IGL-@-ext--MT-CO1
SRR19762625	TIMM23--PARGP1
SRR19762625	EIF4A1--EIF5A
SRR19762611	ACTB--FSCN1
SRR19762611	LINC00623--RP11-403I13.8
SRR19762611	RP11-662M24.2--RIMBP2
SRR19762611	RP11-367G6.3--FAM65B
SRR19762611	BOLA2B--RP11-347C12.2
SRR19762611	LEPROT--LEPR
SRR19762611	RP11-155G15.2--RP11-1E3.1
SRR19762611	TIMM23--PARGP1
SRR19762611	ACTB--PTMA
SRR19762611	RP11-141M1.3--STARD13
SRR19762611	TIMM23--RP11-574K11.29
SRR19762611	EIF4A1--EIF5A
SRR19762611	IGH-@-ext--PTMA
SRR19762911	TRIM60--AKAP13
SRR19762911	RP11-367G6.3--FAM65B
SRR19762911	LEPROT--LEPR
SRR19762911	OAZ1--KLF16
SRR19762911	TIMM23--PARGP1
SRR19762911	GUSBP2--GTF2H2C
SRR19762911	TIMM23--RP11-574K11.29
SRR19762911	EIF4A1--EIF5A
SRR19762911	IGLVI-70--IGL@-ext
SRR19762872	KANSL1--ARL17B
SRR19762872	RP11-367G6.3--FAM65B
SRR19762872	NRIP1--AF127936.7
SRR19762872	TIMM23B--PARGP1
SRR19762872	RP6-206I17.1--RP11-403I13.8
SRR19762872	OAZ1--KLF16
SRR19762872	TIMM23--RP11-574K11.29
SRR19762942	LEPROT--LEPR
SRR19762942	IGL-@-ext--MT-CO1
SRR19762942	IGH-@-ext--PTMA
SRR19762942	IGH@-ext--MT-ATP6
SRR19762942	IGH@-ext--MT-CO3
SRR19762942	IGL-@-ext--B2M
SRR19762942	RP13-188A5.1--RRAGB
SRR19762942	IGH@-ext--MT-ND2
SRR19762942	IGLVI-70--IGL@-ext
SRR19762942	IGH-@-ext--MT-CO3
SRR19762942	RP11-367G6.3--FAM65B
SRR19762942	IGL-@-ext--ECI1
SRR19762942	AC096579.7--IGH@-ext
SRR19762942	RP11-426C22.5--SNX29P2
SRR19762942	IGH-@-ext--AC096579.7
SRR19762942	TIMM23--PARGP1
SRR19762942	IGH@-ext--MT-ND4
SRR19762942	PTCHD2--IGL@-ext
SRR19762942	IGH-@-ext--SLC25A6
SRR19762942	IGL-@-ext--ACTG1
SRR19762942	RP11-96H19.1--RP11-446N19.1
SRR19762942	PFKFB3--RP11-563J2.2
SRR19762942	IGH-@-ext--MT-ND4
SRR19762942	IGL-@-ext--EEF1A1
SRR19762942	IGH@-ext--MT-RNR2
SRR19762942	IGH-@-ext--MT-ATP6
SRR19762942	IGL-@-ext--RPL13A
SRR19762942	EIF4A1--EIF5A
SRR19762608	ZEB1--HNRNPF
SRR19762608	LINC00623--RP11-403I13.8
SRR19762608	MAPKAPK5--ACAD10
SRR19762608	RP11-367G6.3--FAM65B
SRR19762608	MACC1--AC005062.2
SRR19762608	LEPROT--LEPR
SRR19762608	LINC00623--RP11-403I13.7
SRR19762608	TIMM23--PARGP1
SRR19762608	IGH-@-ext--PKM
SRR19762608	VTI1A--RP11-57H14.3
SRR19762608	TIMM23--RP11-574K11.29
SRR19762608	IGLVI-70--IGL@-ext
SRR19762820	ACTB--FSCN1
SRR19762820	TNFSF9--RN7SL2
SRR19762820	RP11-367G6.3--FAM65B
SRR19762820	YAF2--RYBP
SRR19762820	OAZ1--PTMA
SRR19762820	RP11-155G15.2--RP11-1E3.1
SRR19762820	TIMM23--PARGP1
SRR19762820	ACTB--PTMA
SRR19762820	TIMM23--RP11-574K11.29
SRR19762820	EIF4A1--PTMA
SRR19762820	IGLVI-70--IGL@-ext
SRR19762776	IGH-@-ext--PTMA
SRR19762776	RP11-367G6.3--FAM65B
SRR19762776	RP11-96H19.1--RP11-446N19.1
SRR19762776	PFKFB3--RP11-563J2.2
SRR19762776	SAMD10--ACTB
SRR19762776	LEPROT--LEPR
SRR19762776	TIMM23--PARGP1
SRR19762776	VTI1A--RP11-57H14.3
SRR19762776	RPS10--NUDT3
SRR19762776	PIM3--SCO2
SRR19762776	PTMA--ACTB
SRR19762546	IGH-@-ext--MT-CO3
SRR19762546	OAZ1--SET
SRR19762546	BOLA2B--RP11-345J4.8
SRR19762546	RP11-367G6.3--FAM65B
SRR19762546	TPM4--KLF2
SRR19762546	PFKFB3--RP11-563J2.2
SRR19762546	FASN--ACTG1
SRR19762546	LEPROT--LEPR
SRR19762546	YWHAE--SF1
SRR19762546	OAZ1--PTMA
SRR19762546	HMGN2--SET
SRR19762546	TIMM23--PARGP1
SRR19762546	CTC-786C10.1--RP11-680G10.1
SRR19762546	RP11-444D3.1--SOX5
SRR19762546	RPS10--NUDT3
SRR19762719	ACTB--FSCN1
SRR19762719	LINC00623--RP11-403I13.8
SRR19762719	KRI1--CDKN2D
SRR19762719	RP11-367G6.3--FAM65B
SRR19762719	NRIP1--AF127936.7
SRR19762719	RP11-96H19.1--RP11-446N19.1
SRR19762719	LRRC8B--LRRC8C
SRR19762719	PFKFB3--RP11-563J2.2
SRR19762719	POM121C--ZP3
SRR19762719	RP11-380O24.1--SRGAP3
SRR19762719	LEPROT--LEPR
SRR19762719	SEPT7P2--PSPH
SRR19762719	TIMM23--PARGP1
SRR19762719	SLC7A5--SMG1P1
SRR19762719	OAZ1--CSNK1G2
SRR19762719	TIMM23--RP11-574K11.29
SRR19762719	EIF4A1--EIF5A
SRR19762232	C1ORF220--RP5-1098D14.1
SRR19762232	CSNK1G2--KLF16
SRR19762232	SRSF1--DDX5
SRR19762232	KANSL1--ARL17A
SRR19762232	IGL-@-ext--AC096579.7
SRR19762232	LEPROT--LEPR
SRR19762232	FBXO9--IGH@-ext
SRR19762232	SEPT7P2--PSPH
SRR19762232	ACTB--MAFK
SRR19762232	TIMM23--PARGP1
SRR19762232	OAZ1--LMNB2
SRR19762692	ACTB--FSCN1
SRR19762692	LINC00623--RP11-403I13.8
SRR19762692	RP11-662M24.2--RIMBP2
SRR19762692	RP11-367G6.3--FAM65B
SRR19762692	HMGN2--PTMA
SRR19762692	KANSL1--ARL17A
SRR19762692	LEPROT--LEPR
SRR19762692	TIMM23--PARGP1
SRR19762692	RPL21P122--IGH-@-ext
SRR19762467	RP11-662M24.2--RIMBP2
SRR19762467	AC007879.5--AC007879.2
SRR19762467	OAZ1--TCF3
SRR19762467	EIF4A1--IRF4
SRR19762467	BOLA2B--RP11-345J4.8
SRR19762467	LEPROT--LEPR
SRR19762467	IGKV1D-27--AC096579.7
SRR19762467	ZEB1--WAC
SRR19762467	YWHAE--CRK
SRR19762467	PTP4A1--EEF1A1
SRR19762467	RP11-155G15.2--RP11-1E3.1
SRR19762467	SYNCRIP--EEF1A1
SRR19762467	RP11-367G6.3--FAM65B
SRR19762467	OAZ1--KLF16
SRR19762467	TIMM23--PARGP1
SRR19762467	KLF10--AZIN1
SRR19762467	USP12--HMGB1
SRR19762467	FASN--EIF4A1
SRR19762467	CPSF6--IRF4
SRR19762467	RP11-96H19.1--RP11-446N19.1
SRR19762467	OAZ1--IRF4
SRR19762467	PFKFB3--RP11-563J2.2
SRR19762467	USP10--KLHL36
SRR19762467	OAZ1--CSNK1G2
SRR19762467	UNKL--UBE2I
SRR19762467	EIF4A1--EIF5A
SRR19762467	SUZ12P--CRLF3
SRR19762691	RAB2A--KCNS2
SRR19762691	USP12--HMGB1
SRR19762691	RP11-367G6.3--FAM65B
SRR19762691	BOLA2B--RP11-345J4.8
SRR19762691	NRIP1--AF127936.7
SRR19762691	TPM4--KLF2
SRR19762691	SRSF1--DDX5
SRR19762691	RP6-206I17.1--RP11-403I13.8
SRR19762691	LEPROT--LEPR
SRR19762691	RP11-155G15.2--RP11-1E3.1
SRR19762691	OAZ1--KLF16
SRR19762691	TIMM23--PARGP1
SRR19762691	AC022182.1--CLVS1
SRR19762691	HP1BP3--EIF4G3
SRR19762691	TIMM23--RP11-574K11.29
SRR19762691	PIM3--SCO2
SRR19762774	RP11-367G6.3--FAM65B
SRR19762774	NSF--LRRC37A3
SRR19762774	PFKFB3--RP11-563J2.2
SRR19762774	TPM4--ACTB
SRR19762774	LEPROT--LEPR
SRR19762774	BSG--RNF126
SRR19762774	IGH-@-ext--AC096579.7
SRR19762774	RP11-155G15.2--RP11-1E3.1
SRR19762774	TIMM23--PARGP1
SRR19762774	POLE--ANKLE2
SRR19762774	IGH-@-ext--MT-RNR2
SRR19762774	ZC3H3--EEF1D
SRR19762774	TIMM23--RP11-574K11.29
SRR19762829	CFL1--SET
SRR19762829	RP11-367G6.3--FAM65B
SRR19762829	SRSF1--DDX5
SRR19762829	KANSL1--ARL17A
SRR19762829	TPM4--PTMA
SRR19762829	LEPROT--LEPR
SRR19762829	OAZ1--KLF16
SRR19762829	IGH-@-ext--AC096579.7
SRR19762829	TIMM23--PARGP1
SRR19762829	ACTB--PTMA
SRR19762829	VTI1A--RP11-57H14.3
SRR19762349	TFG--GPR128
SRR19762349	RP11-367G6.3--FAM65B
SRR19762349	RP11-96H19.1--RP11-446N19.1
SRR19762349	OAZ1--DOT1L
SRR19762349	LEPROT--LEPR
SRR19762349	USP10--KLHL36
SRR19762349	SEPT7P2--PSPH
SRR19762349	BCKDHB--RP11-250B2.3
SRR19762349	OAZ1--KLF16
SRR19762349	TIMM23--PARGP1
SRR19762349	POLE--ANKLE2
SRR19762349	TIMM23--RP11-574K11.29
SRR19762349	IGLVI-70--IGL@-ext
SRR19762564	FNBP1--SET
SRR19762564	OAZ1--TCF3
SRR19762564	AC007879.5--AC007879.2
SRR19762564	RP11-367G6.3--FAM65B
SRR19762564	RP11-353N4.6--RP11-403I13.8
SRR19762564	RP11-96H19.1--RP11-446N19.1
SRR19762564	HS2ST1--SEP15
SRR19762564	PFKFB3--RP11-563J2.2
SRR19762564	LEPROT--LEPR
SRR19762564	TIMM23--PARGP1
SRR19762564	SIK1--PTMA
SRR19762564	ACTB--PTMA
SRR19762564	TIMM23--RP11-574K11.29
SRR19762564	EIF4A1--EIF5A
SRR19762564	EIF4A1--PTMA
SRR19762541	RP11-33B1.1--PSPH
SRR19762541	LINC00623--RP11-403I13.8
SRR19762541	RP11-662M24.2--RIMBP2
SRR19762541	OAZ1--DOT1L
SRR19762541	TIMM23--PARGP1
SRR19762541	HLA-S--HLA-A
SRR19762541	IGLVI-70--IGL@-ext
SRR19762251	RAB2A--KCNS2
SRR19762251	LINC00623--RP11-403I13.8
SRR19762251	RP11-367G6.3--FAM65B
SRR19762251	TIMM23B--PARGP1
SRR19762251	KANSL1--ARL17A
SRR19762251	RP11-353N4.6--RP11-403I13.7
SRR19762251	SLC25A51--EXOSC3
SRR19762251	LEPROT--LEPR
SRR19762251	USP10--KLHL36
SRR19762251	OAZ1--KLF16
SRR19762251	EIF4A1--EIF5A
SRR19762690	RP11-662M24.2--RIMBP2
SRR19762690	PRKCH--RP11-47I22.3
SRR19762690	RP11-367G6.3--FAM65B
SRR19762690	RP11-96H19.1--RP11-446N19.1
SRR19762690	LEPROT--LEPR
SRR19762690	BCL2L13--SLC25A18
SRR19762690	RP11-155G15.2--RP11-1E3.1
SRR19762690	BSG--RNF126
SRR19762690	TIMM23--PARGP1
SRR19762690	NCOR2--UBC
SRR19762690	PARG--BMS1
SRR19762690	OAZ1--KLF16
SRR19762690	TIMM23--RP11-574K11.29
SRR19762657	RAB2A--KCNS2
SRR19762657	ACTB--IRF4
SRR19762657	LEPROT--LEPR
SRR19762657	CERS6--SLAMF1
SRR19762657	OAZ1--PTMA
SRR19762657	TIMM23--RP11-574K11.29
SRR19762657	KANSL1--ARL17B
SRR19762657	IGKV2-18--AC096579.7
SRR19762657	RP11-367G6.3--FAM65B
SRR19762657	OAZ1--KLF16
SRR19762657	TIMM23--PARGP1
SRR19762657	NUTM2A-AS1--MINPP1
SRR19762657	ACTB--FSCN1
SRR19762657	LINC00623--RP11-403I13.8
SRR19762657	RP11-96H19.1--RP11-446N19.1
SRR19762657	ZEB1--ACTB
SRR19762657	IRF4--PTMA
SRR19762657	HNRNPH1--HNRNPAB
SRR19762657	OAZ1--ACTB
SRR19762657	ACTB--PTMA
SRR19762657	RNF126--PTBP1
SRR19762323	USP12--HMGB1
SRR19762323	RP11-367G6.3--FAM65B
SRR19762323	PFKFB3--RP11-563J2.2
SRR19762323	MAFK--ACTB
SRR19762323	LEPROT--LEPR
SRR19762323	HLA-S--HLA-A
SRR19762323	TIMM23--PARGP1
SRR19762323	EIF4A1--EIF5A
SRR19762323	EIF4A1--ACTB
SRR19762833	LINC00623--RP11-403I13.8
SRR19762833	RP11-662M24.2--RIMBP2
SRR19762833	TRIM60--AKAP13
SRR19762833	RP11-367G6.3--FAM65B
SRR19762833	RP11-96H19.1--RP11-446N19.1
SRR19762833	KANSL1--ARL17A
SRR19762833	POM121C--ZP3
SRR19762833	LEPROT--LEPR
SRR19762833	BCKDHB--RP11-250B2.3
SRR19762833	BSG--RNF126
SRR19762833	RP11-426C22.5--SNX29P2
SRR19762833	RP11-155G15.2--RP11-1E3.1
SRR19762833	TIMM23--PARGP1
SRR19762833	OAZ1--KLF16
SRR19762833	ZC3H3--EEF1D
SRR19762833	TIMM23--RP11-574K11.29
SRR19762833	IGLVI-70--IGL@-ext
SRR19762447	BOLA2B--RP11-345J4.8
SRR19762447	RP11-367G6.3--FAM65B
SRR19762447	NRIP1--AF127936.7
SRR19762447	LEPROT--LEPR
SRR19762447	TIMM23--PARGP1
SRR19762447	HLA-S--HLA-A
SRR19762447	TIMM23--RP11-574K11.29
SRR19762757	WDR34--IGH@-ext
SRR19762757	LINC00623--RP11-403I13.8
SRR19762757	YWHAE--CRK
SRR19762757	RP11-367G6.3--FAM65B
SRR19762757	NRIP1--AF127936.7
SRR19762757	RP11-96H19.1--RP11-446N19.1
SRR19762757	KANSL1--ARL17A
SRR19762757	FUS--AC013394.2
SRR19762757	LEPROT--LEPR
SRR19762757	EEF1DP3--FRY
SRR19762757	SEPT7P2--PSPH
SRR19762757	RP11-155G15.2--RP11-1E3.1
SRR19762757	TIMM23--PARGP1
SRR19762757	AKAP13--AC013394.2
SRR19762757	OAZ1--CSNK1G2
SRR19762757	EIF4A1--EIF5A
SRR19762757	ACTB--SET
SRR19762757	RIPK1--SERPINB9
SRR19762847	IGH-@-ext--ACADVL
SRR19762847	IGL-@-ext--RPS16
SRR19762847	LEPROT--LEPR
SRR19762847	IGL-@-ext--MT-CO1
SRR19762847	TIMM23--RP11-574K11.29
SRR19762847	TPM4--KLF2
SRR19762847	IGLVI-70--IGL@-ext
SRR19762847	RP11-367G6.3--FAM65B
SRR19762847	IGL-@-ext--RPL8
SRR19762847	OAZ1--KLF16
SRR19762847	TIMM23--PARGP1
SRR19762847	IGH@-ext--MT-ATP8
SRR19762847	EIF4A1--ACTB
SRR19762847	IGL-@-ext--HSP90B1
SRR19762847	FUS--SETD1A
SRR19762847	IGH-@-ext--MT-ND4
SRR19762847	ACTB--PTMA
SRR19762847	IGL-@-ext--RPL13A
SRR19762847	EIF4A1--EIF5A
SRR19762847	EIF4A1--PTMA
SRR19762263	ACTB--FSCN1
SRR19762263	SIK1--ACTB
SRR19762263	RP11-367G6.3--FAM65B
SRR19762263	OAZ1--DOT1L
SRR19762263	PFKFB3--RP11-563J2.2
SRR19762263	LEPROT--LEPR
SRR19762263	SEPT7P2--PSPH
SRR19762263	OAZ1--PTMA
SRR19762263	OAZ1--ACTB
SRR19762263	TIMM23--PARGP1
SRR19762263	ACTB--PTMA
SRR19762263	ZC3H3--EEF1D
SRR19762263	EIF4A1--EIF5A
SRR19762263	SUZ12P--CRLF3
SRR19762846	ACTB--FSCN1
SRR19762846	FAM60A--PTP4A1
SRR19762846	PTMA--ACTB
SRR19762846	BOLA2B--RP11-345J4.8
SRR19762846	IRF4--PTMA
SRR19762846	PFKFB3--RP11-563J2.2
SRR19762846	RP11-15J10.3--AC096579.7
SRR19762846	RP6-206I17.1--RP11-403I13.8
SRR19762846	MAFK--ACTB
SRR19762846	SEPT7P2--PSPH
SRR19762846	TIMM23--PARGP1
SRR19762846	ACTB--PTMA
SRR19762846	PARG--BMS1
SRR19762846	YWHAE--GEMIN4
SRR19762846	IGLVI-70--IGL@-ext
SRR19762523	IGH-@-ext--HECTD4
SRR19762523	RP11-367G6.3--FAM65B
SRR19762523	RP11-96H19.1--RP11-446N19.1
SRR19762523	KANSL1--ARL17A
SRR19762523	LEPROT--LEPR
SRR19762523	TIMM23--PARGP1
SRR19762523	IGH@-ext--SPTLC3
SRR19762523	EIF4A1--EIF5A
SRR19762523	IGLVI-70--IGL@-ext
SRR19762737	RP11-662M24.2--RIMBP2
SRR19762737	OAZ1--TCF3
SRR19762737	IGH-@-ext--RN7SL109P
SRR19762737	VPS33A--CLIP1
SRR19762737	LEPROT--LEPR
SRR19762737	TIMM23--PARGP1
SRR19762737	EIF4A1--EIF5A
SRR19762737	MACC1--AC005062.2
SRR19762629	RAB2A--KCNS2
SRR19762629	UBC--CCDC23
SRR19762629	RP11-367G6.3--FAM65B
SRR19762629	BOLA2B--RP11-347C12.2
SRR19762629	SRSF1--DDX5
SRR19762629	LEPROT--LEPR
SRR19762629	BCKDHB--RP11-250B2.3
SRR19762629	RP11-155G15.2--RP11-1E3.1
SRR19762629	OAZ1--KLF16
SRR19762629	RPS10--NUDT3
SRR19762629	TIMM23--PARGP1
SRR19762629	IGL-@-ext--BANP
SRR19762629	TIMM23--RP11-574K11.29
SRR19762629	EIF4A1--EIF5A
SRR19762629	EVL--CELF2
SRR19762868	RP11-33B1.1--PSPH
SRR19762868	BOP1--PTMA
SRR19762868	RP11-367G6.3--FAM65B
SRR19762868	EDF1--RABL6
SRR19762868	VTI1A--RP11-57H14.3
SRR19762868	LEPROT--LEPR
SRR19762868	TRBJ2-7--TRBC2
SRR19762868	OAZ1--KLF16
SRR19762868	TIMM23--PARGP1
SRR19762868	ACTB--PTMA
SRR19762868	RP11-508M8.1--IGL@-ext
SRR19762868	EIF4A1--EIF5A
SRR19762868	IGLVI-70--IGL@-ext
SRR19762708	RAB2A--KCNS2
SRR19762708	MT-CO1--IGH@-ext
SRR19762708	LEPROT--LEPR
SRR19762708	CDK17--UBC
SRR19762708	IGH-@-ext--ARL4D
SRR19762708	TIMM23--RP11-574K11.29
SRR19762708	RNF216--ACTB
SRR19762708	NCOR2--UBC
SRR19762708	MIR155HG--JAM2
SRR19762708	RP11-367G6.3--FAM65B
SRR19762708	IGH-@-ext--ACTB
SRR19762708	RP11-380O24.1--SRGAP3
SRR19762708	TIMM23--PARGP1
SRR19762708	DDX5--EIF4A1
SRR19762708	RP11-120D5.1--MID1
SRR19762708	IGH-@-ext--RPL13A
SRR19762708	RP11-96H19.1--RP11-446N19.1
SRR19762708	EEF2--UBL7
SRR19762708	IGL-@-ext--RPS2P5
SRR19762708	ACTB--PTMA
SRR19762485	BOLA2B--RP11-345J4.8
SRR19762485	RP11-96H19.1--RP11-446N19.1
SRR19762485	RP11-367G6.3--FAM65B
SRR19762485	PFKFB3--RP11-563J2.2
SRR19762485	LEPROT--LEPR
SRR19762485	RP11-155G15.2--RP11-1E3.1
SRR19762485	HLA-B--HLA-S
SRR19762485	LINC00623--RP11-403I13.7
SRR19762485	TIMM23--PARGP1
SRR19762394	IGKV2-18--AC096579.7
SRR19762394	C22orf34--SCO2
SRR19762394	RP11-367G6.3--FAM65B
SRR19762394	IGL-@-ext--RPL8
SRR19762394	IGH-@-ext--NFIX
SRR19762394	LEPROT--LEPR
SRR19762394	IRF4--EEF1A1
SRR19762394	IGH-@-ext--TMSB4X
SRR19762394	IGH-@-ext--MT-CO2
SRR19762394	TIMM23--PARGP1
SRR19762394	POLE--ANKLE2
SRR19762394	IGH-@-ext--ITGB2
SRR19762394	TIMM23--RP11-574K11.29
SRR19762394	EIF4A1--EIF5A
SRR19762298	RPA3-AS1--GLCCI1
SRR19762298	RP11-367G6.3--FAM65B
SRR19762298	RP11-96H19.1--RP11-446N19.1
SRR19762298	SUB1--NPR3
SRR19762298	KANSL1--ARL17A
SRR19762298	PFKFB3--RP11-563J2.2
SRR19762298	RP6-206I17.1--RP11-403I13.8
SRR19762298	POM121C--ZP3
SRR19762298	LEPROT--LEPR
SRR19762298	RP11-81H14.2--MDM1
SRR19762298	OAZ1--DOT1L
SRR19762298	SRSF1--DDX5
SRR19762298	OAZ1--KLF16
SRR19762298	NCOR2--UBC
SRR19762298	TIMM23--PARGP1
SRR19762298	ITM2C--PTMA
SRR19762298	VTI1A--RP11-57H14.3
SRR19762298	EIF4A1--EIF5A
SRR19762818	RPA3-AS1--GLCCI1
SRR19762818	RP11-367G6.3--FAM65B
SRR19762818	BOLA2B--RP11-347C12.2
SRR19762818	SRSF1--DDX5
SRR19762818	TIMM23B--PARGP1
SRR19762818	PFKFB3--RP11-563J2.2
SRR19762818	RP6-206I17.1--RP11-403I13.8
SRR19762818	HIC1--PTMA
SRR19762818	LEPROT--LEPR
SRR19762818	RMND5A--ANAPC1
SRR19762818	OAZ1--PTMA
SRR19762818	BSG--RNF126
SRR19762818	ARID4A--UBB
SRR19762818	OAZ1--KLF16
SRR19762818	WASH5P--AJ271736.10
SRR19762818	VTI1A--RP11-57H14.3
SRR19762818	TIMM23--RP11-574K11.29
SRR19762818	EIF4A1--PTMA
SRR19762724	RP11-33B1.1--PSPH
SRR19762724	SERP1--MBNL1
SRR19762724	RP11-367G6.3--FAM65B
SRR19762724	PIM3--SET
SRR19762724	PTP4A1--EEF1A1
SRR19762724	PFKFB3--RP11-563J2.2
SRR19762724	LEPROT--LEPR
SRR19762724	OAZ1--PTMA
SRR19762724	OAZ1--RPS15
SRR19762724	NCOR2--UBC
SRR19762724	TIMM23--PARGP1
SRR19762724	VTI1A--RP11-57H14.3
SRR19762724	B2M--IRF4
SRR19762724	TIMM23--RP11-574K11.29
SRR19762635	RAB2A--KCNS2
SRR19762635	LEPROT--LEPR
SRR19762635	OAZ1--PTMA
SRR19762635	BSG--SET
SRR19762635	PTBP1--RNF126
SRR19762635	TIMM23--RP11-574K11.29
SRR19762635	NCOR2--UBC
SRR19762635	C15orf57--CBX3
SRR19762635	PTP4A1--IRF4
SRR19762635	RP11-367G6.3--FAM65B
SRR19762635	RP6-206I17.1--RP11-403I13.8
SRR19762635	CARKD--ING1
SRR19762635	BRI3BP--UBC
SRR19762635	OAZ1--KLF16
SRR19762635	TIMM23--PARGP1
SRR19762635	RPS10--NUDT3
SRR19762635	RPA3-AS1--GLCCI1
SRR19762635	IRF4--PTMA
SRR19762635	EIF4A1--EIF5A
SRR19762666	TIMM23--AGAP6
SRR19762666	UBE2J2--SSU72
SRR19762666	OAZ1--SET
SRR19762666	PRKCH--RP11-47I22.3
SRR19762666	BOLA2B--RP11-345J4.8
SRR19762666	RP11-367G6.3--FAM65B
SRR19762666	KANSL1--ARL17A
SRR19762666	OAZ1--DOT1L
SRR19762666	LEPROT--LEPR
SRR19762666	RP11-426C22.5--SNX29P2
SRR19762666	TIMM23--PARGP1
SRR19762666	OAZ1--CSNK1G2
SRR19762666	TIMM23--RP11-574K11.29
SRR19762666	IGLVI-70--IGL@-ext
SRR19762789	IRF4--ACTB
SRR19762789	ARID5A--SEMA4C
SRR19762789	RP11-367G6.3--FAM65B
SRR19762789	BOLA2B--RP11-347C12.2
SRR19762789	RP11-96H19.1--RP11-446N19.1
SRR19762789	TIMM23B--PARGP1
SRR19762789	PFKFB3--RP11-563J2.2
SRR19762789	OAZ1--PTMA
SRR19762789	HIC2--PI4KA
SRR19762789	OAZ1--KLF16
SRR19762789	POLE--ANKLE2
SRR19762789	ACTB--PTMA
SRR19762789	MACC1--AC005062.2
SRR19762789	TIMM23--RP11-574K11.29
SRR19762789	CCDC14--ROPN1
SRR19762789	IGLVI-70--IGL@-ext
SRR19762253	SYNCRIP--EEF1A1P5
SRR19762253	NCL--PTMA
SRR19762253	RP11-367G6.3--FAM65B
SRR19762253	BOLA2B--RP11-347C12.2
SRR19762253	KANSL1--ARL17A
SRR19762253	LEPROT--LEPR
SRR19762253	HLA-S--HLA-A
SRR19762253	TIMM23--PARGP1
SRR19762253	IGLVI-70--IGL@-ext
SRR19762373	NCL--PTMA
SRR19762373	RP11-367G6.3--FAM65B
SRR19762373	PFKFB3--RP11-563J2.2
SRR19762373	LEPROT--LEPR
SRR19762373	TIMM23--PARGP1
SRR19762373	ACTB--PTMA
SRR19762373	TIMM23--RP11-574K11.29
SRR19762373	CTD-2544L4.1--TBC1D7
SRR19762422	RP11-367G6.3--FAM65B
SRR19762422	RP11-96H19.1--RP11-446N19.1
SRR19762422	KANSL1--ARL17A
SRR19762422	PFKFB3--RP11-563J2.2
SRR19762422	RP6-206I17.1--RP11-403I13.8
SRR19762422	OAZ1--DOT1L
SRR19762422	LEPROT--LEPR
SRR19762422	OAZ1--PTMA
SRR19762422	OAZ1--KLF16
SRR19762422	TIMM23--PARGP1
SRR19762422	VTI1A--RP11-57H14.3
SRR19762422	TIMM23--RP11-574K11.29
SRR19762422	IGH-@-ext--PTMA
SRR19762422	MACC1--AC005062.2
SRR19762290	ACTB--FSCN1
SRR19762290	PTMA--ACTB
SRR19762290	RP11-367G6.3--FAM65B
SRR19762290	ACTB--EIF4A1
SRR19762290	LEPROT--LEPR
SRR19762290	OAZ1--PTMA
SRR19762290	TIMM23--PARGP1
SRR19762290	ACTB--PTMA
SRR19762290	IGLVI-70--IGL@-ext
SRR19762593	TRIM60--AKAP13
SRR19762593	RP11-367G6.3--FAM65B
SRR19762593	NRIP1--AF127936.7
SRR19762593	BOLA2B--RP11-347C12.2
SRR19762593	RP11-96H19.1--RP11-446N19.1
SRR19762593	LEPROT--LEPR
SRR19762593	IRF4--PTP4A1
SRR19762593	NCOR2--UBC
SRR19762593	TIMM23--PARGP1
SRR19762593	C5orf56--RAD50
SRR19762565	FNBP1--SET
SRR19762565	OAZ1--TCF3
SRR19762565	BOLA2B--RP11-345J4.8
SRR19762565	LEPROT--LEPR
SRR19762565	OAZ1--PTMA
SRR19762565	LMNB2--PTMA
SRR19762565	TIMM23--RP11-574K11.29
SRR19762565	CHSY1--RP11-505E24.2
SRR19762565	SIK1--ACTB
SRR19762565	TRIM60--AKAP13
SRR19762565	SEPT7P2--PSPH
SRR19762565	RP11-155G15.2--RP11-1E3.1
SRR19762565	ARRDC1--NOC4L
SRR19762565	IGLVI-70--IGL@-ext
SRR19762565	RP11-367G6.3--FAM65B
SRR19762565	NRIP1--AF127936.7
SRR19762565	BSG--RNF126
SRR19762565	TIMM23--PARGP1
SRR19762565	VTI1A--RP11-57H14.3
SRR19762565	POLE--FUS
SRR19762565	USP10--KLHL36
SRR19762565	ACTB--PTMA
SRR19762565	OAZ1--DAZAP1
SRR19762875	ACTB--FSCN1
SRR19762875	IGH-@-ext--HLA-B
SRR19762875	RHOH--AC195454.1
SRR19762875	ACTB--ARL6IP4
SRR19762875	C1ORF220--RP5-1098D14.1
SRR19762875	RP11-367G6.3--FAM65B
SRR19762875	RP11-96H19.1--RP11-446N19.1
SRR19762875	RP11-141M1.3--STARD13
SRR19762875	TIMM23B--PARGP1
SRR19762875	OAZ1--DOT1L
SRR19762875	RP11-155G15.2--RP11-1E3.1
SRR19762875	LINC00158--AP000233.4
SRR19762875	ZC3H3--EEF1D
SRR19762875	TIMM23--RP11-574K11.29
SRR19762875	MIR155HG--JAM2
SRR19762875	EIF4A1--ACTB
SRR19762288	TPM4--PTMA
SRR19762288	OAZ1--DOT1L
SRR19762288	LEPROT--LEPR
SRR19762288	TIMM23--RP11-574K11.29
SRR19762288	TIMM23--AGAP6
SRR19762288	PRKCH--RP11-47I22.3
SRR19762288	P2RX5--PTMA
SRR19762288	RP11-367G6.3--FAM65B
SRR19762288	BOLA2B--RP11-347C12.2
SRR19762288	KANSL1--ARL17A
SRR19762288	RP6-206I17.1--RP11-403I13.8
SRR19762288	DDX5--PTMA
SRR19762288	BSG--RNF126
SRR19762288	TIMM23--PARGP1
SRR19762288	SOCS5--AC016722.2
SRR19762288	ACTB--FSCN1
SRR19762288	POLE--FUS
SRR19762288	PFKFB3--RP11-563J2.2
SRR19762288	IGKV2-26--AC096579.7
SRR19762288	ABR--GEMIN4
SRR19762288	RP11-316P17.2--RP5-1050E16.2
SRR19762288	ACTB--PTMA
SRR19762288	OAZ1--DAZAP1
SRR19762498	C1ORF220--RP5-1098D14.1
SRR19762498	TPM4--PTMA
SRR19762498	TMEM18--PTMA
SRR19762498	LEPROT--LEPR
SRR19762498	POLE--ANKLE2
SRR19762498	MACC1--AC005062.2
SRR19762498	SRSF1--DDX5
SRR19762498	RP11-155G15.2--RP11-1E3.1
SRR19762498	RP11-367G6.3--FAM65B
SRR19762498	KANSL1--ARL17A
SRR19762498	DAZAP1--KLF16
SRR19762498	BSG--RNF126
SRR19762498	OAZ1--KLF16
SRR19762498	IGH@-ext--EEF1A1
SRR19762498	TIMM23--PARGP1
SRR19762498	RP11-313P13.3--CCDC146
SRR19762498	PIM3--SCO2
SRR19762498	SOCS5--AC016722.2
SRR19762498	IGL-@-ext--EEF1A1
SRR19762498	BSG--PTBP1
SRR19762498	HLA-S--HLA-A
SRR19762309	EIF4A1--IRF4
SRR19762309	EDF1--RABL6
SRR19762309	PAK4--IGL@-ext
SRR19762309	LEPROT--LEPR
SRR19762309	TIMM23--RP11-574K11.29
SRR19762309	MACC1--AC005062.2
SRR19762309	IGL-@-ext--B2M
SRR19762309	SRSF1--DDX5
SRR19762309	NCOR2--UBC
SRR19762309	IGLVI-70--IGL@-ext
SRR19762309	IGH-@-ext--HLA-B
SRR19762309	USP22--RN7SL2
SRR19762309	RP11-367G6.3--FAM65B
SRR19762309	NRIP1--AF127936.7
SRR19762309	AC096579.7--IGKV2-14
SRR19762309	OAZ1--KLF16
SRR19762309	TIMM23--PARGP1
SRR19762309	IGH@-ext--MT-ATP8
SRR19762309	NUTM2A-AS1--MINPP1
SRR19762309	LINC00623--RP11-403I13.8
SRR19762309	RP11-96H19.1--RP11-446N19.1
SRR19762309	RP11-353N4.6--RP11-403I13.7
SRR19762309	HLA-S--HLA-A
SRR19762309	EIF4A1--EIF5A
SRR19762295	SAP130--IRF4
SRR19762295	LEPROT--LEPR
SRR19762295	POLE--ANKLE2
SRR19762295	SPN--QPRT
SRR19762295	KLF13--B2M
SRR19762295	SEPT7P2--PSPH
SRR19762295	RP11-367G6.3--FAM65B
SRR19762295	BOLA2B--RP11-347C12.2
SRR19762295	BSG--RNF126
SRR19762295	TIMM23--PARGP1
SRR19762295	SLC7A5--SMG1P1
SRR19762295	PIM3--SCO2
SRR19762295	EIF4A1--ACTB
SRR19762295	ACTB--FSCN1
SRR19762295	SAMD10--PTMA
SRR19762295	PFKFB3--RP11-563J2.2
SRR19762295	POM121C--ZP3
SRR19762295	HLA-S--HLA-A
SRR19762295	ACTB--PTMA
SRR19762295	EIF4A1--EIF5A
SRR19762694	RP11-662M24.2--RIMBP2
SRR19762694	AC007879.5--AC007879.2
SRR19762694	OAZ1--DOT1L
SRR19762694	TPM4--PTMA
SRR19762694	LEPROT--LEPR
SRR19762694	CTSC--RAB38
SRR19762694	TIMM23--RP11-574K11.29
SRR19762694	TPM4--KLF2
SRR19762694	EIF4A1--DDX5
SRR19762694	SEPT7P2--PSPH
SRR19762694	RP11-155G15.2--RP11-1E3.1
SRR19762694	PARG--BMS1
SRR19762694	CTC-786C10.1--RP11-680G10.1
SRR19762694	RP11-367G6.3--FAM65B
SRR19762694	BSG--RNF126
SRR19762694	TIMM23--PARGP1
SRR19762694	NUTM2A-AS1--MINPP1
SRR19762694	FASN--ACTB
SRR19762694	FUS--SETD1A
SRR19762694	RCC1--MS4A1
SRR19762694	ACTB--PTMA
SRR19762694	EIF4A1--EIF5A
SRR19762694	ZEB1--PTMA
SRR19762822	SIN3A--C15orf39
SRR19762822	RAB2A--KCNS2
SRR19762822	RP11-367G6.3--FAM65B
SRR19762822	HMGN2--PTMA
SRR19762822	RP6-206I17.1--RP11-403I13.8
SRR19762822	EIF4A1--DDX5
SRR19762822	LEPROT--LEPR
SRR19762822	OAZ1--RNF126
SRR19762822	OAZ1--KLF16
SRR19762822	TIMM23--PARGP1
SRR19762822	POLE--ANKLE2
SRR19762822	MACC1--AC005062.2
SRR19762822	TIMM23--RP11-574K11.29
SRR19762822	EIF4A1--EIF5A
SRR19762822	KPNA1--SNX14
SRR19762331	ACTB--FSCN1
SRR19762331	RP11-367G6.3--FAM65B
SRR19762331	IGH-@-ext--RP11-528A4.3
SRR19762331	KANSL1--ARL17A
SRR19762331	OAZ1--DOT1L
SRR19762331	TPM4--ACTB
SRR19762331	GAS6-AS1--TMEM255B
SRR19762331	CARKD--ING1
SRR19762331	POLE--ANKLE2
SRR19762331	TIMM23--PARGP1
SRR19762331	C15orf57--CBX3
SRR19762381	OAZ1--RAC2
SRR19762381	EDF1--RABL6
SRR19762381	OAZ1--DOT1L
SRR19762381	TMEM18--PTMA
SRR19762381	LEPROT--LEPR
SRR19762381	POLE--ANKLE2
SRR19762381	IGH-@-ext--PTMA
SRR19762381	ZEB1--WAC
SRR19762381	SMURF2P1--LRRC37B
SRR19762381	IGL-@-ext--RPS6
SRR19762381	RP11-367G6.3--FAM65B
SRR19762381	NRIP1--AF127936.7
SRR19762381	IGKV2-10--AC096579.7
SRR19762381	MED16--PTBP1
SRR19762381	RP6-206I17.1--RP11-403I13.8
SRR19762381	CNN2--PTMA
SRR19762381	OAZ1--KLF16
SRR19762381	TIMM23--PARGP1
SRR19762381	AMMECR1L--RP11-506M13.3
SRR19762381	IGH@-ext--ANKLE2
SRR19762381	SMCO4--CNTN5
SRR19762381	OAZ1--IRF4
SRR19762381	PFKFB3--RP11-563J2.2
SRR19762381	USP10--KLHL36
SRR19762561	RP11-33B1.1--PSPH
SRR19762561	CDKN1A--ACTB
SRR19762561	RP11-662M24.2--RIMBP2
SRR19762561	RP11-367G6.3--FAM65B
SRR19762561	BOLA2B--RP11-345J4.8
SRR19762561	NRIP1--AF127936.7
SRR19762561	OAZ1--DOT1L
SRR19762561	RP6-206I17.1--RP11-403I13.8
SRR19762561	TPM4--GNAS
SRR19762561	LEPROT--LEPR
SRR19762561	AC096579.7--IGKV2-14
SRR19762561	PFKFB3--RP11-563J2.2
SRR19762561	RP11-155G15.2--RP11-1E3.1
SRR19762561	IGL-@-ext--EEF1A1
SRR19762561	OAZ1--KLF16
SRR19762561	TIMM23--PARGP1
SRR19762561	C15orf57--CBX3
SRR19762561	ACTB--PTMA
SRR19762277	KDM4C--IGH@-ext
SRR19762277	HMGN2--PTMA
SRR19762277	BSG--KLF16
SRR19762277	LEPROT--LEPR
SRR19762277	C7orf50--ACTB
SRR19762277	OAZ1--PTMA
SRR19762277	TIMM23--RP11-574K11.29
SRR19762277	CHSY1--RP11-505E24.2
SRR19762277	PTMA--ACTB
SRR19762277	RNF216--ACTB
SRR19762277	FUS--ACTB
SRR19762277	MAFK--ACTB
SRR19762277	RP11-155G15.2--RP11-1E3.1
SRR19762277	IRF4--EEF1A1P5
SRR19762277	ITM2C--PTMA
SRR19762277	IGH-@-ext--COL13A1
SRR19762277	KANSL1--ARL17B
SRR19762277	RP11-367G6.3--FAM65B
SRR19762277	NRIP1--AF127936.7
SRR19762277	DDX5--ACTB
SRR19762277	BSG--RNF126
SRR19762277	OAZ1--KLF16
SRR19762277	TIMM23--PARGP1
SRR19762277	FASN--ACTB
SRR19762277	RPA3-AS1--GLCCI1
SRR19762277	RP11-96H19.1--RP11-446N19.1
SRR19762277	OAZ1--LIMD2
SRR19762277	IGH-@-ext--ARHGEF1
SRR19762277	ACTB--PTMA
SRR19762277	EIF4A1--EIF5A
SRR19762277	IGH-@-ext--EEF1A1
SRR19762247	ACTB--FSCN1
SRR19762247	KANSL1--ARL17B
SRR19762247	RP11-662M24.2--RIMBP2
SRR19762247	RP11-367G6.3--FAM65B
SRR19762247	NRIP1--AF127936.7
SRR19762247	BOLA2B--RP11-345J4.8
SRR19762247	PFKFB3--RP11-563J2.2
SRR19762247	LEPROT--LEPR
SRR19762247	EEF1DP3--FRY
SRR19762247	RP11-155G15.2--RP11-1E3.1
SRR19762247	TIMM23--PARGP1
SRR19762247	TIMM23--RP11-574K11.29
SRR19762247	MACC1--AC005062.2
SRR19762335	RAB2A--KCNS2
SRR19762335	DARS--LRRC8D
SRR19762335	LEPROT--LEPR
SRR19762335	B2M--AC013394.2
SRR19762335	POLE--ANKLE2
SRR19762335	RPL36--NOP2
SRR19762335	SBNO2--SCO2
SRR19762335	DNAJB1--USP10
SRR19762335	IRF4--HMGN2
SRR19762335	WBP11--DNAJC7
SRR19762335	YWHAZ--ZNF706
SRR19762335	SEPT7P2--PSPH
SRR19762335	RP11-745L13.2--RPL7AP28
SRR19762335	ACTB--ATP6V0C
SRR19762335	AC027763.2--EIF5A
SRR19762335	SIN3A--C15orf39
SRR19762335	RPL31--FSBP
SRR19762335	RP11-367G6.3--FAM65B
SRR19762335	NSF--LRRC37A3
SRR19762335	RP11-305P22.9--PTMA
SRR19762335	NRIP1--AF127936.7
SRR19762335	EIF4A1--SET
SRR19762335	SF1--AIM1
SRR19762335	TCF25--SCO2
SRR19762335	SETD2--TUBG2
SRR19762335	MTG1--ACTB
SRR19762335	SDF4--RAB11FIP3
SRR19762335	BSG--RNF126
SRR19762335	OAZ1--KLF16
SRR19762335	TIMM23--PARGP1
SRR19762335	DAPK1--SMAD4
SRR19762335	ACTB--ARL6IP4
SRR19762335	NUTM2A-AS1--MINPP1
SRR19762335	ROCK1--HERPUD1
SRR19762335	ACTB--FSCN1
SRR19762335	OGFR--ADRM1
SRR19762335	TMEM63B--ACTB
SRR19762335	OSBPL3--UBQLN1
SRR19762335	RP11-96H19.1--RP11-446N19.1
SRR19762335	TET2--PPA2
SRR19762335	PFKFB3--RP11-563J2.2
SRR19762335	FUS--SETD1A
SRR19762335	ACTB--PTMA
SRR19762335	SIK1--ASH1L
SRR19762335	EIF4A1--EIF5A
SRR19762335	EIF4A1--PTMA
SRR19762335	DNMT1--PTMA
SRR19762389	FUS--ATP6V0C
SRR19762389	RP11-367G6.3--FAM65B
SRR19762389	RP11-96H19.1--RP11-446N19.1
SRR19762389	RCC1--MEF2C
SRR19762389	RP11-380O24.1--SRGAP3
SRR19762389	LEPROT--LEPR
SRR19762389	SEPT7P2--PSPH
SRR19762389	IGH@-ext--MT-ND4
SRR19762389	TIMM23--PARGP1
SRR19762389	ACTB--PTMA
SRR19762389	TIMM23--RP11-574K11.29
SRR19762880	TRIM60--AKAP13
SRR19762880	ZNF292--SYNCRIP
SRR19762880	RP11-367G6.3--FAM65B
SRR19762880	BOLA2B--RP11-347C12.2
SRR19762880	SRSF1--DDX5
SRR19762880	PFKFB3--RP11-563J2.2
SRR19762880	LEPROT--LEPR
SRR19762880	USP10--KLHL36
SRR19762880	MIR155HG--JAM2
SRR19762880	NCOR2--UBC
SRR19762880	TIMM23--PARGP1
SRR19762880	C5orf56--RAD50
SRR19762880	SF1--EHD1
SRR19762880	TIMM23--RP11-574K11.29
SRR19762880	PLXNB2--SCO2
SRR19762880	RPS10--NUDT3
SRR19762943	DUSP4--PTMA
SRR19762943	LEPROT--LEPR
SRR19762943	OAZ1--PTMA
SRR19762943	B2M--AC013394.2
SRR19762943	POLE--ANKLE2
SRR19762943	TIMM23--RP11-574K11.29
SRR19762943	IGH@-ext--MT-ATP6
SRR19762943	IGH@-ext--MT-CO3
SRR19762943	RP13-188A5.1--RRAGB
SRR19762943	CFL1--PTMA
SRR19762943	ITM2C--PTMA
SRR19762943	IGLVI-70--IGL@-ext
SRR19762943	RP11-367G6.3--FAM65B
SRR19762943	RP6-206I17.1--RP11-403I13.8
SRR19762943	IGL-@-ext--ECI1
SRR19762943	BSG--RNF126
SRR19762943	OAZ1--KLF16
SRR19762943	TIMM23--PARGP1
SRR19762943	PTCHD2--IGL@-ext
SRR19762943	SAMD10--PTMA
SRR19762943	IRF4--PTMA
SRR19762943	MT-ND2--IGH@-ext
SRR19762943	RP11-96H19.1--RP11-446N19.1
SRR19762943	USP10--KLHL36
SRR19762943	IGH@-ext--MT-RNR2
SRR19762395	IGH-@-ext--HLA-B
SRR19762395	LINC00623--RP11-403I13.8
SRR19762395	RP11-367G6.3--FAM65B
SRR19762395	CSNK1G2--KLF16
SRR19762395	LEPROT--LEPR
SRR19762395	USP10--KLHL36
SRR19762395	OAZ1--KLF16
SRR19762395	TIMM23--PARGP1
SRR19762395	TIMM23--RP11-574K11.29
SRR19762395	EIF4A1--EIF5A
SRR19762395	IGH-@-ext--UBC
SRR19762493	ACTB--FSCN1
SRR19762493	RP11-367G6.3--FAM65B
SRR19762493	RP11-96H19.1--RP11-446N19.1
SRR19762493	LEPROT--LEPR
SRR19762493	RP11-155G15.2--RP11-1E3.1
SRR19762493	TIMM23--PARGP1
SRR19762493	RP11-444D3.1--SOX5
SRR19762493	TIMM23--RP11-574K11.29
SRR19762740	RP11-367G6.3--FAM65B
SRR19762740	KANSL1--ARL17A
SRR19762740	LRRC8B--LRRC8C
SRR19762740	LEPROT--LEPR
SRR19762740	PSMD4--PIP5K1A
SRR19762740	OAZ1--ACTB
SRR19762740	TIMM23--PARGP1
SRR19762740	CD44--BIN2
SRR19762740	VTI1A--RP11-57H14.3
SRR19762234	TSSC1--PPP2R5A
SRR19762234	KB-1615E4.2--MAP7D2
SRR19762234	USP10--PHRF1
SRR19762234	TMCC1--TBL1XR1
SRR19762234	TPM4--PTMA
SRR19762234	PTBP1--RNF126
SRR19762234	OAZ1--NOP2
SRR19762234	TIMM23--RP11-574K11.29
SRR19762234	ACTB--SET
SRR19762234	CAPN15--SCO2
SRR19762234	POLA2--SF1
SRR19762234	TIMM23--AGAP6
SRR19762234	ZEB1--HNRNPF
SRR19762234	OAZ1--SET
SRR19762234	RCC1--RPS4X
SRR19762234	ZNF292--SYNCRIP
SRR19762234	LDLR--DCAF13
SRR19762234	TMEM63B--FKBP4
SRR19762234	SERBP1--NPC1
SRR19762234	PPARGC1B--NR3C1
SRR19762234	IKZF2--REV3L
SRR19762234	LINC01006--AC073133.1
SRR19762234	ABHD17B--FAM157C
SRR19762234	BCKDHB--RP11-250B2.3
SRR19762234	NCOR2--UBC
SRR19762234	OAZ1--LMNB2
SRR19762234	TSEN2--SETD2
SRR19762234	PPP2R5A--RHEB
SRR19762234	IGLVI-70--IGL@-ext
SRR19762234	AC131097.3--AC093642.5
SRR19762234	SF1--SSU72
SRR19762234	RP11-367G6.3--FAM65B
SRR19762234	NRIP1--AF127936.7
SRR19762234	DNAJC5--SLCO4A1
SRR19762234	DDX5--ACTB
SRR19762234	PTBP1--TMEM259
SRR19762234	RCC1--USP3
SRR19762234	CDKN1A--SET
SRR19762234	PRDM1--LYPLAL1
SRR19762234	INTS3--UBAP2L
SRR19762234	TIMM23--PARGP1
SRR19762234	OAZ1--KLF16
SRR19762234	VTI1A--RP11-57H14.3
SRR19762234	KLF10--AZIN1
SRR19762234	RPS10--NUDT3
SRR19762234	CSNK1G2--SRRM2
SRR19762234	USP12--HMGB1
SRR19762234	SSH2--HNRNPLL
SRR19762234	RPA3-AS1--GLCCI1
SRR19762234	TBL1X--PNPLA4
SRR19762234	TMCC3--CCDC41
SRR19762234	EIF2AK1--ACTB
SRR19762234	CTD-2012K14.6--LCP2
SRR19762234	RP11-96H19.1--RP11-446N19.1
SRR19762234	BSG--PRPSAP2
SRR19762234	ANP32B--IRF4
SRR19762234	AGPAT6--UBE2J1
SRR19762234	ACTB--PTMA
SRR19762234	C19orf25--DAZAP1
SRR19762234	TIMM13--DAZAP1
SRR19762234	OAZ1--DAZAP1
SRR19762234	EIF4A1--PTMA
SRR19762665	RP11-662M24.2--RIMBP2
SRR19762665	RP11-367G6.3--FAM65B
SRR19762665	LEPROT--LEPR
SRR19762665	EEF1DP3--FRY
SRR19762665	TIMM23--PARGP1
SRR19762665	PARVB--PARVG
SRR19762665	SOCS5--AC016722.2
SRR19762367	NCL--PTMA
SRR19762367	SYNCRIP--PTP4A1
SRR19762367	ACTB--DDX5
SRR19762367	LEPROT--LEPR
SRR19762367	OAZ1--PTMA
SRR19762367	SBNO1--SETD8
SRR19762367	RP11-155G15.2--RP11-1E3.1
SRR19762367	HMGN2--SET
SRR19762367	IRF4--EEF1A1P5
SRR19762367	PARG--BMS1
SRR19762367	IGH-@-ext--HLA-B
SRR19762367	RP11-367G6.3--FAM65B
SRR19762367	DDX5--ACTB
SRR19762367	TIMM23--PARGP1
SRR19762367	RPS10--NUDT3
SRR19762367	EIF4A1--ACTB
SRR19762367	ACTB--FSCN1
SRR19762367	PFKFB3--RP11-563J2.2
SRR19762367	OAZ1--SERINC2
SRR19762367	ACTB--PTMA
SRR19762686	RP11-33B1.1--PSPH
SRR19762686	RNF216--ACTB
SRR19762686	RP11-662M24.2--RIMBP2
SRR19762686	RP11-367G6.3--FAM65B
SRR19762686	RP11-353N4.6--RP11-403I13.8
SRR19762686	PFKFB3--RP11-563J2.2
SRR19762686	BCKDHB--RP11-250B2.3
SRR19762686	OAZ1--KLF16
SRR19762686	TIMM23--PARGP1
SRR19762686	SUZ12P--CRLF3
SRR19762328	RP11-1E3.1--RP11-455B3.1
SRR19762328	RP11-662M24.2--RIMBP2
SRR19762328	RP11-367G6.3--FAM65B
SRR19762328	RP11-96H19.1--RP11-446N19.1
SRR19762328	SRSF1--DDX5
SRR19762328	KANSL1--ARL17A
SRR19762328	LEPROT--LEPR
SRR19762328	OAZ1--PTMA
SRR19762328	RP11-155G15.2--RP11-1E3.1
SRR19762328	EIF3J--B2M
SRR19762328	TIMM23--PARGP1
SRR19762328	IGH-@-ext--MT-RNR2
SRR19762688	ACTB--FSCN1
SRR19762688	ENTHD2--ACTG1
SRR19762688	AC092635.1--AC016730.1
SRR19762688	PRKCH--RP11-47I22.3
SRR19762688	RP11-367G6.3--FAM65B
SRR19762688	BOLA2B--RP11-347C12.2
SRR19762688	OAZ1--DOT1L
SRR19762688	RP6-206I17.1--RP11-403I13.8
SRR19762688	LEPROT--LEPR
SRR19762688	RP11-155G15.2--RP11-1E3.1
SRR19762688	OAZ1--KLF16
SRR19762688	TIMM23--PARGP1
SRR19762688	ACTB--PTMA
SRR19762688	SIK1--PTMA
SRR19762688	EIF4A1--EIF5A
SRR19762688	EIF4A1--PTMA
SRR19762317	KANSL1--ARL17B
SRR19762317	IGLVI-70--IGL@-ext
SRR19762317	RP11-662M24.2--RIMBP2
SRR19762317	RP11-367G6.3--FAM65B
SRR19762317	RP11-96H19.1--RP11-446N19.1
SRR19762317	RP6-206I17.1--RP11-403I13.8
SRR19762317	IGH-@-ext--EWSR1
SRR19762317	LEPROT--LEPR
SRR19762317	IGH-@-ext--MT-ND4
SRR19762317	TIMM23--PARGP1
SRR19762317	IGH@-ext--SPTLC3
SRR19762317	NUTM2A-AS1--MINPP1
SRR19762317	MACC1--AC005062.2
SRR19762905	IGL-@-ext--TPT1
SRR19762905	OAZ1--DOT1L
SRR19762905	LEPROT--LEPR
SRR19762905	IGL-@-ext--MT-CO1
SRR19762905	IGL-@-ext--B2M
SRR19762905	SMG1--RP11-231C14.4
SRR19762905	SRSF1--DDX5
SRR19762905	IGL-@-ext--MT-ND4L
SRR19762905	NCOR2--UBC
SRR19762905	MT-ND1--IGL@-ext
SRR19762905	PIK3C2A--CD74
SRR19762905	IGH-@-ext--RPL13AP5
SRR19762905	RP11-367G6.3--FAM65B
SRR19762905	RP6-206I17.1--RP11-403I13.8
SRR19762905	ITGB2--SUMO3
SRR19762905	TIMM23--PARGP1
SRR19762905	IGH-@-ext--MT-RNR2
SRR19762905	RP11-120D5.1--MID1
SRR19762905	RPA3-AS1--GLCCI1
SRR19762905	IGL-@-ext--HLA-C
SRR19762905	YAF2--RYBP
SRR19762905	RP11-96H19.1--RP11-446N19.1
SRR19762905	RP11-439L18.2--HIVEP2
SRR19762905	IGL-@-ext--MT-RNR2
SRR19762905	IGH-@-ext--MT-ND4
SRR19762905	IGH-@-ext--MT-ATP6
SRR19762905	EIF4A1--EIF5A
SRR19762669	ZEB1--HNRNPF
SRR19762669	ADAP1--C7orf50
SRR19762669	RP11-367G6.3--FAM65B
SRR19762669	EDF1--RABL6
SRR19762669	MED16--PTBP1
SRR19762669	RP6-206I17.1--RP11-403I13.8
SRR19762669	LEPROT--LEPR
SRR19762669	RP11-155G15.2--RP11-1E3.1
SRR19762669	TIMM23--PARGP1
SRR19762669	OAZ1--DAZAP1
SRR19762669	OAZ1--SCO2
SRR19762669	CYTH1--USP36
SRR19762825	ZEB1--HNRNPF
SRR19762825	LINC00623--RP11-403I13.8
SRR19762825	PLCXD1--IGH@-ext
SRR19762825	RP11-367G6.3--FAM65B
SRR19762825	RP11-96H19.1--RP11-446N19.1
SRR19762825	LEPROT--LEPR
SRR19762825	BSG--PTBP1
SRR19762825	OAZ1--KLF16
SRR19762825	POLE--ANKLE2
SRR19762825	TIMM23--PARGP1
SRR19762825	TIMM23--RP11-574K11.29
SRR19762825	PIM3--SCO2
SRR19762825	IGLVI-70--IGL@-ext
SRR19762219	CALM2--PTMA
SRR19762219	RP11-662M24.2--RIMBP2
SRR19762219	RP11-367G6.3--FAM65B
SRR19762219	BOLA2B--RP11-347C12.2
SRR19762219	RP11-96H19.1--RP11-446N19.1
SRR19762219	LEPROT--LEPR
SRR19762219	RP11-155G15.2--RP11-1E3.1
SRR19762219	TIMM23--PARGP1
SRR19762219	POLE--ANKLE2
SRR19762219	ACTB--PTMA
SRR19762219	TIMM23--RP11-574K11.29
SRR19762397	IGLVI-70--IGL@-ext
SRR19762397	TRIM60--AKAP13
SRR19762397	RP11-367G6.3--FAM65B
SRR19762397	BOLA2B--RP11-347C12.2
SRR19762397	PFKFB3--RP11-563J2.2
SRR19762397	PTBP1--ACTB
SRR19762397	LEPROT--LEPR
SRR19762397	AC034193.5--TMCC1-AS1
SRR19762397	CTSC--RAB38
SRR19762397	TIMM23--PARGP1
SRR19762397	ACTB--PTMA
SRR19762397	HLA-S--HLA-A
SRR19762397	TIMM23--RP11-574K11.29
SRR19762397	MACC1--AC005062.2
SRR19762241	OAZ1--RAC2
SRR19762241	NCL--PTMA
SRR19762241	LEPROT--LEPR
SRR19762241	OAZ1--PTMA
SRR19762241	CPSF6--DAZAP1
SRR19762241	SBNO1--SETD8
SRR19762241	SRSF1--DDX5
SRR19762241	HS2ST1--SEP15
SRR19762241	RP11-155G15.2--RP11-1E3.1
SRR19762241	NCOR2--UBC
SRR19762241	RP11-367G6.3--FAM65B
SRR19762241	KANSL1--ARL17A
SRR19762241	OAZ1--KLF16
SRR19762241	TIMM23--PARGP1
SRR19762241	EIF4G2--DDX5
SRR19762241	PFKFB3--RP11-563J2.2
SRR19762241	OAZ1--RNF126
SRR19762241	RP11-316P17.2--RP5-1050E16.2
SRR19762241	EIF4A1--EIF5A
SRR19762241	EIF4A1--PTMA
SRR19762476	ZEB1--HNRNPF
SRR19762476	ZEB1--WAC
SRR19762476	SYNCRIP--EEF1A1
SRR19762476	RP11-367G6.3--FAM65B
SRR19762476	SRSF1--DDX5
SRR19762476	BOP1--RPL8
SRR19762476	PTP4A1--EEF1A1
SRR19762476	PFKFB3--RP11-563J2.2
SRR19762476	RP6-206I17.1--RP11-403I13.8
SRR19762476	OAZ1--IRF4
SRR19762476	LEPROT--LEPR
SRR19762476	B2M--HMGB1
SRR19762476	OAZ1--KLF16
SRR19762476	TIMM23--PARGP1
SRR19762476	HLA-S--HLA-A
SRR19762476	VTI1A--RP11-57H14.3
SRR19762476	IGKV1D-27--AC096579.7
SRR19762476	IGLVI-70--IGL@-ext
SRR19762528	HMGN2--PTMA
SRR19762528	LEPROT--LEPR
SRR19762528	OAZ1--PTMA
SRR19762528	RP11-110G21.1--RP11-546K22.1
SRR19762528	SIK1--ACTB
SRR19762528	RP11-155G15.2--RP11-1E3.1
SRR19762528	IGH-@-ext--HLA-B
SRR19762528	IRF4--ACTB
SRR19762528	RP11-1023L17.1--C1QTNF3
SRR19762528	RP11-367G6.3--FAM65B
SRR19762528	ACTB--MAFK
SRR19762528	TIMM23--PARGP1
SRR19762528	LINC00623--RP11-403I13.8
SRR19762528	RP11-96H19.1--RP11-446N19.1
SRR19762528	PFKFB3--RP11-563J2.2
SRR19762528	IGH-@-ext--MT-ND4
SRR19762528	OAZ1--ACTB
SRR19762528	IGH-@-ext--TVP23A
SRR19762528	IGH@-ext--MAP3K12
SRR19762528	EIF4A1--EIF5A
SRR19762867	YWHAE--CRK
SRR19762867	RP11-662M24.2--RIMBP2
SRR19762867	PFKFB3--RP11-563J2.2
SRR19762867	LEPROT--LEPR
SRR19762867	OAZ1--ACTB
SRR19762867	TIMM23--PARGP1
SRR19762867	ACTB--PTMA
SRR19762867	IGLVI-70--IGL@-ext
SRR19762616	ACTB--FSCN1
SRR19762616	RNF216--ACTB
SRR19762616	YPEL5--PTMA
SRR19762616	RPA3-AS1--GLCCI1
SRR19762616	RP11-367G6.3--FAM65B
SRR19762616	OAZ1--DOT1L
SRR19762616	OAZ1--PTMA
SRR19762616	RP11-155G15.2--RP11-1E3.1
SRR19762616	PTP4A1--EEF1A1P5
SRR19762616	OAZ1--KLF16
SRR19762616	TIMM23--PARGP1
SRR19762616	ACTB--PTMA
SRR19762616	RPS10--NUDT3
SRR19762616	NCOR2--UBC
SRR19762616	OAZ1--ACTB
SRR19762616	TIMM23--RP11-574K11.29
SRR19762616	EIF4A1--EIF5A
SRR19762616	ACTB--SET
SRR19762650	KANSL1--ARL17B
SRR19762650	IGKV2-18--AC096579.7
SRR19762650	RPA3-AS1--GLCCI1
SRR19762650	RP11-367G6.3--FAM65B
SRR19762650	RP11-96H19.1--RP11-446N19.1
SRR19762650	BOLA2B--RP11-347C12.2
SRR19762650	PFKFB3--RP11-563J2.2
SRR19762650	RP6-206I17.1--RP11-403I13.8
SRR19762650	LEPROT--LEPR
SRR19762650	CARKD--ING1
SRR19762650	BSG--PTBP1
SRR19762650	BSG--RNF126
SRR19762650	TIMM23--PARGP1
SRR19762650	TIMM23--RP11-574K11.29
SRR19762576	RP11-367G6.3--FAM65B
SRR19762576	BOLA2B--RP11-345J4.8
SRR19762576	ZC3H3--EEF1D
SRR19762576	AKAP8--EEF2
SRR19762576	LEPROT--LEPR
SRR19762576	OAZ1--SGTA
SRR19762576	OAZ1--PTMA
SRR19762576	OAZ1--KLF16
SRR19762576	TIMM23--PARGP1
SRR19762576	ITM2C--PTMA
SRR19762576	MACC1--AC005062.2
SRR19762576	SLC7A5--KLHL36
SRR19762576	TIMM23--RP11-574K11.29
SRR19762576	EIF4A1--PTMA
SRR19762576	IGLVI-70--IGL@-ext
SRR19762754	CCDC146--IGH@-ext
SRR19762754	BOLA2B--RP11-347C12.2
SRR19762754	RP11-96H19.1--RP11-446N19.1
SRR19762754	KANSL1--ARL17A
SRR19762754	TIMM23B--PARGP1
SRR19762754	RP6-206I17.1--RP11-403I13.8
SRR19762754	TMEM18--PTMA
SRR19762754	LEPROT--LEPR
SRR19762754	OAZ1--PTMA
SRR19762754	CTSC--RAB38
SRR19762754	OAZ1--KLF16
SRR19762754	IGH-@-ext--COL22A1
SRR19762754	EIF4A1--EIF5A
SRR19762803	RP11-33B1.1--PSPH
SRR19762803	TRIM60--AKAP13
SRR19762803	RP11-367G6.3--FAM65B
SRR19762803	BOLA2B--RP11-347C12.2
SRR19762803	RP11-96H19.1--RP11-446N19.1
SRR19762803	LEPROT--LEPR
SRR19762803	RP11-513I15.6--MKNK2
SRR19762803	NCOR2--UBC
SRR19762803	TIMM23--PARGP1
SRR19762803	RP11-444D3.1--SOX5
SRR19762803	TIMM23--RP11-574K11.29
SRR19762803	EIF4A1--EIF5A
SRR19762377	FNBP1--SET
SRR19762377	EDF1--RABL6
SRR19762377	LEPROT--LEPR
SRR19762377	HIC2--PI4KA
SRR19762377	PTBP1--RNF126
SRR19762377	RP11-444D3.1--SOX5
SRR19762377	ZEB1--HNRNPF
SRR19762377	MAFK--ACTB
SRR19762377	YWHAE--PITPNA
SRR19762377	RP11-155G15.2--RP11-1E3.1
SRR19762377	SBNO2--ARID3A
SRR19762377	CSNK1G2--BTBD2
SRR19762377	RP11-367G6.3--FAM65B
SRR19762377	OAZ1--KLF16
SRR19762377	TIMM23--PARGP1
SRR19762377	USP12--HMGB1
SRR19762377	GUSBP2--GTF2H2
SRR19762377	ACTB--PTMA
SRR19762377	EIF4A1--EIF5A
SRR19762838	RP11-662M24.2--RIMBP2
SRR19762838	RP11-367G6.3--FAM65B
SRR19762838	NRIP1--AF127936.7
SRR19762838	KANSL1--ARL17A
SRR19762838	OAZ1--DOT1L
SRR19762838	LEPROT--LEPR
SRR19762838	TIMM23--PARGP1
SRR19762838	ACTB--PTMA
SRR19762838	TIMM23--RP11-574K11.29
SRR19762838	EIF4A1--EIF5A
SRR19762851	RAB2A--KCNS2
SRR19762851	RP11-662M24.2--RIMBP2
SRR19762851	RP11-367G6.3--FAM65B
SRR19762851	BOLA2B--RP11-347C12.2
SRR19762851	WASH5P--AC131097.3
SRR19762851	TIMM23B--PARGP1
SRR19762851	RP11-206L10.8--SEPT14
SRR19762851	RP11-96H19.1--RP11-446N19.1
SRR19762851	OAZ1--DOT1L
SRR19762851	LEPROT--LEPR
SRR19762851	CTSC--RAB38
SRR19762851	TIMM23--RP11-574K11.29
SRR19762851	OAZ1--DAZAP1
SRR19762704	ZEB1--HNRNPF
SRR19762704	PLCXD1--IGH@-ext
SRR19762704	RP11-367G6.3--FAM65B
SRR19762704	BOLA2B--RP11-345J4.8
SRR19762704	LEPROT--LEPR
SRR19762704	BSG--RNF126
SRR19762704	HIC2--PI4KA
SRR19762704	RP11-155G15.2--RP11-1E3.1
SRR19762704	TIMM23--PARGP1
SRR19762704	TIMM23--RP11-574K11.29
SRR19762682	OAZ1--RAC2
SRR19762682	RAB2A--KCNS2
SRR19762682	LEPROT--LEPR
SRR19762682	POLE--ANKLE2
SRR19762682	TIMM23--RP11-574K11.29
SRR19762682	YWHAE--CRK
SRR19762682	SEPT7P2--PSPH
SRR19762682	ZEB1--B2M
SRR19762682	B2M--SET
SRR19762682	B2M--IGH@-ext
SRR19762682	ITM2C--PTMA
SRR19762682	CHMP1A--B2M
SRR19762682	ACTB--HMGB1
SRR19762682	RP11-367G6.3--FAM65B
SRR19762682	BOLA2B--RP11-347C12.2
SRR19762682	OAZ1--KLF16
SRR19762682	TIMM23--PARGP1
SRR19762682	IGL-@-ext--MAGIX
SRR19762682	EIF4A1--ACTB
SRR19762682	ACTB--FSCN1
SRR19762682	MPP6--NME1-NME2
SRR19762682	ZEB1--ACTB
SRR19762682	ACTB--PTMA
SRR19762682	EIF4A1--EIF5A
SRR19762225	OAZ1--DOT1L
SRR19762225	TPM4--PTMA
SRR19762225	LEPROT--LEPR
SRR19762225	OAZ1--PTMA
SRR19762225	DHRSX--IGH@-ext
SRR19762225	CTSC--RAB38
SRR19762225	TIMM23--RP11-574K11.29
SRR19762225	IGH-@-ext--PTMA
SRR19762225	IGL-@-ext--RP11-461O7.1
SRR19762225	RP11-745L13.2--RPL7AP28
SRR19762225	RP11-367G6.3--FAM65B
SRR19762225	IGH-@-ext--ACTB
SRR19762225	KANSL1--ARL17A
SRR19762225	TIMM23B--PARGP1
SRR19762225	OAZ1--KLF16
SRR19762225	IGL-@-ext--HSP90B1
SRR19762225	RP11-96H19.1--RP11-446N19.1
SRR19762225	IGL-@-ext--EEF1A1
SRR19762225	ACTB--PTMA
SRR19762225	RNF126--PTBP1
SRR19762835	IGLVI-70--IGL@-ext
SRR19762835	RP11-662M24.2--RIMBP2
SRR19762835	RP11-367G6.3--FAM65B
SRR19762835	RP11-96H19.1--RP11-446N19.1
SRR19762835	LEPROT--LEPR
SRR19762835	HMGN2--ACTB
SRR19762835	BSG--RNF126
SRR19762835	IGL-@-ext--EEF1A1
SRR19762835	POLE--ANKLE2
SRR19762835	TIMM23--PARGP1
SRR19762835	EIF4A1--ACTB
SRR19762762	OAZ1--DOT1L
SRR19762762	LEPROT--LEPR
SRR19762762	WASH5P--AJ271736.10
SRR19762762	TIMM23--RP11-574K11.29
SRR19762762	RP11-1E3.1--RP11-455B3.1
SRR19762762	TRIM60--AKAP13
SRR19762762	SBF1--SCO2
SRR19762762	MAFK--ACTB
SRR19762762	HMGN2--ACTB
SRR19762762	RP11-155G15.2--RP11-1E3.1
SRR19762762	ACTB--HMGN2
SRR19762762	IGKV2-29--AC096579.7
SRR19762762	RIPK1--SERPINB9
SRR19762762	RP11-367G6.3--FAM65B
SRR19762762	NRIP1--AF127936.7
SRR19762762	KANSL1--ARL17A
SRR19762762	PFKL--SUMO3
SRR19762762	OAZ1--KLF16
SRR19762762	TIMM23--PARGP1
SRR19762762	ACTB--FSCN1
SRR19762762	WDR34--IGH@-ext
SRR19762762	LINC00623--RP11-403I13.8
SRR19762762	RP11-96H19.1--RP11-446N19.1
SRR19762762	USP10--KLHL36
SRR19762511	HNRNPH1--DDX5
SRR19762511	OAZ1--DOT1L
SRR19762511	LEPROT--LEPR
SRR19762511	TIMM23--RP11-574K11.29
SRR19762511	FASN--ACTG1
SRR19762511	OAZ1--SGTA
SRR19762511	RP11-155G15.2--RP11-1E3.1
SRR19762511	SYNCRIP--EEF1A1
SRR19762511	RP11-367G6.3--FAM65B
SRR19762511	DDX5--EEF1A1
SRR19762511	KANSL1--ARL17A
SRR19762511	TMEM63B--VEGFA
SRR19762511	OAZ1--KLF16
SRR19762511	TIMM23--PARGP1
SRR19762511	SPTAN1--SET
SRR19762511	VTI1A--RP11-57H14.3
SRR19762511	HNRNPH1--SET
SRR19762511	RP11-316P17.2--RP5-1050E16.2
SRR19762511	EIF4A1--EIF5A
SRR19762773	FNBP1--SET
SRR19762773	LEPROT--LEPR
SRR19762773	DDX5--SET
SRR19762773	SRSF1--DDX5
SRR19762773	SEPT7P2--PSPH
SRR19762773	AC022182.1--CLVS1
SRR19762773	RP11-367G6.3--FAM65B
SRR19762773	NRIP1--AF127936.7
SRR19762773	BOLA2B--RP11-347C12.2
SRR19762773	RP6-206I17.1--RP11-403I13.8
SRR19762773	OAZ1--KLF16
SRR19762773	TIMM23--PARGP1
SRR19762773	IGH-@-ext--MT-RNR2
SRR19762773	VTI1A--RP11-57H14.3
SRR19762773	SOCS5--AC016722.2
SRR19762773	OGFR--ADRM1
SRR19762773	RP11-96H19.1--RP11-446N19.1
SRR19762773	RP11-439L18.2--HIVEP2
SRR19762773	PFKFB3--RP11-563J2.2
SRR19762773	EIF4A1--EIF5A
SRR19762326	FNBP1--SET
SRR19762326	C1ORF220--RP5-1098D14.1
SRR19762326	BOLA2B--RP11-345J4.8
SRR19762326	CSNK1G2--KLF16
SRR19762326	EDF1--RABL6
SRR19762326	LEPROT--LEPR
SRR19762326	OAZ1--PTMA
SRR19762326	MACC1--AC005062.2
SRR19762326	IGH-@-ext--TAGLN2
SRR19762326	PLXNB2--SCO2
SRR19762326	MIR155HG--JAM2
SRR19762326	RP11-367G6.3--FAM65B
SRR19762326	RP6-206I17.1--RP11-403I13.8
SRR19762326	BSG--RNF126
SRR19762326	OAZ1--KLF16
SRR19762326	TIMM23--PARGP1
SRR19762326	IGH-@-ext--MT-RNR2
SRR19762326	YWHAE--MYO1C
SRR19762326	RP11-96H19.1--RP11-446N19.1
SRR19762326	USP10--KLHL36
SRR19762326	EIF5A--EIF4A1
SRR19762326	EIF4A1--EIF5A
SRR19762318	ACTB--IRF4
SRR19762318	LEPROT--LEPR
SRR19762318	B2M--AC013394.2
SRR19762318	POLE--ANKLE2
SRR19762318	MACC1--AC005062.2
SRR19762318	SBNO2--PTBP1
SRR19762318	YWHAE--CRK
SRR19762318	CSPG4--IGH@-ext
SRR19762318	EIF4A1--DDX5
SRR19762318	MAFK--ACTB
SRR19762318	RP11-367G6.3--FAM65B
SRR19762318	ACTB--RAC2
SRR19762318	BSG--RNF126
SRR19762318	OAZ1--KLF16
SRR19762318	TIMM23--PARGP1
SRR19762318	RCC1--SNX5
SRR19762318	SLC16A3--METRNL
SRR19762318	ACTB--FSCN1
SRR19762318	LINC00623--RP11-403I13.8
SRR19762318	YWHAE--SET
SRR19762318	RP11-96H19.1--RP11-446N19.1
SRR19762318	RNF126--PTBP1
SRR19762318	EIF4A1--EIF5A
SRR19762318	OAZ1--DAZAP1
SRR19762217	RP11-33B1.1--PSPH
SRR19762217	RP11-662M24.2--RIMBP2
SRR19762217	IGH@-ext--MT-CO3
SRR19762217	RP11-367G6.3--FAM65B
SRR19762217	RP11-155G15.2--RP11-1E3.1
SRR19762217	BSG--RNF126
SRR19762217	NCOR2--UBC
SRR19762217	TIMM23--PARGP1
SRR19762217	OAZ1--KLF16
SRR19762217	TIMM23--RP11-574K11.29
SRR19762217	EIF4A1--EIF5A
SRR19762370	RAB2A--KCNS2
SRR19762370	ZEB1--BMI1
SRR19762370	RP11-367G6.3--FAM65B
SRR19762370	RP11-353N4.6--RP11-403I13.8
SRR19762370	BOLA2B--RP11-347C12.2
SRR19762370	CDKN1A--IRF4
SRR19762370	IGKV1OR22-5--AC096579.7
SRR19762370	LEPROT--LEPR
SRR19762370	USP10--KLHL36
SRR19762370	BSG--RNF126
SRR19762370	CTSC--RAB38
SRR19762370	OAZ1--KLF16
SRR19762370	TIMM23--PARGP1
SRR19762370	RP11-435B5.4--HDLBP
SRR19762370	RP11-155G15.2--RP11-1E3.1
SRR19762370	EIF4A1--EIF5A
SRR19762370	B3GNT2--EHBP1
SRR19762781	YWHAE--CRK
SRR19762781	LINC00623--RP11-403I13.8
SRR19762781	RPA3-AS1--GLCCI1
SRR19762781	AC007879.5--AC007879.2
SRR19762781	RP11-367G6.3--FAM65B
SRR19762781	BOLA2B--RP11-345J4.8
SRR19762781	SRSF1--DDX5
SRR19762781	RP11-96H19.1--RP11-446N19.1
SRR19762781	LEPROT--LEPR
SRR19762781	SEPT7P2--PSPH
SRR19762781	IGH@-ext--MT-ND4
SRR19762781	TIMM23--PARGP1
SRR19762781	TIMM23--RP11-574K11.29
SRR19762781	IGH-@-ext--PTMA
SRR19762209	RP11-367G6.3--FAM65B
SRR19762209	RP11-96H19.1--RP11-446N19.1
SRR19762209	MACC1--AC005062.2
SRR19762209	BCKDHB--RP11-250B2.3
SRR19762209	BSG--RNF126
SRR19762209	CTSC--RAB38
SRR19762209	OAZ1--CSNK1G2
SRR19762209	POLE--ANKLE2
SRR19762209	TIMM23--PARGP1
SRR19762209	ACTB--PTMA
SRR19762209	OAZ1--KLF16
SRR19762209	OAZ1--DAZAP1
SRR19762209	IGLVI-70--IGL@-ext
SRR19762775	RP11-367G6.3--FAM65B
SRR19762775	RP11-96H19.1--RP11-446N19.1
SRR19762775	TIMM23--PARGP1
SRR19762775	LEPROT--LEPR
SRR19762572	BOLA2B--RP11-345J4.8
SRR19762572	TTYH3--PTMA
SRR19762572	LEPROT--LEPR
SRR19762572	RP11-444D3.1--SOX5
SRR19762572	ADAP1--ACTB
SRR19762572	SIK1--ACTB
SRR19762572	RNF216--ACTB
SRR19762572	TRIM60--AKAP13
SRR19762572	MAFK--ACTB
SRR19762572	RP11-33B1.1--PSPH
SRR19762572	PPP1R12C--CD81
SRR19762572	RP11-367G6.3--FAM65B
SRR19762572	IRF4--IGH@-ext
SRR19762572	OAZ1--KLF16
SRR19762572	TIMM23--PARGP1
SRR19762572	B2M--IRF4
SRR19762572	PIM3--SCO2
SRR19762572	ACTB--FSCN1
SRR19762572	RP11-680G10.1--GSE1
SRR19762572	ACTB--PTMA
SRR19762553	RP11-367G6.3--FAM65B
SRR19762553	BOLA2B--RP11-347C12.2
SRR19762553	RP11-96H19.1--RP11-446N19.1
SRR19762553	KANSL1--ARL17A
SRR19762553	LEPROT--LEPR
SRR19762553	OAZ1--SGTA
SRR19762553	SEPT7P2--PSPH
SRR19762553	OAZ1--PTMA
SRR19762553	RPS10--NUDT3
SRR19762553	TIMM23--PARGP1
SRR19762553	AMFR--NUDT21
SRR19762553	POLE--ANKLE2
SRR19762553	ACTB--PTMA
SRR19762553	OAZ1--DAZAP1
SRR19762553	EIF4A1--PTMA
SRR19762553	VTI1A--RP11-57H14.3
SRR19762568	FNBP1--SET
SRR19762568	LEPROT--LEPR
SRR19762568	B2M--AC013394.2
SRR19762568	OAZ1--PTMA
SRR19762568	CTSC--RAB38
SRR19762568	C5orf56--RAD50
SRR19762568	PTBP1--RNF126
SRR19762568	TIMM23--RP11-574K11.29
SRR19762568	MACC1--AC005062.2
SRR19762568	IGH@-ext--MT-ATP6
SRR19762568	RP11-367G6.3--FAM65B
SRR19762568	NRIP1--AF127936.7
SRR19762568	BSG--RNF126
SRR19762568	OAZ1--KLF16
SRR19762568	TIMM23--PARGP1
SRR19762568	NUTM2A-AS1--MINPP1
SRR19762568	USP12--HMGB1
SRR19762568	EZH2--ZNF777
SRR19762568	OAZ1--IRF4
SRR19762568	PFKFB3--RP11-563J2.2
SRR19762568	RP11-81H14.2--MDM1
SRR19762568	HLA-S--HLA-A
SRR19762568	IGH-@-ext--MT-ATP6
SRR19762568	OAZ1--SCO2
SRR19762518	AC007879.5--AC007879.2
SRR19762518	MT-ND6--RPL13A
SRR19762518	RP11-367G6.3--FAM65B
SRR19762518	RP11-96H19.1--RP11-446N19.1
SRR19762518	KANSL1--ARL17A
SRR19762518	RP11-206L10.8--SEPT14
SRR19762518	LEPROT--LEPR
SRR19762518	RP11-155G15.2--RP11-1E3.1
SRR19762518	TIMM23--PARGP1
SRR19762518	IGLVI-70--IGL@-ext
SRR19762631	LEPROT--LEPR
SRR19762631	POLE--ANKLE2
SRR19762631	TIMM23--RP11-574K11.29
SRR19762631	IGH@-ext--MT-ATP6
SRR19762631	TRIM60--AKAP13
SRR19762631	FOSL1--PTMA
SRR19762631	PTP4A1--EEF1A1
SRR19762631	NCOR2--UBC
SRR19762631	RP11-367G6.3--FAM65B
SRR19762631	RP6-206I17.1--RP11-403I13.8
SRR19762631	DDX5--PTMA
SRR19762631	CARKD--ING1
SRR19762631	BSG--RNF126
SRR19762631	AGRN--SET
SRR19762631	TIMM23--PARGP1
SRR19762631	SLC7A5--SMG1P1
SRR19762631	POLE--FUS
SRR19762631	IRF4--PTMA
SRR19762631	HLA-J--HLA-V
SRR19762937	PPARGC1B--PTMA
SRR19762937	LINC00623--RP11-403I13.8
SRR19762937	RP11-367G6.3--FAM65B
SRR19762937	IGH@-ext--UBC
SRR19762937	PFKFB3--RP11-563J2.2
SRR19762937	LEPROT--LEPR
SRR19762937	CPSF6--ACTB
SRR19762937	OAZ1--EIF4A1
SRR19762937	BSG--RNF126
SRR19762937	OAZ1--KLF16
SRR19762937	OAZ1--ACTB
SRR19762937	TIMM23--PARGP1
SRR19762937	TIMM13--PTMA
SRR19762937	POLE--ANKLE2
SRR19762937	IGH-@-ext--PTMA
SRR19762255	FNBP1--SET
SRR19762255	RP6-206I17.1--RP11-403I13.8
SRR19762255	LEPROT--LEPR
SRR19762255	YWHAE--PITPNA
SRR19762255	TIMM23--PARGP1
SRR19762255	ACTB--PTMA
SRR19762255	TIMM23--RP11-574K11.29
SRR19762255	ACTB--SET
SRR19762303	IGH-@-ext--HLA-B
SRR19762303	LINC00623--RP11-403I13.8
SRR19762303	IGH-@-ext--RN7SL109P
SRR19762303	RP11-367G6.3--FAM65B
SRR19762303	KANSL1--ARL17A
SRR19762303	RP11-81H14.2--MDM1
SRR19762303	LEPROT--LEPR
SRR19762303	B2M--AC013394.2
SRR19762303	RP11-155G15.2--RP11-1E3.1
SRR19762303	IGH-@-ext--NCL
SRR19762303	TIMM23--PARGP1
SRR19762303	ACTB--PTMA
SRR19762303	TIMM23--RP11-574K11.29
SRR19762303	MACC1--AC005062.2
SRR19762514	FNBP1--SET
SRR19762514	HMGN2--PTMA
SRR19762514	POLE--ANKLE2
SRR19762514	PTBP1--RNF126
SRR19762514	TIMM23--RP11-574K11.29
SRR19762514	PTMA--ACTB
SRR19762514	ZEB1--HNRNPF
SRR19762514	EDF1--SET
SRR19762514	CALM2--PTMA
SRR19762514	OAZ1--SET
SRR19762514	SBF1--SCO2
SRR19762514	MAFK--ACTB
SRR19762514	RP11-155G15.2--RP11-1E3.1
SRR19762514	NCOR2--UBC
SRR19762514	BOP1--ACTB
SRR19762514	RP11-367G6.3--FAM65B
SRR19762514	RMND5A--ANAPC1
SRR19762514	BSG--RNF126
SRR19762514	OAZ1--KLF16
SRR19762514	TIMM23--PARGP1
SRR19762514	LINC00158--AP000233.4
SRR19762514	RP11-305P22.9--DAZAP1
SRR19762514	RPS10--NUDT3
SRR19762514	ACTB--FSCN1
SRR19762514	RP11-96H19.1--RP11-446N19.1
SRR19762514	PFKFB3--RP11-563J2.2
SRR19762514	FUS--SETD1A
SRR19762514	NRL--DHRS4-AS1
SRR19762514	OAZ1--PPP1R12C
SRR19762514	RP11-680G10.1--GSE1
SRR19762514	ACTB--PTMA
SRR19762514	RP11-316P17.2--RP5-1050E16.2
SRR19762514	EIF4A1--EIF5A
SRR19762514	OAZ1--DAZAP1
SRR19762223	RP11-1E3.1--RP11-455B3.1
SRR19762223	RP11-367G6.3--FAM65B
SRR19762223	CDKN1A--EEF1A1P5
SRR19762223	PFKFB3--RP11-563J2.2
SRR19762223	RP6-206I17.1--RP11-403I13.8
SRR19762223	LEPROT--LEPR
SRR19762223	FUS--SETD1A
SRR19762223	RP11-155G15.2--RP11-1E3.1
SRR19762223	BSG--RNF126
SRR19762223	NCOR2--UBC
SRR19762223	TIMM23--PARGP1
SRR19762223	POLE--ANKLE2
SRR19762223	SOCS5--AC016722.2
SRR19762223	RP11-444D3.1--SOX5
SRR19762223	CHSY1--CNTN6
SRR19762223	EIF4A1--EIF5A
SRR19762223	IGLVI-70--IGL@-ext
SRR19762808	ZEB1--WAC
SRR19762808	RP11-662M24.2--RIMBP2
SRR19762808	RP11-367G6.3--FAM65B
SRR19762808	NRIP1--AF127936.7
SRR19762808	DDX5--EEF1A1
SRR19762808	AC004967.7--ASNS
SRR19762808	LEPROT--LEPR
SRR19762808	EEF1DP3--FRY
SRR19762808	USP10--KLHL36
SRR19762808	TIMM23--PARGP1
SRR19762808	TIMM23--RP11-574K11.29
SRR19762808	EIF4A1--PTMA
SRR19762364	RPL36--PTMA
SRR19762364	RPA3-AS1--GLCCI1
SRR19762364	RP11-367G6.3--FAM65B
SRR19762364	RP11-96H19.1--RP11-446N19.1
SRR19762364	LEPROT--LEPR
SRR19762364	BSG--SCO2
SRR19762364	IGH-@-ext--STRA6
SRR19762364	RP11-155G15.2--RP11-1E3.1
SRR19762364	OAZ1--KLF16
SRR19762364	TIMM23--PARGP1
SRR19762364	POLE--ANKLE2
SRR19762364	CTC-786C10.1--RP11-680G10.1
SRR19762364	TIMM23--RP11-574K11.29
SRR19762364	MIR155HG--JAM2
SRR19762364	RPS10--NUDT3
SRR19762364	VTI1A--RP11-57H14.3
SRR19762581	BOLA2B--RP11-345J4.8
SRR19762581	NPEPPS--TBC1D3F
SRR19762581	ELMO1--AOAH
SRR19762581	LEPROT--LEPR
SRR19762581	OAZ1--PTMA
SRR19762581	CDKN1A--EEF1A1
SRR19762581	YWHAE--PITPNA
SRR19762581	RP11-155G15.2--RP11-1E3.1
SRR19762581	NCOR2--UBC
SRR19762581	OAZ1--SCAMP4
SRR19762581	ITM2C--PTMA
SRR19762581	RGS20--KDM2B
SRR19762581	TMEM63B--IRF4
SRR19762581	IGLVI-70--IGL@-ext
SRR19762581	RP11-367G6.3--FAM65B
SRR19762581	ZEB1--SET
SRR19762581	OAZ1--KLF16
SRR19762581	TIMM23--PARGP1
SRR19762581	IRF4--PTMA
SRR19762581	OAZ1--EIF4A1
SRR19762581	OAZ1--RNF126
SRR19762581	BSG--PTBP1
SRR19762581	HLA-S--HLA-A
SRR19762766	RPA3-AS1--GLCCI1
SRR19762766	RP11-367G6.3--FAM65B
SRR19762766	VPS33A--CLIP1
SRR19762766	OAZ1--DOT1L
SRR19762766	HNRNPH1--SQSTM1
SRR19762766	LEPROT--LEPR
SRR19762766	INPP5A--LRRC27
SRR19762766	EEF1DP3--FRY
SRR19762766	HNRNPA2B1--PTMA
SRR19762766	TIMM23--PARGP1
SRR19762766	ACTB--PTMA
SRR19762766	VTI1A--RP11-57H14.3
SRR19762766	RP11-444D3.1--SOX5
SRR19762766	TIMM23--RP11-574K11.29
SRR19762766	MACC1--AC005062.2
SRR19762670	LEPROT--LEPR
SRR19762670	OAZ1--PTMA
SRR19762670	TIMM23--RP11-574K11.29
SRR19762670	NOC4L--PGAM5
SRR19762670	PTP4A1--EEF1A1
SRR19762670	SEPT7P2--PSPH
SRR19762670	OAZ1--BTBD2
SRR19762670	PLXNB2--SCO2
SRR19762670	RP11-367G6.3--FAM65B
SRR19762670	BOLA2B--RP11-347C12.2
SRR19762670	NRIP1--AF127936.7
SRR19762670	TIMM23B--PARGP1
SRR19762670	DDX5--EEF1A1
SRR19762670	RP6-206I17.1--RP11-403I13.8
SRR19762670	OAZ1--PPP6R2
SRR19762670	BSG--RNF126
SRR19762670	SPTAN1--SET
SRR19762670	RPS10--NUDT3
SRR19762670	PIM3--SCO2
SRR19762670	DNAJC24--CCNL2
SRR19762670	PFKFB3--RP11-563J2.2
SRR19762670	EIF4A1--EIF5A
SRR19762256	CXCR4--B3GNT2
SRR19762256	RP11-367G6.3--FAM65B
SRR19762256	SRSF1--DDX5
SRR19762256	LEPROT--LEPR
SRR19762256	IGH-@-ext--MT-ND4
SRR19762256	OAZ1--RNF126
SRR19762256	OAZ1--KLF16
SRR19762256	HCG4P5--MT-CO1
SRR19762256	TIMM23--PARGP1
SRR19762256	RP11-155G15.2--RP11-1E3.1
SRR19762256	HLA-B--MT-RNR2
SRR19762256	CTSC--RAB38
SRR19762256	MGRN1--C16orf96
SRR19762256	EEF1A1--PABPC1
SRR19762256	OAZ1--CSNK1G2
SRR19762256	EIF4A1--EIF5A
SRR19762256	PIM3--SCO2
SRR19762782	PRKCH--RP11-47I22.3
SRR19762782	RP11-367G6.3--FAM65B
SRR19762782	RP11-353N4.6--RP11-403I13.8
SRR19762782	RP11-381K20.2--KLHL3
SRR19762782	TIMM23B--PARGP1
SRR19762782	BOP1--PTMA
SRR19762782	ISCA1--GOLM1
SRR19762782	LEPROT--LEPR
SRR19762782	UBQLN1--HNRNPK
SRR19762782	OAZ1--KLF16
SRR19762782	WASH5P--AJ271736.10
SRR19762782	EIF4A1--EIF5A
SRR19762619	NCL--PTMA
SRR19762619	NOC4L--FBRSL1
SRR19762619	LEPROT--LEPR
SRR19762619	C5orf56--RAD50
SRR19762619	TIMM23--RP11-574K11.29
SRR19762619	CYTH1--USP36
SRR19762619	RP11-1E3.1--RP11-455B3.1
SRR19762619	CDKN1A--EEF1A1
SRR19762619	SRSF1--DDX5
SRR19762619	PTP4A1--EEF1A1
SRR19762619	KIF20B--ACTR3
SRR19762619	RP11-155G15.2--RP11-1E3.1
SRR19762619	PTMA--NCL
SRR19762619	RP11-367G6.3--FAM65B
SRR19762619	TIMM23--PARGP1
SRR19762619	VTI1A--RP11-57H14.3
SRR19762619	SF1--IRF4
SRR19762619	RPA3-AS1--GLCCI1
SRR19762619	PFKFB3--RP11-563J2.2
SRR19762619	PTMA--SET
SRR19762619	FUS--SETD1A
SRR19762619	EIF4A1--EIF5A
SRR19762842	RP11-367G6.3--FAM65B
SRR19762842	IGH-@-ext--MT-ND4
SRR19762842	CTSC--RAB38
SRR19762842	TIMM23--PARGP1
SRR19762714	MED16--PIDD
SRR19762714	RP11-367G6.3--FAM65B
SRR19762714	RP11-96H19.1--RP11-446N19.1
SRR19762714	PFKFB3--RP11-563J2.2
SRR19762714	TMEM63B--VEGFA
SRR19762714	OAZ1--KLF16
SRR19762714	TIMM23--PARGP1
SRR19762714	ACTB--SET
SRR19762418	KPNA2--DHX40
SRR19762418	LINC00623--RP11-403I13.8
SRR19762418	RP11-367G6.3--FAM65B
SRR19762418	RP11-96H19.1--RP11-446N19.1
SRR19762418	TPM4--KLF2
SRR19762418	KANSL1--ARL17A
SRR19762418	PFKFB3--RP11-563J2.2
SRR19762418	OAZ1--DOT1L
SRR19762418	NCOR2--UBC
SRR19762418	TIMM23--PARGP1
SRR19762418	ACTB--PTMA
SRR19762418	BSG--PTMA
SRR19762418	IGH-@-ext--ARL4D
SRR19762418	IGLVI-70--IGL@-ext
SRR19762451	SBNO2--RNF126
SRR19762451	RP11-367G6.3--FAM65B
SRR19762451	NRIP1--AF127936.7
SRR19762451	KANSL1--ARL17A
SRR19762451	LEPROT--LEPR
SRR19762451	RP11-426C22.5--SNX29P2
SRR19762451	TIMM23--PARGP1
SRR19762313	USP12--HMGB1
SRR19762313	RPA3-AS1--GLCCI1
SRR19762313	RP11-367G6.3--FAM65B
SRR19762313	PFKFB3--RP11-563J2.2
SRR19762313	OAZ1--DOT1L
SRR19762313	LEPROT--LEPR
SRR19762313	SEPT7P2--PSPH
SRR19762313	IGL-@-ext--EEF1A1
SRR19762313	OAZ1--KLF16
SRR19762313	IGH-@-ext--MT-ND4
SRR19762313	TIMM23--PARGP1
SRR19762313	RPS10--NUDT3
SRR19762928	IGL@-ext--LSM14A
SRR19762928	BOLA2B--RP11-345J4.8
SRR19762928	IGH-@-ext--ACTB
SRR19762928	POLE--ANKLE2
SRR19762928	TIMM23--PARGP1
SRR19762325	IGH-@-ext--HLA-B
SRR19762325	KANSL1--ARL17B
SRR19762325	NCL--PTMA
SRR19762325	RP11-367G6.3--FAM65B
SRR19762325	RP11-96H19.1--RP11-446N19.1
SRR19762325	SRSF1--DDX5
SRR19762325	SBNO2--KLF16
SRR19762325	LEPROT--LEPR
SRR19762325	RP13-188A5.1--KLF8
SRR19762325	ARHGAP26--NR3C1
SRR19762325	TIMM23--PARGP1
SRR19762325	CTC-786C10.1--RP11-680G10.1
SRR19762325	TPM4--IRF4
SRR19762325	VTI1A--RP11-57H14.3
SRR19762325	OAZ1--HNRNPF
SRR19762325	DDX5--IRF4
SRR19762325	EIF4A1--EIF5A
SRR19762355	RP11-367G6.3--FAM65B
SRR19762355	RP11-96H19.1--RP11-446N19.1
SRR19762355	ACTB--RAC2
SRR19762355	LEPROT--LEPR
SRR19762355	POLE--ANKLE2
SRR19762355	TIMM23--PARGP1
SRR19762567	C22orf34--SCO2
SRR19762567	RP11-367G6.3--FAM65B
SRR19762567	RP11-96H19.1--RP11-446N19.1
SRR19762567	PFKFB3--RP11-563J2.2
SRR19762567	MAFK--ACTB
SRR19762567	IGH-@-ext--MT-ND4
SRR19762567	OAZ1--PTMA
SRR19762567	TIMM23--PARGP1
SRR19762182	SDF4--PTMA
SRR19762182	LEPROT--LEPR
SRR19762182	OAZ1--PTMA
SRR19762182	CTSC--RAB38
SRR19762182	CPSF6--PTMA
SRR19762182	RP11-444D3.1--SOX5
SRR19762182	ZEB1--WAC
SRR19762182	CALM2--PTMA
SRR19762182	OAZ1--SET
SRR19762182	SRSF1--DDX5
SRR19762182	SEPT7P2--PSPH
SRR19762182	RP11-155G15.2--RP11-1E3.1
SRR19762182	CTC-786C10.1--RP11-680G10.1
SRR19762182	RP11-367G6.3--FAM65B
SRR19762182	EIF4A1--SET
SRR19762182	ZEB1--SET
SRR19762182	CFL1--SF1
SRR19762182	TMEM63B--VEGFA
SRR19762182	CARKD--ING1
SRR19762182	TIMM23--PARGP1
SRR19762182	PFKFB3--RP11-563J2.2
SRR19762182	OAZ1--EIF4A1
SRR19762182	FUS--SETD1A
SRR19762182	IRF4--EEF1A1
SRR19762182	BSG--PTBP1
SRR19762182	N4BP2L1--HMGB1
SRR19762182	EIF4A1--EIF5A
SRR19762462	FNBP1--SET
SRR19762462	USP12--HMGB1
SRR19762462	RP11-367G6.3--FAM65B
SRR19762462	YAF2--RYBP
SRR19762462	NRIP1--AF127936.7
SRR19762462	DDX5--EEF1A1
SRR19762462	SRSF1--DDX5
SRR19762462	OAZ1--SF3A2
SRR19762462	USP10--KLHL36
SRR19762462	BCKDHB--RP11-250B2.3
SRR19762462	OAZ1--RNF126
SRR19762462	OAZ1--KLF16
SRR19762462	NCOR2--UBC
SRR19762462	TIMM23--PARGP1
SRR19762462	PTP4A1--EEF1A1P5
SRR19762462	PTBP1--RNF126
SRR19762462	EIF4A1--EIF5A
SRR19762462	RPS10--NUDT3
SRR19762416	IGH-@-ext--IGL-@-ext
SRR19762416	LEPROT--LEPR
SRR19762416	TIMM23--RP11-574K11.29
SRR19762416	MACC1--AC005062.2
SRR19762416	ZEB1--HNRNPF
SRR19762416	LSP1--CD81
SRR19762416	SRSF1--DDX5
SRR19762416	ITM2C--PTMA
SRR19762416	RP11-367G6.3--FAM65B
SRR19762416	KANSL1--ARL17A
SRR19762416	RP6-206I17.1--RP11-403I13.8
SRR19762416	TIMM23--PARGP1
SRR19762416	IGH@-ext--IGL@-ext
SRR19762416	IGH@-ext--MT-ATP8
SRR19762416	FUS--MAZ
SRR19762416	PIM3--SCO2
SRR19762416	IGL-@-ext--IGH-@-ext
SRR19762416	YAF2--RYBP
SRR19762416	HLA-S--HLA-A
SRR19762416	IGL@-ext--IGH@-ext
SRR19762416	EIF4A1--EIF5A
SRR19762416	EIF4A1--PTMA
SRR19762722	OAZ1--TCF3
SRR19762722	TPM4--PTMA
SRR19762722	LEPROT--LEPR
SRR19762722	CTSC--RAB38
SRR19762722	TIMM23--RP11-574K11.29
SRR19762722	RNF216--ACTB
SRR19762722	FASN--PTMA
SRR19762722	SRSF1--DDX5
SRR19762722	BCKDHB--RP11-250B2.3
SRR19762722	RP11-155G15.2--RP11-1E3.1
SRR19762722	CTC-786C10.1--RP11-680G10.1
SRR19762722	RP11-33B1.1--PSPH
SRR19762722	RP11-367G6.3--FAM65B
SRR19762722	BOLA2B--RP11-347C12.2
SRR19762722	RP6-206I17.1--RP11-403I13.8
SRR19762722	TIMM23--PARGP1
SRR19762722	VTI1A--RP11-57H14.3
SRR19762722	RP11-1151B14.4--MALT1
SRR19762722	IRF4--PTMA
SRR19762722	ACTB--PTMA
SRR19762539	ZEB1--HNRNPF
SRR19762539	YWHAE--CRK
SRR19762539	RP11-367G6.3--FAM65B
SRR19762539	CNN2--PTMA
SRR19762539	LEPROT--LEPR
SRR19762539	SEPT7P2--PSPH
SRR19762539	IGL-@-ext--MT-CO1
SRR19762539	TIMM23--PARGP1
SRR19762539	C15orf57--CBX3
SRR19762259	ANP32E--PLEKHO1
SRR19762259	ZNF367--PARVB
SRR19762259	RP11-367G6.3--FAM65B
SRR19762259	NRIP1--AF127936.7
SRR19762259	OAZ1--MOB3A
SRR19762259	RP11-539I5.1--HSPA12A
SRR19762259	LEPROT--LEPR
SRR19762259	SEPT7P2--PSPH
SRR19762259	RP11-155G15.2--RP11-1E3.1
SRR19762259	OAZ1--KLF16
SRR19762259	HIC2--PI4KA
SRR19762259	TIMM23--PARGP1
SRR19762259	UBQLN1--HNRNPK
SRR19762259	RNF126--PTBP1
SRR19762259	RPS10--NUDT3
SRR19762259	IGLVI-70--IGL@-ext
SRR19762269	OAZ1--RAC2
SRR19762269	OAZ1--TCF3
SRR19762269	FAM207A--SUMO3
SRR19762269	LEPROT--LEPR
SRR19762269	B2M--HMGB1
SRR19762269	OAZ1--PTMA
SRR19762269	CTD-2012K14.6--CTCF
SRR19762269	C5orf56--RAD50
SRR19762269	SLC19A1--SUMO3
SRR19762269	IGH-@-ext--PTMA
SRR19762269	IGH-@-ext--RPL31
SRR19762269	RP11-155G15.2--RP11-1E3.1
SRR19762269	ITM2C--PTMA
SRR19762269	SYNCRIP--EEF1A1
SRR19762269	RP11-367G6.3--FAM65B
SRR19762269	NRIP1--AF127936.7
SRR19762269	FNBP1--PTMA
SRR19762269	BSG--RNF126
SRR19762269	OAZ1--KLF16
SRR19762269	TIMM23--PARGP1
SRR19762269	LINC00623--RP11-403I13.8
SRR19762269	PFKFB3--RP11-563J2.2
SRR19762269	BSG--PTBP1
SRR19762269	OAZ1--ACTB
SRR19762269	ACTB--PTMA
SRR19762269	OAZ1--DAZAP1
SRR19762621	BAHD1--B2M
SRR19762621	RP11-662M24.2--RIMBP2
SRR19762621	LEPROT--LEPR
SRR19762621	OAZ1--PTMA
SRR19762621	C5orf56--RAD50
SRR19762621	PTBP1--RNF126
SRR19762621	RP11-444D3.1--SOX5
SRR19762621	CYTH1--USP36
SRR19762621	YWHAE--CRK
SRR19762621	SEPT7P2--PSPH
SRR19762621	RP11-745L13.2--RPL7AP28
SRR19762621	PTBP1--DAZAP1
SRR19762621	RP11-367G6.3--FAM65B
SRR19762621	BOLA2B--RP11-347C12.2
SRR19762621	OAZ1--KLF16
SRR19762621	TIMM23--PARGP1
SRR19762621	BOP1--RP11-1212A22.1
SRR19762621	LINC00623--RP11-403I13.8
SRR19762621	HAUS1--C18orf25
SRR19762621	USP10--KLHL36
SRR19762621	ACTB--PTMA
SRR19762621	OAZ1--CSNK1G2
SRR19762621	RNF126--PTBP1
SRR19762621	OAZ1--DAZAP1
SRR19762802	RNF216--ACTB
SRR19762802	RP11-367G6.3--FAM65B
SRR19762802	RP11-96H19.1--RP11-446N19.1
SRR19762802	PFKFB3--RP11-563J2.2
SRR19762802	LEPROT--LEPR
SRR19762802	FUS--SETD1A
SRR19762802	SEPT7P2--PSPH
SRR19762802	RP11-155G15.2--RP11-1E3.1
SRR19762802	IGH@-ext--MT-RNR2
SRR19762802	TIMM23--PARGP1
SRR19762802	ACTB--PTMA
SRR19762802	PTBP1--RNF126
SRR19762802	OAZ1--DAZAP1
SRR19762696	RP11-662M24.2--RIMBP2
SRR19762696	RP11-367G6.3--FAM65B
SRR19762696	BOLA2B--RP11-347C12.2
SRR19762696	LEPROT--LEPR
SRR19762696	TIMM23--PARGP1
SRR19762696	C15orf57--CBX3
SRR19762696	ATP9B--NFATC1
SRR19762587	YWHAE--CRK
SRR19762587	RP11-367G6.3--FAM65B
SRR19762587	NRIP1--AF127936.7
SRR19762587	BOLA2B--RP11-345J4.8
SRR19762587	TIMM23B--PARGP1
SRR19762587	SRSF1--DDX5
SRR19762587	LEPROT--LEPR
SRR19762587	OAZ1--PTMA
SRR19762587	RP11-155G15.2--RP11-1E3.1
SRR19762587	OAZ1--KLF16
SRR19762587	OAZ1--PTBP1
SRR19762587	SRRM2--ATP6V0C
SRR19762587	TIMM23--RP11-574K11.29
SRR19762587	MIR155HG--JAM2
SRR19762779	RP11-662M24.2--RIMBP2
SRR19762779	RP11-367G6.3--FAM65B
SRR19762779	NRIP1--AF127936.7
SRR19762779	PFKFB3--RP11-563J2.2
SRR19762779	LEPROT--LEPR
SRR19762779	OAZ1--PTMA
SRR19762779	DDX5--SET
SRR19762779	HLA-S--HLA-A
SRR19762779	TIMM23--PARGP1
SRR19762779	TIMM23--RP11-574K11.29
SRR19762779	EIF4A1--EIF5A
SRR19762779	EIF4A1--PTMA
SRR19762191	ZEB1--HNRNPF
SRR19762191	AC092635.1--AC016730.1
SRR19762191	ANP32E--PLEKHO1
SRR19762191	RP11-367G6.3--FAM65B
SRR19762191	RP11-96H19.1--RP11-446N19.1
SRR19762191	BOLA2B--RP11-345J4.8
SRR19762191	RP6-206I17.1--RP11-403I13.8
SRR19762191	LEPROT--LEPR
SRR19762191	NUTM2A-AS1--MINPP1
SRR19762191	NCOR2--UBC
SRR19762191	TIMM23--PARGP1
SRR19762191	POLE--CHFR
SRR19762191	TIMM23--RP11-574K11.29
SRR19762191	SLC25A12--KIAA0125
SRR19762366	RP11-367G6.3--FAM65B
SRR19762366	RP11-96H19.1--RP11-446N19.1
SRR19762366	KANSL1--ARL17A
SRR19762366	PFKFB3--RP11-563J2.2
SRR19762366	RP6-206I17.1--RP11-403I13.8
SRR19762366	LEPROT--LEPR
SRR19762366	GAS6-AS1--TMEM255B
SRR19762366	OAZ1--RNF126
SRR19762366	TIMM23--PARGP1
SRR19762366	VTI1A--RP11-57H14.3
SRR19762366	RPS10--NUDT3
SRR19762363	TMC6--PTMA
SRR19762363	KANSL1--ARL17B
SRR19762363	TRIM60--AKAP13
SRR19762363	RP11-367G6.3--FAM65B
SRR19762363	RP6-206I17.1--RP11-403I13.8
SRR19762363	LEPROT--LEPR
SRR19762363	OAZ1--PTMA
SRR19762363	RP11-155G15.2--RP11-1E3.1
SRR19762363	CTSC--RAB38
SRR19762363	OAZ1--KLF16
SRR19762363	TIMM23--PARGP1
SRR19762363	RP11-316P17.2--RP5-1050E16.2
SRR19762363	OAZ1--ACTB
SRR19762363	ACTB--SET
SRR19762438	DDX5--IRF4
SRR19762438	IGH-@-ext--HLA-B
SRR19762438	OAZ1--SIK1
SRR19762438	C1ORF220--RP5-1098D14.1
SRR19762438	RP11-367G6.3--FAM65B
SRR19762438	SRSF1--DDX5
SRR19762438	EIF4A1--DDX5
SRR19762438	LEPROT--LEPR
SRR19762438	ADAP1--PTMA
SRR19762438	RP11-155G15.2--RP11-1E3.1
SRR19762438	TIMM23--PARGP1
SRR19762438	IGH-@-ext--MT-RNR2
SRR19762438	TIMM23--RP11-574K11.29
SRR19762438	CRAMP1L--MAPK8IP3
SRR19762438	IGLVI-70--IGL@-ext
SRR19762655	RP11-662M24.2--RIMBP2
SRR19762655	KANSL1--ARL17A
SRR19762655	LEPROT--LEPR
SRR19762655	TIMM23--PARGP1
SRR19762655	MIR155HG--JAM2
SRR19762602	RP11-367G6.3--FAM65B
SRR19762602	RP11-96H19.1--RP11-446N19.1
SRR19762602	PFKFB3--RP11-563J2.2
SRR19762602	RP6-206I17.1--RP11-403I13.8
SRR19762602	LEPROT--LEPR
SRR19762602	SEPT7P2--PSPH
SRR19762602	RP11-155G15.2--RP11-1E3.1
SRR19762602	TIMM23--PARGP1
SRR19762602	IGKV2-29--AC096579.7
SRR19762602	VTI1A--RP11-57H14.3
SRR19762602	EIF4A1--EIF5A
SRR19762254	RP11-367G6.3--FAM65B
SRR19762254	CSH2--IGH-@-ext
SRR19762254	LEPROT--LEPR
SRR19762254	TIMM23--PARGP1
SRR19762254	EXPH5--RP11-25I9.2
SRR19762254	TIMM23--RP11-574K11.29
SRR19762254	MIR155HG--JAM2
SRR19762562	IGKV2-18--AC096579.7
SRR19762562	RP11-367G6.3--FAM65B
SRR19762562	PFKFB3--RP11-563J2.2
SRR19762562	RP6-206I17.1--RP11-403I13.8
SRR19762562	OAZ1--RNF126
SRR19762562	CTSC--RAB38
SRR19762562	TIMM23--PARGP1
SRR19762562	ZC3H3--EEF1D
SRR19762562	TIMM23--RP11-574K11.29
SRR19762562	IGLVI-70--IGL@-ext
SRR19762312	LEPROT--LEPR
SRR19762312	CTSC--RAB38
SRR19762312	TIMM23--RP11-574K11.29
SRR19762312	TRIM60--AKAP13
SRR19762312	TPM4--KLF2
SRR19762312	RP11-155G15.2--RP11-1E3.1
SRR19762312	NCOR2--UBC
SRR19762312	IGKV2-29--AC096579.7
SRR19762312	RP11-367G6.3--FAM65B
SRR19762312	NRIP1--AF127936.7
SRR19762312	RP11-381K20.2--KLHL3
SRR19762312	RP6-206I17.1--RP11-403I13.8
SRR19762312	CARKD--ING1
SRR19762312	OAZ1--KLF16
SRR19762312	TIMM23--PARGP1
SRR19762312	SLC16A3--METRNL
SRR19762312	SOCS5--AC016722.2
SRR19762312	PFKFB3--RP11-563J2.2
SRR19762312	OAZ1--DAZAP1
SRR19762471	TIMM23--AGAP6
SRR19762471	SFSWAP--NOC4L
SRR19762471	TRIM60--AKAP13
SRR19762471	SLC35A5--CCT3
SRR19762471	RPA3-AS1--GLCCI1
SRR19762471	RP11-367G6.3--FAM65B
SRR19762471	OAZ1--DOT1L
SRR19762471	USP10--KLHL36
SRR19762471	LEPROT--LEPR
SRR19762471	RP11-155G15.2--RP11-1E3.1
SRR19762471	NCOR2--UBC
SRR19762471	TIMM23--PARGP1
SRR19762471	IGLVI-70--IGL@-ext
SRR19762300	RP11-367G6.3--FAM65B
SRR19762300	RP11-96H19.1--RP11-446N19.1
SRR19762300	BOLA2B--RP11-347C12.2
SRR19762300	CTSC--RAB38
SRR19762300	TIMM23--PARGP1
SRR19762300	TIMM23--RP11-574K11.29
SRR19762300	EIF4A1--EIF5A
SRR19762300	IGLVI-70--IGL@-ext
SRR19762637	SIK1--ACTB
SRR19762637	BOLA2B--RP11-345J4.8
SRR19762637	RP11-96H19.1--RP11-446N19.1
SRR19762637	RP11-367G6.3--FAM65B
SRR19762637	BAZ1A--ACTB
SRR19762637	OAZ1--DOT1L
SRR19762637	RP11-504P24.5--SEPT14
SRR19762637	LEPROT--LEPR
SRR19762637	OAZ1--ACTB
SRR19762637	NCOR2--UBC
SRR19762637	TIMM23--PARGP1
SRR19762637	RP11-444D3.1--SOX5
SRR19762637	RPS10--NUDT3
SRR19762637	IGLVI-70--IGL@-ext
SRR19762888	OAZ1--DOT1L
SRR19762888	LEPROT--LEPR
SRR19762888	CTSC--RAB38
SRR19762888	TIMM23--RP11-574K11.29
SRR19762888	HMGN2--ACTB
SRR19762888	EEF1DP3--FRY
SRR19762888	RP11-745L13.2--RPL7AP28
SRR19762888	ZC3H3--EEF1D
SRR19762888	RIPK1--SERPINB9
SRR19762888	RP11-367G6.3--FAM65B
SRR19762888	NRIP1--AF127936.7
SRR19762888	KANSL1--ARL17A
SRR19762888	OAZ1--KLF16
SRR19762888	TIMM23--PARGP1
SRR19762888	EIF4A1--ACTB
SRR19762888	ACTB--FSCN1
SRR19762888	WDR34--IGH@-ext
SRR19762888	LINC00623--RP11-403I13.8
SRR19762888	SF1--CFL1
SRR19762888	EIF4A1--EIF5A
SRR19762888	OAZ1--DAZAP1
SRR19762888	RNF126--PTMA
SRR19762627	RP11-367G6.3--FAM65B
SRR19762627	KANSL1--ARL17A
SRR19762627	MAFK--ACTB
SRR19762627	LEPROT--LEPR
SRR19762627	CTSC--RAB38
SRR19762627	TIMM23--PARGP1
SRR19762627	TIMM23--RP11-574K11.29
SRR19762250	ACTB--FSCN1
SRR19762250	HNRNPK--SET
SRR19762250	SBNO1--SETD8
SRR19762250	DDX3X--SRRM2
SRR19762250	RP11-367G6.3--FAM65B
SRR19762250	EIF4A1--SET
SRR19762250	COTL1--KLHL36
SRR19762250	PTP4A1--EEF1A1
SRR19762250	FHOD1--IGH@-ext
SRR19762250	RP11-426C22.5--SNX29P2
SRR19762250	OAZ1--ACTB
SRR19762250	TIMM23--PARGP1
SRR19762250	SAMD10--ACTB
SRR19762250	TIMM23--RP11-574K11.29
SRR19762250	EIF4A1--EIF5A
SRR19762250	ACTB--SET
SRR19762411	C1ORF220--RP5-1098D14.1
SRR19762411	RP11-367G6.3--FAM65B
SRR19762411	BOLA2B--RP11-347C12.2
SRR19762411	RP11-96H19.1--RP11-446N19.1
SRR19762411	KANSL1--ARL17A
SRR19762411	RP6-206I17.1--RP11-403I13.8
SRR19762411	LEPROT--LEPR
SRR19762411	CTSC--RAB38
SRR19762411	TIMM23--PARGP1
SRR19762411	TIMM23--RP11-574K11.29
SRR19762411	EIF4A1--EIF5A
SRR19762411	IGLVI-70--IGL@-ext
SRR19762475	RP11-33B1.1--PSPH
SRR19762475	RCC1--UBE2D2
SRR19762475	CPSF6--MTFR1L
SRR19762475	RP11-367G6.3--FAM65B
SRR19762475	NRIP1--AF127936.7
SRR19762475	EIF4A1--SET
SRR19762475	OAZ1--SF3A2
SRR19762475	USP10--KLHL36
SRR19762475	RP11-155G15.2--RP11-1E3.1
SRR19762475	OAZ1--KLF16
SRR19762475	TIMM23--PARGP1
SRR19762475	HLA-S--HLA-A
SRR19762475	SLC7A5--SMG1P1
SRR19762475	TIMM23--RP11-574K11.29
SRR19762475	EIF4A1--EIF5A
SRR19762475	EIF4A1--PTMA
SRR19762607	KANSL1--ARL17B
SRR19762607	RAB2A--KCNS2
SRR19762607	RPA3-AS1--GLCCI1
SRR19762607	RP11-367G6.3--FAM65B
SRR19762607	PTP4A1--EEF1A1
SRR19762607	CFL1--SF1
SRR19762607	LEPROT--LEPR
SRR19762607	OAZ1--LIMD2
SRR19762607	BCKDHB--RP11-250B2.3
SRR19762607	RP11-155G15.2--RP11-1E3.1
SRR19762607	TIMM23--PARGP1
SRR19762607	POLE--ANKLE2
SRR19762607	ZNF850--ZNF260
SRR19762607	TIMM23--RP11-574K11.29
SRR19762607	EIF4A1--EIF5A
SRR19762456	ACTB--FSCN1
SRR19762456	RP11-367G6.3--FAM65B
SRR19762456	MACC1--AC005062.2
SRR19762456	RP6-206I17.1--RP11-403I13.8
SRR19762456	LEPROT--LEPR
SRR19762456	SEPT7P2--PSPH
SRR19762456	RP11-155G15.2--RP11-1E3.1
SRR19762456	OAZ1--CSNK1G2
SRR19762456	OAZ1--ACTB
SRR19762456	TIMM23--PARGP1
SRR19762456	ACTB--PTMA
SRR19762456	SIK1--PTMA
SRR19762456	RNF126--TMEM259
SRR19762456	HLA-S--HLA-A
SRR19762456	TIMM23--RP11-574K11.29
SRR19762456	VTI1A--RP11-57H14.3
SRR19762914	RPA3-AS1--GLCCI1
SRR19762914	TRIM60--AKAP13
SRR19762914	RP11-367G6.3--FAM65B
SRR19762914	OAZ1--DOT1L
SRR19762914	EIF4A1--DDX5
SRR19762914	LEPROT--LEPR
SRR19762914	HNRNPU--IRF2BP2
SRR19762914	RP11-155G15.2--RP11-1E3.1
SRR19762914	NCOR2--UBC
SRR19762914	HLA-S--HLA-A
SRR19762914	TIMM23--PARGP1
SRR19762914	TIMM23--RP11-574K11.29
SRR19762914	EIF4A1--EIF5A
SRR19762914	OAZ1--DAZAP1
SRR19762914	IGLVI-70--IGL@-ext
SRR19762274	LINC00623--RP11-403I13.8
SRR19762274	IGL-@-ext--RPL8
SRR19762274	RP11-96H19.1--RP11-446N19.1
SRR19762274	RP11-367G6.3--FAM65B
SRR19762274	MAFK--ACTB
SRR19762274	LEPROT--LEPR
SRR19762274	RP11-745L13.2--RPL7AP28
SRR19762274	BSG--RNF126
SRR19762274	OAZ1--ACTB
SRR19762274	TIMM23--PARGP1
SRR19762274	ACTB--PTMA
SRR19762274	VTI1A--RP11-57H14.3
SRR19762274	TIMM23--RP11-574K11.29
SRR19762274	NUTM2A-AS1--MINPP1
SRR19762573	LEPROT--LEPR
SRR19762573	POLE--ANKLE2
SRR19762573	RCC1--IGH@-ext
SRR19762573	MACC1--AC005062.2
SRR19762573	ZEB1--HNRNPF
SRR19762573	TIMM23--AGAP6
SRR19762573	SRSF1--DDX5
SRR19762573	HMGN2--SET
SRR19762573	IGKV2-18--AC096579.7
SRR19762573	RP11-367G6.3--FAM65B
SRR19762573	BOLA2B--RP11-347C12.2
SRR19762573	NRIP1--AF127936.7
SRR19762573	TIMM23B--PARGP1
SRR19762573	BSG--RNF126
SRR19762573	OAZ1--KLF16
SRR19762573	MBP--PQLC1
SRR19762573	RCC1--UBE2D2
SRR19762573	RPA3-AS1--GLCCI1
SRR19762573	PFKFB3--RP11-563J2.2
SRR19762573	BSG--PTBP1
SRR19762573	HLA-S--HLA-A
SRR19762573	RP11-316P17.2--RP5-1050E16.2
SRR19762573	EIF4A1--EIF5A
SRR19762599	MT-ND6--RPL13A
SRR19762599	EIF4A1--IRF4
SRR19762599	RP11-367G6.3--FAM65B
SRR19762599	RP11-96H19.1--RP11-446N19.1
SRR19762599	TIMM23B--PARGP1
SRR19762599	IGH-@-ext--MT-ND4
SRR19762599	RP11-155G15.2--RP11-1E3.1
SRR19762599	PTP4A1--EEF1A1P5
SRR19762599	NCOR2--UBC
SRR19762599	IGH-@-ext--MT-RNR2
SRR19762599	VTI1A--RP11-57H14.3
SRR19762599	TIMM23--RP11-574K11.29
SRR19762599	EIF4A1--EIF5A
SRR19762599	IGLVI-70--IGL@-ext
SRR19762739	RAB2A--KCNS2
SRR19762739	RP11-662M24.2--RIMBP2
SRR19762739	RPA3-AS1--GLCCI1
SRR19762739	RP11-367G6.3--FAM65B
SRR19762739	RP11-96H19.1--RP11-446N19.1
SRR19762739	PTP4A1--EEF1A1
SRR19762739	PFKFB3--RP11-563J2.2
SRR19762739	MAFK--ACTB
SRR19762739	LEPROT--LEPR
SRR19762739	EEF1DP3--FRY
SRR19762739	OAZ1--ACTB
SRR19762739	TIMM23--PARGP1
SRR19762739	ACTB--PTMA
SRR19762739	EIF4A1--EIF5A
SRR19762739	PIM3--SCO2
SRR19762407	OAZ1--PTMAP5
SRR19762407	RP11-1E3.1--RP11-455B3.1
SRR19762407	RP11-662M24.2--RIMBP2
SRR19762407	LINC00623--RP11-403I13.8
SRR19762407	RP11-367G6.3--FAM65B
SRR19762407	LEPROT--LEPR
SRR19762407	RP11-155G15.2--RP11-1E3.1
SRR19762407	BSG--RNF126
SRR19762407	TIMM23--PARGP1
SRR19762407	TIMM23--RP11-574K11.29
SRR19762407	EIF4A1--EIF5A
SRR19762407	PIM3--SCO2
SRR19762228	KANSL1--ARL17B
SRR19762228	RP11-662M24.2--RIMBP2
SRR19762228	IGL-@-ext--IGH-@-ext
SRR19762228	IGL-@-ext--RPL8
SRR19762228	RP11-367G6.3--FAM65B
SRR19762228	SRSF1--DDX5
SRR19762228	OAZ1--DOT1L
SRR19762228	LEPROT--LEPR
SRR19762228	IGL-@-ext--RPL22
SRR19762228	IGH@-ext--MT-RNR2
SRR19762228	TIMM23--PARGP1
SRR19762228	IGH-@-ext--UBB
SRR19762228	IGH@-ext--IGL@-ext
SRR19762228	IGL-@-ext--CD74
SRR19762228	IGL-@-ext--RPL13A
SRR19762228	TIMM23--RP11-574K11.29
SRR19762228	EIF4A1--EIF5A
SRR19762228	MACC1--AC005062.2
SRR19762869	RP11-367G6.3--FAM65B
SRR19762869	RP11-96H19.1--RP11-446N19.1
SRR19762869	KANSL1--ARL17A
SRR19762869	LEPROT--LEPR
SRR19762869	EEF1DP3--FRY
SRR19762869	TIMM23--PARGP1
SRR19762869	PABPC1--EIF1B
SRR19762869	TIMM23--RP11-574K11.29
SRR19762316	IGH@-ext--MT-ATP6
SRR19762316	AC131097.3--AC093642.5
SRR19762316	LINC00623--RP11-403I13.8
SRR19762316	RP11-367G6.3--FAM65B
SRR19762316	RP11-96H19.1--RP11-446N19.1
SRR19762316	NRIP1--AF127936.7
SRR19762316	LEPROT--LEPR
SRR19762316	USP10--KLHL36
SRR19762316	EEF1DP3--FRY
SRR19762316	RP11-155G15.2--RP11-1E3.1
SRR19762316	BSG--RNF126
SRR19762316	OAZ1--KLF16
SRR19762316	TIMM23--PARGP1
SRR19762316	AC022182.1--CLVS1
SRR19762695	RAB2A--KCNS2
SRR19762695	BOLA2B--RP11-345J4.8
SRR19762695	NPEPPS--TBC1D3F
SRR19762695	LEPROT--LEPR
SRR19762695	OAZ1--PTMA
SRR19762695	ZEB1--ATP6V0C
SRR19762695	CTSC--RAB38
SRR19762695	POLE--ANKLE2
SRR19762695	PTMA--ACTB
SRR19762695	RNF216--ACTB
SRR19762695	CXCR4--PTMA
SRR19762695	SRSF1--DDX5
SRR19762695	SEPT7P2--PSPH
SRR19762695	OAZ1--BTBD2
SRR19762695	RP11-367G6.3--FAM65B
SRR19762695	CARKD--ING1
SRR19762695	OAZ1--KLF16
SRR19762695	TIMM23--PARGP1
SRR19762695	DOT1L--EGR3
SRR19762695	EIF4A1--ACTB
SRR19762695	ACTB--PTMA
SRR19762900	AC007879.5--AC007879.2
SRR19762900	LEPROT--LEPR
SRR19762900	C5orf56--RAD50
SRR19762900	TIMM23--RP11-574K11.29
SRR19762900	CALM2--SET
SRR19762900	ZEB1--HNRNPF
SRR19762900	AP3S1--AQPEP
SRR19762900	UBQLN1--HNRNPK
SRR19762900	SIN3A--C15orf39
SRR19762900	RP11-367G6.3--FAM65B
SRR19762900	NRIP1--AF127936.7
SRR19762900	OAZ1--KLF16
SRR19762900	PTP4A1--EEF1A1P5
SRR19762900	TIMM23--PARGP1
SRR19762900	VTI1A--RP11-57H14.3
SRR19762900	EIF4G2--DDX5
SRR19762900	PFKFB3--RP11-563J2.2
SRR19762900	OAZ1--MIDN
SRR19762900	N4BP2L1--HMGB1
SRR19762900	GATSL2--GTF2I
SRR19762900	EIF4A1--EIF5A
SRR19762362	RP11-367G6.3--FAM65B
SRR19762362	PFKFB3--RP11-563J2.2
SRR19762362	LEPROT--LEPR
SRR19762362	SEPT7P2--PSPH
SRR19762362	TIMM23--PARGP1
SRR19762643	RP11-662M24.2--RIMBP2
SRR19762643	RP11-367G6.3--FAM65B
SRR19762643	RP11-96H19.1--RP11-446N19.1
SRR19762643	CTD-2337A12.1--CAST
SRR19762643	NRIP1--AF127936.7
SRR19762643	SRSF1--DDX5
SRR19762643	RP11-155G15.2--RP11-1E3.1
SRR19762643	CTSC--RAB38
SRR19762643	TIMM23--PARGP1
SRR19762643	ACTB--PTMA
SRR19762643	PTMA--ACTB
SRR19762805	ANP32E--PLEKHO1
SRR19762805	KANSL1--ARL17B
SRR19762805	RP11-662M24.2--RIMBP2
SRR19762805	RP11-367G6.3--FAM65B
SRR19762805	RP11-96H19.1--RP11-446N19.1
SRR19762805	PFKFB3--RP11-563J2.2
SRR19762805	LEPROT--LEPR
SRR19762805	BSG--PTBP1
SRR19762805	RP11-155G15.2--RP11-1E3.1
SRR19762805	CTSC--RAB38
SRR19762805	TIMM23--PARGP1
SRR19762805	MIR155HG--JAM2
SRR19762805	CTD-2012K14.6--CTCF
SRR19762805	TIMM23--RP11-574K11.29
SRR19762805	EIF4A1--EIF5A
SRR19762805	IGLVI-70--IGL@-ext
SRR19762387	STK25--IGH@-ext
SRR19762387	C1ORF220--RP5-1098D14.1
SRR19762387	RP11-367G6.3--FAM65B
SRR19762387	RP11-96H19.1--RP11-446N19.1
SRR19762387	OAZ1--DOT1L
SRR19762387	RP6-206I17.1--RP11-403I13.8
SRR19762387	LEPROT--LEPR
SRR19762387	SEPT7P2--PSPH
SRR19762387	IGL-@-ext--EEF1A1
SRR19762387	IGH-@-ext--MT-ND4
SRR19762387	OAZ1--KLF16
SRR19762387	TIMM23--PARGP1
SRR19762387	ACTB--PTMA
SRR19762387	PTMA--ACTB
SRR19762213	RP11-367G6.3--FAM65B
SRR19762213	RP11-96H19.1--RP11-446N19.1
SRR19762213	LEPROT--LEPR
SRR19762213	TIMM23--PARGP1
SRR19762213	MIR155HG--JAM2
SRR19762213	PIM3--SCO2
SRR19762237	PPARGC1B--PTMA
SRR19762237	IGKV2-18--AC096579.7
SRR19762237	RP11-367G6.3--FAM65B
SRR19762237	RP11-96H19.1--RP11-446N19.1
SRR19762237	KANSL1--ARL17A
SRR19762237	TBC1D27--RP11-344E13.3
SRR19762237	PFKFB3--RP11-563J2.2
SRR19762237	OAZ1--DOT1L
SRR19762237	LEPROT--LEPR
SRR19762237	ING3--HEY1
SRR19762237	TIMM23--PARGP1
SRR19762237	EIF4A1--EIF5A
SRR19762237	PIM3--SCO2
SRR19762586	RP11-662M24.2--RIMBP2
SRR19762586	RP11-367G6.3--FAM65B
SRR19762586	LEPROT--LEPR
SRR19762586	ADCY7--RBL2
SRR19762586	TIMM23--PARGP1
SRR19762586	VTI1A--RP11-57H14.3
SRR19762586	RBL2--ADCY7
SRR19762398	ACTB--FSCN1
SRR19762398	KANSL1--ARL17B
SRR19762398	POLE--FUS
SRR19762398	PTMA--ACTB
SRR19762398	RP11-367G6.3--FAM65B
SRR19762398	YAF2--RYBP
SRR19762398	NUTM2A-AS1--MINPP1
SRR19762398	TIMM23--PARGP1
SRR19762398	ACTB--PTMA
SRR19762398	DAZAP1--RNF126
SRR19762398	EIF4A1--EIF5A
SRR19762398	SOCS5--AC016722.2
SRR19762439	RP11-33B1.1--PSPH
SRR19762439	OAZ1--DOT1L
SRR19762439	RP6-206I17.1--RP11-403I13.8
SRR19762439	NUTM2A-AS1--MINPP1
SRR19762439	TIMM23--PARGP1
SRR19762439	EIF4A1--EIF5A
SRR19762439	IGLVI-70--IGL@-ext
SRR19762179	FNBP1--SET
SRR19762179	LINC00623--RP11-403I13.8
SRR19762179	RP11-367G6.3--FAM65B
SRR19762179	RP11-96H19.1--RP11-446N19.1
SRR19762179	OAZ1--DOT1L
SRR19762179	LEPROT--LEPR
SRR19762179	RP11-155G15.2--RP11-1E3.1
SRR19762179	IGH-@-ext--AC096579.7
SRR19762179	TIMM23--PARGP1
SRR19762179	SLC7A5--SMG1P1
SRR19762807	RP11-662M24.2--RIMBP2
SRR19762807	NPEPPS--TBC1D3F
SRR19762807	HNRNPH1--DDX5
SRR19762807	OAZ1--DOT1L
SRR19762807	PTBP1--PTMA
SRR19762807	KLF10--PTMA
SRR19762807	LEPROT--LEPR
SRR19762807	OAZ1--PTMA
SRR19762807	CTSC--RAB38
SRR19762807	TIMM23--RP11-574K11.29
SRR19762807	OAZ1--SET
SRR19762807	TRIM60--AKAP13
SRR19762807	SRSF1--DDX5
SRR19762807	NCOR2--UBC
SRR19762807	MIR155HG--JAM2
SRR19762807	RP11-367G6.3--FAM65B
SRR19762807	NRIP1--AF127936.7
SRR19762807	TMEM63B--VEGFA
SRR19762807	OAZ1--KLF16
SRR19762807	TIMM23--PARGP1
SRR19762807	DDX5--SRSF7
SRR19762807	RP11-120D5.1--MID1
SRR19762807	RPS10--NUDT3
SRR19762807	IGH@-ext--ATP5G1P1
SRR19762807	BSG--PTBP1
SRR19762807	SF1--CFL1
SRR19762807	EIF4A1--EIF5A
SRR19762324	RP11-367G6.3--FAM65B
SRR19762324	BOLA2B--RP11-347C12.2
SRR19762324	RP11-96H19.1--RP11-446N19.1
SRR19762324	KANSL1--ARL17A
SRR19762324	TIMM23--PARGP1
SRR19762408	RP11-662M24.2--RIMBP2
SRR19762408	KANSL1--ARL17A
SRR19762408	TIMM23--LINC00843
SRR19762408	LEPROT--LEPR
SRR19762408	USP10--KLHL36
SRR19762408	OAZ1--PTMA
SRR19762408	BSG--RNF126
SRR19762408	SEPT7P2--PSPH
SRR19762408	OAZ1--ACTB
SRR19762408	TIMM23--PARGP1
SRR19762408	ACTB--PTMA
SRR19762408	IGKV2-29--AC096579.7
SRR19762408	TMEM161B--ZC3H12C
SRR19762408	MKLN1-AS1--ACTB
SRR19762408	IGLVI-70--IGL@-ext
SRR19762763	RP11-367G6.3--FAM65B
SRR19762763	NRIP1--AF127936.7
SRR19762763	PFKFB3--RP11-563J2.2
SRR19762763	OAZ1--DOT1L
SRR19762763	RP6-206I17.1--RP11-403I13.8
SRR19762763	LEPROT--LEPR
SRR19762763	OAZ1--KLF16
SRR19762763	TIMM23--PARGP1
SRR19762763	VTI1A--RP11-57H14.3
SRR19762763	PIM3--SCO2
SRR19762763	IGLVI-70--IGL@-ext
SRR19762796	ACTB--FSCN1
SRR19762796	RNF216--ACTB
SRR19762796	B2M--METRNL
SRR19762796	OAZ1--SET
SRR19762796	RP11-367G6.3--FAM65B
SRR19762796	RP11-96H19.1--RP11-446N19.1
SRR19762796	PFKFB3--RP11-563J2.2
SRR19762796	LEPROT--LEPR
SRR19762796	OAZ1--ACTB
SRR19762796	IGH-@-ext--AC096579.7
SRR19762796	HLA-S--HLA-A
SRR19762796	TIMM23--PARGP1
SRR19762796	C15orf57--CBX3
SRR19762796	EIF4A1--EIF5A
SRR19762260	EDF1--RABL6
SRR19762260	TPM4--PTMA
SRR19762260	LEPROT--LEPR
SRR19762260	IGKV1D-27--AC096579.7
SRR19762260	CYTH1--USP36
SRR19762260	ZEB1--HNRNPF
SRR19762260	SRSF1--DDX5
SRR19762260	BAZ1A--ATP6V0C
SRR19762260	RP11-155G15.2--RP11-1E3.1
SRR19762260	IGLVI-70--IGL@-ext
SRR19762260	ADAP1--C7orf50
SRR19762260	SYNCRIP--EEF1A1
SRR19762260	RP11-367G6.3--FAM65B
SRR19762260	ZEB1--DUSP4
SRR19762260	CFL1--SF1
SRR19762260	BSG--RNF126
SRR19762260	TIMM23--PARGP1
SRR19762260	CTC-378H22.1--CTC-378H22.2
SRR19762260	SLC7A5--SMG1P1
SRR19762260	RP11-120D5.1--MID1
SRR19762260	USP12--HMGB1
SRR19762260	PFKFB3--RP11-563J2.2
SRR19762260	USP10--KLHL36
SRR19762260	FUS--SETD1A
SRR19762260	BSG--PTBP1
SRR19762717	FNBP1--SET
SRR19762717	LEPROT--LEPR
SRR19762717	OAZ1--ATP6V0C
SRR19762717	OAZ1--PTMA
SRR19762717	TIMM23--RP11-574K11.29
SRR19762717	YWHAE--CRK
SRR19762717	SRSF1--DDX5
SRR19762717	YWHAZ--ZNF706
SRR19762717	NCOR2--UBC
SRR19762717	CTC-786C10.1--RP11-680G10.1
SRR19762717	MIR17HG--ZNF398
SRR19762717	IGH-@-ext--RYR1
SRR19762717	RP11-367G6.3--FAM65B
SRR19762717	NRIP1--AF127936.7
SRR19762717	BOLA2B--RP11-347C12.2
SRR19762717	OAZ1--KLF16
SRR19762717	TIMM23--PARGP1
SRR19762717	IGH-@-ext--MT-RNR2
SRR19762717	PIM3--SCO2
SRR19762717	RPA3-AS1--GLCCI1
SRR19762717	RP11-96H19.1--RP11-446N19.1
SRR19762717	USP10--KLHL36
SRR19762717	FUS--SETD1A
SRR19762717	OAZ1--CSNK1G2
SRR19762291	OAZ1--TCF3
SRR19762291	PSPH--AC093838.4
SRR19762291	LEPROT--LEPR
SRR19762291	TIMM23--RP11-574K11.29
SRR19762291	MACC1--AC005062.2
SRR19762291	RP11-155G15.2--RP11-1E3.1
SRR19762291	ZC3H3--EEF1D
SRR19762291	IGLVI-70--IGL@-ext
SRR19762291	RP11-367G6.3--FAM65B
SRR19762291	BOLA2B--RP11-347C12.2
SRR19762291	NRIP1--AF127936.7
SRR19762291	BSG--RNF126
SRR19762291	TIMM23--PARGP1
SRR19762291	IGH@-ext--ANKLE2
SRR19762291	ACTB--FSCN1
SRR19762291	LINC00623--RP11-403I13.8
SRR19762291	ACTB--PTMA
SRR19762291	OAZ1--CSNK1G2
SRR19762291	MAD1L1--MAFK
SRR19762291	SLC12A7--LPCAT1
SRR19762516	KANSL1--ARL17B
SRR19762516	C1ORF220--RP5-1098D14.1
SRR19762516	RP11-367G6.3--FAM65B
SRR19762516	EIF4A1--HMGN2
SRR19762516	LEPROT--LEPR
SRR19762516	POLE--ANKLE2
SRR19762516	TIMM23--PARGP1
SRR19762516	ITM2C--PTMA
SRR19762207	ACTB--PPP1R12C
SRR19762207	C7orf50--MAFK
SRR19762207	RP11-96H19.1--RP11-446N19.1
SRR19762207	RP11-367G6.3--FAM65B
SRR19762207	LEPROT--LEPR
SRR19762207	RP11-155G15.2--RP11-1E3.1
SRR19762207	TIMM23--PARGP1
SRR19762207	RP11-274B21.1--RP11-206L10.3
SRR19762244	RNF216--ACTB
SRR19762244	IRF4--ACTB
SRR19762244	ZKSCAN5--IGH@-ext
SRR19762244	BOLA2B--RP11-345J4.8
SRR19762244	RP11-367G6.3--FAM65B
SRR19762244	RP11-96H19.1--RP11-446N19.1
SRR19762244	KANSL1--ARL17A
SRR19762244	PFKFB3--RP11-563J2.2
SRR19762244	OAZ1--DOT1L
SRR19762244	RNF126--KLF16
SRR19762244	NRIP1--AF127936.7
SRR19762244	OAZ1--ACTB
SRR19762244	OAZ1--KLF16
SRR19762244	TIMM23--PARGP1
SRR19762244	SS18L1--ADRM1
SRR19762563	RAB2A--KCNS2
SRR19762563	OAZ1--DOT1L
SRR19762563	LEPROT--LEPR
SRR19762563	POLE--ANKLE2
SRR19762563	TIMM23--RP11-574K11.29
SRR19762563	SRSF1--DDX5
SRR19762563	BCKDHB--RP11-250B2.3
SRR19762563	KDM4B--PTMA
SRR19762563	RP11-367G6.3--FAM65B
SRR19762563	BSG--RNF126
SRR19762563	OAZ1--KLF16
SRR19762563	TIMM23--PARGP1
SRR19762563	SIK1--PTMA
SRR19762563	RP11-96H19.1--RP11-446N19.1
SRR19762563	IRF4--PTMA
SRR19762563	OAZ1--IRF4
SRR19762563	IRF4--RP1-151F17.1
SRR19762563	EIF4A1--CFL1
SRR19762563	STRADB--NOP58
SRR19762563	EIF4A1--EIF5A
SRR19762563	EIF4A1--PTMA
SRR19762936	OAZ1--METRNL
SRR19762936	RP11-367G6.3--FAM65B
SRR19762936	RP11-96H19.1--RP11-446N19.1
SRR19762936	NFATC1--PQLC1
SRR19762936	PFKFB3--RP11-563J2.2
SRR19762936	PTBP1--ACTB
SRR19762936	PTBP1--PTMA
SRR19762936	FUS--SETD1A
SRR19762936	RP11-155G15.2--RP11-1E3.1
SRR19762936	OAZ1--KLF16
SRR19762936	N4BP2L1--HMGB1
SRR19762936	TIMM23--PARGP1
SRR19762936	SIK1--PTMA
SRR19762936	RP11-1151B14.4--MALT1
SRR19762936	TIMM23--RP11-574K11.29
SRR19762936	EIF4A1--EIF5A
SRR19762936	IGLVI-70--IGL@-ext
SRR19762575	OAZ1--DOT1L
SRR19762575	LEPROT--LEPR
SRR19762575	HIC2--PI4KA
SRR19762575	CTSC--RAB38
SRR19762575	TIMM23--RP11-574K11.29
SRR19762575	IGH-@-ext--PTMA
SRR19762575	ZEB1--HNRNPF
SRR19762575	IGH-@-ext--RP11-528A4.3
SRR19762575	TPM4--KLF2
SRR19762575	IGH-@-ext--HLA-B
SRR19762575	RP11-367G6.3--FAM65B
SRR19762575	CARKD--ING1
SRR19762575	BSG--RNF126
SRR19762575	IGH@-ext--EEF1A1
SRR19762575	TIMM23--PARGP1
SRR19762575	RP11-313P13.3--CCDC146
SRR19762575	LINC00623--RP11-403I13.8
SRR19762575	RPA3-AS1--GLCCI1
SRR19762575	RP11-96H19.1--RP11-446N19.1
SRR19762478	ZEB1--HNRNPF
SRR19762478	RP11-367G6.3--FAM65B
SRR19762478	NRIP1--AF127936.7
SRR19762478	SRSF1--DDX5
SRR19762478	RP11-96H19.1--RP11-446N19.1
SRR19762478	LEPROT--LEPR
SRR19762478	OAZ1--PTMA
SRR19762478	RP11-155G15.2--RP11-1E3.1
SRR19762478	OAZ1--KLF16
SRR19762478	TIMM23--PARGP1
SRR19762478	POLE--ANKLE2
SRR19762478	IRF1--PTMA
SRR19762478	OAZ1--DAZAP1
SRR19762478	RP11-120D5.1--MID1
SRR19762188	IGH-@-ext--HLA-B
SRR19762188	SBNO1--SETD8
SRR19762188	RP11-367G6.3--FAM65B
SRR19762188	SRSF1--DDX5
SRR19762188	HNRNPH1--DDX5
SRR19762188	EIF4A1--DDX5
SRR19762188	LEPROT--LEPR
SRR19762188	EIF4A1--EIF5A
SRR19762188	TIMM23--PARGP1
SRR19762188	DDX5--IRF4
SRR19762188	MIR155HG--JAM2
SRR19762188	MACC1--AC005062.2
SRR19762400	RP11-367G6.3--FAM65B
SRR19762400	KANSL1--ARL17A
SRR19762400	PFKFB3--RP11-563J2.2
SRR19762400	LEPROT--LEPR
SRR19762400	TIMM23--PARGP1
SRR19762861	ZEB1--HNRNPF
SRR19762861	NAPSB--IGH@-ext
SRR19762861	SIK1--ACTB
SRR19762861	RP11-367G6.3--FAM65B
SRR19762861	NRIP1--AF127936.7
SRR19762861	TPM4--PTMA
SRR19762861	LEPROT--LEPR
SRR19762861	OAZ1--PTMA
SRR19762861	POLR1A--REEP1
SRR19762861	NCOR2--UBC
SRR19762861	TIMM23--PARGP1
SRR19762861	IGL-@-ext--MAGIX
SRR19762861	ACTB--PTMA
SRR19762861	IGH@-ext--NAPSB
SRR19762861	IGLVI-70--IGL@-ext
SRR19762227	IGLVI-70--IGL@-ext
SRR19762227	RAB2A--KCNS2
SRR19762227	AC007879.5--AC007879.2
SRR19762227	IGH@-ext--PFKFB4
SRR19762227	RP11-367G6.3--FAM65B
SRR19762227	RBM10--DDX5
SRR19762227	LEPROT--LEPR
SRR19762227	SEPT7P2--PSPH
SRR19762227	CLCF1--ZNF524
SRR19762227	PTP4A1--EEF1A1P5
SRR19762227	RP11-155G15.2--RP11-1E3.1
SRR19762227	TIMM23--PARGP1
SRR19762227	C15orf57--CBX3
SRR19762227	IGH-@-ext--RPS2
SRR19762227	OAZ1--KLF16
SRR19762227	TIMM23--RP11-574K11.29
SRR19762227	EIF4A1--EIF5A
SRR19762227	MACC1--AC005062.2
SRR19762678	OAZ1--SIK1
SRR19762678	RPA3-AS1--GLCCI1
SRR19762678	SBNO1--SETD8
SRR19762678	RP11-367G6.3--FAM65B
SRR19762678	SRSF1--DDX5
SRR19762678	PTP4A1--EEF1A1
SRR19762678	PFKFB3--RP11-563J2.2
SRR19762678	LEPROT--LEPR
SRR19762678	FUS--SETD1A
SRR19762678	USP10--KLHL36
SRR19762678	OAZ1--PTMA
SRR19762678	OAZ1--BTBD2
SRR19762678	OAZ1--KLF16
SRR19762678	TIMM23--PARGP1
SRR19762678	WASH5P--AJ271736.10
SRR19762678	OAZ1--CSNK1G2
SRR19762678	TIMM23--RP11-574K11.29
SRR19762678	EIF4A1--PTMA
SRR19762473	FNBP1--SET
SRR19762473	RP11-367G6.3--FAM65B
SRR19762473	PFKFB3--RP11-563J2.2
SRR19762473	EIF4A1--DDX5
SRR19762473	SLC19A1--SUMO3
SRR19762473	LEPROT--LEPR
SRR19762473	RP11-380O24.1--SRGAP3
SRR19762473	OAZ1--RNF126
SRR19762473	OAZ1--KLF16
SRR19762473	CTSC--RAB38
SRR19762473	TIMM23--PARGP1
SRR19762473	DLX4--IGH@-ext
SRR19762473	PTBP1--RNF126
SRR19762473	OAZ1--NOP2
SRR19762473	IGKV1D-27--AC096579.7
SRR19762473	PIM3--SCO2
SRR19762636	HNRNPH1--DDX5
SRR19762636	LEPROT--LEPR
SRR19762636	CTSC--RAB38
SRR19762636	TIMM23--RP11-574K11.29
SRR19762636	ZEB1--HNRNPF
SRR19762636	YWHAE--CRK
SRR19762636	TRIM60--AKAP13
SRR19762636	PTBP1--KLF16
SRR19762636	SRSF1--DDX5
SRR19762636	NCOR2--UBC
SRR19762636	TMEM123--BIRC2
SRR19762636	ZNF815P--OR7E39P
SRR19762636	LAPTM5--UBB
SRR19762636	RP11-367G6.3--FAM65B
SRR19762636	OAZ1--KLF16
SRR19762636	TIMM23--PARGP1
SRR19762636	PIM3--SCO2
SRR19762636	LINC00623--RP11-403I13.8
SRR19762636	BSG--RAC2
SRR19762636	RP11-96H19.1--RP11-446N19.1
SRR19762636	PFKFB3--RP11-563J2.2
SRR19762414	RP11-367G6.3--FAM65B
SRR19762414	SRSF1--DDX5
SRR19762414	KANSL1--ARL17A
SRR19762414	LEPROT--LEPR
SRR19762414	TIMM23--PARGP1
SRR19762414	POLE--ANKLE2
SRR19762414	TIMM23--RP11-574K11.29
SRR19762414	MACC1--AC005062.2
SRR19762651	NCL--PTMA
SRR19762651	HIATL1--RP11-307E17.8
SRR19762651	ACTB--IRF4
SRR19762651	OAZ1--DOT1L
SRR19762651	LEPROT--LEPR
SRR19762651	OAZ1--PTMA
SRR19762651	POLE--ANKLE2
SRR19762651	TIMM23--RP11-574K11.29
SRR19762651	IGH-@-ext--PTMA
SRR19762651	RNF216--ACTB
SRR19762651	SRSF1--DDX5
SRR19762651	PTP4A1--EEF1A1
SRR19762651	BCKDHB--RP11-250B2.3
SRR19762651	MKLN1-AS1--ACTB
SRR19762651	IGH-@-ext--MT-CO3
SRR19762651	IGH-@-ext--HLA-B
SRR19762651	RP11-367G6.3--FAM65B
SRR19762651	BOLA2B--RP11-347C12.2
SRR19762651	RP11-380O24.1--SRGAP3
SRR19762651	TIMM23--PARGP1
SRR19762651	ARF1--KLHDC4
SRR19762651	B2M--IRF4
SRR19762651	IGH-@-ext--HMGB1
SRR19762651	RP11-120D5.1--MID1
SRR19762651	EIF4A1--ACTB
SRR19762651	USP12--HMGB1
SRR19762651	FASN--ACTB
SRR19762651	PFKFB3--RP11-563J2.2
SRR19762651	IGH-@-ext--NCL
SRR19762651	ACTB--PTMA
SRR19762651	EIF4A1--PTMA
SRR19762644	RP11-367G6.3--FAM65B
SRR19762644	RP11-96H19.1--RP11-446N19.1
SRR19762644	TPM4--PTMA
SRR19762644	DDX5--PTMA
SRR19762644	LEPROT--LEPR
SRR19762644	OAZ1--ACTB
SRR19762644	TIMM23--PARGP1
SRR19762644	POLE--ANKLE2
SRR19762644	TIMM23--RP11-574K11.29
SRR19762644	CFL1--ACTB
SRR19762644	EIF4A1--ACTB
SRR19762205	EIF4A1--IRF4
SRR19762205	LEPROT--LEPR
SRR19762205	C7orf50--ACTB
SRR19762205	OAZ1--PTMA
SRR19762205	FBXO25--SEPT14
SRR19762205	SMPDL3B--THEMIS2
SRR19762205	TIMM23--RP11-574K11.29
SRR19762205	HMGN2--ACTB
SRR19762205	RP11-367G6.3--FAM65B
SRR19762205	RP6-206I17.1--RP11-403I13.8
SRR19762205	ACTB--RAC2
SRR19762205	CARKD--ING1
SRR19762205	TIMM23--PARGP1
SRR19762205	VTI1A--RP11-57H14.3
SRR19762205	ACTB--FSCN1
SRR19762205	P2RY8--OTUD5
SRR19762205	RP11-96H19.1--RP11-446N19.1
SRR19762205	PFKFB3--RP11-563J2.2
SRR19762205	OAZ1--ACTB
SRR19762205	ACTB--PTMA
SRR19762205	OAZ1--DAZAP1
SRR19762906	LINC00623--RP11-403I13.8
SRR19762906	RP11-367G6.3--FAM65B
SRR19762906	RP11-96H19.1--RP11-446N19.1
SRR19762906	PFKFB3--RP11-563J2.2
SRR19762906	VTI1A--RP11-57H14.3
SRR19762906	IGL-@-ext--MT-RNR2
SRR19762906	IGH-@-ext--MT-ND4
SRR19762906	NCOR2--UBC
SRR19762906	TIMM23--PARGP1
SRR19762906	POLE--ANKLE2
SRR19762906	OAZ1--SF1
SRR19762906	MACC1--AC005062.2
SRR19762906	INPP5E--SEC16A
SRR19762906	TIMM23--RP11-574K11.29
SRR19762906	EIF4A1--EIF5A
SRR19762906	OAZ1--DAZAP1
SRR19762906	IGH-@-ext--ENO1
SRR19762464	ZEB1--HNRNPF
SRR19762464	YWHAE--CRK
SRR19762464	C1ORF220--RP5-1098D14.1
SRR19762464	RP11-367G6.3--FAM65B
SRR19762464	RP11-381K20.2--KLHL3
SRR19762464	NRIP1--AF127936.7
SRR19762464	TPM4--KLF2
SRR19762464	PFKFB3--RP11-563J2.2
SRR19762464	RMND5A--ANAPC1
SRR19762464	LEPROT--LEPR
SRR19762464	RP11-155G15.2--RP11-1E3.1
SRR19762464	OAZ1--KLF16
SRR19762464	TIMM23--PARGP1
SRR19762464	TIMM23--RP11-574K11.29
SRR19762464	EIF4A1--EIF5A
SRR19762296	RP11-367G6.3--FAM65B
SRR19762296	BOLA2B--RP11-347C12.2
SRR19762296	RP11-381K20.2--KLHL3
SRR19762296	PFKFB3--RP11-563J2.2
SRR19762296	RP11-380O24.1--SRGAP3
SRR19762296	LEPROT--LEPR
SRR19762296	SEPT7P2--PSPH
SRR19762296	RP11-155G15.2--RP11-1E3.1
SRR19762296	OAZ1--KLF16
SRR19762296	TIMM23--PARGP1
SRR19762296	POLE--ANKLE2
SRR19762296	VTI1A--RP11-57H14.3
SRR19762296	EIF4A1--EIF5A
SRR19762934	RP11-367G6.3--FAM65B
SRR19762934	IGL-@-ext--RPL8
SRR19762934	RP11-96H19.1--RP11-446N19.1
SRR19762934	SRSF1--DDX5
SRR19762934	PFKFB3--RP11-563J2.2
SRR19762934	LEPROT--LEPR
SRR19762934	B2M--RAC2
SRR19762934	CTSC--RAB38
SRR19762934	OAZ1--KLF16
SRR19762934	TIMM23--PARGP1
SRR19762934	HIC2--PI4KA
SRR19762934	EIF4A1--EIF5A
SRR19762934	IGLVI-70--IGL@-ext
SRR19762898	RNF216--ACTB
SRR19762898	RP11-367G6.3--FAM65B
SRR19762898	BOLA2B--RP11-347C12.2
SRR19762898	SRSF1--DDX5
SRR19762898	KANSL1--ARL17A
SRR19762898	PFKFB3--RP11-563J2.2
SRR19762898	LRRC8B--LRRC8C
SRR19762898	LEPROT--LEPR
SRR19762898	TIMM23--PARGP1
SRR19762898	ACTB--PTMA
SRR19762898	MT-RNR2--TRMT2A
SRR19762898	MIR4435-1HG--AC083899.3
SRR19762284	NCL--PTMA
SRR19762284	OAZ1--DOT1L
SRR19762284	PRKRIP1--CTA-313A17.3
SRR19762284	MACC1--AC005062.2
SRR19762284	AP3S1--AQPEP
SRR19762284	BCKDHB--RP11-250B2.3
SRR19762284	RP11-155G15.2--RP11-1E3.1
SRR19762284	C15orf57--CBX3
SRR19762284	ITM2C--PTMA
SRR19762284	BOLA2B--RP11-347C12.2
SRR19762284	TIMM23--PARGP1
SRR19762284	GGNBP2--MYO19
SRR19762284	VTI1A--RP11-57H14.3
SRR19762284	USP12--HMGB1
SRR19762284	PFKFB3--RP11-563J2.2
SRR19762284	HNRNPH1--HNRNPAB
SRR19762284	GLTSCR2--DHX34
SRR19762284	OAZ1--ACTB
SRR19762284	ACTB--PTMA
SRR19762284	ZEB1--HMGB1
SRR19762284	EIF4A1--EIF5A
SRR19762884	SFSWAP--NOC4L
SRR19762884	DDX5--EIF4A1
SRR19762884	RP11-367G6.3--FAM65B
SRR19762884	HMGN2--PTMA
SRR19762884	NRIP1--AF127936.7
SRR19762884	OAZ1--DOT1L
SRR19762884	OAZ1--ACTB
SRR19762884	NCOR2--UBC
SRR19762884	TIMM23--PARGP1
SRR19762884	KLF10--AZIN1
SRR19762884	EIF4A1--EIF5A
SRR19762884	ACTB--ZNF276
SRR19762468	LINC00623--RP11-403I13.8
SRR19762468	RP11-367G6.3--FAM65B
SRR19762468	NRIP1--AF127936.7
SRR19762468	IGL-@-ext--RP11-461O7.1
SRR19762468	LEPROT--LEPR
SRR19762468	SEPT7P2--PSPH
SRR19762468	TIMM23--PARGP1
SRR19762468	G3BP2--CCNG2
SRR19762468	ZC3H3--EEF1D
SRR19762468	KLF10--AZIN1
SRR19762468	B3GNT2--EHBP1
SRR19762499	ACTB--FSCN1
SRR19762499	IGLVI-70--IGL@-ext
SRR19762499	RPA3-AS1--GLCCI1
SRR19762499	RP11-367G6.3--FAM65B
SRR19762499	PFKFB3--RP11-563J2.2
SRR19762499	LEPROT--LEPR
SRR19762499	USP10--KLHL36
SRR19762499	CARKD--ING1
SRR19762499	RP11-155G15.2--RP11-1E3.1
SRR19762499	NRL--DHRS4-AS1
SRR19762499	NCOR2--UBC
SRR19762499	TIMM23--PARGP1
SRR19762499	ACTB--PTMA
SRR19762499	CTC-786C10.1--RP11-680G10.1
SRR19762499	TIMM23--RP11-574K11.29
SRR19762499	EIF4A1--EIF5A
SRR19762499	RPS10--NUDT3
SRR19762499	CYTH1--USP36
SRR19762560	ACTB--FSCN1
SRR19762560	RP11-367G6.3--FAM65B
SRR19762560	RP11-96H19.1--RP11-446N19.1
SRR19762560	RP6-206I17.1--RP11-403I13.8
SRR19762560	LEPROT--LEPR
SRR19762560	OAZ1--KLF16
SRR19762560	TIMM23--PARGP1
SRR19762560	ACTB--PTMA
SRR19762560	ITM2C--PTMA
SRR19762560	VTI1A--RP11-57H14.3
SRR19762560	TIMM23--RP11-574K11.29
SRR19762560	ACTB--SET
SRR19762600	RAB2A--KCNS2
SRR19762600	RP11-662M24.2--RIMBP2
SRR19762600	OAZ1--DOT1L
SRR19762600	LEPROT--LEPR
SRR19762600	ANO2--IGH@-ext
SRR19762600	ACTB--TNRC18
SRR19762600	TIMM23--RP11-574K11.29
SRR19762600	RNF216--ACTB
SRR19762600	SIK1--ACTB
SRR19762600	MAFK--ACTB
SRR19762600	RP11-155G15.2--RP11-1E3.1
SRR19762600	NCOR2--UBC
SRR19762600	RP11-367G6.3--FAM65B
SRR19762600	TMEM63B--VEGFA
SRR19762600	TIMM23--PARGP1
SRR19762600	SIK1--PTMA
SRR19762600	PIM3--SCO2
SRR19762600	HNRNPA2B1--ACTB
SRR19762600	POM121C--ZP3
SRR19762600	OAZ1--ACTB
SRR19762600	ACTB--PTMA
SRR19762600	C6orf106--SPDEF
SRR19762600	YWHAZ--KLF10
SRR19762187	OAZ1--TCF3
SRR19762187	TRIM60--AKAP13
SRR19762187	RP11-367G6.3--FAM65B
SRR19762187	SRSF1--DDX5
SRR19762187	PFKFB3--RP11-563J2.2
SRR19762187	RP6-206I17.1--RP11-403I13.8
SRR19762187	LEPROT--LEPR
SRR19762187	OAZ1--KLF16
SRR19762187	TIMM23--PARGP1
SRR19762187	RP11-499P20.2--NSUN6
SRR19762187	TIMM23--RP11-574K11.29
SRR19762790	RP11-367G6.3--FAM65B
SRR19762790	RP6-206I17.1--RP11-403I13.8
SRR19762790	EIF4A1--DDX5
SRR19762790	LEPROT--LEPR
SRR19762790	TIMM23--PARGP1
SRR19762790	TIMM23--RP11-574K11.29
SRR19762790	EIF4A1--EIF5A
SRR19762457	ACTB--FSCN1
SRR19762457	SIK1--ACTB
SRR19762457	RP11-662M24.2--RIMBP2
SRR19762457	AC007879.5--AC007879.2
SRR19762457	RP11-367G6.3--FAM65B
SRR19762457	BOLA2B--RP11-345J4.8
SRR19762457	PFKFB3--RP11-563J2.2
SRR19762457	PTBP1--PTMA
SRR19762457	TMEM18--PTMA
SRR19762457	LEPROT--LEPR
SRR19762457	RP11-155G15.2--RP11-1E3.1
SRR19762457	NCOR2--UBC
SRR19762457	TIMM23--PARGP1
SRR19762457	B3GNT2--EHBP1
SRR19762457	TIMM23--RP11-574K11.29
SRR19762457	EIF4A1--EIF5A
SRR19762457	OAZ1--DAZAP1
SRR19762716	RP11-77H9.2--ABAT
SRR19762716	RP11-367G6.3--FAM65B
SRR19762716	BOLA2B--RP11-347C12.2
SRR19762716	OAZ1--DOT1L
SRR19762716	RP6-206I17.1--RP11-403I13.8
SRR19762716	MAFK--ACTB
SRR19762716	LEPROT--LEPR
SRR19762716	TIMM23--PARGP1
SRR19762716	TIMM23--RP11-574K11.29
SRR19762765	RAB2A--KCNS2
SRR19762765	RP11-662M24.2--RIMBP2
SRR19762765	RPA3-AS1--GLCCI1
SRR19762765	SBNO1--SETD8
SRR19762765	NCL--PTMA
SRR19762765	RP11-367G6.3--FAM65B
SRR19762765	SRSF1--DDX5
SRR19762765	RP6-206I17.1--RP11-403I13.8
SRR19762765	RAB30--PRCP
SRR19762765	LEPROT--LEPR
SRR19762765	RP11-380O24.1--SRGAP3
SRR19762765	EEF1DP3--FRY
SRR19762765	TIMM23--PARGP1
SRR19762765	TIMM23--RP11-574K11.29
SRR19762765	EIF4A1--EIF5A
SRR19762765	IGH-@-ext--PFN1
SRR19762765	EIF4A1--PTMA
SRR19762765	IGLVI-70--IGL@-ext
SRR19762352	LEPROT--LEPR
SRR19762352	IGH-@-ext--RPL5
SRR19762352	BSG--PTMA
SRR19762352	SLC19A1--SUMO3
SRR19762352	ZEB1--WAC
SRR19762352	SRSF1--DDX5
SRR19762352	EIF4A1--DDX5
SRR19762352	YWHAE--PITPNA
SRR19762352	RP11-155G15.2--RP11-1E3.1
SRR19762352	TMEM63B--IRF4
SRR19762352	RP11-367G6.3--FAM65B
SRR19762352	RP11-305P22.9--PTMA
SRR19762352	KANSL1--ARL17A
SRR19762352	TMEM63B--VEGFA
SRR19762352	TIMM23--PARGP1
SRR19762352	IGH-@-ext--MT-RNR2
SRR19762352	VTI1A--RP11-57H14.3
SRR19762352	B2M--IRF4
SRR19762352	PIM3--SCO2
SRR19762352	LINC00623--RP11-403I13.8
SRR19762352	RP11-96H19.1--RP11-446N19.1
SRR19762352	PFKFB3--RP11-563J2.2
SRR19762352	USP10--KLHL36
SRR19762352	N4BP2L1--HMGB1
SRR19762352	EIF4A1--EIF5A
SRR19762352	EIF4A1--PTMA
SRR19762596	OAZ1--RAC2
SRR19762596	RP11-662M24.2--RIMBP2
SRR19762596	OAZ1--DOT1L
SRR19762596	LEPROT--LEPR
SRR19762596	OAZ1--PTMA
SRR19762596	CTSC--RAB38
SRR19762596	TIMM23--RP11-574K11.29
SRR19762596	SIK1--ACTB
SRR19762596	SRSF1--DDX5
SRR19762596	YWHAZ--ZNF706
SRR19762596	TKTL1--FLNA
SRR19762596	IGKV2-29--AC096579.7
SRR19762596	RP11-1023L17.1--C1QTNF3
SRR19762596	RP11-367G6.3--FAM65B
SRR19762596	KANSL1--ARL17A
SRR19762596	RP6-206I17.1--RP11-403I13.8
SRR19762596	TIMM23--PARGP1
SRR19762596	ACTB--FSCN1
SRR19762596	RPA3-AS1--GLCCI1
SRR19762596	PFKFB3--RP11-563J2.2
SRR19762305	NCL--PTMA
SRR19762305	HNRNPH1--DDX5
SRR19762305	LEPROT--LEPR
SRR19762305	FUS--DDX5
SRR19762305	OAZ1--PTMA
SRR19762305	AKAP13--AC013394.2
SRR19762305	C5orf56--RAD50
SRR19762305	SRSF9--UBC
SRR19762305	NPEPPS--TBC1D3C
SRR19762305	SRSF1--DDX5
SRR19762305	C15orf57--CBX3
SRR19762305	SYNCRIP--PNRC1
SRR19762305	RP11-367G6.3--FAM65B
SRR19762305	NRIP1--AF127936.7
SRR19762305	RP11-381K20.2--KLHL3
SRR19762305	TIMM23--PARGP1
SRR19762305	ARID3A--PTMA
SRR19762305	EIF4A1--ACTB
SRR19762305	LARS2--LIMD1
SRR19762305	RPA3-AS1--GLCCI1
SRR19762305	RP11-439L18.2--HIVEP2
SRR19762305	EIF4A1--EIF5A
SRR19762174	RP11-367G6.3--FAM65B
SRR19762174	PFKFB3--RP11-563J2.2
SRR19762174	RP6-206I17.1--RP11-403I13.8
SRR19762174	LEPROT--LEPR
SRR19762174	RP11-155G15.2--RP11-1E3.1
SRR19762174	TIMM23--PARGP1
SRR19762174	TIMM23--RP11-574K11.29
SRR19762174	NUTM2A-AS1--MINPP1
SRR19762239	RP11-367G6.3--FAM65B
SRR19762239	RP11-353N4.6--RP11-403I13.8
SRR19762239	KANSL1--ARL17A
SRR19762239	LEPROT--LEPR
SRR19762239	EIF4A1--EIF5A
SRR19762239	OAZ1--KLF16
SRR19762239	NUTM2A-AS1--MINPP1
SRR19762239	TIMM23--PARGP1
SRR19762239	IGH@-ext--LPHN1
SRR19762239	B3GNT2--EHBP1
SRR19762891	RAB2A--KCNS2
SRR19762891	SIK1--ACTB
SRR19762891	RP11-420B22.2--IGH@-ext
SRR19762891	BOLA2B--RP11-345J4.8
SRR19762891	RP11-367G6.3--FAM65B
SRR19762891	BEST1--HNRNPA0
SRR19762891	TPM4--ACTB
SRR19762891	LEPROT--LEPR
SRR19762891	PACSIN2--RAC2
SRR19762891	OAZ1--ACTB
SRR19762891	OAZ1--KLF16
SRR19762891	TIMM23--PARGP1
SRR19762891	IGH-@-ext--NAP1L1
SRR19762891	TIMM23--RP11-574K11.29
SRR19762891	IGH-@-ext--PFN1
SRR19762378	AC131097.3--AC093642.5
SRR19762378	C5orf56--RAD50
SRR19762378	TRIM60--AKAP13
SRR19762378	PITPNB--ATP6V1E1
SRR19762378	RP11-96H19.1--RP11-446N19.1
SRR19762378	OAZ1--DOT1L
SRR19762378	LEPROT--LEPR
SRR19762378	CTA-714B7.5--RP1-272J12.1
SRR19762378	TIMM23--PARGP1
SRR19762378	ITM2C--PTMA
SRR19762378	RP11-444D3.1--SOX5
SRR19762378	TIMM23--RP11-574K11.29
SRR19762378	CALM2--BCL2L11
SRR19762378	RPS10--NUDT3
SRR19762679	KANSL1--ARL17B
SRR19762679	RPA3-AS1--GLCCI1
SRR19762679	IGH-@-ext--RN7SL109P
SRR19762679	RP11-367G6.3--FAM65B
SRR19762679	SRSF1--DDX5
SRR19762679	OAZ1--DOT1L
SRR19762679	EIF4A1--DDX5
SRR19762679	SPEN--DOT1L
SRR19762679	OAZ1--PTMA
SRR19762679	RP11-745L13.2--RPL7AP28
SRR19762679	PTP4A1--EEF1A1P5
SRR19762679	BCKDHB--RP11-250B2.3
SRR19762679	TIMM23--PARGP1
SRR19762679	CTSC--RAB38
SRR19762679	VTI1A--RP11-57H14.3
SRR19762679	TIMM23--RP11-574K11.29
SRR19762679	EIF4A1--EIF5A
SRR19762887	AC092635.1--AC016730.1
SRR19762887	SIK1--ACTB
SRR19762887	RP11-367G6.3--FAM65B
SRR19762887	IRF4--PTMA
SRR19762887	RP11-96H19.1--RP11-446N19.1
SRR19762887	PFKFB3--RP11-563J2.2
SRR19762887	LEPROT--LEPR
SRR19762887	TIMM23--PARGP1
SRR19762887	MACC1--AC005062.2
SRR19762887	EIF4A1--ACTB
SRR19762887	PIM3--SCO2
SRR19762887	IGLVI-70--IGL@-ext
SRR19762489	ZEB1--WAC
SRR19762489	RP11-1E3.1--RP11-455B3.1
SRR19762489	RP11-662M24.2--RIMBP2
SRR19762489	RPA3-AS1--GLCCI1
SRR19762489	RP11-367G6.3--FAM65B
SRR19762489	RP11-96H19.1--RP11-446N19.1
SRR19762489	EIF4A1--TMC6
SRR19762489	RP6-206I17.1--RP11-403I13.8
SRR19762489	RP11-81H14.2--MDM1
SRR19762489	LEPROT--LEPR
SRR19762489	OAZ1--ATP6V0C
SRR19762489	RP11-155G15.2--RP11-1E3.1
SRR19762489	BSG--RNF126
SRR19762489	TIMM23--PARGP1
SRR19762489	C15orf57--CBX3
SRR19762489	POLE--ANKLE2
SRR19762489	TIMM23--RP11-574K11.29
SRR19762489	EIF4A1--EIF5A
SRR19762555	KANSL1--ARL17B
SRR19762555	PFKFB3--RP11-563J2.2
SRR19762555	LEPROT--LEPR
SRR19762555	CTSC--RAB38
SRR19762555	TIMM23--PARGP1
SRR19762555	ACTB--PTMA
SRR19762555	OAZ1--DAZAP1
SRR19762797	ACTB--FSCN1
SRR19762797	RNF216--ACTB
SRR19762797	LINC00623--RP11-403I13.8
SRR19762797	RP11-367G6.3--FAM65B
SRR19762797	RP11-96H19.1--RP11-446N19.1
SRR19762797	PFKFB3--RP11-563J2.2
SRR19762797	LEPROT--LEPR
SRR19762797	TIMM23--PARGP1
SRR19762797	SIK1--PTMA
SRR19762797	ZC3H3--EEF1D
SRR19762797	RP11-444D3.1--SOX5
SRR19762797	EIF4A1--EIF5A
SRR19762797	B3GNT2--EHBP1
SRR19762372	ANP32E--PLEKHO1
SRR19762372	RP11-662M24.2--RIMBP2
SRR19762372	EDF1--PTMA
SRR19762372	RP11-367G6.3--FAM65B
SRR19762372	OAZ1--DOT1L
SRR19762372	PFKFB3--RP11-563J2.2
SRR19762372	LEPROT--LEPR
SRR19762372	RP11-155G15.2--RP11-1E3.1
SRR19762372	HLA-S--HLA-A
SRR19762372	TIMM23--PARGP1
SRR19762372	EIF4G2--PTMA
SRR19762372	TIMM23--RP11-574K11.29
SRR19762372	EIF4A1--EIF5A
SRR19762372	OAZ1--DAZAP1
SRR19762372	MACC1--AC005062.2
SRR19762821	IGH@-ext--MT-CO1
SRR19762821	RP11-367G6.3--FAM65B
SRR19762821	NRIP1--AF127936.7
SRR19762821	PFKFB3--RP11-563J2.2
SRR19762821	RP6-206I17.1--RP11-403I13.8
SRR19762821	POM121C--ZP3
SRR19762821	LEPROT--LEPR
SRR19762821	CST9L--IGH-@-ext
SRR19762821	AP3S1--AQPEP
SRR19762821	OAZ1--KLF16
SRR19762821	NCOR2--UBC
SRR19762821	TIMM23--PARGP1
SRR19762821	HLA-S--HLA-A
SRR19762307	PPARGC1B--PTMA
SRR19762307	RP11-662M24.2--RIMBP2
SRR19762307	LEPROT--LEPR
SRR19762307	B2M--AC013394.2
SRR19762307	POLE--ANKLE2
SRR19762307	TIMM23--RP11-574K11.29
SRR19762307	RP11-14D22.2--PRICKLE2
SRR19762307	TIMM23--AGAP6
SRR19762307	SRSF1--DDX5
SRR19762307	PTP4A1--EEF1A1
SRR19762307	EEF1DP3--FRY
SRR19762307	RP11-155G15.2--RP11-1E3.1
SRR19762307	B2M--IGH@-ext
SRR19762307	RP11-367G6.3--FAM65B
SRR19762307	NRIP1--AF127936.7
SRR19762307	BOLA2B--RP11-347C12.2
SRR19762307	BSG--RNF126
SRR19762307	IGH@-ext--EEF1A1
SRR19762307	OAZ1--KLF16
SRR19762307	TIMM23--PARGP1
SRR19762307	YAF2--RYBP
SRR19762307	PFKFB3--RP11-563J2.2
SRR19762307	IGL-@-ext--EEF1A1
SRR19762307	EIF4A1--EIF5A
SRR19762852	ACTB--FSCN1
SRR19762852	RP11-367G6.3--FAM65B
SRR19762852	PFKFB3--RP11-563J2.2
SRR19762852	RP6-206I17.1--RP11-403I13.8
SRR19762852	MAFK--ACTB
SRR19762852	TIMM23--PARGP1
SRR19762519	AC131097.3--AC093642.5
SRR19762519	RP11-367G6.3--FAM65B
SRR19762519	RP11-96H19.1--RP11-446N19.1
SRR19762519	NRIP1--AF127936.7
SRR19762519	KANSL1--ARL17A
SRR19762519	TIMM23B--PARGP1
SRR19762519	SRSF1--DDX5
SRR19762519	LEPROT--LEPR
SRR19762519	USP10--KLHL36
SRR19762519	OAZ1--KLF16
SRR19762519	N4BP2L1--HMGB1
SRR19762519	POLE--ANKLE2
SRR19762519	NUTM2A-AS1--MINPP1
SRR19762519	EIF5A--EIF4A1
SRR19762519	TIMM23--RP11-574K11.29
SRR19762519	EIF4A1--EIF5A
SRR19762519	IGLVI-70--IGL@-ext
SRR19762618	ACTB--FSCN1
SRR19762618	IGLVI-70--IGL@-ext
SRR19762618	SIK1--ACTB
SRR19762618	REXO1--KLF16
SRR19762618	RP11-367G6.3--FAM65B
SRR19762618	BOLA2B--RP11-345J4.8
SRR19762618	RP11-96H19.1--RP11-446N19.1
SRR19762618	RP6-206I17.1--RP11-403I13.8
SRR19762618	LEPROT--LEPR
SRR19762618	FBRSL1--NOC4L
SRR19762618	GAS6--IGH@-ext
SRR19762618	OAZ1--KLF16
SRR19762618	TIMM23--PARGP1
SRR19762618	RP11-316P17.2--RP5-1050E16.2
SRR19762618	RPS10--NUDT3
SRR19762618	MACC1--AC005062.2
SRR19762618	OAZ1--DAZAP1
SRR19762618	CYTH1--USP36
SRR19762266	BSG--ACTB
SRR19762266	KPNA2--DHX40
SRR19762266	LINC00623--RP11-403I13.8
SRR19762266	RP11-367G6.3--FAM65B
SRR19762266	NRIP1--AF127936.7
SRR19762266	PFKFB3--RP11-563J2.2
SRR19762266	PTBP1--ACTB
SRR19762266	RP11-380O24.1--SRGAP3
SRR19762266	TIMM23--PARGP1
SRR19762266	SACM1L--RAB11FIP1P1
SRR19762266	IGH@-ext--MT-ATP8
SRR19762266	HLA-S--HLA-A
SRR19762266	TIMM23--RP11-574K11.29
SRR19762266	CFL1--ACTB
SRR19762196	BOP1--ACTB
SRR19762196	RPA3-AS1--GLCCI1
SRR19762196	ACTB--LIMD2
SRR19762196	RP11-367G6.3--FAM65B
SRR19762196	SRSF1--DDX5
SRR19762196	RP6-206I17.1--RP11-403I13.8
SRR19762196	LEPROT--LEPR
SRR19762196	RP11-155G15.2--RP11-1E3.1
SRR19762196	TIMM23--PARGP1
SRR19762196	ACTB--PTMA
SRR19762196	RP11-444D3.1--SOX5
SRR19762196	EIF4A1--EIF5A
SRR19762196	EIF4A1--ACTB
SRR19762850	IGH-@-ext--HLA-B
SRR19762850	RP11-662M24.2--RIMBP2
SRR19762850	RP11-367G6.3--FAM65B
SRR19762850	KANSL1--ARL17A
SRR19762850	TIMM23--PARGP1
SRR19762856	RP11-367G6.3--FAM65B
SRR19762856	IGL-@-ext--RPL8
SRR19762856	PFKFB3--RP11-563J2.2
SRR19762856	LEPROT--LEPR
SRR19762856	IGL-@-ext--EEF1A1
SRR19762856	TIMM23--PARGP1
SRR19762856	ACTB--PTMA
SRR19762856	VTI1A--RP11-57H14.3
SRR19762856	IGL-@-ext--RPL13A
SRR19762856	IGH-@-ext--PFN1
SRR19762856	EIF4A1--EIF5A
SRR19762507	OAZ1--TCF3
SRR19762507	LEPROT--LEPR
SRR19762507	OAZ1--PTMA
SRR19762507	POLE--ANKLE2
SRR19762507	C5orf56--RAD50
SRR19762507	SLC25A6--ZNF608
SRR19762507	OAZ1--SGTA
SRR19762507	RP11-155G15.2--RP11-1E3.1
SRR19762507	NCOR2--UBC
SRR19762507	KANSL1--ARL17B
SRR19762507	AC131097.3--AC093642.5
SRR19762507	RP11-367G6.3--FAM65B
SRR19762507	BOLA2B--RP11-347C12.2
SRR19762507	BSG--RNF126
SRR19762507	OAZ1--KLF16
SRR19762507	TIMM23--PARGP1
SRR19762507	NARS2--TENM4
SRR19762507	RP11-274B21.1--RP11-206L10.3
SRR19762507	ACTB--FSCN1
SRR19762507	RP11-353N4.6--RP11-403I13.7
SRR19762507	PFKFB3--RP11-563J2.2
SRR19762507	SLC7A5P1--NOP14
SRR19762507	OAZ1--ACTB
SRR19762507	ACTB--PTMA
SRR19762507	GATSL2--GTF2I
SRR19762404	DDX5--HN1
SRR19762404	OAZ1--DOT1L
SRR19762404	OAZ1--DDX5
SRR19762404	LEPROT--LEPR
SRR19762404	OAZ1--PTMA
SRR19762404	IGH-@-ext--UBB
SRR19762404	SRSF1--DDX5
SRR19762404	BAZ1A--NFKBIA
SRR19762404	RP11-155G15.2--RP11-1E3.1
SRR19762404	PARG--BMS1
SRR19762404	RP11-367G6.3--FAM65B
SRR19762404	IGL-@-ext--RPL8
SRR19762404	NRIP1--AF127936.7
SRR19762404	KANSL1--ARL17A
SRR19762404	OAZ1--KLF16
SRR19762404	TIMM23--PARGP1
SRR19762404	USP12--HMGB1
SRR19762404	RP11-96H19.1--RP11-446N19.1
SRR19762404	PFKFB3--RP11-563J2.2
SRR19762404	OAZ1--CSNK1G2
SRR19762404	EIF4A1--EIF5A
SRR19762487	EDF1--SET
SRR19762487	RP11-662M24.2--RIMBP2
SRR19762487	RP11-367G6.3--FAM65B
SRR19762487	OAZ1--DOT1L
SRR19762487	PFKFB3--RP11-563J2.2
SRR19762487	LEPROT--LEPR
SRR19762487	SEPT7P2--PSPH
SRR19762487	OAZ1--KLF16
SRR19762487	TIMM23--PARGP1
SRR19762487	POLE--ANKLE2
SRR19762487	CTC-786C10.1--RP11-680G10.1
SRR19762487	MAFF--CSNK1E
SRR19762487	IGLVI-70--IGL@-ext
SRR19762220	RP11-1E3.1--RP11-455B3.1
SRR19762220	RAB2A--KCNS2
SRR19762220	RP11-662M24.2--RIMBP2
SRR19762220	SYNCRIP--PTP4A1
SRR19762220	PIM3--SELO
SRR19762220	PRKCH--RP11-47I22.3
SRR19762220	RP11-367G6.3--FAM65B
SRR19762220	SRSF1--DDX5
SRR19762220	LEPROT--LEPR
SRR19762220	BSG--RNF126
SRR19762220	RP11-155G15.2--RP11-1E3.1
SRR19762220	CTSC--RAB38
SRR19762220	TIMM23--PARGP1
SRR19762220	RP11-316P17.2--RP5-1050E16.2
SRR19762220	EIF4A1--EIF5A
SRR19762220	EIF4A1--PTMA
SRR19762931	RP11-367G6.3--FAM65B
SRR19762931	KANSL1--ARL17A
SRR19762931	LEPROT--LEPR
SRR19762931	TIMM23--PARGP1
SRR19762931	ACTB--PTMA
SRR19762909	TFG--GPR128
SRR19762909	RP11-367G6.3--FAM65B
SRR19762909	BOLA2B--RP11-347C12.2
SRR19762909	RP11-96H19.1--RP11-446N19.1
SRR19762909	OAZ1--DOT1L
SRR19762909	LEPROT--LEPR
SRR19762909	BSG--PTBP1
SRR19762909	OAZ1--KLF16
SRR19762909	TIMM23--PARGP1
SRR19762909	IGKV1D-27--AC096579.7
SRR19762777	RP11-662M24.2--RIMBP2
SRR19762777	OAZ1--TCF3
SRR19762777	LEPROT--LEPR
SRR19762777	BSG--SET
SRR19762777	BCKDHB--RP11-250B2.3
SRR19762777	RP11-155G15.2--RP11-1E3.1
SRR19762777	CTC-786C10.1--RP11-680G10.1
SRR19762777	RP11-367G6.3--FAM65B
SRR19762777	OAZ1--ZBTB7A
SRR19762777	RP11-380O24.1--SRGAP3
SRR19762777	BSG--RNF126
SRR19762777	OAZ1--KLF16
SRR19762777	TIMM23--PARGP1
SRR19762777	RP11-313P13.3--CCDC146
SRR19762777	ZNF407--ZADH2
SRR19762777	RP11-120D5.1--MID1
SRR19762777	RPA3-AS1--GLCCI1
SRR19762777	RP11-96H19.1--RP11-446N19.1
SRR19762777	PFKFB3--RP11-563J2.2
SRR19762777	FUS--SETD1A
SRR19762777	EIF4A1--EIF5A
SRR19762495	IGH-@-ext--ATP1A4
SRR19762495	RP11-1E3.1--RP11-455B3.1
SRR19762495	RAB2A--KCNS2
SRR19762495	LINC00623--RP11-403I13.8
SRR19762495	RP11-367G6.3--FAM65B
SRR19762495	RP11-96H19.1--RP11-446N19.1
SRR19762495	ARL2BP--CD74
SRR19762495	LEPROT--LEPR
SRR19762495	IGH-@-ext--EEF1A1
SRR19762495	RP11-155G15.2--RP11-1E3.1
SRR19762495	TIMM23--PARGP1
SRR19762495	EIF4A1--ACTB
SRR19762365	TIMM23--AGAP6
SRR19762365	RP11-662M24.2--RIMBP2
SRR19762365	LARS2--LIMD1
SRR19762365	RP11-367G6.3--FAM65B
SRR19762365	BOLA2B--RP11-347C12.2
SRR19762365	TIMM23--PARGP1
SRR19762365	ACTB--PTMA
SRR19762365	VTI1A--RP11-57H14.3
SRR19762365	RPS10--NUDT3
SRR19762525	RP11-662M24.2--RIMBP2
SRR19762525	LEPROT--LEPR
SRR19762525	TIMM23--RP11-574K11.29
SRR19762525	RNF216--ACTB
SRR19762525	SRSF1--DDX5
SRR19762525	EIF4A1--DDX5
SRR19762525	RP11-155G15.2--RP11-1E3.1
SRR19762525	IGH-@-ext--HLA-B
SRR19762525	RP11-367G6.3--FAM65B
SRR19762525	DDX5--ACTB
SRR19762525	KANSL1--ARL17A
SRR19762525	RP6-206I17.1--RP11-403I13.8
SRR19762525	RP11-380O24.1--SRGAP3
SRR19762525	OAZ1--KLF16
SRR19762525	TIMM23--PARGP1
SRR19762525	ACTB--FSCN1
SRR19762525	RP11-96H19.1--RP11-446N19.1
SRR19762525	IRF4--PTMA
SRR19762525	PFKFB3--RP11-563J2.2
SRR19762525	ACTB--PTMA
SRR19762525	EIF4A1--EIF5A
SRR19762525	EIF4A1--PTMA
SRR19762405	SIK1--ACTB
SRR19762405	RP11-662M24.2--RIMBP2
SRR19762405	MIR17HG--HMGB1
SRR19762405	RP11-367G6.3--FAM65B
SRR19762405	TIMM23--LINC00843
SRR19762405	PTMA--SET
SRR19762405	MAFK--ACTB
SRR19762405	LEPROT--LEPR
SRR19762405	OAZ1--PTMA
SRR19762405	RP11-155G15.2--RP11-1E3.1
SRR19762405	BSG--PTBP1
SRR19762405	BCLAF1--LTV1
SRR19762405	TIMM23--PARGP1
SRR19762405	ACTB--PTMA
SRR19762405	NCOR2--UBC
SRR19762405	EIF5A--EIF4A1
SRR19762405	RPS10--NUDT3
SRR19762405	EIF4A1--PTMA
SRR19762452	RAB2A--KCNS2
SRR19762452	OAZ1--DOT1L
SRR19762452	LEPROT--LEPR
SRR19762452	PTBP1--RNF126
SRR19762452	TIMM23--RP11-574K11.29
SRR19762452	B3GNT2--EHBP1
SRR19762452	CHSY1--RP11-505E24.2
SRR19762452	AZIN1--IRF4
SRR19762452	RP11-33B1.1--PSPH
SRR19762452	LATS2--MYCBP2
SRR19762452	GSDMC--PVT1
SRR19762452	RP11-367G6.3--FAM65B
SRR19762452	RP11-380O24.1--SRGAP3
SRR19762452	OAZ1--KLF16
SRR19762452	TIMM23--PARGP1
SRR19762452	BTLA--SETX
SRR19762452	DDX5--EIF4A1
SRR19762452	PFKFB3--RP11-563J2.2
SRR19762452	RP11-81H14.2--MDM1
SRR19762452	RMND5A--AC083899.3
SRR19762452	C6orf106--SPDEF
SRR19762452	EIF4A1--EIF5A
SRR19762452	IGH-@-ext--EEF1A1
SRR19762258	RP11-662M24.2--RIMBP2
SRR19762258	BOLA2B--RP11-345J4.8
SRR19762258	LEPROT--LEPR
SRR19762258	OAZ1--PTMA
SRR19762258	TIMM23--RP11-574K11.29
SRR19762258	IGL-@-ext--FLOT2
SRR19762258	PPARGC1B--NR3C1
SRR19762258	RP11-155G15.2--RP11-1E3.1
SRR19762258	USP22--RN7SL5P
SRR19762258	C15orf57--CBX3
SRR19762258	MIR155HG--JAM2
SRR19762258	RPL37A--IGFBP2
SRR19762258	RP11-367G6.3--FAM65B
SRR19762258	EIF4A1--SET
SRR19762258	NRIP1--AF127936.7
SRR19762258	KLF10--YWHAZ
SRR19762258	OAZ1--KLF16
SRR19762258	TIMM23--PARGP1
SRR19762258	SLC7A5--SMG1P1
SRR19762258	USP12--HMGB1
SRR19762258	RPA3-AS1--GLCCI1
SRR19762258	ACTB--PTMA
SRR19762258	EIF4A1--EIF5A
SRR19762329	PPARGC1B--PTMA
SRR19762329	RP11-662M24.2--RIMBP2
SRR19762329	TPM4--PTMA
SRR19762329	LEPROT--LEPR
SRR19762329	OAZ1--PTMA
SRR19762329	POLE--ANKLE2
SRR19762329	C5orf56--RAD50
SRR19762329	PTBP1--RNF126
SRR19762329	TIMM23--RP11-574K11.29
SRR19762329	ZEB1--HNRNPF
SRR19762329	TRIM60--AKAP13
SRR19762329	TPM4--KLF2
SRR19762329	RP11-155G15.2--RP11-1E3.1
SRR19762329	ZEB1--B2M
SRR19762329	C7orf50--PTMA
SRR19762329	NCOR2--UBC
SRR19762329	MIR155HG--JAM2
SRR19762329	AHCTF1--MT-ATP6
SRR19762329	RP11-367G6.3--FAM65B
SRR19762329	CFL1--SF1
SRR19762329	RP11-380O24.1--SRGAP3
SRR19762329	FNBP1--PTMA
SRR19762329	CARKD--ING1
SRR19762329	BSG--RNF126
SRR19762329	TIMM23--PARGP1
SRR19762329	LINC00623--RP11-403I13.8
SRR19762329	RPA3-AS1--GLCCI1
SRR19762329	RP11-96H19.1--RP11-446N19.1
SRR19762329	IRF4--PTMA
SRR19762329	TMEM259--PTBP1
SRR19762329	PFKFB3--RP11-563J2.2
SRR19762329	RNF126--PTBP1
SRR19762329	SBNO2--PTMA
SRR19762329	EIF4A1--EIF5A
SRR19762403	IGL-@-ext--HSP90B1
SRR19762403	RP11-367G6.3--FAM65B
SRR19762403	RP6-206I17.1--RP11-403I13.8
SRR19762403	LEPROT--LEPR
SRR19762403	B2M--AC013394.2
SRR19762403	TIMM23--PARGP1
SRR19762403	LINC00158--AP000233.4
SRR19762403	EIF4A1--EIF5A
SRR19762403	HNRNPA2B1--PTMAP2
SRR19762806	TRIM60--AKAP13
SRR19762806	RP11-367G6.3--FAM65B
SRR19762806	PFKFB3--RP11-563J2.2
SRR19762806	LEPROT--LEPR
SRR19762806	OAZ1--PTMA
SRR19762806	NCOR2--UBC
SRR19762806	TIMM23--PARGP1
SRR19762806	ITM2C--PTMA
SRR19762806	IGLVI-70--IGL@-ext
SRR19762388	ACTB--FSCN1
SRR19762388	RNF216--ACTB
SRR19762388	RP11-662M24.2--RIMBP2
SRR19762388	OAZ1--SET
SRR19762388	RP11-367G6.3--FAM65B
SRR19762388	NRIP1--AF127936.7
SRR19762388	PFKFB3--RP11-563J2.2
SRR19762388	LEPROT--LEPR
SRR19762388	C7orf50--ACTB
SRR19762388	RP11-155G15.2--RP11-1E3.1
SRR19762388	OAZ1--ACTB
SRR19762388	TIMM23--PARGP1
SRR19762388	ACTB--PTMA
SRR19762388	VTI1A--RP11-57H14.3
SRR19762388	C7orf50--SUN1
SRR19762388	EIF4A1--EIF5A
SRR19762358	OAZ1--DOT1L
SRR19762358	LEPROT--LEPR
SRR19762358	POLE--ANKLE2
SRR19762358	CHSY1--RP11-505E24.2
SRR19762358	ZEB1--HNRNPF
SRR19762358	YWHAE--CRK
SRR19762358	SRSF1--DDX5
SRR19762358	FKBP4--P2RX5
SRR19762358	ZC3H3--EEF1D
SRR19762358	TNFAIP8--IGH@-ext
SRR19762358	RP11-367G6.3--FAM65B
SRR19762358	MED16--PTBP1
SRR19762358	OAZ1--KLF16
SRR19762358	TIMM23--PARGP1
SRR19762358	SLC29A1--VEGFA
SRR19762358	PFKFB3--RP11-563J2.2
SRR19762358	PABPC1--EIF1B
SRR19762358	OAZ1--EEF1A1
SRR19762358	EIF4A1--EIF5A
SRR19762571	RP11-662M24.2--RIMBP2
SRR19762571	RPA3-AS1--GLCCI1
SRR19762571	RP11-367G6.3--FAM65B
SRR19762571	RP11-96H19.1--RP11-446N19.1
SRR19762571	RP6-206I17.1--RP11-403I13.8
SRR19762571	LEPROT--LEPR
SRR19762571	EEF1DP3--FRY
SRR19762571	BSG--RNF126
SRR19762571	RP11-155G15.2--RP11-1E3.1
SRR19762571	TIMM23--PARGP1
SRR19762571	TIMM23--RP11-574K11.29
SRR19762571	EIF4A1--EIF5A
SRR19762659	RP11-367G6.3--FAM65B
SRR19762659	PFKFB3--RP11-563J2.2
SRR19762659	LEPROT--LEPR
SRR19762659	TIMM23--PARGP1
SRR19762659	ACTB--PTMA
SRR19762659	TIMM23--RP11-574K11.29
SRR19762477	TRIM60--AKAP13
SRR19762477	RP11-367G6.3--FAM65B
SRR19762477	BOLA2B--RP11-347C12.2
SRR19762477	TIMM23--PARGP1
SRR19762477	ACTB--PTMA
SRR19762477	TIMM23--RP11-574K11.29
SRR19762477	OAZ1--DAZAP1
SRR19762843	CYTH1--USP36
SRR19762843	RP11-367G6.3--FAM65B
SRR19762843	PPARGC1B--NR3C1
SRR19762843	RP6-206I17.1--RP11-403I13.8
SRR19762843	YWHAZ--ZNF706
SRR19762843	SEPT7P2--PSPH
SRR19762843	IRF4--EEF1A1
SRR19762843	RP11-155G15.2--RP11-1E3.1
SRR19762843	OAZ1--KLF16
SRR19762843	BCKDHB--RP11-250B2.3
SRR19762843	EIF4A1--EIF5A
SRR19762843	EIF4A1--PTMA
SRR19762843	TIMM23--RP11-175I17.2
SRR19762360	YWHAE--CRK
SRR19762360	RP11-367G6.3--FAM65B
SRR19762360	PFKFB3--RP11-563J2.2
SRR19762360	LEPROT--LEPR
SRR19762360	BCKDHB--RP11-250B2.3
SRR19762360	RP11-155G15.2--RP11-1E3.1
SRR19762360	CTSC--RAB38
SRR19762360	NCOR2--UBC
SRR19762360	TIMM23--PARGP1
SRR19762360	OAZ1--DAZAP1
SRR19762360	OAZ1--LMNB2
SRR19762360	RP11-120D5.1--MID1
SRR19762360	MACC1--AC005062.2
SRR19762859	RP11-367G6.3--FAM65B
SRR19762859	OAZ1--DOT1L
SRR19762859	LEPROT--LEPR
SRR19762859	HNRNPH1--HNRNPAB
SRR19762859	OAZ1--PTMA
SRR19762859	TIMM23--PARGP1
SRR19762859	ACTB--PTMA
SRR19762859	PTBP1--RNF126
SRR19762859	EIF4A1--EIF5A
SRR19762859	ACTB--SET
SRR19762556	RP11-33B1.1--PSPH
SRR19762556	RP11-662M24.2--RIMBP2
SRR19762556	RP11-367G6.3--FAM65B
SRR19762556	NRIP1--AF127936.7
SRR19762556	LEPROT--LEPR
SRR19762556	NCOR2--UBC
SRR19762556	TIMM23--PARGP1
SRR19762556	SLC7A5--SMG1P1
SRR19762556	TIMM23--RP11-574K11.29
SRR19762556	IGLVI-70--IGL@-ext
SRR19762529	RP11-96H19.1--RP11-446N19.1
SRR19762529	KANSL1--ARL17A
SRR19762529	OAZ1--PTMA
SRR19762529	OAZ1--KLF16
SRR19762529	TIMM23--PARGP1
SRR19762529	IGH-@-ext--PTMA
SRR19762529	MACC1--AC005062.2
SRR19762406	RNF216--ACTB
SRR19762406	SIK1--ACTB
SRR19762406	BOLA2B--RP11-345J4.8
SRR19762406	RP11-367G6.3--FAM65B
SRR19762406	KANSL1--ARL17A
SRR19762406	PFKFB3--RP11-563J2.2
SRR19762406	LEPROT--LEPR
SRR19762406	RP11-155G15.2--RP11-1E3.1
SRR19762406	TIMM23--PARGP1
SRR19762406	EIF4A1--EIF5A
SRR19762406	IGLVI-70--IGL@-ext
SRR19762458	LEPROT--LEPR
SRR19762458	TIMM23--RP11-574K11.29
SRR19762458	YWHAE--CRK
SRR19762458	PRKCH--RP11-47I22.3
SRR19762458	SRSF1--DDX5
SRR19762458	POM121--ZP3
SRR19762458	OAZ1--SGTA
SRR19762458	RP11-155G15.2--RP11-1E3.1
SRR19762458	NCOR2--UBC
SRR19762458	RP11-33B1.1--PSPH
SRR19762458	RP11-367G6.3--FAM65B
SRR19762458	BOLA2B--RP11-347C12.2
SRR19762458	NRIP1--AF127936.7
SRR19762458	RP6-206I17.1--RP11-403I13.8
SRR19762458	TIMM23--PARGP1
SRR19762458	NUTM2A-AS1--MINPP1
SRR19762458	ACTB--FSCN1
SRR19762458	RPA3-AS1--GLCCI1
SRR19762458	PFKFB3--RP11-563J2.2
SRR19762458	PTMA--SET
SRR19762458	BSG--PTBP1
SRR19762458	HLA-S--HLA-A
SRR19762458	ACTB--PTMA
SRR19762302	RP11-662M24.2--RIMBP2
SRR19762302	HNRNPH1--DDX5
SRR19762302	LEPROT--LEPR
SRR19762302	OAZ1--PTMA
SRR19762302	ZEB1--HNRNPF
SRR19762302	U2SURP--SEC62
SRR19762302	MAFK--ACTB
SRR19762302	CDKN1A--PTMA
SRR19762302	SFSWAP--UBC
SRR19762302	RP11-367G6.3--FAM65B
SRR19762302	NRIP1--AF127936.7
SRR19762302	MT-ND6--COX7C
SRR19762302	RP6-206I17.1--RP11-403I13.8
SRR19762302	OAZ1--KLF16
SRR19762302	TIMM23--PARGP1
SRR19762302	VTI1A--RP11-57H14.3
SRR19762302	EIF4A1--ACTB
SRR19762302	ACTB--FSCN1
SRR19762302	CTD-2337A12.1--CAST
SRR19762302	PFKFB3--RP11-563J2.2
SRR19762302	FUS--SETD1A
SRR19762302	OAZ1--ACTB
SRR19762302	EIF4A1--EIF5A
SRR19762646	OAZ1--RAC2
SRR19762646	TRIM60--AKAP13
SRR19762646	RP11-367G6.3--FAM65B
SRR19762646	BOLA2B--RP11-347C12.2
SRR19762646	OAZ1--DOT1L
SRR19762646	PFKFB3--RP11-563J2.2
SRR19762646	LEPROT--LEPR
SRR19762646	OAZ1--KLF16
SRR19762646	TIMM23--PARGP1
SRR19762646	TIMM23--RP11-574K11.29
SRR19762646	RPN2--RPS27AP3
SRR19762235	KANSL1--ARL17B
SRR19762235	LINC00623--RP11-403I13.8
SRR19762235	NCL--PTMA
SRR19762235	RP11-662M24.2--RIMBP2
SRR19762235	RP11-367G6.3--FAM65B
SRR19762235	SRSF1--DDX5
SRR19762235	RP11-96H19.1--RP11-446N19.1
SRR19762235	OAZ1--DOT1L
SRR19762235	YWHAZ--PABPC1
SRR19762235	PFKFB3--RP11-563J2.2
SRR19762235	LEPROT--LEPR
SRR19762235	USP10--KLHL36
SRR19762235	RP11-155G15.2--RP11-1E3.1
SRR19762235	OAZ1--KLF16
SRR19762235	TIMM23--PARGP1
SRR19762235	POLE--ANKLE2
SRR19762235	EIF4A1--EIF5A
SRR19762261	ACTB--FSCN1
SRR19762261	SYNCRIP--EEF1A1
SRR19762261	RP11-367G6.3--FAM65B
SRR19762261	TAF1D--RNPC3
SRR19762261	NRIP1--AF127936.7
SRR19762261	OAZ1--DOT1L
SRR19762261	POM121C--ZP3
SRR19762261	LEPROT--LEPR
SRR19762261	OAZ1--ACTB
SRR19762261	RPS10--NUDT3
SRR19762261	TIMM23--PARGP1
SRR19762261	ACTB--PTMA
SRR19762261	OAZ1--DAZAP1
SRR19762261	TIMM23--RP11-574K11.29
SRR19762261	EIF4A1--EIF5A
SRR19762261	ACTB--SET
SRR19762261	EIF4A1--PTMA
SRR19762261	IGH-@-ext--EEF1A1
SRR19762542	BSG--RNF126
SRR19762542	TIMM23--PARGP1
SRR19762929	BOLA2B--RP11-345J4.8
SRR19762929	RP11-367G6.3--FAM65B
SRR19762929	RP11-96H19.1--RP11-446N19.1
SRR19762929	IGH-@-ext--ACTB
SRR19762929	LEPROT--LEPR
SRR19762929	OAZ1--PTMA
SRR19762929	BCKDHB--RP11-250B2.3
SRR19762929	TIMM23--PARGP1
SRR19762929	TRBJ2-3--TRBC2
SRR19762929	EIF4A1--EIF5A
SRR19762929	PIM3--SCO2
SRR19762916	RP11-367G6.3--FAM65B
SRR19762916	RP11-96H19.1--RP11-446N19.1
SRR19762916	MED24--IGH@-ext
SRR19762916	LEPROT--LEPR
SRR19762916	SEPT7P2--PSPH
SRR19762916	TIMM23--PARGP1
SRR19762916	ACTB--PTMA
SRR19762916	POLE--ANKLE2
SRR19762916	ACTB--SET
SRR19762745	RP11-367G6.3--FAM65B
SRR19762745	RP11-96H19.1--RP11-446N19.1
SRR19762745	EDF1--RABL6
SRR19762745	KANSL1--ARL17A
SRR19762745	TIMM23B--PARGP1
SRR19762745	PFKFB3--RP11-563J2.2
SRR19762745	LEPROT--LEPR
SRR19762745	RP11-155G15.2--RP11-1E3.1
SRR19762745	IGKV2-29--AC096579.7
SRR19762745	LINC00158--AP000233.4
SRR19762745	TIMM23--RP11-574K11.29
SRR19762745	OAZ1--DAZAP1
SRR19762745	RCC1--SRP9
SRR19762654	KPNA2--DHX40
SRR19762654	TMCC3--CCDC41
SRR19762654	IGH-@-ext--RN7SL109P
SRR19762654	RP11-367G6.3--FAM65B
SRR19762654	KANSL1--ARL17A
SRR19762654	LEPROT--LEPR
SRR19762654	OAZ1--PTMA
SRR19762654	BCKDHB--RP11-250B2.3
SRR19762654	OAZ1--ACTB
SRR19762654	TIMM23--PARGP1
SRR19762654	MIR155HG--JAM2
SRR19762401	KANSL1--ARL17B
SRR19762401	RNF216--ACTB
SRR19762401	RP11-367G6.3--FAM65B
SRR19762401	RP11-96H19.1--RP11-446N19.1
SRR19762401	EDF1--RABL6
SRR19762401	ACTB--EIF4A1
SRR19762401	PFKFB3--RP11-563J2.2
SRR19762401	PNPLA6--ATG4D
SRR19762401	LEPROT--LEPR
SRR19762401	OAZ1--PTMA
SRR19762401	TIMM23--PARGP1
SRR19762401	ACTB--PTMA
SRR19762401	RTFDC1--CASS4
SRR19762401	CTC-786C10.1--RP11-680G10.1
SRR19762401	POLE--ANKLE2
SRR19762401	PTMA--ACTB
SRR19762343	ZEB1--HNRNPF
SRR19762343	TRIM60--AKAP13
SRR19762343	RP11-367G6.3--FAM65B
SRR19762343	HMGN2--PTMA
SRR19762343	RP11-96H19.1--RP11-446N19.1
SRR19762343	RP6-206I17.1--RP11-403I13.8
SRR19762343	STX18-AS1--MSX1
SRR19762343	LEPROT--LEPR
SRR19762343	TIMM23--PARGP1
SRR19762343	C15orf57--CBX3
SRR19762343	POLE--ANKLE2
SRR19762343	MACC1--AC005062.2
SRR19762343	B2M--IRF4
SRR19762343	IGH-@-ext--PTMA
SRR19762343	CTD-2544L4.1--TBC1D7
SRR19762689	RP11-33B1.1--PSPH
SRR19762689	RNF126--BSG
SRR19762689	RP11-662M24.2--RIMBP2
SRR19762689	TRIM60--AKAP13
SRR19762689	RP11-367G6.3--FAM65B
SRR19762689	BOLA2B--RP11-345J4.8
SRR19762689	EDF1--RABL6
SRR19762689	LEPROT--LEPR
SRR19762689	SLC7A5--RP11-347C12.2
SRR19762689	BSG--RNF126
SRR19762689	OAZ1--KLF16
SRR19762689	HIC2--PI4KA
SRR19762689	TIMM23--PARGP1
SRR19762689	HLA-S--HLA-A
SRR19762689	RP11-1151B14.4--MALT1
SRR19762753	AC131097.3--AC093642.5
SRR19762753	RP11-367G6.3--FAM65B
SRR19762753	SRSF1--DDX5
SRR19762753	RP11-96H19.1--RP11-446N19.1
SRR19762753	KANSL1--ARL17A
SRR19762753	ELMO1--AOAH
SRR19762753	PFKFB3--RP11-563J2.2
SRR19762753	LEPROT--LEPR
SRR19762753	OAZ1--KLF16
SRR19762753	TIMM23--PARGP1
SRR19762753	C15orf57--CBX3
SRR19762753	MIR155HG--JAM2
SRR19762753	IGH-@-ext--PTMA
SRR19762889	RP11-367G6.3--FAM65B
SRR19762889	RP11-662M24.2--RIMBP2
SRR19762889	TIMM23--PARGP1
SRR19762938	KANSL1--ARL17B
SRR19762938	RP11-662M24.2--RIMBP2
SRR19762938	OAZ1--TCF3
SRR19762938	ANP32A--B2M
SRR19762938	RP11-367G6.3--FAM65B
SRR19762938	RP11-96H19.1--RP11-446N19.1
SRR19762938	LEPROT--LEPR
SRR19762938	SEPT7P2--PSPH
SRR19762938	RP11-745L13.2--RPL7AP28
SRR19762938	RP11-426C22.5--SNX29P2
SRR19762938	NCOR2--UBC
SRR19762938	POLE--ANKLE2
SRR19762938	TIMM23--PARGP1
SRR19762938	G3BP2--CCNG2
SRR19762938	OAZ1--KLF16
SRR19762938	SLC7A5--SMG1P1
SRR19762938	PLXNB2--SCO2
SRR19762938	MACC1--AC005062.2
SRR19762703	FASN--PTMAP5
SRR19762703	PPARGC1B--PTMA
SRR19762703	OAZ1--TCF3
SRR19762703	RPA3-AS1--GLCCI1
SRR19762703	RP11-367G6.3--FAM65B
SRR19762703	PFKFB3--RP11-563J2.2
SRR19762703	LEPROT--LEPR
SRR19762703	OAZ1--PTMA
SRR19762703	UBQLN1--HNRNPK
SRR19762703	OAZ1--KLF16
SRR19762703	BSG--RNF126
SRR19762703	TIMM23--PARGP1
SRR19762703	PLXNB2--SCO2
SRR19762703	PIM3--SCO2
SRR19762633	LINC00623--RP11-403I13.8
SRR19762633	IGH-@-ext--PTMA
SRR19762633	BOLA2B--RP11-345J4.8
SRR19762633	RP11-367G6.3--FAM65B
SRR19762633	RP11-96H19.1--RP11-446N19.1
SRR19762633	RP11-439L18.2--HIVEP2
SRR19762633	LEPROT--LEPR
SRR19762633	AC096579.7--IGH@-ext
SRR19762633	IGH-@-ext--MT-ND4
SRR19762633	PTP4A1--EEF1A1P5
SRR19762633	HLA-S--HLA-A
SRR19762633	TIMM23--PARGP1
SRR19762633	EIF4A1--EIF5A
SRR19762633	PTMA--NCL
SRR19762428	ACTB--FSCN1
SRR19762428	C1ORF220--RP5-1098D14.1
SRR19762428	RP11-367G6.3--FAM65B
SRR19762428	RP11-96H19.1--RP11-446N19.1
SRR19762428	NRIP1--AF127936.7
SRR19762428	CNN2--PTMA
SRR19762428	AP3S1--AQPEP
SRR19762428	LEPROT--LEPR
SRR19762428	TIMM23--PARGP1
SRR19762428	ACTB--PTMA
SRR19762428	FNBP1--ACTB
SRR19762379	RP11-367G6.3--FAM65B
SRR19762379	BOLA2B--RP11-347C12.2
SRR19762379	TIMM23--PARGP1
SRR19762379	LEPROT--LEPR
SRR19762577	LEPROT--LEPR
SRR19762577	OAZ1--PTMA
SRR19762577	TIMM23--RP11-574K11.29
SRR19762577	PTMA--ACTB
SRR19762577	TIMM23--AGAP6
SRR19762577	EIF4A1--DDX5
SRR19762577	RP11-155G15.2--RP11-1E3.1
SRR19762577	PARG--BMS1
SRR19762577	RP11-33B1.1--PSPH
SRR19762577	RP11-367G6.3--FAM65B
SRR19762577	BSG--RNF126
SRR19762577	OAZ1--KLF16
SRR19762577	TIMM23--PARGP1
SRR19762577	PPIP5K1--STRC
SRR19762577	ACTB--FSCN1
SRR19762577	USP12--HMGB1
SRR19762577	PFKFB3--RP11-563J2.2
SRR19762577	OAZ1--ACTB
SRR19762577	MAPK1--RBPJ
SRR19762577	OAZ1--DAZAP1
SRR19762932	IGH@-ext--ERCC5
SRR19762932	RP11-367G6.3--FAM65B
SRR19762932	IGL-@-ext--RPL8
SRR19762932	UBQLN1--ELK4
SRR19762932	LEPROT--LEPR
SRR19762932	POLE--ANKLE2
SRR19762932	C15orf57--CBX3
SRR19762932	VTI1A--RP11-57H14.3
SRR19762932	AK5--IGH@-ext
SRR19762932	MIR155HG--JAM2
SRR19762932	TIMM23--RP11-175I17.2
SRR19762899	OAZ1--RAC2
SRR19762899	OAZ1--DOT1L
SRR19762899	LEPROT--LEPR
SRR19762899	CTSC--RAB38
SRR19762899	POLE--ANKLE2
SRR19762899	TRIM60--AKAP13
SRR19762899	OAZ1--REXO1
SRR19762899	SRSF1--DDX5
SRR19762899	MRPL20--SSU72
SRR19762899	NCOR2--UBC
SRR19762899	RP11-33B1.1--PSPH
SRR19762899	RP11-367G6.3--FAM65B
SRR19762899	NRIP1--AF127936.7
SRR19762899	KANSL1--ARL17A
SRR19762899	TIMM23B--PARGP1
SRR19762899	RP6-206I17.1--RP11-403I13.8
SRR19762899	TBC1D27--RP11-344E13.3
SRR19762899	FNBP1--PTMA
SRR19762899	OAZ1--KLF16
SRR19762899	MBP--PQLC1
SRR19762899	PIM3--SCO2
SRR19762899	USP12--HMGB1
SRR19762899	RP11-96H19.1--RP11-446N19.1
SRR19762899	OAZ1--IRF4
SRR19762899	ADAP1--MAFK
SRR19762533	RAB2A--KCNS2
SRR19762533	LINC00623--RP11-403I13.8
SRR19762533	AC007879.5--AC007879.2
SRR19762533	LSP1--CD81
SRR19762533	EIF4A1--IRF4
SRR19762533	RP11-367G6.3--FAM65B
SRR19762533	NRIP1--AF127936.7
SRR19762533	BOLA2B--RP11-347C12.2
SRR19762533	PTMA--RP11-5A11.1
SRR19762533	LEPROT--LEPR
SRR19762533	RPL10A--LYRM1
SRR19762533	RCC1--PPP3CC
SRR19762533	TIMM23--PARGP1
SRR19762533	OAZ1--KLF16
SRR19762533	TIMM23--RP11-574K11.29
SRR19762533	EIF4A1--EIF5A
SRR19762166	RP11-662M24.2--RIMBP2
SRR19762166	RPA3-AS1--GLCCI1
SRR19762166	RP11-367G6.3--FAM65B
SRR19762166	KANSL1--ARL17A
SRR19762166	PFKFB3--RP11-563J2.2
SRR19762166	RP6-206I17.1--RP11-403I13.8
SRR19762166	LEPROT--LEPR
SRR19762166	CXXC5--NR3C1
SRR19762166	RP11-155G15.2--RP11-1E3.1
SRR19762166	TIMM23--PARGP1
SRR19762166	C15orf57--CBX3
SRR19762166	YWHAZ--HMGN2
SRR19762166	MBP--PQLC1
SRR19762166	TIMM23--RP11-574K11.29
SRR19762166	EIF4A1--EIF5A
SRR19762166	EIF4A1--PTMA
SRR19762273	FNBP1--SET
SRR19762273	TFAP4--IGH-@-ext
SRR19762273	RP11-662M24.2--RIMBP2
SRR19762273	RP11-367G6.3--FAM65B
SRR19762273	SRSF1--DDX5
SRR19762273	KANSL1--ARL17A
SRR19762273	PFKFB3--RP11-563J2.2
SRR19762273	LEPROT--LEPR
SRR19762273	BSG--RNF126
SRR19762273	OAZ1--KLF16
SRR19762273	POLE--ANKLE2
SRR19762273	TIMM23--PARGP1
SRR19762273	SLC7A5--SMG1P1
SRR19762273	UNKL--UBE2I
SRR19762793	RAB2A--KCNS2
SRR19762793	RNF216--ACTB
SRR19762793	TEX30--ING1
SRR19762793	RP11-367G6.3--FAM65B
SRR19762793	LEPROT--LEPR
SRR19762793	NCOR2--UBC
SRR19762793	TIMM23--PARGP1
SRR19762465	CSNK1G2--KLF16
SRR19762465	CUL1--ZNF777
SRR19762465	LEPROT--LEPR
SRR19762465	POLE--ANKLE2
SRR19762465	TIMM23--RP11-574K11.29
SRR19762465	ZEB1--HNRNPF
SRR19762465	TMC6--PTMA
SRR19762465	RP13-188A5.1--RRAGB
SRR19762465	OAZ1--C19orf24
SRR19762465	IGLVI-70--IGL@-ext
SRR19762465	RP11-33B1.1--PSPH
SRR19762465	RP11-367G6.3--FAM65B
SRR19762465	RP11-305P22.9--PTMA
SRR19762465	PIM3--IRF4
SRR19762465	IGL-@-ext--ECI1
SRR19762465	OAZ1--KLF16
SRR19762465	TIMM23--PARGP1
SRR19762465	SLC7A5--SMG1P1
SRR19762465	SOCS5--AC016722.2
SRR19762465	PTCHD2--IGL@-ext
SRR19762465	RP11-96H19.1--RP11-446N19.1
SRR19762465	PFKFB3--RP11-563J2.2
SRR19762726	RNF216--ACTB
SRR19762726	PRKCH--RP11-47I22.3
SRR19762726	RP11-367G6.3--FAM65B
SRR19762726	LEPROT--LEPR
SRR19762726	TIMM23--PARGP1
SRR19762726	ACTB--PTMA
SRR19762726	IGKV2-29--AC096579.7
SRR19762726	MKNK2--ACTB
SRR19762726	TIMM23--RP11-574K11.29
SRR19762436	AC007879.5--AC007879.2
SRR19762436	C1ORF220--RP5-1098D14.1
SRR19762436	RP11-367G6.3--FAM65B
SRR19762436	RP11-96H19.1--RP11-446N19.1
SRR19762436	MAFK--ACTB
SRR19762436	LEPROT--LEPR
SRR19762436	OAZ1--PTMA
SRR19762436	RP11-155G15.2--RP11-1E3.1
SRR19762436	BSG--DAZAP1
SRR19762436	TIMM23--PARGP1
SRR19762436	ACTB--PTMA
SRR19762436	OAZ1--CSNK1G2
SRR19762436	TIMM23--RP11-574K11.29
SRR19762436	EIF4A1--EIF5A
SRR19762436	RPS10--NUDT3
SRR19762742	RP11-367G6.3--FAM65B
SRR19762742	NRIP1--AF127936.7
SRR19762742	SRSF1--DDX5
SRR19762742	OAZ1--IRF4
SRR19762742	LEPROT--LEPR
SRR19762742	OAZ1--KLF16
SRR19762742	TIMM23--PARGP1
SRR19762742	EIF4A1--EIF5A
SRR19762742	SOCS5--AC016722.2
SRR19762531	ACTB--FSCN1
SRR19762531	IGH-@-ext--PTMA
SRR19762531	RP11-367G6.3--FAM65B
SRR19762531	OAZ1--DOT1L
SRR19762531	MNT--CLUH
SRR19762531	FBRSL1--NOC4L
SRR19762531	SEPT7P2--PSPH
SRR19762531	RP11-745L13.2--RPL7AP28
SRR19762531	TIMM23--PARGP1
SRR19762531	ACTB--PTMA
SRR19762531	TIMM23--RP11-574K11.29
SRR19762531	EIF4A1--PTMA
SRR19762531	IGLVI-70--IGL@-ext
SRR19762446	RP11-662M24.2--RIMBP2
SRR19762446	RP11-367G6.3--FAM65B
SRR19762446	TIMM23B--PARGP1
SRR19762446	PFKFB3--RP11-563J2.2
SRR19762446	SEPT7P2--PSPH
SRR19762446	RP11-155G15.2--RP11-1E3.1
SRR19762446	OAZ1--KLF16
SRR19762278	RAB2A--KCNS2
SRR19762278	PLCXD1--IGH@-ext
SRR19762278	CSNK1G2--KLF16
SRR19762278	LEPROT--LEPR
SRR19762278	LRBA--SRP9
SRR19762278	POLE--ANKLE2
SRR19762278	SBNO2--GPX4
SRR19762278	HNRNPUL1--HLA-C
SRR19762278	ZC3H12D--IDI1
SRR19762278	NCOR2--UBC
SRR19762278	PLXNB2--SCO2
SRR19762278	SYNCRIP--EEF1A1
SRR19762278	RP11-367G6.3--FAM65B
SRR19762278	TIMM23--PARGP1
SRR19762278	RP11-120D5.1--MID1
SRR19762278	LINC00623--RP11-403I13.8
SRR19762278	RP11-96H19.1--RP11-446N19.1
SRR19762278	WASH3P--AC131097.3
SRR19762278	EIF4A1--EIF5A
SRR19762727	ZEB1--HNRNPF
SRR19762727	RP11-662M24.2--RIMBP2
SRR19762727	RP11-367G6.3--FAM65B
SRR19762727	SRSF1--DDX5
SRR19762727	NRIP1--AF127936.7
SRR19762727	PFKFB3--RP11-563J2.2
SRR19762727	POM121C--ZP3
SRR19762727	LEPROT--LEPR
SRR19762727	RP11-155G15.2--RP11-1E3.1
SRR19762727	BSG--RNF126
SRR19762727	OAZ1--KLF16
SRR19762727	TIMM23--PARGP1
SRR19762727	C15orf57--CBX3
SRR19762727	ACTB--PTMA
SRR19762727	OAZ1--DAZAP1
SRR19762798	PPARGC1B--PTMA
SRR19762798	ZEB1--BMI1
SRR19762798	IGL-@-ext--LINC00606
SRR19762798	BOLA2B--RP11-345J4.8
SRR19762798	LEPROT--LEPR
SRR19762798	FUS--DDX5
SRR19762798	POLE--ANKLE2
SRR19762798	TIMM23--RP11-574K11.29
SRR19762798	MACC1--AC005062.2
SRR19762798	ZEB1--HNRNPF
SRR19762798	TRIM60--AKAP13
SRR19762798	RP11-367G6.3--FAM65B
SRR19762798	DDX5--EEF1A1
SRR19762798	BSG--RNF126
SRR19762798	TIMM23--PARGP1
SRR19762798	LINC00623--RP11-403I13.8
SRR19762798	FUS--SETD1A
SRR19762798	RNF126--PTBP1
SRR19762798	EIF4A1--EIF5A
SRR19762841	ZEB1--HNRNPF
SRR19762841	OAZ1--TCF3
SRR19762841	RHOH--AC195454.1
SRR19762841	RP11-367G6.3--FAM65B
SRR19762841	BOLA2B--RP11-347C12.2
SRR19762841	MIR4435-1HG--AC083899.3
SRR19762841	MAFK--ACTB
SRR19762841	LEPROT--LEPR
SRR19762841	NCOR2--UBC
SRR19762841	TIMM23--PARGP1
SRR19762841	ACTB--PTMA
SRR19762841	IGKV2-29--AC096579.7
SRR19762841	TIMM23--RP11-574K11.29
SRR19762841	EIF4A1--EIF5A
SRR19762374	ARPC2--SRP9
SRR19762374	LEPROT--LEPR
SRR19762374	HIC2--PI4KA
SRR19762374	AKAP13--AC013394.2
SRR19762374	EDF1--SET
SRR19762374	SRSF1--DDX5
SRR19762374	TPM4--KLF2
SRR19762374	SEPT7P2--PSPH
SRR19762374	G3BP2--CCNG2
SRR19762374	MIR4435-1HG--AC083899.3
SRR19762374	RP11-367G6.3--FAM65B
SRR19762374	ZEB1--SET
SRR19762374	BSG--RNF126
SRR19762374	RP11-426C22.5--SNX29P2
SRR19762374	OAZ1--KLF16
SRR19762374	TIMM23--PARGP1
SRR19762374	B2M--IRF4
SRR19762374	KLF10--AZIN1
SRR19762374	LINC00623--RP11-403I13.8
SRR19762374	RPA3-AS1--GLCCI1
SRR19762374	PFKFB3--RP11-563J2.2
SRR19762374	OAZ1--PPP1R12C
SRR19762374	OAZ1--RNF126
SRR19762374	OAZ1--GET4
SRR19762374	EIF4A1--EIF5A
SRR19762177	BOP1--PTMA
SRR19762177	IGH@-ext--AC013394.2
SRR19762177	LEPROT--LEPR
SRR19762177	MACC1--AC005062.2
SRR19762177	ZEB1--HNRNPF
SRR19762177	CALM2--PTMA
SRR19762177	IGH@-ext--MT-CO3
SRR19762177	TPM4--KLF2
SRR19762177	RP11-155G15.2--RP11-1E3.1
SRR19762177	B2M--IGH@-ext
SRR19762177	IGH-@-ext--MT-CO3
SRR19762177	IGH@-ext--MT-CO1
SRR19762177	RP11-367G6.3--FAM65B
SRR19762177	TIMM23B--PARGP1
SRR19762177	IGH@-ext--B2M
SRR19762177	BSG--RNF126
SRR19762177	OAZ1--KLF16
SRR19762177	IGH@-ext--ANKLE2
SRR19762177	LINC00623--RP11-403I13.8
SRR19762177	RP11-96H19.1--RP11-446N19.1
SRR19762177	NRL--DHRS4-AS1
SRR19762442	RP11-33B1.1--PSPH
SRR19762442	TRIM60--AKAP13
SRR19762442	PRKCH--RP11-47I22.3
SRR19762442	RP11-367G6.3--FAM65B
SRR19762442	BOLA2B--RP11-347C12.2
SRR19762442	SRSF1--DDX5
SRR19762442	ISCA1--GOLM1
SRR19762442	MAFK--ACTB
SRR19762442	LEPROT--LEPR
SRR19762442	RP11-155G15.2--RP11-1E3.1
SRR19762442	OAZ1--KLF16
SRR19762442	HLA-S--HLA-A
SRR19762442	TIMM23--PARGP1
SRR19762442	ACTB--PTMA
SRR19762442	SLC7A5--SMG1P1
SRR19762442	TIMM23--RP11-574K11.29
SRR19762442	EIF4A1--EIF5A
SRR19762442	CYTH1--USP36
SRR19762194	RP11-367G6.3--FAM65B
SRR19762194	TPM4--PTMA
SRR19762194	TIMM23--PARGP1
SRR19762194	PARG--BMS1
SRR19762474	YWHAE--CRK
SRR19762474	RP11-367G6.3--FAM65B
SRR19762474	OAZ1--DOT1L
SRR19762474	RP6-206I17.1--RP11-403I13.8
SRR19762474	LEPROT--LEPR
SRR19762474	OAZ1--PTMA
SRR19762474	MIR155HG--JAM2
SRR19762474	OAZ1--KLF16
SRR19762474	TIMM23--PARGP1
SRR19762474	POLE--ANKLE2
SRR19762474	B2M--IRF4
SRR19762474	TIMM23--RP11-574K11.29
SRR19762474	EIF4A1--EIF5A
SRR19762218	RP11-367G6.3--FAM65B
SRR19762218	BOLA2B--RP11-347C12.2
SRR19762218	LEPROT--LEPR
SRR19762218	OAZ1--PTMA
SRR19762218	RP11-155G15.2--RP11-1E3.1
SRR19762218	CTSC--RAB38
SRR19762218	TIMM23--PARGP1
SRR19762218	ACTB--PTMA
SRR19762218	NUTM2A-AS1--MINPP1
SRR19762218	ACTB--SET
SRR19762569	ACTB--FSCN1
SRR19762569	FNBP1--SET
SRR19762569	RP11-367G6.3--FAM65B
SRR19762569	IRF4--PTMA
SRR19762569	OAZ1--DOT1L
SRR19762569	RPS3--UBB
SRR19762569	LEPROT--LEPR
SRR19762569	SEPT7P2--PSPH
SRR19762569	OAZ1--KLF16
SRR19762569	HLA-S--HLA-A
SRR19762569	TIMM23--PARGP1
SRR19762569	ACTB--PTMA
SRR19762569	VTI1A--RP11-57H14.3
SRR19762569	PVT1--MYC
SRR19762791	RP11-367G6.3--FAM65B
SRR19762791	RP11-96H19.1--RP11-446N19.1
SRR19762791	USP10--KLHL36
SRR19762791	LEPROT--LEPR
SRR19762791	NCOR2--UBC
SRR19762791	TIMM23--PARGP1
SRR19762791	ITM2C--PTMA
SRR19762791	TIMM23--RP11-574K11.29
SRR19762791	MACC1--AC005062.2
SRR19762566	TPM4--PTMA
SRR19762566	LEPROT--LEPR
SRR19762566	OAZ1--PTMA
SRR19762566	TIMM23--RP11-574K11.29
SRR19762566	ZEB1--WAC
SRR19762566	OAZ1--SET
SRR19762566	TRIM60--AKAP13
SRR19762566	SRSF1--DDX5
SRR19762566	PTP4A1--EEF1A1
SRR19762566	ITM2C--PTMA
SRR19762566	IGLVI-70--IGL@-ext
SRR19762566	RP11-367G6.3--FAM65B
SRR19762566	OAZ1--ZBTB7A
SRR19762566	OAZ1--KLF16
SRR19762566	TIMM23--PARGP1
SRR19762566	USP12--HMGB1
SRR19762566	RPA3-AS1--GLCCI1
SRR19762566	USP10--KLHL36
SRR19762566	HLA-S--HLA-A
SRR19762566	EIF5A--EIF4A1
SRR19762566	EIF4A1--PTMA
SRR19762801	HNRNPH1--PTMA
SRR19762801	NCL--PTMA
SRR19762801	LEPROT--LEPR
SRR19762801	TIMM23--RP11-574K11.29
SRR19762801	CYTH1--USP36
SRR19762801	SRSF1--DDX5
SRR19762801	EIF4A1--DDX5
SRR19762801	RP11-155G15.2--RP11-1E3.1
SRR19762801	CFL1--SET
SRR19762801	ZNF292--PNRC1
SRR19762801	RP11-367G6.3--FAM65B
SRR19762801	BOLA2B--RP11-347C12.2
SRR19762801	EIF4A1--SET
SRR19762801	RP11-380O24.1--SRGAP3
SRR19762801	OAZ1--KLF16
SRR19762801	TIMM23--PARGP1
SRR19762801	VTI1A--RP11-57H14.3
SRR19762801	RPA3-AS1--GLCCI1
SRR19762801	RP11-96H19.1--RP11-446N19.1
SRR19762801	OAZ1--IRF4
SRR19762801	PFKFB3--RP11-563J2.2
SRR19762801	EIF4A1--EIF5A
SRR19762801	EIF4A1--PTMA
SRR19762320	IGH-@-ext--HLA-B
SRR19762320	RP11-96H19.1--RP11-446N19.1
SRR19762320	KANSL1--ARL17A
SRR19762320	PFKFB3--RP11-563J2.2
SRR19762320	RP6-206I17.1--RP11-403I13.8
SRR19762320	ANP32A--MTA2
SRR19762320	EEF1DP3--FRY
SRR19762320	IGH-@-ext--CALM3
SRR19762320	HIC2--PI4KA
SRR19762320	NCOR2--UBC
SRR19762320	TIMM23--PARGP1
SRR19762320	IGKV2-29--AC096579.7
SRR19762320	B2M--IRF4
SRR19762320	DDX5--IRF4
SRR19762320	EIF4A1--EIF5A
SRR19762229	AC007879.5--AC007879.2
SRR19762229	EIF4A1--IRF4
SRR19762229	OAZ1--DOT1L
SRR19762229	RP5-940J5.9--RPS9
SRR19762229	BSG--IRF4
SRR19762229	SRSF1--DDX5
SRR19762229	RP11-155G15.2--RP11-1E3.1
SRR19762229	RP11-367G6.3--FAM65B
SRR19762229	DDX5--EEF1A1
SRR19762229	KANSL1--ARL17A
SRR19762229	OAZ1--KLF16
SRR19762229	TIMM23--PARGP1
SRR19762229	VTI1A--RP11-57H14.3
SRR19762229	USP12--HMGB1
SRR19762229	PFKFB3--RP11-563J2.2
SRR19762229	HLA-S--HLA-A
SRR19762229	GATSL2--GTF2I
SRR19762229	EIF4A1--EIF5A
SRR19762229	RPL14--MLLT3
SRR19762502	RP11-96H19.1--RP11-446N19.1
SRR19762502	RP6-206I17.1--RP11-403I13.8
SRR19762502	LEPROT--LEPR
SRR19762502	GAS6--IGH@-ext
SRR19762502	TIMM23--PARGP1
SRR19762502	MACC1--AC005062.2
SRR19762314	IGH-@-ext--HLA-B
SRR19762314	STK11--DAZAP1
SRR19762314	IGH-@-ext--PTMA
SRR19762314	BOLA2B--RP11-345J4.8
SRR19762314	RP11-367G6.3--FAM65B
SRR19762314	IGH-@-ext--RPL13A
SRR19762314	SEPT7P2--PSPH
SRR19762314	CARKD--ING1
SRR19762314	IGH-@-ext--AC096579.7
SRR19762314	IGH-@-ext--HMGB1
SRR19762314	POLE--ANKLE2
SRR19762314	TIMM23--PARGP1
SRR19762314	RP11-155G15.2--RP11-1E3.1
SRR19762314	ZC3H3--EEF1D
SRR19762314	IGH-@-ext--MT-ND5
SRR19762314	IGH-@-ext--MT-ATP8
SRR19762314	MACC1--AC005062.2
SRR19762748	LINC00623--RP11-403I13.8
SRR19762748	POLE--PGAM5
SRR19762748	BOLA2B--RP11-345J4.8
SRR19762748	RP11-367G6.3--FAM65B
SRR19762748	TIMM23B--PARGP1
SRR19762748	POM121C--ZP3
SRR19762748	OAZ1--NOC4L
SRR19762748	RP11-444D3.1--SOX5
SRR19762748	TIMM23--RP11-574K11.29
SRR19762748	OAZ1--DAZAP1
SRR19762310	ACTB--FSCN1
SRR19762310	LINC00623--RP11-403I13.8
SRR19762310	IGL-@-ext--HNRNPA1
SRR19762310	ANP32A--TLE3
SRR19762310	RP11-367G6.3--FAM65B
SRR19762310	OAZ1--IRF4
SRR19762310	USP10--KLHL36
SRR19762310	LEPROT--LEPR
SRR19762310	SEPT7P2--PSPH
SRR19762310	RP11-155G15.2--RP11-1E3.1
SRR19762310	TIMM23--PARGP1
SRR19762310	EIF4A1--EIF5A
SRR19762310	IGH-@-ext--PTMA
SRR19762310	SBNO2--DAZAP1
SRR19762656	RP11-367G6.3--FAM65B
SRR19762656	RP6-206I17.1--RP11-403I13.8
SRR19762656	LEPROT--LEPR
SRR19762656	BSG--RNF126
SRR19762656	RP11-155G15.2--RP11-1E3.1
SRR19762656	TIMM23--PARGP1
SRR19762656	IGH-@-ext--MT-RNR2
SRR19762656	MACC1--AC005062.2
SRR19762656	IGLVI-70--IGL@-ext
SRR19762510	FNBP1--SET
SRR19762510	RP11-662M24.2--RIMBP2
SRR19762510	BOLA2B--RP11-345J4.8
SRR19762510	HMGN2--PTMA
SRR19762510	LEPROT--LEPR
SRR19762510	TIMM23--RP11-574K11.29
SRR19762510	PTMA--ACTB
SRR19762510	TIMM23--AGAP6
SRR19762510	CYTH1--USP36
SRR19762510	RP11-155G15.2--RP11-1E3.1
SRR19762510	C15orf57--CBX3
SRR19762510	RP11-367G6.3--FAM65B
SRR19762510	RP11-381K20.2--KLHL3
SRR19762510	OAZ1--KLF16
SRR19762510	TIMM23--PARGP1
SRR19762510	IPO11--KIF2A
SRR19762510	RP11-96H19.1--RP11-446N19.1
SRR19762510	PFKFB3--RP11-563J2.2
SRR19762510	IGH-@-ext--MT-ND4
SRR19762510	OAZ1--ACTB
SRR19762510	ACTB--PTMA
SRR19762510	AC024084.1--AC009784.3
SRR19762245	USP12--HMGB1
SRR19762245	IGL-@-ext--MT-ND4
SRR19762245	TPM4--KLF2
SRR19762245	KANSL1--ARL17A
SRR19762245	PFKFB3--RP11-563J2.2
SRR19762245	LEPROT--LEPR
SRR19762245	USP10--KLHL36
SRR19762245	FUS--SETD1A
SRR19762245	NUTM2A-AS1--MINPP1
SRR19762245	TIMM23--PARGP1
SRR19762245	ACTB--PTMA
SRR19762245	IGH-@-ext--MT-RNR2
SRR19762245	RNF126--PTBP1
SRR19762245	EIF4A1--EIF5A
SRR19762927	RAB2A--KCNS2
SRR19762927	SIK1--ACTB
SRR19762927	USP22--RN7SL2
SRR19762927	ANP32A--B2M
SRR19762927	RP11-367G6.3--FAM65B
SRR19762927	KANSL1--ARL17A
SRR19762927	OAZ1--DOT1L
SRR19762927	TPM4--ACTB
SRR19762927	LEPROT--LEPR
SRR19762927	NRL--DHRS4-AS1
SRR19762927	OAZ1--KLF16
SRR19762927	TIMM23--PARGP1
SRR19762927	ACTB--PTMA
SRR19762927	C5orf56--RAD50
SRR19762265	ACTB--FSCN1
SRR19762265	RP11-367G6.3--FAM65B
SRR19762265	OAZ1--DOT1L
SRR19762265	PFKFB3--RP11-563J2.2
SRR19762265	USP10--KLHL36
SRR19762265	TIMM23--PARGP1
SRR19762265	ACTB--PTMA
SRR19762265	VTI1A--RP11-57H14.3
SRR19762265	TIMM23--RP11-574K11.29
SRR19762265	IGH-@-ext--PTMA
SRR19762348	PPARGC1B--PTMA
SRR19762348	LINC00623--RP11-403I13.8
SRR19762348	RP11-367G6.3--FAM65B
SRR19762348	RP11-96H19.1--RP11-446N19.1
SRR19762348	SBNO2--KLF16
SRR19762348	LEPROT--LEPR
SRR19762348	B2M--AC013394.2
SRR19762348	TIMM23--PARGP1
SRR19762348	POLE--ANKLE2
SRR19762348	ITM2C--PTMA
SRR19762348	ANP32A--PTMA
SRR19762348	TIMM23--RP11-574K11.29
SRR19762348	IGLVI-70--IGL@-ext
SRR19762242	YWHAE--CRK
SRR19762242	BOLA2B--RP11-345J4.8
SRR19762242	RP11-367G6.3--FAM65B
SRR19762242	KANSL1--ARL17A
SRR19762242	PFKFB3--RP11-563J2.2
SRR19762242	LEPROT--LEPR
SRR19762242	RP11-155G15.2--RP11-1E3.1
SRR19762242	BSG--RNF126
SRR19762242	TIMM23--PARGP1
SRR19762242	EEF2--MT-ATP6
SRR19762500	HMGN2--PTMA
SRR19762500	LEPROT--LEPR
SRR19762500	OAZ1--PTBP1
SRR19762500	POLE--ANKLE2
SRR19762500	TIMM23--RP11-574K11.29
SRR19762500	RP11-1E3.1--RP11-455B3.1
SRR19762500	YWHAE--CRK
SRR19762500	RP11-155G15.2--RP11-1E3.1
SRR19762500	RP11-367G6.3--FAM65B
SRR19762500	BOLA2B--RP11-347C12.2
SRR19762500	CARKD--ING1
SRR19762500	OAZ1--KLF16
SRR19762500	TIMM23--PARGP1
SRR19762500	RP11-313P13.3--CCDC146
SRR19762500	POLE--FUS
SRR19762500	RP11-96H19.1--RP11-446N19.1
SRR19762500	PFKFB3--RP11-563J2.2
SRR19762500	BSG--PTBP1
SRR19762500	EIF4A1--EIF5A
SRR19762440	SYNCRIP--PTP4A1
SRR19762440	EIF4A1--IRF4
SRR19762440	HNRNPH1--DDX5
SRR19762440	OAZ1--DOT1L
SRR19762440	LEPROT--LEPR
SRR19762440	TRIM60--AKAP13
SRR19762440	CTA-714B7.5--RP1-272J12.1
SRR19762440	OAZ1--SGTA
SRR19762440	RP11-155G15.2--RP11-1E3.1
SRR19762440	NCOR2--UBC
SRR19762440	HMGN2--SET
SRR19762440	MYH9--RAC2
SRR19762440	NPM1--SET
SRR19762440	RP11-367G6.3--FAM65B
SRR19762440	TMEM63B--VEGFA
SRR19762440	OAZ1--KLF16
SRR19762440	TIMM23--PARGP1
SRR19762440	RP11-120D5.1--MID1
SRR19762440	USP12--HMGB1
SRR19762440	OAZ1--IRF4
SRR19762440	FUS--SETD1A
SRR19762440	HLA-S--HLA-A
SRR19762440	YWHAE--DDX5
SRR19762558	ACTB--FSCN1
SRR19762558	RNF216--ACTB
SRR19762558	RP11-367G6.3--FAM65B
SRR19762558	BOLA2B--RP11-347C12.2
SRR19762558	PFKFB3--RP11-563J2.2
SRR19762558	EEF1DP3--FRY
SRR19762558	SEPT7P2--PSPH
SRR19762558	RP11-745L13.2--RPL7AP28
SRR19762558	OAZ1--KLF16
SRR19762558	NCOR2--UBC
SRR19762558	TIMM23--PARGP1
SRR19762558	RP11-206L10.1--SEPT14
SRR19762558	EIF4A1--EIF5A
SRR19762304	LINC00623--RP11-403I13.8
SRR19762304	RP11-367G6.3--FAM65B
SRR19762304	BOLA2B--RP11-345J4.8
SRR19762304	SRSF1--DDX5
SRR19762304	NRIP1--AF127936.7
SRR19762304	LEPROT--LEPR
SRR19762304	BSG--RNF126
SRR19762304	BSG--PTBP1
SRR19762304	OAZ1--KLF16
SRR19762304	TIMM23--PARGP1
SRR19762304	C15orf57--CBX3
SRR19762304	HIC2--PI4KA
SRR19762304	TIMM23--RP11-574K11.29
SRR19762304	SOCS5--AC016722.2
SRR19762744	LINC00623--RP11-403I13.8
SRR19762744	RP11-367G6.3--FAM65B
SRR19762744	LEPROT--LEPR
SRR19762744	OAZ1--PTMA
SRR19762744	NCOR2--UBC
SRR19762744	TIMM23--PARGP1
SRR19762297	RP11-662M24.2--RIMBP2
SRR19762297	OAZ1--DOT1L
SRR19762297	LEPROT--LEPR
SRR19762297	OAZ1--PTMA
SRR19762297	POLE--ANKLE2
SRR19762297	MACC1--AC005062.2
SRR19762297	ZEB1--HNRNPF
SRR19762297	ANP32E--PLEKHO1
SRR19762297	CALM2--PTMA
SRR19762297	TRIM60--AKAP13
SRR19762297	RP11-662B19.2--WDR37
SRR19762297	SRSF1--DDX5
SRR19762297	TPM4--KLF2
SRR19762297	UBE2E2--UBE2E1
SRR19762297	EIF4A1--EIF5A
SRR19762297	RP11-155G15.2--RP11-1E3.1
SRR19762297	IGKV2-29--AC096579.7
SRR19762297	SYNCRIP--EEF1A1
SRR19762297	RP11-367G6.3--FAM65B
SRR19762297	COTL1--KLHL36
SRR19762297	TIMM23--PARGP1
SRR19762297	B2M--IRF4
SRR19762297	SAMD10--PTMA
SRR19762297	FUS--ALDOA
SRR19762297	EIF5A--EIF4A1
SRR19762297	EIF4A1--PTMA
SRR19762915	FNBP1--SET
SRR19762915	HNRNPH1--DDX5
SRR19762915	ACTB--IRF4
SRR19762915	LEPROT--LEPR
SRR19762915	C5orf56--RAD50
SRR19762915	TIMM23--RP11-574K11.29
SRR19762915	SRSF1--DDX5
SRR19762915	EEF1DP3--FRY
SRR19762915	RPL18A--PTMA
SRR19762915	RP11-367G6.3--FAM65B
SRR19762915	NRIP1--AF127936.7
SRR19762915	OAZ1--KLF16
SRR19762915	TIMM23--PARGP1
SRR19762915	EIF4A1--ACTB
SRR19762915	ACTB--FSCN1
SRR19762915	PFKFB3--RP11-563J2.2
SRR19762915	OAZ1--MSL3
SRR19762915	RP11-316P17.2--RP5-1050E16.2
SRR19762915	ACTB--PTMA
SRR19762915	EIF4A1--EIF5A
SRR19762915	EIF4A1--PTMA
SRR19762939	RP11-33B1.1--PSPH
SRR19762939	PFKFB3--RP11-563J2.2
SRR19762939	LEPROT--LEPR
SRR19762939	USP10--KLHL36
SRR19762939	OAZ1--PTMA
SRR19762939	HLA-S--HLA-A
SRR19762939	TIMM23--PARGP1
SRR19762202	RP11-662M24.2--RIMBP2
SRR19762202	NCL--PTMA
SRR19762202	RP6-206I17.1--RP11-403I13.8
SRR19762202	TIMM23--PARGP1
SRR19762680	RAB2A--KCNS2
SRR19762680	RP11-662M24.2--RIMBP2
SRR19762680	RP11-367G6.3--FAM65B
SRR19762680	RP11-96H19.1--RP11-446N19.1
SRR19762680	IRF4--PTMA
SRR19762680	RMND5A--ANAPC1
SRR19762680	LEPROT--LEPR
SRR19762680	EEF1DP3--FRY
SRR19762680	BCKDHB--RP11-250B2.3
SRR19762680	OAZ1--KLF16
SRR19762680	TIMM23--PARGP1
SRR19762680	POLE--ANKLE2
SRR19762680	FBXO25--SEPT14
SRR19762680	ATP6V0D1--AGRP
SRR19762680	TIMM23--RP11-574K11.29
SRR19762210	ZEB1--HNRNPF
SRR19762210	IGH-@-ext--HLA-B
SRR19762210	RP11-367G6.3--FAM65B
SRR19762210	FUS--SETD1A
SRR19762210	TIMM23--PARGP1
SRR19762210	IGKV2-29--AC096579.7
SRR19762210	TIMM23--RP11-574K11.29
SRR19762210	EIF4A1--EIF5A
SRR19762641	RAB2A--KCNS2
SRR19762641	REXO1--KLF16
SRR19762641	RP11-367G6.3--FAM65B
SRR19762641	RP11-353N4.6--RP11-403I13.8
SRR19762641	NRIP1--AF127936.7
SRR19762641	LEPROT--LEPR
SRR19762641	USP10--KLHL36
SRR19762641	TIMM23--PARGP1
SRR19762641	EEF2--MT-ATP6
SRR19762641	PLXNB2--SCO2
SRR19762195	BOLA2B--RP11-345J4.8
SRR19762195	OAZ1--DOT1L
SRR19762195	LEPROT--LEPR
SRR19762195	SPON2--CTBP1
SRR19762195	IGL-@-ext--MT-CO1
SRR19762195	OAZ1--PTMA
SRR19762195	RCC1--IGH@-ext
SRR19762195	TIMM23--RP11-574K11.29
SRR19762195	IGH-@-ext--PTMA
SRR19762195	MACC1--AC005062.2
SRR19762195	IGL-@-ext--IL2RG
SRR19762195	AP3S1--AQPEP
SRR19762195	OAZ1--SGTA
SRR19762195	IRF4--EEF1A1P5
SRR19762195	C15orf57--CBX3
SRR19762195	IGL-@-ext--PRDX1
SRR19762195	IGH-@-ext--HLA-B
SRR19762195	IGL-@-ext--MT-ND4
SRR19762195	IGH@-ext--MT-CO1
SRR19762195	RP11-367G6.3--FAM65B
SRR19762195	NRIP1--AF127936.7
SRR19762195	RP6-206I17.1--RP11-403I13.8
SRR19762195	OAZ1--KLF16
SRR19762195	TIMM23--PARGP1
SRR19762195	IGL-@-ext--MT-CO3
SRR19762195	KLF10--AZIN1
SRR19762195	RP11-96H19.1--RP11-446N19.1
SRR19762527	KANSL1--ARL17B
SRR19762527	RAB2A--KCNS2
SRR19762527	RP11-662M24.2--RIMBP2
SRR19762527	LINC00623--RP11-403I13.8
SRR19762527	RP11-367G6.3--FAM65B
SRR19762527	NRIP1--AF127936.7
SRR19762527	BOLA2B--RP11-347C12.2
SRR19762527	C6orf136--ATAT1
SRR19762527	RP11-96H19.1--RP11-446N19.1
SRR19762527	RCC1--ENO1
SRR19762527	PFKFB3--RP11-563J2.2
SRR19762527	LEPROT--LEPR
SRR19762527	TPM4--PTMA
SRR19762527	RP11-155G15.2--RP11-1E3.1
SRR19762527	OAZ1--KLF16
SRR19762527	NCOR2--UBC
SRR19762527	TIMM23--PARGP1
SRR19762527	TIMM23--RP11-574K11.29
SRR19762604	RP11-662M24.2--RIMBP2
SRR19762604	RP11-367G6.3--FAM65B
SRR19762604	PFKFB3--RP11-563J2.2
SRR19762604	LEPROT--LEPR
SRR19762604	OAZ1--KLF16
SRR19762604	TIMM23--PARGP1
SRR19762604	MPP5--GPHN
SRR19762604	EIF4A1--EIF5A
SRR19762199	B2M--LIMD2
SRR19762199	POLE--FUS
SRR19762199	TRIM60--AKAP13
SRR19762199	TNFSF9--RN7SL2
SRR19762199	RP11-367G6.3--FAM65B
SRR19762199	TIMM23B--PARGP1
SRR19762199	PFKFB3--RP11-563J2.2
SRR19762199	LEPROT--LEPR
SRR19762199	AC034193.5--TMCC1-AS1
SRR19762199	SEPT7P2--PSPH
SRR19762199	CTSC--RAB38
SRR19762199	VTI1A--RP11-57H14.3
SRR19762199	ATF4--TNFRSF13B
SRR19762201	FNBP1--SET
SRR19762201	NFATC1--PQLC1
SRR19762201	LEPROT--LEPR
SRR19762201	FUS--DDX5
SRR19762201	IGL-@-ext--MT-CO1
SRR19762201	POLE--ANKLE2
SRR19762201	PTBP1--RNF126
SRR19762201	IGH-@-ext--PTMA
SRR19762201	MACC1--AC005062.2
SRR19762201	IGH-@-ext--MT-ATP8
SRR19762201	SBNO2--RNF126
SRR19762201	SRSF1--DDX5
SRR19762201	BCKDHB--RP11-250B2.3
SRR19762201	RP11-367G6.3--FAM65B
SRR19762201	RP6-206I17.1--RP11-403I13.8
SRR19762201	DDX5--PTMA
SRR19762201	PPARGC1B--IRF4
SRR19762201	OAZ1--KLF16
SRR19762201	TIMM23--PARGP1
SRR19762201	IGH-@-ext--MT-RNR2
SRR19762201	VTI1A--RP11-57H14.3
SRR19762201	B2M--IRF4
SRR19762201	IRF4--PTMA
SRR19762201	HLA-S--HLA-A
SRR19762201	EIF4A1--EIF5A
SRR19762710	OAZ1--RAC2
SRR19762710	SLC5A3--AP000318.2
SRR19762710	LEPROT--LEPR
SRR19762710	POLE--ANKLE2
SRR19762710	TIMM23--RP11-574K11.29
SRR19762710	MACC1--AC005062.2
SRR19762710	TPM4--KLF2
SRR19762710	IGH-@-ext--RPS24
SRR19762710	RP11-367G6.3--FAM65B
SRR19762710	BOLA2B--RP11-347C12.2
SRR19762710	RP6-206I17.1--RP11-403I13.8
SRR19762710	RP13-188A5.1--KLF8
SRR19762710	BSG--RNF126
SRR19762710	OAZ1--KLF16
SRR19762710	TIMM23--PARGP1
SRR19762710	SLC7A5--SMG1P1
SRR19762710	IGH@-ext--MT-ND4
SRR19762710	ACTB--FSCN1
SRR19762710	IGH@-ext--MT-RNR2
SRR19762710	ACTB--PTMA
SRR19762710	EIF4A1--EIF5A
SRR19762710	EIF4A1--PTMA
SRR19762578	IGH@-ext--MT-ATP6
SRR19762578	USP12--HMGB1
SRR19762578	LIPE-AS1--HNRNPUL1
SRR19762578	SYNCRIP--PTP4A1
SRR19762578	RP11-367G6.3--FAM65B
SRR19762578	PFKFB3--RP11-563J2.2
SRR19762578	LEPROT--LEPR
SRR19762578	PDCD4--IGH@-ext
SRR19762578	OAZ1--PTMA
SRR19762578	MIR155HG--JAM2
SRR19762578	OAZ1--KLF16
SRR19762578	TIMM23--PARGP1
SRR19762578	RP11-316P17.2--RP5-1050E16.2
SRR19762578	IGH-@-ext--MT-RNR2
SRR19762578	TIMM23--RP11-574K11.29
SRR19762578	EIF4A1--EIF5A
SRR19762578	RPS10--NUDT3
SRR19762756	RP11-1E3.1--RP11-455B3.1
SRR19762756	SIK1--ACTB
SRR19762756	RP11-96H19.1--RP11-446N19.1
SRR19762756	ACTB--GPX4
SRR19762756	RP11-155G15.2--RP11-1E3.1
SRR19762756	IGH@-ext--EEF1A1
SRR19762756	TIMM23--PARGP1
SRR19762756	ELL--PTP4A3
SRR19762756	B3GNT2--EHBP1
SRR19762756	PIM3--SCO2
SRR19762756	MACC1--AC005062.2
SRR19762445	ZEB1--HNRNPF
SRR19762445	TRIM60--AKAP13
SRR19762445	RP11-367G6.3--FAM65B
SRR19762445	LEPROT--LEPR
SRR19762445	SEPT7P2--PSPH
SRR19762445	NUTM2A-AS1--MINPP1
SRR19762445	TIMM23--PARGP1
SRR19762445	C15orf57--CBX3
SRR19762445	SIK1--PTMA
SRR19762445	TIMM23--RP11-574K11.29
SRR19762445	EIF4A1--EIF5A
SRR19762445	PIM3--SCO2
SRR19762445	MACC1--AC005062.2
SRR19762612	RP11-367G6.3--FAM65B
SRR19762612	TIMM23--RP11-574K11.29
SRR19762612	TIMM23--PARGP1
SRR19762612	LEPROT--LEPR
SRR19762554	ACTB--FSCN1
SRR19762554	RP11-662M24.2--RIMBP2
SRR19762554	RP11-367G6.3--FAM65B
SRR19762554	SLC30A6--SPAST
SRR19762554	KANSL1--ARL17A
SRR19762554	PFKFB3--RP11-563J2.2
SRR19762554	LEPROT--LEPR
SRR19762554	OAZ1--KLF16
SRR19762554	CTSC--RAB38
SRR19762554	TIMM23--PARGP1
SRR19762554	TIMM23--RP11-574K11.29
SRR19762597	USP12--SET
SRR19762597	RP11-367G6.3--FAM65B
SRR19762597	SRSF1--DDX5
SRR19762597	PFKFB3--RP11-563J2.2
SRR19762597	LEPROT--LEPR
SRR19762597	OAZ1--LIMD2
SRR19762597	GAS6--IGH@-ext
SRR19762597	OAZ1--KLF16
SRR19762597	TIMM23--PARGP1
SRR19762597	ACTB--PTMA
SRR19762597	OAZ1--DAZAP1
SRR19762597	TIMM23--RP11-574K11.29
SRR19762597	ACTB--SET
SRR19762597	IGLVI-70--IGL@-ext
SRR19762504	KANSL1--ARL17B
SRR19762504	RP11-367G6.3--FAM65B
SRR19762504	NRIP1--AF127936.7
SRR19762504	IGL-@-ext--RPL8
SRR19762504	RP11-96H19.1--RP11-446N19.1
SRR19762504	PFKFB3--RP11-563J2.2
SRR19762504	TRANK1--IGH@-ext
SRR19762504	RP6-206I17.1--RP11-403I13.8
SRR19762504	LEPROT--LEPR
SRR19762504	EEF1DP3--FRY
SRR19762504	IGH-@-ext--MT-ND4
SRR19762504	OAZ1--KLF16
SRR19762504	TIMM23--PARGP1
SRR19762504	C5orf56--RAD50
SRR19762504	OAZ1--DAZAP1
SRR19762504	IGLVI-70--IGL@-ext
SRR19762844	RPA3-AS1--GLCCI1
SRR19762844	RP11-367G6.3--FAM65B
SRR19762844	BOLA2B--RP11-347C12.2
SRR19762844	RP11-353N4.6--RP11-403I13.8
SRR19762844	IGH-@-ext--C5orf52
SRR19762844	LEPROT--LEPR
SRR19762844	TMEM63B--VEGFA
SRR19762844	OAZ1--KLF16
SRR19762844	TIMM23--PARGP1
SRR19762844	IGLVI-70--IGL@-ext
SRR19762183	OAZ1--RAC2
SRR19762183	RP11-367G6.3--FAM65B
SRR19762183	PFKFB3--RP11-563J2.2
SRR19762183	RP6-206I17.1--RP11-403I13.8
SRR19762183	RNF168--MORF4L1P1
SRR19762183	LEPROT--LEPR
SRR19762183	OAZ1--KLF16
SRR19762183	TIMM23--PARGP1
SRR19762183	EIF4A1--EIF5A
SRR19762183	MACC1--AC005062.2
SRR19762804	TRIM60--AKAP13
SRR19762804	RP11-367G6.3--FAM65B
SRR19762804	RP6-206I17.1--RP11-403I13.8
SRR19762804	OAZ1--RNF126
SRR19762804	POLE--ANKLE2
SRR19762804	TIMM23--PARGP1
SRR19762804	ACTB--PTMA
SRR19762804	AGRN--EIF4A1
SRR19762804	EIF4A1--PTMA
SRR19762804	PTMA--ACTB
SRR19762638	FNBP1--SET
SRR19762638	RNF126--BSG
SRR19762638	IGH-@-ext--FUS
SRR19762638	OAZ1--DOT1L
SRR19762638	LEPROT--LEPR
SRR19762638	DDX5--SET
SRR19762638	TIMM23--RP11-574K11.29
SRR19762638	CYTH1--USP36
SRR19762638	ZEB1--HNRNPF
SRR19762638	NCOR2--UBC
SRR19762638	RP11-367G6.3--FAM65B
SRR19762638	RP6-206I17.1--RP11-403I13.8
SRR19762638	CARKD--ING1
SRR19762638	BSG--RNF126
SRR19762638	OAZ1--KLF16
SRR19762638	TIMM23--PARGP1
SRR19762638	RP11-96H19.1--RP11-446N19.1
SRR19762638	PFKFB3--RP11-563J2.2
SRR19762638	OAZ1--LIMD2
SRR19762638	BSG--PTBP1
SRR19762638	EIF4A1--EIF5A
SRR19762662	RAB2A--KCNS2
SRR19762662	LINC00623--RP11-403I13.8
SRR19762662	ZEB1--BMI1
SRR19762662	RP11-367G6.3--FAM65B
SRR19762662	RP11-96H19.1--RP11-446N19.1
SRR19762662	LEPROT--LEPR
SRR19762662	YWHAE--PITPNA
SRR19762662	RP11-155G15.2--RP11-1E3.1
SRR19762662	OAZ1--KLF16
SRR19762662	TIMM23--PARGP1
SRR19762662	WASH3P--AC131097.3
SRR19762662	TIMM23--RP11-574K11.29
SRR19762662	PLXNB2--SCO2
SRR19762662	CYTH1--USP36
SRR19762784	OAZ1--RAC2
SRR19762784	SYNCRIP--PTP4A1
SRR19762784	LEPROT--LEPR
SRR19762784	TIMM23--RP11-574K11.29
SRR19762784	B3GNT2--EHBP1
SRR19762784	TRIM60--AKAP13
SRR19762784	BCKDHB--RP11-250B2.3
SRR19762784	RP11-155G15.2--RP11-1E3.1
SRR19762784	SREBF2--SET
SRR19762784	ZC3H3--EEF1D
SRR19762784	CTC-786C10.1--RP11-680G10.1
SRR19762784	RP11-367G6.3--FAM65B
SRR19762784	NRIP1--AF127936.7
SRR19762784	RP6-206I17.1--RP11-403I13.8
SRR19762784	OAZ1--KLF16
SRR19762784	TIMM23--PARGP1
SRR19762784	B2M--IRF4
SRR19762784	USP12--HMGB1
SRR19762784	RPA3-AS1--GLCCI1
SRR19762784	OAZ1--IRF4
SRR19762784	USP10--KLHL36
SRR19762784	BSG--PTBP1
SRR19762784	HLA-S--HLA-A
SRR19762784	OAZ1--CSNK1G2
SRR19762784	EIF4A1--EIF5A
SRR19762505	RAB2A--KCNS2
SRR19762505	BOLA2B--RP11-345J4.8
SRR19762505	LEPROT--LEPR
SRR19762505	POLE--ANKLE2
SRR19762505	RNF216--ACTB
SRR19762505	YWHAE--CRK
SRR19762505	TRIM60--AKAP13
SRR19762505	DEF8--KDM6B
SRR19762505	DGKZ--CHRM4
SRR19762505	RP11-155G15.2--RP11-1E3.1
SRR19762505	MKLN1-AS1--ACTB
SRR19762505	BOP1--ACTB
SRR19762505	RP11-367G6.3--FAM65B
SRR19762505	TIMM23--PARGP1
SRR19762505	NUTM2A-AS1--MINPP1
SRR19762505	ACTB--FSCN1
SRR19762505	RP11-96H19.1--RP11-446N19.1
SRR19762505	ACTB--PTMA
SRR19762505	EIF4A1--EIF5A
SRR19762380	PPARGC1B--PTMA
SRR19762380	OAZ1--DOT1L
SRR19762380	LEPROT--LEPR
SRR19762380	B2M--AC013394.2
SRR19762380	TIMM23--RP11-175I17.2
SRR19762380	MACC1--AC005062.2
SRR19762380	YWHAE--CRK
SRR19762380	IGH@-ext--MT-CO3
SRR19762380	SRSF1--DDX5
SRR19762380	EIF4A1--DDX5
SRR19762380	RP11-155G15.2--RP11-1E3.1
SRR19762380	RP11-367G6.3--FAM65B
SRR19762380	PFKFB3--RP11-563J2.2
SRR19762380	IGH-@-ext--MT-ND4
SRR19762380	OAZ1--ACTB
SRR19762380	IGH@-ext--MT-RNR2
SRR19762380	HLA-S--HLA-A
SRR19762380	ACTB--PTMA
SRR19762380	COPS5--IGH-@-ext
SRR19762380	IGL-@-ext--RPL13A
SRR19762380	EIF4A1--EIF5A
SRR19762640	RP11-662M24.2--RIMBP2
SRR19762640	RP11-367G6.3--FAM65B
SRR19762640	SEPT7P2--PSPH
SRR19762640	RP11-155G15.2--RP11-1E3.1
SRR19762640	TIMM23--PARGP1
SRR19762640	EIF4A1--EIF5A
SRR19762640	SOCS5--AC016722.2
SRR19762700	RP11-367G6.3--FAM65B
SRR19762700	LEPROT--LEPR
SRR19762700	RP11-155G15.2--RP11-1E3.1
SRR19762700	OAZ1--KLF16
SRR19762700	TIMM23--PARGP1
SRR19762700	POLE--ANKLE2
SRR19762628	RP11-367G6.3--FAM65B
SRR19762628	RP11-381K20.2--KLHL3
SRR19762628	OAZ1--IRF4
SRR19762628	USP10--KLHL36
SRR19762628	LEPROT--LEPR
SRR19762628	OAZ1--PTMA
SRR19762628	PSMB7--NEK6
SRR19762628	OAZ1--KLF16
SRR19762628	TIMM23--PARGP1
SRR19762628	TIMM23--RP11-574K11.29
SRR19762537	ACTB--FSCN1
SRR19762537	RP11-367G6.3--FAM65B
SRR19762537	SRSF1--DDX5
SRR19762537	RP11-96H19.1--RP11-446N19.1
SRR19762537	TIMM23--LINC00843
SRR19762537	RP6-206I17.1--RP11-403I13.8
SRR19762537	LEPROT--LEPR
SRR19762537	OAZ1--EIF4A1
SRR19762537	RP11-155G15.2--RP11-1E3.1
SRR19762537	BSG--RNF126
SRR19762537	NCOR2--UBC
SRR19762537	TIMM23--PARGP1
SRR19762537	ACTB--PTMA
SRR19762537	OAZ1--KLF16
SRR19762537	SF1--CFL1
SRR19762537	ADAP1--ACTB
SRR19762386	RP11-367G6.3--FAM65B
SRR19762386	BOLA2B--RP11-345J4.8
SRR19762386	RP11-96H19.1--RP11-446N19.1
SRR19762386	OAZ1--DOT1L
SRR19762386	RP6-206I17.1--RP11-403I13.8
SRR19762386	LEPROT--LEPR
SRR19762386	SEPT7P2--PSPH
SRR19762386	TIMM23--PARGP1
SRR19762386	POLE--ANKLE2
SRR19762386	IGH-@-ext--RPL27
SRR19762386	EIF4A1--EIF5A
SRR19762371	RP11-662M24.2--RIMBP2
SRR19762371	RP11-367G6.3--FAM65B
SRR19762371	CSNK1G2--KLF16
SRR19762371	RP11-439L18.2--HIVEP2
SRR19762371	PFKFB3--RP11-563J2.2
SRR19762371	LEPROT--LEPR
SRR19762371	TMEM63B--VEGFA
SRR19762371	CTSC--RAB38
SRR19762371	PTP4A1--EEF1A1P5
SRR19762371	TIMM23--PARGP1
SRR19762371	OAZ1--CSNK1G2
SRR19762371	IGH-@-ext--MT-RNR2
SRR19762371	HIC2--PI4KA
SRR19762371	TIMM23--RP11-574K11.29
SRR19762649	IGH@-ext--MT-ATP6
SRR19762649	FUS--ACTB
SRR19762649	RP11-367G6.3--FAM65B
SRR19762649	RP11-96H19.1--RP11-446N19.1
SRR19762649	IRF4--PTMA
SRR19762649	RAB30--PRCP
SRR19762649	MAFK--ACTB
SRR19762649	LEPROT--LEPR
SRR19762649	RP11-468N14.10--IGL@-ext
SRR19762649	RP11-155G15.2--RP11-1E3.1
SRR19762649	TIMM23--PARGP1
SRR19762649	POLE--ANKLE2
SRR19762649	ACTB--PTMA
SRR19762649	EIF4A1--EIF5A
SRR19762649	PTMA--ACTB
SRR19762460	RAB2A--KCNS2
SRR19762460	RP11-367G6.3--FAM65B
SRR19762460	NRIP1--AF127936.7
SRR19762460	LEPROT--LEPR
SRR19762460	TIMM23--PARGP1
SRR19762460	POLE--ANKLE2
SRR19762460	TIMM23--RP11-574K11.29
SRR19762857	FNBP1--SET
SRR19762857	FASN--ACTB
SRR19762857	RPA3-AS1--GLCCI1
SRR19762857	RP11-367G6.3--FAM65B
SRR19762857	SRSF1--DDX5
SRR19762857	KANSL1--ARL17A
SRR19762857	MAFK--ACTB
SRR19762857	LEPROT--LEPR
SRR19762857	PPARGC1B--PTMAP5
SRR19762857	NCOR2--UBC
SRR19762857	TIMM23--PARGP1
SRR19762857	ACTB--PTMA
SRR19762857	POLE--ANKLE2
SRR19762857	TFG--GPR128
SRR19762857	EIF4A1--PTMA
SRR19762857	SOCS5--AC016722.2
SRR19762270	OAZ1--RAC2
SRR19762270	RP11-1E3.1--RP11-455B3.1
SRR19762270	TMX2--DARS
SRR19762270	BOLA2B--RP11-345J4.8
SRR19762270	IRF4--PTMA
SRR19762270	CTD-2337A12.1--CAST
SRR19762270	RP11-367G6.3--FAM65B
SRR19762270	RP11-1023L17.1--C1QTNF3
SRR19762270	LEPROT--LEPR
SRR19762270	OAZ1--PTMA
SRR19762270	GLTSCR2--DHX34
SRR19762270	CTSC--RAB38
SRR19762270	NCOR2--UBC
SRR19762270	TIMM23--PARGP1
SRR19762270	SIK1--PTMA
SRR19762270	PLXNB2--SCO2
SRR19762270	B3GNT2--EHBP1
SRR19762270	SOCS5--AC016722.2
SRR19762412	ACTB--FSCN1
SRR19762412	OAZ1--TCF3
SRR19762412	TRIM60--AKAP13
SRR19762412	RP11-367G6.3--FAM65B
SRR19762412	NOC4L--FBRSL1
SRR19762412	LRRC8B--LRRC8C
SRR19762412	AP3S1--AQPEP
SRR19762412	LEPROT--LEPR
SRR19762412	SEPT7P2--PSPH
SRR19762412	ZBTB2--MTHFD1L
SRR19762412	TIMM23--PARGP1
SRR19762412	MBP--PQLC1
SRR19762412	TIMM23--RP11-574K11.29
SRR19762897	ZEB1--HNRNPF
SRR19762897	RP11-367G6.3--FAM65B
SRR19762897	TPM4--KLF2
SRR19762897	PFKFB3--RP11-563J2.2
SRR19762897	USP10--KLHL36
SRR19762897	LEPROT--LEPR
SRR19762897	OAZ1--PTMA
SRR19762897	OAZ1--KLF16
SRR19762897	IGH@-ext--MT-ND2
SRR19762897	TIMM23--PARGP1
SRR19762897	EIF4A1--EIF5A
SRR19762897	EIF4A1--PTMA
SRR19762897	IGLVI-70--IGL@-ext
SRR19762895	LINC00623--RP11-403I13.8
SRR19762895	RP11-367G6.3--FAM65B
SRR19762895	RP11-96H19.1--RP11-446N19.1
SRR19762895	KANSL1--ARL17A
SRR19762895	PFKFB3--RP11-563J2.2
SRR19762895	LEPROT--LEPR
SRR19762895	OAZ1--PTMA
SRR19762895	TIMM23--PARGP1
SRR19762895	TIMM23--RP11-574K11.29
SRR19762895	EIF4A1--EIF5A
SRR19762895	MACC1--AC005062.2
SRR19762848	CCNE1--RUNX3
SRR19762848	PIM3--B2M
SRR19762848	HIATL1--RP11-307E17.8
SRR19762848	HMGN2--PTMA
SRR19762848	OAZ1--DOT1L
SRR19762848	TGOLN2--ESCO1
SRR19762848	OAZ1--DDX5
SRR19762848	LEPROT--LEPR
SRR19762848	OAZ1--PTMA
SRR19762848	TIMM23--RP11-574K11.29
SRR19762848	OAZ1--SGTA
SRR19762848	NCOR2--UBC
SRR19762848	ITM2C--PTMA
SRR19762848	RP11-367G6.3--FAM65B
SRR19762848	TIMM23--PARGP1
SRR19762848	SLC7A5--SMG1P1
SRR19762848	RP11-96H19.1--RP11-446N19.1
SRR19762848	PFKFB3--RP11-563J2.2
SRR19762848	RNF126--TMEM259
SRR19762848	HLA-S--HLA-A
SRR19762848	EIF4A1--EIF5A
SRR19762198	RP11-662M24.2--RIMBP2
SRR19762198	RP11-353N4.6--RP11-403I13.8
SRR19762198	LEPROT--LEPR
SRR19762198	WASH5P--AJ271736.10
SRR19762198	SBNO2--PTBP1
SRR19762198	SRSF1--DDX5
SRR19762198	TIMM23--LINC00843
SRR19762198	ENTPD4--CD46
SRR19762198	RP11-155G15.2--RP11-1E3.1
SRR19762198	TKTL1--FLNA
SRR19762198	RP11-33B1.1--PSPH
SRR19762198	RP11-367G6.3--FAM65B
SRR19762198	BSG--RNF126
SRR19762198	OAZ1--KLF16
SRR19762198	TIMM23--PARGP1
SRR19762198	NUTM2A-AS1--MINPP1
SRR19762198	FASN--EIF4A1
SRR19762198	OAZ1--IRF4
SRR19762198	USP10--KLHL36
SRR19762198	IGL-@-ext--EEF1A1
SRR19762198	RNF126--PTBP1
SRR19762198	EIF4A1--EIF5A
SRR19762198	OAZ1--SCO2
SRR19762184	RP11-33B1.1--PSPH
SRR19762184	RP11-367G6.3--FAM65B
SRR19762184	LEPROT--LEPR
SRR19762184	OAZ1--KLF16
SRR19762184	TIMM23--PARGP1
SRR19762184	TIMM23--RP11-574K11.29
SRR19762813	NPEPPS--TBC1D3F
SRR19762813	CTSC--RAB38
SRR19762813	CPSF6--PTMA
SRR19762813	TIMM23--RP11-574K11.29
SRR19762813	HS2ST1--SEP15
SRR19762813	MAFK--ACTB
SRR19762813	CTA-714B7.5--RP1-272J12.1
SRR19762813	RP11-155G15.2--RP11-1E3.1
SRR19762813	NCOR2--UBC
SRR19762813	RP11-367G6.3--FAM65B
SRR19762813	NRIP1--AF127936.7
SRR19762813	ATG4D--SLC5A5
SRR19762813	BSG--RNF126
SRR19762813	OAZ1--KLF16
SRR19762813	TIMM23--PARGP1
SRR19762813	SLC7A5--SMG1P1
SRR19762813	ACTB--EEF1A1
SRR19762813	EIF4A1--ACTB
SRR19762813	PFKFB3--RP11-563J2.2
SRR19762813	FUS--SETD1A
SRR19762813	EIF4A1--EIF5A
SRR19762886	TIMM23--AGAP6
SRR19762886	ACTB--FSCN1
SRR19762886	YWHAE--CRK
SRR19762886	TRIM60--AKAP13
SRR19762886	RP11-367G6.3--FAM65B
SRR19762886	NRIP1--AF127936.7
SRR19762886	PFKFB3--RP11-563J2.2
SRR19762886	OAZ1--DOT1L
SRR19762886	LEPROT--LEPR
SRR19762886	SEPT7P2--PSPH
SRR19762886	BSG--RNF126
SRR19762886	TIMM23--PARGP1
SRR19762886	TIMM23--RP11-574K11.29
SRR19762626	RPA3-AS1--GLCCI1
SRR19762626	RP11-367G6.3--FAM65B
SRR19762626	PFKFB3--RP11-563J2.2
SRR19762626	RP6-206I17.1--RP11-403I13.8
SRR19762626	RP11-155G15.2--RP11-1E3.1
SRR19762626	CTSC--RAB38
SRR19762626	OAZ1--KLF16
SRR19762626	TIMM23--PARGP1
SRR19762626	NCOR2--UBC
SRR19762626	VTI1A--RP11-57H14.3
SRR19762626	TIMM23--RP11-574K11.29
SRR19762667	NCL--PTMA
SRR19762667	IGKV2-18--AC096579.7
SRR19762667	RP11-367G6.3--FAM65B
SRR19762667	SRSF1--DDX5
SRR19762667	BOLA2B--RP11-347C12.2
SRR19762667	KANSL1--ARL17A
SRR19762667	RP11-96H19.1--RP11-446N19.1
SRR19762667	LEPROT--LEPR
SRR19762667	FUS--SETD1A
SRR19762667	OAZ1--PTMA
SRR19762667	TIMM23--PARGP1
SRR19762667	EIF4A1--EIF5A
SRR19762667	RP11-274B21.1--RP11-206L10.3
SRR19762455	OAZ1--DOT1L
SRR19762455	IGL-@-ext--RPS16
SRR19762455	LEPROT--LEPR
SRR19762455	OAZ1--PTMA
SRR19762455	SBNO1--SETD8
SRR19762455	PTP4A1--EEF1A1
SRR19762455	MAFK--ACTB
SRR19762455	SEPT7P2--PSPH
SRR19762455	RP11-155G15.2--RP11-1E3.1
SRR19762455	NCOR2--UBC
SRR19762455	C15orf57--CBX3
SRR19762455	RP11-367G6.3--FAM65B
SRR19762455	IGL-@-ext--RPL8
SRR19762455	FAM60A--DENND5B
SRR19762455	NRIP1--AF127936.7
SRR19762455	RP11-381K20.2--KLHL3
SRR19762455	DDX5--PTMA
SRR19762455	DDX5--EEF1A1
SRR19762455	IGL-@-ext--HLA-B
SRR19762455	TIMM23--PARGP1
SRR19762455	VTI1A--RP11-57H14.3
SRR19762455	B2M--IRF4
SRR19762455	EIF4A1--ACTB
SRR19762455	RCC1--UBE2D2
SRR19762455	RP11-96H19.1--RP11-446N19.1
SRR19762455	IGH-@-ext--MT-ND4
SRR19762455	OAZ1--ACTB
SRR19762455	HLA-S--HLA-A
SRR19762455	ACTB--PTMA
SRR19762455	EIF4A1--EIF5A
SRR19762674	RP11-662M24.2--RIMBP2
SRR19762674	RPA3-AS1--GLCCI1
SRR19762674	RP11-367G6.3--FAM65B
SRR19762674	NRIP1--AF127936.7
SRR19762674	OAZ1--DOT1L
SRR19762674	LEPROT--LEPR
SRR19762674	RP11-155G15.2--RP11-1E3.1
SRR19762674	CTSC--RAB38
SRR19762674	TIMM23--PARGP1
SRR19762674	TIMM23--RP11-574K11.29
SRR19762674	EIF4A1--EIF5A
SRR19762337	SYNCRIP--EEF1A1P5
SRR19762337	C1ORF220--RP5-1098D14.1
SRR19762337	LEPROT--LEPR
SRR19762337	OAZ1--PTMA
SRR19762337	OAZ1--PTBP1
SRR19762337	IGL-@-ext--HSP90AB1
SRR19762337	MACC1--AC005062.2
SRR19762337	YWHAE--CRK
SRR19762337	IGL-@-ext--MT-ATP8
SRR19762337	SRSF1--DDX5
SRR19762337	HNRNPA2B1--DDX5
SRR19762337	RP11-367G6.3--FAM65B
SRR19762337	FAM60A--DENND5B
SRR19762337	TIMM23--PARGP1
SRR19762337	EIF4A1--IGH@-ext
SRR19762337	RP11-638F5.1--IGH@-ext
SRR19762337	IGL-@-ext--HSP90B1
SRR19762337	RP11-96H19.1--RP11-446N19.1
SRR19762337	IGL-@-ext--MT-RNR2
SRR19762684	ZEB1--HNRNPF
SRR19762684	HNRNPK--SET
SRR19762684	RP11-367G6.3--FAM65B
SRR19762684	SRSF1--DDX5
SRR19762684	PFKFB3--RP11-563J2.2
SRR19762684	CPSF6--UBC
SRR19762684	OAZ1--DOT1L
SRR19762684	LEPROT--LEPR
SRR19762684	OAZ1--KLF16
SRR19762684	PTP4A1--EEF1A1P5
SRR19762684	HLA-S--HLA-A
SRR19762684	TIMM23--PARGP1
SRR19762684	B2M--IRF4
SRR19762684	NARS2--TENM4
SRR19762684	EIF4A1--EIF5A
SRR19762712	RNF216--ACTB
SRR19762712	RPA3-AS1--GLCCI1
SRR19762712	RP11-367G6.3--FAM65B
SRR19762712	SRSF1--DDX5
SRR19762712	PFKFB3--RP11-563J2.2
SRR19762712	RP6-206I17.1--RP11-403I13.8
SRR19762712	MAFK--ACTB
SRR19762712	LEPROT--LEPR
SRR19762712	USP10--KLHL36
SRR19762712	PTBP1--PTMA
SRR19762712	DDX5--PTMA
SRR19762712	OAZ1--KLF16
SRR19762712	TIMM23--PARGP1
SRR19762712	ACTB--PTMA
SRR19762712	POLE--ANKLE2
SRR19762712	TIMM23--RP11-574K11.29
SRR19762712	EIF4A1--EIF5A
SRR19762712	EIF4A1--PTMA
SRR19762735	PPARGC1B--PTMA
SRR19762735	ZEB1--BMI1
SRR19762735	C1ORF220--RP5-1098D14.1
SRR19762735	LEPROT--LEPR
SRR19762735	AKAP13--AC013394.2
SRR19762735	SLC19A1--SUMO3
SRR19762735	TIMM23--RP11-574K11.29
SRR19762735	MACC1--AC005062.2
SRR19762735	SRSF1--DDX5
SRR19762735	PPARGC1B--NR3C1
SRR19762735	RP11-155G15.2--RP11-1E3.1
SRR19762735	RP11-367G6.3--FAM65B
SRR19762735	NRIP1--AF127936.7
SRR19762735	BOLA2B--RP11-347C12.2
SRR19762735	KANSL1--ARL17A
SRR19762735	OAZ1--KLF16
SRR19762735	TIMM23--PARGP1
SRR19762735	HOMER2--BTBD1
SRR19762735	EIF4A1--PTMA
SRR19762732	IGH-@-ext--HLA-B
SRR19762732	SMG1--RP11-231C14.4
SRR19762732	RP11-367G6.3--FAM65B
SRR19762732	RP11-96H19.1--RP11-446N19.1
SRR19762732	RP6-206I17.1--RP11-403I13.8
SRR19762732	LEPROT--LEPR
SRR19762732	RP11-155G15.2--RP11-1E3.1
SRR19762732	CTSC--RAB38
SRR19762732	OAZ1--ACTB
SRR19762732	TIMM23--PARGP1
SRR19762732	C15orf57--CBX3
SRR19762732	IGH-@-ext--ANP32B
SRR19762732	EIF4A1--EIF5A
SRR19762845	PPARGC1B--PTMA
SRR19762845	BOLA2B--RP11-345J4.8
SRR19762845	ACTB--IRF4
SRR19762845	LEPROT--LEPR
SRR19762845	IGH-@-ext--RPL5
SRR19762845	IGH-@-ext--B2M
SRR19762845	C5orf56--RAD50
SRR19762845	TIMM23--RP11-574K11.29
SRR19762845	IGH-@-ext--PTMA
SRR19762845	IGL-@-ext--B2M
SRR19762845	MAFK--ACTB
SRR19762845	IGH-@-ext--PFN1
SRR19762845	IGH-@-ext--HLA-B
SRR19762845	RP11-367G6.3--FAM65B
SRR19762845	KANSL1--ARL17A
SRR19762845	RP6-206I17.1--RP11-403I13.8
SRR19762845	CARKD--ING1
SRR19762845	TIMM23--PARGP1
SRR19762845	EIF4A1--ACTB
SRR19762845	RP11-96H19.1--RP11-446N19.1
SRR19762845	IGH-@-ext--HNRNPA1
SRR19762845	ACTB--PTMA
SRR19762845	SEPT14--AC137934.1
SRR19762444	USP12--HMGB1
SRR19762444	AC007879.5--AC007879.2
SRR19762444	RP11-367G6.3--FAM65B
SRR19762444	HMGN2--PTMA
SRR19762444	TPM4--KLF2
SRR19762444	SRSF1--DDX5
SRR19762444	OAZ1--DOT1L
SRR19762444	SEPT7P2--PSPH
SRR19762444	RP11-155G15.2--RP11-1E3.1
SRR19762444	OAZ1--KLF16
SRR19762444	TIMM23--PARGP1
SRR19762444	SIK1--PTMA
SRR19762444	EIF4A1--EIF5A
SRR19762444	EIF4A1--PTMA
SRR19762663	IGH-@-ext--SPRY4
SRR19762663	NCL--PTMA
SRR19762663	BOLA2B--RP11-345J4.8
SRR19762663	RP11-367G6.3--FAM65B
SRR19762663	KANSL1--ARL17A
SRR19762663	LEPROT--LEPR
SRR19762663	OAZ1--KLF16
SRR19762663	HLA-S--HLA-A
SRR19762663	TIMM23--PARGP1
SRR19762663	ACTB--PTMA
SRR19762647	RP11-1E3.1--RP11-455B3.1
SRR19762647	PRKCH--RP11-47I22.3
SRR19762647	BOLA2B--RP11-345J4.8
SRR19762647	RP11-96H19.1--RP11-446N19.1
SRR19762647	RP11-367G6.3--FAM65B
SRR19762647	NRIP1--AF127936.7
SRR19762647	RP6-206I17.1--RP11-403I13.8
SRR19762647	RP11-155G15.2--RP11-1E3.1
SRR19762647	RP11-31F15.1--LRIG2
SRR19762647	CTSC--RAB38
SRR19762647	TIMM23--PARGP1
SRR19762647	LINC00158--AP000233.4
SRR19762647	TIMM23--RP11-574K11.29
SRR19762647	MACC1--AC005062.2
SRR19762522	RP11-662M24.2--RIMBP2
SRR19762522	RP11-367G6.3--FAM65B
SRR19762522	NRIP1--AF127936.7
SRR19762522	SRSF1--DDX5
SRR19762522	KANSL1--ARL17A
SRR19762522	PFKFB3--RP11-563J2.2
SRR19762522	RP6-206I17.1--RP11-403I13.8
SRR19762522	LEPROT--LEPR
SRR19762522	SEPT7P2--PSPH
SRR19762522	TIMM23--PARGP1
SRR19762522	HLA-S--HLA-A
SRR19762522	IGH-@-ext--RP11-13K12.1
SRR19762522	POLE--ANKLE2
SRR19762522	RP11-316P17.2--RP5-1050E16.2
SRR19762522	RP11-444D3.1--SOX5
SRR19762522	NPEPPS--TBC1D3C
SRR19762620	FNBP1--SET
SRR19762620	ACTB--ARL6IP4
SRR19762620	RP11-367G6.3--FAM65B
SRR19762620	IGL-@-ext--RPS16
SRR19762620	LEPROT--LEPR
SRR19762620	OAZ1--KLF16
SRR19762620	CTSC--RAB38
SRR19762620	TIMM23--PARGP1
SRR19762620	ZBTB2--ACTB
SRR19762620	ACTB--PTMA
SRR19762620	IGL-@-ext--RPL13A
SRR19762620	TIMM23--RP11-574K11.29
SRR19762620	EIF4A1--EIF5A
SRR19762346	LEPROT--LEPR
SRR19762346	NPEPPS--TBC1D3C
SRR19762346	TIMM23--RP11-574K11.29
SRR19762346	MT-ND6--RPL11
SRR19762346	CYTH1--USP36
SRR19762346	SRSF1--DDX5
SRR19762346	OAZ1--SGTA
SRR19762346	ZC3H3--EEF1D
SRR19762346	IGH-@-ext--HLA-B
SRR19762346	RP11-367G6.3--FAM65B
SRR19762346	TMEM63B--VEGFA
SRR19762346	CDKN1A--SET
SRR19762346	OAZ1--KLF16
SRR19762346	TIMM23--PARGP1
SRR19762346	SPTAN1--SET
SRR19762346	IGH-@-ext--MT-RNR2
SRR19762346	VTI1A--RP11-57H14.3
SRR19762346	PFKFB3--RP11-563J2.2
SRR19762346	FUS--SETD1A
SRR19762346	EIF4A1--EIF5A
SRR19762524	HMGN2--PTMA
SRR19762524	OAZ1--DOT1L
SRR19762524	LEPROT--LEPR
SRR19762524	OAZ1--PTMA
SRR19762524	POLE--ANKLE2
SRR19762524	SPN--QPRT
SRR19762524	EIF4A1--EIF5A
SRR19762524	SEPT7P2--PSPH
SRR19762524	MIR155HG--JAM2
SRR19762524	KANSL1--ARL17B
SRR19762524	RP11-367G6.3--FAM65B
SRR19762524	IRF4--IGH@-ext
SRR19762524	DNMT3A--EHD4
SRR19762524	NRIP1--AF127936.7
SRR19762524	RP6-206I17.1--RP11-403I13.8
SRR19762524	SETD8--PTMA
SRR19762524	BSG--RNF126
SRR19762524	OAZ1--KLF16
SRR19762524	OAZ1--FKBP8
SRR19762524	TIMM23--PARGP1
SRR19762524	RPA3-AS1--GLCCI1
SRR19762524	PFKFB3--RP11-563J2.2
SRR19762524	OAZ1--CSNK1G2
SRR19762524	IGH@-ext--MT-ND4L
SRR19762524	EIF4A1--PTMA
SRR19762919	ZEB1--HNRNPF
SRR19762919	RP11-381K20.2--NME5
SRR19762919	RP11-367G6.3--FAM65B
SRR19762919	NRIP1--AF127936.7
SRR19762919	PFKFB3--RP11-563J2.2
SRR19762919	LEPROT--LEPR
SRR19762919	OAZ1--KLF16
SRR19762919	TIMM23--PARGP1
SRR19762919	C15orf57--CBX3
SRR19762919	POLE--ANKLE2
SRR19762919	SLC7A5--SMG1P1
SRR19762443	DNAJC25--UGCG
SRR19762443	USP12--HMGB1
SRR19762443	RP11-367G6.3--FAM65B
SRR19762443	BOLA2B--RP11-347C12.2
SRR19762443	SRSF1--DDX5
SRR19762443	POM121C--ZP3
SRR19762443	LEPROT--LEPR
SRR19762443	SEPT7P2--PSPH
SRR19762443	RP11-155G15.2--RP11-1E3.1
SRR19762443	OAZ1--KLF16
SRR19762443	TIMM23--PARGP1
SRR19762443	TIMM23--RP11-574K11.29
SRR19762443	RPS10--NUDT3
SRR19762443	SOCS5--AC016722.2
SRR19762913	LEPROT--LEPR
SRR19762913	B2M--AC013394.2
SRR19762913	TIMM23--RP11-574K11.29
SRR19762913	MACC1--AC005062.2
SRR19762913	ZEB1--HNRNPF
SRR19762913	HMGN2--IRF4
SRR19762913	SUPT6H--RPS12P28
SRR19762913	RP11-155G15.2--RP11-1E3.1
SRR19762913	NCOR2--UBC
SRR19762913	IGKV2-29--AC096579.7
SRR19762913	RP11-367G6.3--FAM65B
SRR19762913	NSF--LRRC37A3
SRR19762913	FAM60A--DENND5B
SRR19762913	SREBF2--RAC2
SRR19762913	BSG--RNF126
SRR19762913	OAZ1--SF1
SRR19762913	TIMM23--PARGP1
SRR19762913	RP11-353N4.6--RP11-403I13.7
SRR19762913	EIF4A1--EIF5A
SRR19762865	ZEB1--WAC
SRR19762865	RP11-367G6.3--FAM65B
SRR19762865	HNRNPH1--SET
SRR19762865	NRIP1--AF127936.7
SRR19762865	HNRNPH1--DDX5
SRR19762865	NOC4L--UBC
SRR19762865	LEPROT--LEPR
SRR19762865	FUS--SETD1A
SRR19762865	DDX5--SET
SRR19762865	OAZ1--KLF16
SRR19762865	SREBF2--SET
SRR19762865	TIMM23--PARGP1
SRR19762865	NCOR2--UBC
SRR19762865	CTSC--RAB38
SRR19762865	B2M--IRF4
SRR19762865	NUTM2A-AS1--MINPP1
SRR19762725	ACTB--FSCN1
SRR19762725	RPA3-AS1--GLCCI1
SRR19762725	TRIM60--AKAP13
SRR19762725	RP11-367G6.3--FAM65B
SRR19762725	PFKFB3--RP11-563J2.2
SRR19762725	LEPROT--LEPR
SRR19762725	OAZ1--KLF16
SRR19762725	TIMM23--PARGP1
SRR19762725	ACTB--PTMA
SRR19762725	OAZ1--CSNK1G2
SRR19762725	SIK1--PTMA
SRR19762725	OAZ1--DAZAP1
SRR19762725	IGL-@-ext--FLOT2
SRR19762725	CYTH1--USP36
SRR19762496	POLE--FUS
SRR19762496	KANSL1--ARL17A
SRR19762496	PIM3--RAC2
SRR19762496	LEPROT--LEPR
SRR19762496	RP11-155G15.2--RP11-1E3.1
SRR19762496	OAZ1--KLF16
SRR19762496	TIMM23--PARGP1
SRR19762496	ACTB--PTMA
SRR19762496	YWHAE--GEMIN4
SRR19762496	HLA-S--HLA-A
SRR19762496	YWHAE--SET
SRR19762496	IGH-@-ext--PTMA
SRR19762283	KANSL1--ARL17B
SRR19762283	BOLA2B--RP11-345J4.8
SRR19762283	RP11-96H19.1--RP11-446N19.1
SRR19762283	RP11-367G6.3--FAM65B
SRR19762283	PFKFB3--RP11-563J2.2
SRR19762283	LEPROT--LEPR
SRR19762283	TIMM23--PARGP1
SRR19762283	C15orf57--CBX3
SRR19762283	IGH-@-ext--MT-RNR2
SRR19762283	ZC3H3--EEF1D
SRR19762283	DTX2P1--CCDC146
SRR19762283	IGLVI-70--IGL@-ext
SRR19762480	C1ORF220--RP5-1098D14.1
SRR19762480	IGL-@-ext--RPS16
SRR19762480	LEPROT--LEPR
SRR19762480	MACC1--AC005062.2
SRR19762480	IGH@-ext--MT-ATP6
SRR19762480	RNF216--ACTB
SRR19762480	FUS--ACTB
SRR19762480	SEPT7P2--PSPH
SRR19762480	RP11-155G15.2--RP11-1E3.1
SRR19762480	DNM2--IGH@-ext
SRR19762480	MIR4435-1HG--AC083899.3
SRR19762480	MT-CO3--IGL@-ext
SRR19762480	IGL-@-ext--RPL8
SRR19762480	AC096579.7--IGKV2-14
SRR19762480	IGL-@-ext--HLA-B
SRR19762480	OAZ1--KLF16
SRR19762480	TIMM23--PARGP1
SRR19762480	IGL-@-ext--HSP90B1
SRR19762480	LINC00623--RP11-403I13.8
SRR19762480	RP11-96H19.1--RP11-446N19.1
SRR19762480	ACTB--PTMA
SRR19762480	IGL-@-ext--RPL13A
SRR19762509	NCL--PTMA
SRR19762509	PRKCH--RP11-47I22.3
SRR19762509	RP11-367G6.3--FAM65B
SRR19762509	IRF4--PTMA
SRR19762509	KANSL1--ARL17A
SRR19762509	RP11-504P24.5--SEPT14
SRR19762509	LEPROT--LEPR
SRR19762509	BSG--RNF126
SRR19762509	TIMM23--PARGP1
SRR19762509	OAZ1--CSNK1G2
SRR19762509	TIMM23--RP11-574K11.29
SRR19762415	CTD-2012K14.6--ACTB
SRR19762415	FNBP1--SET
SRR19762415	RNF216--ACTB
SRR19762415	SIK1--ACTB
SRR19762415	RP11-367G6.3--FAM65B
SRR19762415	SRSF1--DDX5
SRR19762415	RP11-96H19.1--RP11-446N19.1
SRR19762415	KANSL1--ARL17A
SRR19762415	RP6-206I17.1--RP11-403I13.8
SRR19762415	OAZ1--ACTB
SRR19762415	TIMM23--PARGP1
SRR19762415	POLE--ANKLE2
SRR19762415	ACTB--PTMA
SRR19762415	TIMM23--RP11-574K11.29
SRR19762396	IGL-@-ext--MYO1E
SRR19762396	TRIM60--AKAP13
SRR19762396	RP11-367G6.3--FAM65B
SRR19762396	PFKFB3--RP11-563J2.2
SRR19762396	LEPROT--LEPR
SRR19762396	RP11-155G15.2--RP11-1E3.1
SRR19762396	TIMM23--PARGP1
SRR19762396	TIMM23--RP11-574K11.29
SRR19762396	MACC1--AC005062.2
SRR19762486	RNF216--ACTB
SRR19762486	LINC00623--RP11-403I13.8
SRR19762486	RP11-367G6.3--FAM65B
SRR19762486	OAZ1--DOT1L
SRR19762486	LEPROT--LEPR
SRR19762486	OAZ1--ACTB
SRR19762486	TIMM23--PARGP1
SRR19762486	ITM2C--PTMA
SRR19762486	TIMM23--RP11-574K11.29
SRR19762486	EIF4A1--EIF5A
SRR19762486	EIF4A1--PTMA
SRR19762449	IGH@-ext--MT-ATP6
SRR19762449	IGH-@-ext--RPSAP58
SRR19762449	RP11-96H19.1--RP11-446N19.1
SRR19762449	KANSL1--ARL17A
SRR19762449	C10orf137--BCCIP
SRR19762449	TPM4--ACTB
SRR19762449	LEPROT--LEPR
SRR19762449	MAFK--ACTB
SRR19762449	IGH@-ext--MT-CYB
SRR19762449	DNM2--IGH@-ext
SRR19762449	STRA8--IGH@-ext
SRR19762449	TIMM23--PARGP1
SRR19762449	NUTM2A-AS1--MINPP1
SRR19762449	IGH-@-ext--PTMA
SRR19762211	LINC00623--RP11-403I13.8
SRR19762211	RP11-367G6.3--FAM65B
SRR19762211	RP11-96H19.1--RP11-446N19.1
SRR19762211	IGH-@-ext--RPLP0
SRR19762211	LEPROT--LEPR
SRR19762211	SEPT7P2--PSPH
SRR19762211	OAZ1--KLF16
SRR19762211	TIMM23--PARGP1
SRR19762211	IGL-@-ext--RPL13A
SRR19762211	TIMM23--RP11-574K11.29
SRR19762873	OAZ1--RAC2
SRR19762873	SYNCRIP--PTP4A1
SRR19762873	OAZ1--DOT1L
SRR19762873	TPM4--PTMA
SRR19762873	LEPROT--LEPR
SRR19762873	B2M--AC013394.2
SRR19762873	POLE--ANKLE2
SRR19762873	PTBP1--PALM
SRR19762873	TIMM23--RP11-574K11.29
SRR19762873	DDX5--IRF4
SRR19762873	MACC1--AC005062.2
SRR19762873	ZEB1--WAC
SRR19762873	SRSF1--DDX5
SRR19762873	RPL23AP53--SEPT14
SRR19762873	USP22--RN7SL5P
SRR19762873	ARF1--PTMA
SRR19762873	NCOR2--UBC
SRR19762873	ZC3H3--EEF1D
SRR19762873	IGH-@-ext--MT-CO3
SRR19762873	RP11-367G6.3--FAM65B
SRR19762873	RP6-206I17.1--RP11-403I13.8
SRR19762873	FASN--P2RX5
SRR19762873	TIMM23--PARGP1
SRR19762873	IGH-@-ext--MT-RNR2
SRR19762873	VTI1A--RP11-57H14.3
SRR19762873	PFKFB3--RP11-563J2.2
SRR19762873	IGKV2-26--AC096579.7
SRR19762873	IGH-@-ext--MT-ND4
SRR19762873	EIF4A1--EIF5A
SRR19762920	RP11-367G6.3--FAM65B
SRR19762920	RP11-96H19.1--RP11-446N19.1
SRR19762920	RP6-206I17.1--RP11-403I13.8
SRR19762920	TIMM23--PARGP1
SRR19762920	PARG--BMS1
SRR19762920	PIM3--SCO2
SRR19762920	IGLVI-70--IGL@-ext
SRR19762816	YWHAE--CRK
SRR19762816	LINC00623--RP11-403I13.8
SRR19762816	RP11-662M24.2--RIMBP2
SRR19762816	TRIM60--AKAP13
SRR19762816	RP11-367G6.3--FAM65B
SRR19762816	RP11-96H19.1--RP11-446N19.1
SRR19762816	BOLA2B--RP11-347C12.2
SRR19762816	YWHAZ--ZNF706
SRR19762816	BSG--RNF126
SRR19762816	TIMM23--PARGP1
SRR19762816	OAZ1--DAZAP1
SRR19762816	EIF4A1--EIF5A
SRR19762816	ACTB--SET
SRR19762904	RP11-367G6.3--FAM65B
SRR19762904	SRSF1--DDX5
SRR19762904	TPM4--KLF2
SRR19762904	NRIP1--AF127936.7
SRR19762904	PFKFB3--RP11-563J2.2
SRR19762904	OAZ1--ZBTB7A
SRR19762904	LEPROT--LEPR
SRR19762904	RP11-426C22.5--SNX29P2
SRR19762904	BSG--RNF126
SRR19762904	OAZ1--KLF16
SRR19762904	TIMM23--PARGP1
SRR19762904	MIR155HG--JAM2
SRR19762904	RP11-120D5.1--MID1
SRR19762419	ACTB--FSCN1
SRR19762419	FNBP1--SET
SRR19762419	KDM5A--CPNE8
SRR19762419	TRIM60--AKAP13
SRR19762419	RPA3-AS1--GLCCI1
SRR19762419	RP11-367G6.3--FAM65B
SRR19762419	IRF4--PTMA
SRR19762419	RP11-96H19.1--RP11-446N19.1
SRR19762419	SRSF1--DDX5
SRR19762419	OAZ1--PTMA
SRR19762419	SIK1--IRF4
SRR19762419	TIMM23--PARGP1
SRR19762419	SLC7A5--SMG1P1
SRR19762419	IGH@-ext--KLC1
SRR19762634	RNF216--ACTB
SRR19762634	RP11-367G6.3--FAM65B
SRR19762634	PFKFB3--RP11-563J2.2
SRR19762634	MAFK--ACTB
SRR19762634	LEPROT--LEPR
SRR19762634	RP11-426C22.5--SNX29P2
SRR19762634	OAZ1--KLF16
SRR19762634	KAT5--HPS1
SRR19762634	TIMM23--PARGP1
SRR19762634	ACTB--PTMA
SRR19762634	RP11-316P17.2--RP5-1050E16.2
SRR19762634	VTI1A--RP11-57H14.3
SRR19762634	MACC1--AC005062.2
SRR19762783	CYTH1--USP36
SRR19762783	RP11-367G6.3--FAM65B
SRR19762783	BOLA2B--RP11-345J4.8
SRR19762783	SRSF1--DDX5
SRR19762783	KANSL1--ARL17A
SRR19762783	PFKFB3--RP11-563J2.2
SRR19762783	LEPROT--LEPR
SRR19762783	USP10--KLHL36
SRR19762783	SEPT7P2--PSPH
SRR19762783	RP11-155G15.2--RP11-1E3.1
SRR19762783	BSG--PTBP1
SRR19762783	HMGN2--SET
SRR19762783	TIMM23--PARGP1
SRR19762783	OAZ1--KLF16
SRR19762783	EIF4A1--EIF5A
SRR19762783	MACC1--AC005062.2
SRR19762924	YWHAE--CRK
SRR19762924	OAZ1--SET
SRR19762924	RP11-367G6.3--FAM65B
SRR19762924	SRSF1--DDX5
SRR19762924	RP11-96H19.1--RP11-446N19.1
SRR19762924	PFKFB3--RP11-563J2.2
SRR19762924	RP6-206I17.1--RP11-403I13.8
SRR19762924	LEPROT--LEPR
SRR19762924	EIF4A1--EIF5A
SRR19762924	EEF1DP3--FRY
SRR19762924	CTSC--RAB38
SRR19762924	NCOR2--UBC
SRR19762924	TIMM23--PARGP1
SRR19762924	OAZ1--KLF16
SRR19762924	MIR155HG--JAM2
SRR19762421	KANSL1--ARL17B
SRR19762421	RP11-662M24.2--RIMBP2
SRR19762421	RP11-367G6.3--FAM65B
SRR19762421	OAZ1--DOT1L
SRR19762421	PFKFB3--RP11-563J2.2
SRR19762421	LEPROT--LEPR
SRR19762421	OAZ1--RNF126
SRR19762421	CTSC--RAB38
SRR19762421	PTRH1--SH2D3C
SRR19762421	TIMM23--PARGP1
SRR19762421	IGH@-ext--MT-ATP8
SRR19762421	ACTB--PTMA
SRR19762421	C5orf56--RAD50
SRR19762421	EIF4A1--PTMA
SRR19762454	RP11-662M24.2--RIMBP2
SRR19762454	OAZ1--DOT1L
SRR19762454	LEPROT--LEPR
SRR19762454	CTSC--RAB38
SRR19762454	TIMM23--RP11-574K11.29
SRR19762454	TPM4--KLF2
SRR19762454	RP11-155G15.2--RP11-1E3.1
SRR19762454	RIPK1--SERPINB9
SRR19762454	RP11-367G6.3--FAM65B
SRR19762454	NRIP1--AF127936.7
SRR19762454	COTL1--KLHL36
SRR19762454	KANSL1--ARL17A
SRR19762454	OAZ1--KLF16
SRR19762454	TIMM23--PARGP1
SRR19762454	WDR34--IGH@-ext
SRR19762454	LINC00623--RP11-403I13.8
SRR19762454	RPA3-AS1--GLCCI1
SRR19762454	YAF2--RYBP
SRR19762454	RP11-96H19.1--RP11-446N19.1
SRR19762454	SLC26A11--SET
SRR19762454	EIF4A1--PTMA
SRR19762275	RP11-1E3.1--RP11-455B3.1
SRR19762275	LINC00623--RP11-403I13.8
SRR19762275	RP11-662M24.2--RIMBP2
SRR19762275	TRIM60--AKAP13
SRR19762275	RP11-96H19.1--RP11-446N19.1
SRR19762275	PTP4A1--EEF1A1
SRR19762275	LEPROT--LEPR
SRR19762275	RP11-155G15.2--RP11-1E3.1
SRR19762275	TIMM23--PARGP1
SRR19762268	ACTB--FSCN1
SRR19762268	BOLA2B--RP11-345J4.8
SRR19762268	RP11-367G6.3--FAM65B
SRR19762268	MAFK--ACTB
SRR19762268	FUS--SETD1A
SRR19762268	TIMM23--PARGP1
SRR19762268	ACTB--PTMA
SRR19762268	TIMM23--RP11-574K11.29
SRR19762268	EIF4A1--EIF5A
SRR19762268	ACTB--SET
SRR19762479	RPA3-AS1--GLCCI1
SRR19762479	PRKCH--RP11-47I22.3
SRR19762479	RP11-367G6.3--FAM65B
SRR19762479	ACTB--TCF3
SRR19762479	NRIP1--AF127936.7
SRR19762479	PFKFB3--RP11-563J2.2
SRR19762479	MAFK--ACTB
SRR19762479	LEPROT--LEPR
SRR19762479	RP11-155G15.2--RP11-1E3.1
SRR19762479	SAV1--GYPE
SRR19762479	TIMM23--PARGP1
SRR19762479	CTC-786C10.1--RP11-680G10.1
SRR19762479	TIMM23--RP11-574K11.29
SRR19762479	NUTM2A-AS1--MINPP1
SRR19762178	ACTB--FSCN1
SRR19762178	ZEB1--HNRNPF
SRR19762178	RNF216--ACTB
SRR19762178	PMPCB--IDI1
SRR19762178	BOLA2B--RP11-345J4.8
SRR19762178	RP11-367G6.3--FAM65B
SRR19762178	USP10--KLHL36
SRR19762178	LEPROT--LEPR
SRR19762178	SNRPA1--B2M
SRR19762178	OAZ1--ACTB
SRR19762178	OAZ1--KLF16
SRR19762178	TIMM23--PARGP1
SRR19762178	CFL1--PTMA
SRR19762178	ACTB--PTMA
SRR19762178	MACC1--AC005062.2
SRR19762785	TRIM60--AKAP13
SRR19762785	RP11-367G6.3--FAM65B
SRR19762785	RP11-155G15.2--RP11-1E3.1
SRR19762785	TIMM23--PARGP1
SRR19762785	IGLVI-70--IGL@-ext
SRR19762613	LEPROT--LEPR
SRR19762613	OAZ1--PTMA
SRR19762613	POLE--ANKLE2
SRR19762613	WASH5P--AJ271736.10
SRR19762613	RP5-886K2.3--CDC6
SRR19762613	TIMM23--RP11-574K11.29
SRR19762613	MT-ND6--RPL13A
SRR19762613	SRSF1--DDX5
SRR19762613	PTP4A1--EEF1A1
SRR19762613	BCKDHB--RP11-250B2.3
SRR19762613	PDXK--SIK1
SRR19762613	KDM4B--SET
SRR19762613	RP11-367G6.3--FAM65B
SRR19762613	NRIP1--AF127936.7
SRR19762613	TMEM63B--VEGFA
SRR19762613	CARKD--ING1
SRR19762613	RPS19--HNRNPUL1
SRR19762613	OAZ1--KLF16
SRR19762613	TIMM23--PARGP1
SRR19762613	MOB3A--KLF16
SRR19762613	VTI1A--RP11-57H14.3
SRR19762613	PIM3--SCO2
SRR19762613	LINC00623--RP11-403I13.8
SRR19762613	IRF4--PTMA
SRR19762613	OAZ1--IRF4
SRR19762613	PFKFB3--RP11-563J2.2
SRR19762613	FUS--SETD1A
SRR19762613	EIF4A1--EIF5A
SRR19762613	EIF4A1--PTMA
SRR19762871	RP11-367G6.3--FAM65B
SRR19762871	RP11-96H19.1--RP11-446N19.1
SRR19762871	EIF4A1--DDX5
SRR19762871	LEPROT--LEPR
SRR19762871	IGH-@-ext--MT-ND4
SRR19762871	RP11-426C22.5--SNX29P2
SRR19762871	RP11-155G15.2--RP11-1E3.1
SRR19762871	BCKDHB--RP11-250B2.3
SRR19762871	TIMM23--PARGP1
SRR19762871	PIK3C2A--CD74
SRR19762871	TIMM23--RP11-574K11.29
SRR19762871	EIF4A1--EIF5A
SRR19762907	PPARGC1B--PTMA
SRR19762907	N4BP3--SEMA4C
SRR19762907	BOLA2B--RP11-345J4.8
SRR19762907	HMGN2--PTMA
SRR19762907	LEPROT--LEPR
SRR19762907	OAZ1--PTMA
SRR19762907	POLE--ANKLE2
SRR19762907	TIMM23--RP11-574K11.29
SRR19762907	TRIM60--AKAP13
SRR19762907	IGLVI-70--IGL@-ext
SRR19762907	RP11-367G6.3--FAM65B
SRR19762907	NRIP1--AF127936.7
SRR19762907	TIMM23--PARGP1
SRR19762907	VTI1A--RP11-57H14.3
SRR19762907	GATAD1--IGH@-ext
SRR19762907	PFKFB3--RP11-563J2.2
SRR19762907	USP10--KLHL36
SRR19762907	BSG--PTBP1
SRR19762907	EIF4A1--EIF5A
SRR19762907	EIF4A1--PTMA
SRR19762536	RRAGD--PNRC1
SRR19762536	LEPROT--LEPR
SRR19762536	BSG--SET
SRR19762536	AKAP13--AC013394.2
SRR19762536	TIMM23--RP11-574K11.29
SRR19762536	CHSY1--RP11-505E24.2
SRR19762536	MACC1--AC005062.2
SRR19762536	IGH@-ext--MT-ATP6
SRR19762536	CALM2--PTMA
SRR19762536	TNFAIP8--HSD17B4
SRR19762536	PRKCH--RP11-47I22.3
SRR19762536	SRSF1--DDX5
SRR19762536	CXXC5--PSD2
SRR19762536	NOC4L--UBC
SRR19762536	AP3S1--AQPEP
SRR19762536	IGH-@-ext--RPS2P46
SRR19762536	RP11-155G15.2--RP11-1E3.1
SRR19762536	RP11-367G6.3--FAM65B
SRR19762536	EIF4A1--SET
SRR19762536	RP11-305P22.9--PTMA
SRR19762536	RP11-381K20.2--KLHL3
SRR19762536	RP11-380O24.1--SRGAP3
SRR19762536	CARKD--ING1
SRR19762536	BSG--RNF126
SRR19762536	IGH@-ext--EEF1A1
SRR19762536	TIMM23--PARGP1
SRR19762536	RPS10--NUDT3
SRR19762536	PIM3--SCO2
SRR19762536	SOCS5--AC016722.2
SRR19762536	RPA3-AS1--GLCCI1
SRR19762536	PTBP1--SET
SRR19762536	RP11-439L18.2--HIVEP2
SRR19762536	USP10--KLHL36
SRR19762536	IGL-@-ext--MT-RNR2
SRR19762536	RBAK--PMS2
SRR19762536	G3BP2--CCNG2
SRR19762536	SEP15--HS2ST1
SRR19762834	KANSL1--ARL17B
SRR19762834	IGLVI-70--IGL@-ext
SRR19762834	RP11-662M24.2--RIMBP2
SRR19762834	RP11-367G6.3--FAM65B
SRR19762834	RP11-96H19.1--RP11-446N19.1
SRR19762834	RP6-206I17.1--RP11-403I13.8
SRR19762834	POM121C--ZP3
SRR19762834	LEPROT--LEPR
SRR19762834	RP11-155G15.2--RP11-1E3.1
SRR19762834	TIMM23--PARGP1
SRR19762834	ACTB--PTMA
SRR19762834	MACC1--AC005062.2
SRR19762834	TIMM23--RP11-574K11.29
SRR19762834	EIF4A1--ACTB
SRR19762819	RP11-367G6.3--FAM65B
SRR19762819	PFKFB3--RP11-563J2.2
SRR19762819	LEPROT--LEPR
SRR19762819	RP11-155G15.2--RP11-1E3.1
SRR19762819	TIMM23--PARGP1
SRR19762788	ZEB1--HNRNPF
SRR19762788	ACTB--FSCN1
SRR19762788	RP11-367G6.3--FAM65B
SRR19762788	BOLA2B--RP11-347C12.2
SRR19762788	NRIP1--AF127936.7
SRR19762788	TIMM23B--PARGP1
SRR19762788	RP11-381K20.2--KLHL3
SRR19762788	MAFK--ACTB
SRR19762788	LEPROT--LEPR
SRR19762788	RP11-155G15.2--RP11-1E3.1
SRR19762788	MIR155HG--JAM2
SRR19762788	POLE--ANKLE2
SRR19762788	ACTB--PTMA
SRR19762788	VTI1A--RP11-57H14.3
SRR19762788	TIMM23--RP11-574K11.29
SRR19762788	EIF4A1--EIF5A
SRR19762788	RPS10--NUDT3
SRR19762788	EIF4A1--PTMA
SRR19762181	PSMC1--PSME4
SRR19762181	RAB2A--KCNS2
SRR19762181	SLC5A3--FKBP8
SRR19762181	RP11-367G6.3--FAM65B
SRR19762181	YAF2--RYBP
SRR19762181	IRF4--PTMA
SRR19762181	ST13--FAM49B
SRR19762181	LEPROT--LEPR
SRR19762181	TIMM23--PARGP1
SRR19762246	POLE--FUS
SRR19762246	RP11-662M24.2--RIMBP2
SRR19762246	RPA3-AS1--GLCCI1
SRR19762246	RP11-367G6.3--FAM65B
SRR19762246	RP11-96H19.1--RP11-446N19.1
SRR19762246	KANSL1--ARL17A
SRR19762246	RP6-206I17.1--RP11-403I13.8
SRR19762246	LEPROT--LEPR
SRR19762246	EEF1DP3--FRY
SRR19762246	BSG--RNF126
SRR19762246	OAZ1--KLF16
SRR19762246	TIMM23--PARGP1
SRR19762246	POLE--ANKLE2
SRR19762246	B2M--IGH@-ext
SRR19762246	SLC19A1--SUMO3
SRR19762246	TIMM23--RP11-574K11.29
SRR19762246	RPS10--NUDT3
SRR19762246	IGH-@-ext--PTMA
SRR19762701	RNF216--ACTB
SRR19762701	LINC00623--RP11-403I13.8
SRR19762701	RP11-367G6.3--FAM65B
SRR19762701	BOLA2B--RP11-347C12.2
SRR19762701	HMGN2--PTMA
SRR19762701	RP11-96H19.1--RP11-446N19.1
SRR19762701	ACTB--IRF4
SRR19762701	PFKFB3--RP11-563J2.2
SRR19762701	MAFK--ACTB
SRR19762701	LEPROT--LEPR
SRR19762701	ACTB--RAC2
SRR19762701	OAZ1--KLF16
SRR19762701	OAZ1--ACTB
SRR19762701	TIMM23--PARGP1
SRR19762701	ACTB--PTMA
SRR19762701	C15orf57--CBX3
SRR19762701	MKLN1-AS1--ACTB
SRR19762402	TRIM60--AKAP13
SRR19762402	RP11-367G6.3--FAM65B
SRR19762402	BOLA2B--RP11-347C12.2
SRR19762402	NRIP1--AF127936.7
SRR19762402	KANSL1--ARL17A
SRR19762402	SRSF1--DDX5
SRR19762402	RP11-96H19.1--RP11-446N19.1
SRR19762402	PFKFB3--RP11-563J2.2
SRR19762402	LEPROT--LEPR
SRR19762402	SEPT7P2--PSPH
SRR19762402	OAZ1--KLF16
SRR19762402	TIMM23--PARGP1
SRR19762402	B3GNT2--EHBP1
SRR19762402	PIM3--SCO2
SRR19762171	TRIM60--AKAP13
SRR19762171	RP11-367G6.3--FAM65B
SRR19762171	PFKFB3--RP11-563J2.2
SRR19762171	LEPROT--LEPR
SRR19762171	RP11-155G15.2--RP11-1E3.1
SRR19762171	TIMM23--PARGP1
SRR19762171	C15orf57--CBX3
SRR19762878	NCL--PTMA
SRR19762878	MT-CO1--IGH@-ext
SRR19762878	LEPROT--LEPR
SRR19762878	IGL-@-ext--MT-CO1
SRR19762878	OAZ1--PTMA
SRR19762878	DDX5--SET
SRR19762878	TIMM23--RP11-574K11.29
SRR19762878	CHSY1--RP11-505E24.2
SRR19762878	PRKCH--RP11-47I22.3
SRR19762878	TPM4--KLF2
SRR19762878	CTA-714B7.5--RP1-272J12.1
SRR19762878	RP11-155G15.2--RP11-1E3.1
SRR19762878	NCOR2--UBC
SRR19762878	IGH@-ext--MT-ND2
SRR19762878	IGH-@-ext--EEF1A1P5
SRR19762878	RP11-367G6.3--FAM65B
SRR19762878	BOLA2B--RP11-347C12.2
SRR19762878	RP6-206I17.1--RP11-403I13.8
SRR19762878	OAZ1--KLF16
SRR19762878	TIMM23--PARGP1
SRR19762878	IGH@-ext--MT-ATP8
SRR19762878	IGH-@-ext--MT-RNR2
SRR19762878	IGH@-ext--MT-ND4
SRR19762878	PFKFB3--RP11-563J2.2
SRR19762878	IGL-@-ext--EEF1A1
SRR19762878	IGH@-ext--MT-RNR2
SRR19762878	EIF4A1--EIF5A
SRR19762824	RP11-33B1.1--PSPH
SRR19762824	KANSL1--ARL17B
SRR19762824	FNBP1--SET
SRR19762824	RPA3-AS1--GLCCI1
SRR19762824	RP11-367G6.3--FAM65B
SRR19762824	PFKFB3--RP11-563J2.2
SRR19762824	TIMM23--PARGP1
SRR19762824	TIMM23--RP11-574K11.29
SRR19762752	EDF1--SET
SRR19762752	RAB2A--KCNS2
SRR19762752	RP11-367G6.3--FAM65B
SRR19762752	NRIP1--AF127936.7
SRR19762752	LEPROT--LEPR
SRR19762752	EEF1DP3--FRY
SRR19762752	BCKDHB--RP11-250B2.3
SRR19762752	MIR155HG--JAM2
SRR19762752	SOCS5--AC016722.2
SRR19762752	OAZ1--PTMA
SRR19762752	TIMM23--PARGP1
SRR19762752	OAZ1--KLF16
SRR19762752	OAZ1--EIF4A1
SRR19762752	TIMM23--RP11-574K11.29
SRR19762752	EIF4A1--EIF5A
SRR19762752	PIM3--SCO2
SRR19762752	IGLVI-70--IGL@-ext
SRR19762672	RPA3-AS1--GLCCI1
SRR19762672	PRKCH--RP11-47I22.3
SRR19762672	RP11-367G6.3--FAM65B
SRR19762672	SRSF1--DDX5
SRR19762672	CTD-2337A12.1--CAST
SRR19762672	RP11-381K20.2--KLHL3
SRR19762672	PFKFB3--RP11-563J2.2
SRR19762672	LINC00158--AP000233.4
SRR19762672	OAZ1--KLF16
SRR19762672	RP6-206I17.1--RP11-403I13.7
SRR19762672	TIMM23--PARGP1
SRR19762672	BLOC1S5--TXNDC5
SRR19762672	G3BP2--CCNG2
SRR19762672	CTC-786C10.1--RP11-680G10.1
SRR19762672	EIF4A1--EIF5A
SRR19762733	ACTB--FSCN1
SRR19762733	ZEB1--HNRNPF
SRR19762733	RAB2A--KCNS2
SRR19762733	NCL--PTMA
SRR19762733	RP11-662M24.2--RIMBP2
SRR19762733	RP11-367G6.3--FAM65B
SRR19762733	LRRC28--GADD45B
SRR19762733	NRIP1--AF127936.7
SRR19762733	RP11-380O24.1--SRGAP3
SRR19762733	LEPROT--LEPR
SRR19762733	EEF1DP3--FRY
SRR19762733	RP11-155G15.2--RP11-1E3.1
SRR19762733	OAZ1--ACTB
SRR19762733	OAZ1--KLF16
SRR19762733	TIMM23--PARGP1
SRR19762733	POLE--ANKLE2
SRR19762733	RP11-120D5.1--MID1
SRR19762733	EIF4A1--ACTB
SRR19762338	RAB2A--KCNS2
SRR19762338	EIF4A1--IRF4
SRR19762338	TPM4--ACTB
SRR19762338	LEPROT--LEPR
SRR19762338	TIMM23--RP11-574K11.29
SRR19762338	IGH-@-ext--PTMA
SRR19762338	YWHAE--CRK
SRR19762338	IGL-@-ext--RAN
SRR19762338	NOC4L--UBC
SRR19762338	SEPT7P2--PSPH
SRR19762338	RP11-745L13.2--RPL7AP28
SRR19762338	IGL-@-ext--HLA-A
SRR19762338	RP11-155G15.2--RP11-1E3.1
SRR19762338	ITM2C--PTMA
SRR19762338	B2M--C15orf39
SRR19762338	SIN3A--C15orf39
SRR19762338	RP11-367G6.3--FAM65B
SRR19762338	RP6-206I17.1--RP11-403I13.8
SRR19762338	TIMM23--PARGP1
SRR19762338	NUTM2A-AS1--MINPP1
SRR19762338	RP11-120D5.1--MID1
SRR19762338	ACTB--FSCN1
SRR19762338	PFKFB3--RP11-563J2.2
SRR19762338	ACTB--PTMA
SRR19762338	UNKL--UBE2I
SRR19762338	EIF4A1--EIF5A
SRR19762917	OAZ1--TCF3
SRR19762917	LEPROT--LEPR
SRR19762917	POLE--ANKLE2
SRR19762917	CDKN1A--ATP6V0C
SRR19762917	FBXO25--SEPT14
SRR19762917	TIMM23--RP11-574K11.29
SRR19762917	MACC1--AC005062.2
SRR19762917	SIK1--ACTB
SRR19762917	KIFAP3--C19orf48
SRR19762917	IGLVI-70--IGL@-ext
SRR19762917	ACTB--HMGB1
SRR19762917	RP11-367G6.3--FAM65B
SRR19762917	BSG--RNF126
SRR19762917	OAZ1--KLF16
SRR19762917	TIMM23--PARGP1
SRR19762917	RP11-120D5.1--MID1
SRR19762917	EIF4A1--ACTB
SRR19762917	ACTB--FSCN1
SRR19762917	RPA3-AS1--GLCCI1
SRR19762917	RP11-96H19.1--RP11-446N19.1
SRR19762917	PFKFB3--RP11-563J2.2
SRR19762917	OAZ1--ACTB
SRR19762917	HLA-S--HLA-A
SRR19762917	EIF4A1--EIF5A
SRR19762233	LINC00623--RP11-403I13.8
SRR19762233	RPA3-AS1--GLCCI1
SRR19762233	RP11-367G6.3--FAM65B
SRR19762233	RP11-96H19.1--RP11-446N19.1
SRR19762233	KANSL1--ARL17A
SRR19762233	OAZ1--DOT1L
SRR19762233	LEPROT--LEPR
SRR19762233	TIMM23--PARGP1
SRR19762233	ACTB--PTMA
SRR19762233	TIMM23--RP11-574K11.29
SRR19762233	EIF4A1--EIF5A
SRR19762233	EIF4A1--ACTB
SRR19762425	BOLA2B--RP11-345J4.8
SRR19762425	POLE--ANKLE2
SRR19762425	B3GNT2--EHBP1
SRR19762425	ZEB1--HNRNPF
SRR19762425	TRIM60--AKAP13
SRR19762425	SFMBT1--PRKCD
SRR19762425	LRRC8C--IGH-@-ext
SRR19762425	TMEM63B--IRF4
SRR19762425	IGLVI-70--IGL@-ext
SRR19762425	RP11-367G6.3--FAM65B
SRR19762425	KANSL1--ARL17A
SRR19762425	MED16--PTBP1
SRR19762425	BSG--RNF126
SRR19762425	OAZ1--KLF16
SRR19762425	TIMM23--PARGP1
SRR19762425	RP11-96H19.1--RP11-446N19.1
SRR19762425	PFKFB3--RP11-563J2.2
SRR19762425	HLA-S--HLA-A
SRR19762425	OAZ1--CSNK1G2
SRR19762450	RP11-206L10.9--PSPH
SRR19762450	RP11-367G6.3--FAM65B
SRR19762450	BOLA2B--RP11-347C12.2
SRR19762450	RP11-96H19.1--RP11-446N19.1
SRR19762450	RP6-206I17.1--RP11-403I13.8
SRR19762450	LEPROT--LEPR
SRR19762450	OAZ1--PTMA
SRR19762450	OAZ1--KLF16
SRR19762450	TIMM23--PARGP1
SRR19762450	IGH-@-ext--B2M
SRR19762450	TIMM23--RP11-574K11.29
SRR19762902	IGH@-ext--MT-CO1
SRR19762902	RP11-367G6.3--FAM65B
SRR19762902	YAF2--RYBP
SRR19762902	RP11-96H19.1--RP11-446N19.1
SRR19762902	TIMM23B--PARGP1
SRR19762902	OAZ1--DOT1L
SRR19762902	PFKFB3--RP11-563J2.2
SRR19762902	LEPROT--LEPR
SRR19762902	IGL-@-ext--MT-RNR2
SRR19762902	IGH-@-ext--MT-ND4
SRR19762902	NCOR2--UBC
SRR19762902	INPP5E--SEC16A
SRR19762382	RP11-367G6.3--FAM65B
SRR19762382	RP11-96H19.1--RP11-446N19.1
SRR19762382	PFKFB3--RP11-563J2.2
SRR19762382	CNN2--PTMA
SRR19762382	LEPROT--LEPR
SRR19762382	BCKDHB--RP11-250B2.3
SRR19762382	RP11-745L13.2--RPL7AP28
SRR19762382	OAZ1--PTMA
SRR19762382	SEPT7P2--PSPH
SRR19762382	TIMM23--PARGP1
SRR19762382	RP11-206L10.1--SEPT14
SRR19762382	BSG--RNF126
SRR19762382	VTI1A--RP11-57H14.3
SRR19762382	OAZ1--KLF16
SRR19762382	CTSC--RAB38
SRR19762382	RP11-120D5.1--MID1
SRR19762382	PIM3--SCO2
SRR19762882	OAZ1--TCF3
SRR19762882	LEPROT--LEPR
SRR19762882	OAZ1--PTMA
SRR19762882	GUK1--ARF1
SRR19762882	SRSF1--DDX5
SRR19762882	NCOR2--UBC
SRR19762882	IGLVI-70--IGL@-ext
SRR19762882	TRRAP--TMEM248
SRR19762882	RP11-367G6.3--FAM65B
SRR19762882	BOLA2B--RP11-347C12.2
SRR19762882	CTD-2012K14.6--PTMA
SRR19762882	CFL1--SF1
SRR19762882	RP6-206I17.1--RP11-403I13.8
SRR19762882	DDX5--PTMA
SRR19762882	BSG--RNF126
SRR19762882	OAZ1--KLF16
SRR19762882	TIMM23--PARGP1
SRR19762882	YWHAE--EIF5A
SRR19762882	VTI1A--RP11-57H14.3
SRR19762882	RPA3-AS1--GLCCI1
SRR19762882	RP11-96H19.1--RP11-446N19.1
SRR19762882	PFKFB3--RP11-563J2.2
SRR19762882	EIF4A1--EIF5A
SRR19762285	RAB2A--KCNS2
SRR19762285	RNF126--BSG
SRR19762285	RP11-367G6.3--FAM65B
SRR19762285	BOLA2B--RP11-345J4.8
SRR19762285	NRIP1--AF127936.7
SRR19762285	HMGN2--STMN1
SRR19762285	LEPROT--LEPR
SRR19762285	RP11-155G15.2--RP11-1E3.1
SRR19762285	CTSC--RAB38
SRR19762285	TIMM23--PARGP1
SRR19762285	TIMM23--RP11-574K11.29
SRR19762285	EIF4A1--EIF5A
SRR19762285	EIF4A1--PTMA
SRR19762285	MACC1--AC005062.2
SRR19762172	OAZ1--TCF3
SRR19762172	MT-CO1--IGH@-ext
SRR19762172	C1ORF220--RP5-1098D14.1
SRR19762172	LEPROT--LEPR
SRR19762172	IGH-@-ext--TMSB4X
SRR19762172	POLE--ANKLE2
SRR19762172	ZEB1--HNRNPF
SRR19762172	TPM4--KLF2
SRR19762172	AC022182.1--CLVS1
SRR19762172	RP11-1023L17.1--C1QTNF3
SRR19762172	RP11-367G6.3--FAM65B
SRR19762172	NRIP1--AF127936.7
SRR19762172	IGH-@-ext--RPS18P12
SRR19762172	RP6-206I17.1--RP11-403I13.8
SRR19762172	OAZ1--KLF16
SRR19762172	TIMM23--PARGP1
SRR19762172	IGH@-ext--MT-ND4
SRR19762172	RP11-1151B14.4--MALT1
SRR19762172	RPA3-AS1--GLCCI1
SRR19762172	IGH@-ext--MT-RNR2
SRR19762172	IGH@-ext--MT-ND4L
SRR19762359	FNBP1--SET
SRR19762359	TRIM60--AKAP13
SRR19762359	RP11-367G6.3--FAM65B
SRR19762359	KANSL1--ARL17A
SRR19762359	PFKFB3--RP11-563J2.2
SRR19762359	MAFK--ACTB
SRR19762359	LEPROT--LEPR
SRR19762359	TIMM23--PARGP1
SRR19762359	IGKV2-29--AC096579.7
SRR19762359	FBXO25--SEPT14
SRR19762359	OAZ1--DAZAP1
SRR19762334	LINC00623--RP11-403I13.8
SRR19762334	RP11-367G6.3--FAM65B
SRR19762334	SRSF1--DDX5
SRR19762334	OAZ1--DOT1L
SRR19762334	LEPROT--LEPR
SRR19762334	TIMM23--PARGP1
SRR19762334	EIF4A1--EIF5A
SRR19762463	RNF216--ACTB
SRR19762463	RP11-367G6.3--FAM65B
SRR19762463	OAZ1--DOT1L
SRR19762463	LEPROT--LEPR
SRR19762463	SEPT7P2--PSPH
SRR19762463	OAZ1--KLF16
SRR19762463	IGH-@-ext--AC096579.7
SRR19762463	TIMM23--PARGP1
SRR19762463	ACTB--PTMA
SRR19762463	DLX4--IGH@-ext
SRR19762463	IGKV1D-27--AC096579.7
SRR19762463	EIF4A1--EIF5A
SRR19762624	OAZ1--CCNG2
SRR19762624	YWHAE--CRK
SRR19762624	RP11-367G6.3--FAM65B
SRR19762624	HMGN2--PTMA
SRR19762624	PTBP1--KLF16
SRR19762624	HNRNPH1--DDX5
SRR19762624	PFKFB3--RP11-563J2.2
SRR19762624	ANP32A--RAC2
SRR19762624	LEPROT--LEPR
SRR19762624	IGH-@-ext--MT-ND4
SRR19762624	OAZ1--KLF16
SRR19762624	TIMM23--PARGP1
SRR19762624	SPTAN1--SET
SRR19762624	POLE--ANKLE2
SRR19762624	KLF10--AZIN1
SRR19762624	TIMM23--RP11-574K11.29
SRR19762624	RP11-120D5.1--MID1
SRR19762624	IGLVI-70--IGL@-ext
SRR19762221	NCL--PTMA
SRR19762221	RP11-367G6.3--FAM65B
SRR19762221	SRSF1--DDX5
SRR19762221	NRIP1--AF127936.7
SRR19762221	LEPROT--LEPR
SRR19762221	OAZ1--PTMA
SRR19762221	OAZ1--KLF16
SRR19762221	OAZ1--ACTB
SRR19762221	TIMM23--PARGP1
SRR19762221	ACTB--PTMA
SRR19762221	TIMM23--RP11-574K11.29
SRR19762221	NUTM2A-AS1--MINPP1
SRR19762221	MACC1--AC005062.2
SRR19762698	ACTB--FSCN1
SRR19762698	TRIM60--AKAP13
SRR19762698	RP11-367G6.3--FAM65B
SRR19762698	RP11-353N4.6--RP11-403I13.7
SRR19762698	RP6-206I17.1--RP11-403I13.8
SRR19762698	USP10--KLHL36
SRR19762698	LEPROT--LEPR
SRR19762698	TIMM23--PARGP1
SRR19762698	FNBP1--ACTB
SRR19762698	RP11-444D3.1--SOX5
SRR19762698	HIC1--MNT
SRR19762698	IGLVI-70--IGL@-ext
SRR19762810	RP11-367G6.3--FAM65B
SRR19762810	BOLA2B--RP11-347C12.2
SRR19762810	SRSF1--DDX5
SRR19762810	RP11-96H19.1--RP11-446N19.1
SRR19762810	PIM3--SCO2
SRR19762810	LEPROT--LEPR
SRR19762810	OAZ1--PTMA
SRR19762810	TIMM23--PARGP1
SRR19762810	FAM98B--RP11-275I4.2
SRR19762810	VTI1A--RP11-57H14.3
SRR19762810	TIMM23--RP11-574K11.29
SRR19762810	MIR155HG--JAM2
SRR19762810	DDX5--EIF4A1
SRR19762810	EIF4A1--PTMA
SRR19762545	LINC00623--RP11-403I13.8
SRR19762545	RP11-367G6.3--FAM65B
SRR19762545	KANSL1--ARL17A
SRR19762545	OAZ1--LMNB2
SRR19762545	LEPROT--LEPR
SRR19762545	OAZ1--PTMA
SRR19762545	OAZ1--RNF126
SRR19762545	OAZ1--KLF16
SRR19762545	TIMM23--PARGP1
SRR19762545	IGKV2-29--AC096579.7
SRR19762545	UNKL--UBE2I
SRR19762545	YWHAE--SET
SRR19762545	PIM3--SCO2
SRR19762264	OAZ1--TCF3
SRR19762264	TPM4--PTMA
SRR19762264	OAZ1--DOT1L
SRR19762264	LEPROT--LEPR
SRR19762264	SVILP1--IGH@-ext
SRR19762264	TIMM23--RP11-574K11.29
SRR19762264	ZEB1--HNRNPF
SRR19762264	TIMM23--AGAP6
SRR19762264	YWHAE--CRK
SRR19762264	SEPT7P2--PSPH
SRR19762264	NCOR2--UBC
SRR19762264	RP11-367G6.3--FAM65B
SRR19762264	BOLA2B--RP11-347C12.2
SRR19762264	NRIP1--AF127936.7
SRR19762264	TIMM23--PARGP1
SRR19762264	LINC00623--RP11-403I13.8
SRR19762264	PFKFB3--RP11-563J2.2
SRR19762264	GATSL2--GTF2I
SRR19762264	OAZ1--CSNK1G2
SRR19762168	C1ORF220--RP5-1098D14.1
SRR19762168	BOLA2B--RP11-345J4.8
SRR19762168	OAZ1--DOT1L
SRR19762168	LEPROT--LEPR
SRR19762168	OAZ1--ATP6V0C
SRR19762168	WASH5P--AJ271736.10
SRR19762168	ZEB1--WAC
SRR19762168	CALM2--PTMA
SRR19762168	PPARGC1B--PTMAP5
SRR19762168	P2RY8--ANKLE2
SRR19762168	MIR155HG--JAM2
SRR19762168	OAZ1--LPAR2
SRR19762168	ATF3--PTMA
SRR19762168	SYNCRIP--EEF1A1
SRR19762168	RP11-367G6.3--FAM65B
SRR19762168	NRIP1--AF127936.7
SRR19762168	EIF4A1--SET
SRR19762168	RP6-206I17.1--RP11-403I13.8
SRR19762168	TMEM63B--VEGFA
SRR19762168	BSG--RNF126
SRR19762168	OAZ1--KLF16
SRR19762168	SF1--TIAL1
SRR19762168	TIMM23--PARGP1
SRR19762168	USP10--KLHL36
SRR19762168	OAZ1--LIMD2
SRR19762168	BSG--PTBP1
SRR19762168	TIMM23B--RP11-574K11.29
SRR19762168	EIF4A1--PTMA
SRR19762336	ACTB--PPP1R12C
SRR19762336	C1ORF220--RP5-1098D14.1
SRR19762336	LEPROT--LEPR
SRR19762336	POLE--ANKLE2
SRR19762336	PTBP1--RNF126
SRR19762336	TIMM23--RP11-574K11.29
SRR19762336	MACC1--AC005062.2
SRR19762336	MAFK--ACTB
SRR19762336	RP11-155G15.2--RP11-1E3.1
SRR19762336	IGH-@-ext--HLA-B
SRR19762336	RP11-367G6.3--FAM65B
SRR19762336	ACTB--RAC2
SRR19762336	BSG--RNF126
SRR19762336	OAZ1--KLF16
SRR19762336	TIMM23--PARGP1
SRR19762336	EIF4A1--ACTB
SRR19762336	IGL-@-ext--HSP90B1
SRR19762336	AC092635.1--AC016730.1
SRR19762336	LINC00623--RP11-403I13.8
SRR19762336	RP11-96H19.1--RP11-446N19.1
SRR19762336	RP11-81H14.2--MDM1
SRR19762815	EIF4A1--IRF4
SRR19762815	RP11-367G6.3--FAM65B
SRR19762815	SRSF1--DDX5
SRR19762815	HNRNPH1--SET
SRR19762815	CPSF6--GET4
SRR19762815	NRIP1--AF127936.7
SRR19762815	KLF10--PTMA
SRR19762815	LEPROT--LEPR
SRR19762815	EEF1DP3--FRY
SRR19762815	HMGB1--PTMA
SRR19762815	OAZ1--PTMA
SRR19762815	OAZ1--KLF16
SRR19762815	CTSC--RAB38
SRR19762815	TIMM23--PARGP1
SRR19762815	ACTB--PTMA
SRR19762815	EIF4A1--EIF5A
SRR19762815	B3GNT2--EHBP1
SRR19762815	EIF4A1--ACTB
SRR19762551	RP11-367G6.3--FAM65B
SRR19762551	KANSL1--ARL17A
SRR19762551	PFKFB3--RP11-563J2.2
SRR19762551	LEPROT--LEPR
SRR19762551	NCOR2--UBC
SRR19762551	TIMM23--PARGP1
SRR19762551	POLE--ANKLE2
SRR19762551	EIF4A1--EIF5A
SRR19762551	CTD-2544L4.1--TBC1D7
SRR19762658	RP11-367G6.3--FAM65B
SRR19762658	RP11-96H19.1--RP11-446N19.1
SRR19762658	KANSL1--ARL17A
SRR19762658	OAZ1--DOT1L
SRR19762658	LEPROT--LEPR
SRR19762658	NCOR2--UBC
SRR19762658	TIMM23--PARGP1
SRR19762658	PARG--BMS1
SRR19762658	TIMM23--RP11-574K11.29
SRR19762711	LINC00623--RP11-403I13.8
SRR19762711	RP11-367G6.3--FAM65B
SRR19762711	RP11-96H19.1--RP11-446N19.1
SRR19762711	OAZ1--DOT1L
SRR19762711	TMEM18--PTMA
SRR19762711	SEPT2--PTMA
SRR19762711	BSG--PTBP1
SRR19762711	IGH-@-ext--INO80C
SRR19762711	TIMM23--PARGP1
SRR19762711	HLA-S--HLA-A
SRR19762711	EIF4A1--EIF5A
SRR19762711	B3GNT2--EHBP1
SRR19762711	IGLVI-70--IGL@-ext
SRR19762339	RNF126--BSG
SRR19762339	SYNCRIP--PTP4A1
SRR19762339	LEPROT--LEPR
SRR19762339	OAZ1--PTMA
SRR19762339	MACC1--AC005062.2
SRR19762339	RP11-745L13.2--RPL7AP28
SRR19762339	RP11-155G15.2--RP11-1E3.1
SRR19762339	RP11-33B1.1--PSPH
SRR19762339	RP11-367G6.3--FAM65B
SRR19762339	NSF--LRRC37A3
SRR19762339	OAZ1--KLF16
SRR19762339	TIMM23--PARGP1
SRR19762339	NUTM2A-AS1--MINPP1
SRR19762339	PIM3--SCO2
SRR19762339	RP11-96H19.1--RP11-446N19.1
SRR19762339	RP11-539I5.1--HSPA12A
SRR19762339	HLA-S--HLA-A
SRR19762339	IGH-@-ext--MT-ATP6
SRR19762339	OAZ1--DAZAP1
SRR19762240	MT-CO1--IGH@-ext
SRR19762240	LEPROT--LEPR
SRR19762240	C5orf56--RAD50
SRR19762240	PMM2--ABAT
SRR19762240	SRSF1--DDX5
SRR19762240	RP11-745L13.2--RPL7AP28
SRR19762240	NCOR2--UBC
SRR19762240	IGKV2-29--AC096579.7
SRR19762240	SOAT2--IGH@-ext
SRR19762240	RP11-367G6.3--FAM65B
SRR19762240	EIF4A1--SET
SRR19762240	KANSL1--ARL17A
SRR19762240	BSG--RNF126
SRR19762240	RP11-426C22.5--SNX29P2
SRR19762240	TIMM23--PARGP1
SRR19762240	KLF10--AZIN1
SRR19762240	NUTM2A-AS1--MINPP1
SRR19762240	LINC00623--RP11-403I13.8
SRR19762240	RP11-96H19.1--RP11-446N19.1
SRR19762240	OAZ1--IRF4
SRR19762240	PFKFB3--RP11-563J2.2
SRR19762240	BSG--PTBP1
SRR19762544	RPA3-AS1--GLCCI1
SRR19762544	PRMT1--PTMA
SRR19762544	RP11-367G6.3--FAM65B
SRR19762544	PTP4A1--EEF1A1
SRR19762544	POM121C--ZP3
SRR19762544	LEPROT--LEPR
SRR19762544	USP10--KLHL36
SRR19762544	OAZ1--PTMA
SRR19762544	OAZ1--KLF16
SRR19762544	TIMM23--PARGP1
SRR19762544	EIF4A1--EIF5A
SRR19762544	RPS10--NUDT3
SRR19762544	PIM3--SCO2
SRR19762923	BOLA2B--RP11-345J4.8
SRR19762923	RP11-367G6.3--FAM65B
SRR19762923	NRIP1--AF127936.7
SRR19762923	RP11-96H19.1--RP11-446N19.1
SRR19762923	LEPROT--LEPR
SRR19762923	B2M--AC013394.2
SRR19762923	RP11-155G15.2--RP11-1E3.1
SRR19762923	OAZ1--KLF16
SRR19762923	OAZ1--PTMA
SRR19762923	TIMM23--PARGP1
SRR19762330	RP11-662M24.2--RIMBP2
SRR19762330	RP11-367G6.3--FAM65B
SRR19762330	BOLA2B--RP11-347C12.2
SRR19762330	PFKFB3--RP11-563J2.2
SRR19762330	TMEM18--PTMA
SRR19762330	LEPROT--LEPR
SRR19762330	EIF4A1--EIF5A
SRR19762330	YWHAE--PITPNA
SRR19762330	FNBP1--PTMA
SRR19762330	BSG--RNF126
SRR19762330	TIMM23--PARGP1
SRR19762330	C15orf57--CBX3
SRR19762330	MIR155HG--JAM2
SRR19762330	EIF4A1--PTMA
SRR19762330	MACC1--AC005062.2
SRR19762855	FNBP1--SET
SRR19762855	RAB2A--KCNS2
SRR19762855	ZEB1--BMI1
SRR19762855	EIF4A1--IRF4
SRR19762855	RP11-367G6.3--FAM65B
SRR19762855	NRIP1--AF127936.7
SRR19762855	CTD-2012K14.6--PTMA
SRR19762855	RP6-206I17.1--RP11-403I13.8
SRR19762855	ACTB--RAC2
SRR19762855	LEPROT--LEPR
SRR19762855	IGH-@-ext--MT-ND4
SRR19762855	TIMM23--PARGP1
SRR19762855	POLE--ANKLE2
SRR19762855	ACTB--PTMA
SRR19762855	TIMM23--RP11-574K11.29
SRR19762855	MIR155HG--JAM2
SRR19762723	RAB2A--KCNS2
SRR19762723	OAZ1--DOT1L
SRR19762723	LEPROT--LEPR
SRR19762723	CTSC--RAB38
SRR19762723	POLE--ANKLE2
SRR19762723	TIMM23--RP11-574K11.29
SRR19762723	ZEB1--HNRNPF
SRR19762723	EIF4A1--EIF5A
SRR19762723	NCOR2--UBC
SRR19762723	IGLVI-70--IGL@-ext
SRR19762723	RP11-367G6.3--FAM65B
SRR19762723	CFL1--SF1
SRR19762723	BSG--RNF126
SRR19762723	OAZ1--KLF16
SRR19762723	TIMM23--PARGP1
SRR19762723	MTF2--CCDC18
SRR19762723	RP11-96H19.1--RP11-446N19.1
SRR19762723	BSG--PTBP1
SRR19762723	EIF5A--EIF4A1
SRR19762350	KANSL1--ARL17B
SRR19762350	BOLA2B--RP11-345J4.8
SRR19762350	RP11-367G6.3--FAM65B
SRR19762350	TPM4--PTMA
SRR19762350	OAZ1--DOT1L
SRR19762350	LEPROT--LEPR
SRR19762350	B2M--AC013394.2
SRR19762350	RP11-155G15.2--RP11-1E3.1
SRR19762350	TIMM23--PARGP1
SRR19762589	ACTB--CFL1
SRR19762589	IGL-@-ext--ACTG1
SRR19762589	RP4-769N13.6--GPRASP2
SRR19762589	IGL-@-ext--EEF1A1
SRR19762589	IGH-@-ext--TMSB4X
SRR19762589	TIMM23--PARGP1
SRR19762589	IGH-@-ext--MT-RNR2
SRR19762589	PTMA--HMGN2
SRR19762589	IGH-@-ext--PTMA
SRR19762376	LINC00623--RP11-403I13.8
SRR19762376	RP11-367G6.3--FAM65B
SRR19762376	BOLA2B--RP11-345J4.8
SRR19762376	IGL-@-ext--RPL8
SRR19762376	ZBTB38--RASA2
SRR19762376	MAFK--ACTB
SRR19762376	LEPROT--LEPR
SRR19762376	RP11-155G15.2--RP11-1E3.1
SRR19762376	TIMM23--PARGP1
SRR19762376	LYST--NID1
SRR19762376	AC022182.1--CLVS1
SRR19762376	TIMM23--RP11-574K11.29
SRR19762376	NUTM2A-AS1--MINPP1
SRR19762461	IGLVI-70--IGL@-ext
SRR19762461	RP11-367G6.3--FAM65B
SRR19762461	RP11-96H19.1--RP11-446N19.1
SRR19762461	LEPROT--LEPR
SRR19762461	SEPT7P2--PSPH
SRR19762461	TIMM23--PARGP1
SRR19762461	ACTB--PTMA
SRR19762461	IGKV1D-27--AC096579.7
SRR19762461	RIPK1--SERPINB9
SRR19762200	NOC4L--FBRSL1
SRR19762200	OAZ1--DOT1L
SRR19762200	POLE--ANKLE2
SRR19762200	YWHAZ--ZNF706
SRR19762200	BCKDHB--RP11-250B2.3
SRR19762200	RP11-155G15.2--RP11-1E3.1
SRR19762200	RP11-367G6.3--FAM65B
SRR19762200	EIF4A1--SET
SRR19762200	NRIP1--AF127936.7
SRR19762200	RP11-380O24.1--SRGAP3
SRR19762200	CARKD--ING1
SRR19762200	TIMM23--PARGP1
SRR19762200	SLC7A5--SMG1P1
SRR19762200	PIM3--SCO2
SRR19762200	RP11-96H19.1--RP11-446N19.1
SRR19762200	YAF2--RYBP
SRR19762200	PFKFB3--RP11-563J2.2
SRR19762200	HOOK1--CNOT1
SRR19762200	PHRF1--ING5
SRR19762200	C7orf50--SUN1
SRR19762200	EIF4A1--EIF5A
SRR19762257	RP11-33B1.1--PSPH
SRR19762257	ACTB--FSCN1
SRR19762257	RNF216--ACTB
SRR19762257	NCL--PTMA
SRR19762257	IGH-@-ext--SLC26A4
SRR19762257	RP11-367G6.3--FAM65B
SRR19762257	PFKFB3--RP11-563J2.2
SRR19762257	LEPROT--LEPR
SRR19762257	RP11-155G15.2--RP11-1E3.1
SRR19762257	OAZ1--KLF16
SRR19762257	TIMM23--PARGP1
SRR19762257	HLA-S--HLA-A
SRR19762257	IGKV2-29--AC096579.7
SRR19762257	CTC-786C10.1--RP11-680G10.1
SRR19762257	PIM3--SCO2
SRR19762257	IGLVI-70--IGL@-ext
SRR19762759	PTBP1--PTMA
SRR19762759	LEPROT--LEPR
SRR19762759	CTSC--RAB38
SRR19762759	TIMM23--RP11-574K11.29
SRR19762759	MYL6--ALDOA
SRR19762759	ZEB1--HNRNPF
SRR19762759	TPM4--KLF2
SRR19762759	RCC1--SRP9P1
SRR19762759	AC022182.1--CLVS1
SRR19762759	RP11-367G6.3--FAM65B
SRR19762759	RFX3--MYO1E
SRR19762759	BSG--RNF126
SRR19762759	KLF10--YWHAZ
SRR19762759	TIMM23--PARGP1
SRR19762759	VTI1A--RP11-57H14.3
SRR19762759	USP48--SET
SRR19762759	YWHAE--MYO1C
SRR19762759	CTD-2337A12.1--CAST
SRR19762759	PFKFB3--RP11-563J2.2
SRR19762759	BSG--PTBP1
SRR19762918	OAZ1--RAC2
SRR19762918	OAZ1--SET
SRR19762918	RP11-367G6.3--FAM65B
SRR19762918	IGH-@-ext--PEMT
SRR19762918	TPD52--AZIN1
SRR19762918	LEPROT--LEPR
SRR19762918	RAB30--PRCP
SRR19762918	PTBP1--ACTB
SRR19762918	IGH-@-ext--AC096579.7
SRR19762918	OAZ1--KLF16
SRR19762918	TIMM23--PARGP1
SRR19762918	ACTB--PTMA
SRR19762918	PIM3--SCO2
SRR19762879	IGH-@-ext--MT-CO3
SRR19762879	FASN--ACTB
SRR19762879	RP11-367G6.3--FAM65B
SRR19762879	RP11-381K20.2--KLHL3
SRR19762879	PFKFB3--RP11-563J2.2
SRR19762879	LEPROT--LEPR
SRR19762879	C7orf50--ACTB
SRR19762879	IGH-@-ext--MT-ND4
SRR19762879	IGL-@-ext--RPS18
SRR19762879	OAZ1--ACTB
SRR19762879	TIMM23--PARGP1
SRR19762879	ACTB--PTMA
SRR19762879	IGH-@-ext--MT-RNR2
SRR19762879	IGH@-ext--MT-ATP8
SRR19762879	PIK3C2A--CD74
SRR19762879	EIF4A1--EIF5A
SRR19762879	RP11-274B21.1--RP11-206L10.3
SRR19762879	MACC1--AC005062.2
SRR19762940	RP11-33B1.1--PSPH
SRR19762940	PPARGC1B--PTMA
SRR19762940	RP11-662M24.2--RIMBP2
SRR19762940	RP11-367G6.3--FAM65B
SRR19762940	DDX5--EEF1A1
SRR19762940	OAZ1--IRF4
SRR19762940	OAZ1--DOT1L
SRR19762940	POM121C--ZP3
SRR19762940	LEPROT--LEPR
SRR19762940	USP10--KLHL36
SRR19762940	CARKD--ING1
SRR19762940	RP11-745L13.2--RPL7AP28
SRR19762940	IGL@-ext--AC096579.7
SRR19762940	NCOR2--UBC
SRR19762940	TIMM23--PARGP1
SRR19762940	CTC-786C10.1--RP11-680G10.1
SRR19762940	KLF10--AZIN1
SRR19762940	AC096579.7--IGLL5
SRR19762749	ZEB1--HNRNPF
SRR19762749	BOLA2B--RP11-345J4.8
SRR19762749	RP11-367G6.3--FAM65B
SRR19762749	TPM4--TNPO2
SRR19762749	KANSL1--ARL17A
SRR19762749	RP11-206L10.8--SEPT14
SRR19762749	EIF4A1--DDX5
SRR19762749	RP11-96H19.1--RP11-446N19.1
SRR19762749	BSG--RNF126
SRR19762749	TIMM23--PARGP1
SRR19762749	RNF126--PTBP1
SRR19762749	SLC16A3--METRNL
SRR19762749	TIMM23--RP11-574K11.29
SRR19762749	EIF4A1--EIF5A
SRR19762749	RIPK1--SERPINB9
SRR19762746	ACTB--FSCN1
SRR19762746	RP11-662M24.2--RIMBP2
SRR19762746	RP11-367G6.3--FAM65B
SRR19762746	BOLA2B--RP11-347C12.2
SRR19762746	NRIP1--AF127936.7
SRR19762746	ACTB--IRF4
SRR19762746	PFKFB3--RP11-563J2.2
SRR19762746	LEPROT--LEPR
SRR19762746	EEF1DP3--FRY
SRR19762746	CTSC--RAB38
SRR19762746	OAZ1--KLF16
SRR19762746	TIMM23--PARGP1
SRR19762746	NCOR2--UBC
SRR19762746	VTI1A--RP11-57H14.3
SRR19762746	TIMM23--RP11-574K11.29
SRR19762746	IGLVI-70--IGL@-ext
SRR19762860	RP11-367G6.3--FAM65B
SRR19762860	NRIP1--AF127936.7
SRR19762860	OAZ1--PPP1R12C
SRR19762860	OAZ1--KLF16
SRR19762860	NCOR2--UBC
SRR19762860	TIMM23--PARGP1
SRR19762552	CDKN1A--EEF1A1
SRR19762552	RP11-367G6.3--FAM65B
SRR19762552	RP11-96H19.1--RP11-446N19.1
SRR19762552	CDKN1A--IRF4
SRR19762552	KANSL1--ARL17A
SRR19762552	BOLA2B--RP11-347C12.2
SRR19762552	RP6-206I17.1--RP11-403I13.8
SRR19762552	LEPROT--LEPR
SRR19762552	TMEM63B--VEGFA
SRR19762552	BSG--RNF126
SRR19762552	OAZ1--KLF16
SRR19762552	IGH@-ext--MT-RNR2
SRR19762552	TIMM23--PARGP1
SRR19762552	MYH9--RAC2
SRR19762552	NCOR2--UBC
SRR19762552	VTI1A--RP11-57H14.3
SRR19762552	IGH@-ext--MT-ND4
SRR19762552	PIM3--SCO2
SRR19762594	RP11-662M24.2--RIMBP2
SRR19762594	TRIM60--AKAP13
SRR19762594	RP11-367G6.3--FAM65B
SRR19762594	BOLA2B--RP11-345J4.8
SRR19762594	PFKFB3--RP11-563J2.2
SRR19762594	IGH-@-ext--RP11-66N5.2
SRR19762594	TIMM23--PARGP1
SRR19762594	C15orf57--CBX3
SRR19762668	ZEB1--HNRNPF
SRR19762668	TRPC5--IGH@-ext
SRR19762668	TRIM60--AKAP13
SRR19762668	BOP1--PTMA
SRR19762668	RP11-367G6.3--FAM65B
SRR19762668	RP11-96H19.1--RP11-446N19.1
SRR19762668	KANSL1--ARL17A
SRR19762668	TIMM23B--PARGP1
SRR19762668	RP6-206I17.1--RP11-403I13.8
SRR19762668	LEPROT--LEPR
SRR19762668	RP11-155G15.2--RP11-1E3.1
SRR19762668	RP6-206I17.1--RP11-403I13.7
SRR19762668	IGH-@-ext--RPL5
SRR19762668	IGH@-ext--MT-ATP8
SRR19762668	TIMM23--RP11-574K11.29
SRR19762664	C1ORF220--RP5-1098D14.1
SRR19762664	BOLA2B--RP11-345J4.8
SRR19762664	ACTB--DDX5
SRR19762664	C11orf54--RNASET2
SRR19762664	LEPROT--LEPR
SRR19762664	OAZ1--PTMA
SRR19762664	POLE--ANKLE2
SRR19762664	ACTB--MFSD10
SRR19762664	LSP1--CD81
SRR19762664	HMGN2--ACTB
SRR19762664	RP11-155G15.2--RP11-1E3.1
SRR19762664	RP11-367G6.3--FAM65B
SRR19762664	KANSL1--ARL17A
SRR19762664	RP6-206I17.1--RP11-403I13.8
SRR19762664	OAZ1--KLF16
SRR19762664	MICU3--FAM168B
SRR19762664	TIMM23--PARGP1
SRR19762664	RP11-313P13.3--CCDC146
SRR19762664	IGH-@-ext--MT-ND4
SRR19762664	EIF4A1--EIF5A
SRR19762506	TIMM23--AGAP6
SRR19762506	ZEB1--GNAS
SRR19762506	RP11-662M24.2--RIMBP2
SRR19762506	RP11-367G6.3--FAM65B
SRR19762506	RP11-96H19.1--RP11-446N19.1
SRR19762506	KANSL1--ARL17A
SRR19762506	LEPROT--LEPR
SRR19762506	EIF4A1--EIF5A
SRR19762506	OAZ1--ACTB
SRR19762506	OAZ1--KLF16
SRR19762506	TIMM23--PARGP1
SRR19762506	ACTB--PTMA
SRR19762506	TIMM23--RP11-574K11.29
SRR19762506	NUTM2A-AS1--MINPP1
SRR19762361	OAZ1--TCF3
SRR19762361	NOC4L--FBRSL1
SRR19762361	OAZ1--DDX5
SRR19762361	LEPROT--LEPR
SRR19762361	MAFF--CSNK1E
SRR19762361	TIMM23--RP11-574K11.29
SRR19762361	TRIM60--AKAP13
SRR19762361	SRSF1--DDX5
SRR19762361	OAZ1--SGTA
SRR19762361	RP11-155G15.2--RP11-1E3.1
SRR19762361	RP11-367G6.3--FAM65B
SRR19762361	FAM60A--DENND5B
SRR19762361	OAZ1--KLF16
SRR19762361	TIMM23--PARGP1
SRR19762361	CAMTA1--PHF13
SRR19762361	DAZAP1--RNF126
SRR19762361	HIST1H4E--IGH@-ext
SRR19762361	RP11-539I5.1--HSPA12A
SRR19762361	PFKFB3--RP11-563J2.2
SRR19762361	N4BP2L1--HMGB1
SRR19762361	EIF4A1--EIF5A
SRR19762361	OAZ1--SCO2
SRR19762361	IGH@-ext--HIST1H4E
SRR19762262	RP11-662M24.2--RIMBP2
SRR19762262	RP11-367G6.3--FAM65B
SRR19762262	IRF4--PTMA
SRR19762262	DDX5--H3F3A
SRR19762262	KANSL1--ARL17A
SRR19762262	PFKFB3--RP11-563J2.2
SRR19762262	USP10--KLHL36
SRR19762262	OAZ1--PTMA
SRR19762262	TIMM23--PARGP1
SRR19762262	DDX5--IRF4
SRR19762262	EIF4A1--EIF5A
SRR19762262	CHSY1--RP11-505E24.2
SRR19762609	FNBP1--SET
SRR19762609	RP11-662M24.2--RIMBP2
SRR19762609	RP11-367G6.3--FAM65B
SRR19762609	RP11-96H19.1--RP11-446N19.1
SRR19762609	RP11-381K20.2--KLHL3
SRR19762609	LEPROT--LEPR
SRR19762609	RP11-155G15.2--RP11-1E3.1
SRR19762609	TIMM23--PARGP1
SRR19762609	CTC-786C10.1--RP11-680G10.1
SRR19762609	TIMM23--RP11-574K11.29
SRR19762609	SEPT14--AC137934.1
SRR19762609	OAZ1--DAZAP1
SRR19762758	IGH@-ext--MT-ATP6
SRR19762758	IGH-@-ext--MT-CO3
SRR19762758	RP11-367G6.3--FAM65B
SRR19762758	BOLA2B--RP11-345J4.8
SRR19762758	IGH-@-ext--HLA-A
SRR19762758	IGH-@-ext--AC096579.7
SRR19762758	TIMM23--PARGP1
SRR19762758	TIMM23--RP11-574K11.29
SRR19762758	MACC1--AC005062.2
SRR19762908	RP11-367G6.3--FAM65B
SRR19762908	PFKFB3--RP11-563J2.2
SRR19762908	OAZ1--ACTB
SRR19762908	TIMM23--PARGP1
SRR19762908	TIMM23--RP11-574K11.29
SRR19762908	MACC1--AC005062.2
SRR19762192	RP11-367G6.3--FAM65B
SRR19762192	PFKFB3--RP11-563J2.2
SRR19762192	LEPROT--LEPR
SRR19762192	RP11-155G15.2--RP11-1E3.1
SRR19762192	TIMM23--PARGP1
SRR19762192	CTC-786C10.1--RP11-680G10.1
SRR19762893	IGH-@-ext--MT-CO3
SRR19762893	TIMM23--AGAP6
SRR19762893	PISD--EIF4ENIF1
SRR19762893	RP11-367G6.3--FAM65B
SRR19762893	IGH-@-ext--ACTB
SRR19762893	PFKFB3--RP11-563J2.2
SRR19762893	RP6-206I17.1--RP11-403I13.8
SRR19762893	MAFK--ACTB
SRR19762893	LEPROT--LEPR
SRR19762893	IGH-@-ext--MT-ND4
SRR19762893	IGH@-ext--MT-ND4
SRR19762893	BCKDHB--RP11-250B2.3
SRR19762893	OAZ1--KLF16
SRR19762893	TIMM23--PARGP1
SRR19762893	VTI1A--RP11-57H14.3
SRR19762893	TIMM23--RP11-574K11.29
SRR19762893	RP11-120D5.1--MID1
SRR19762893	EIF4A1--PTMA
SRR19762175	ACTB--FSCN1
SRR19762175	RP11-367G6.3--FAM65B
SRR19762175	BOLA2B--RP11-347C12.2
SRR19762175	RP11-96H19.1--RP11-446N19.1
SRR19762175	LEPROT--LEPR
SRR19762175	RP11-426C22.5--SNX29P2
SRR19762175	OAZ1--ACTB
SRR19762175	OAZ1--KLF16
SRR19762175	TIMM23--PARGP1
SRR19762175	TIMM23--RP11-574K11.29
SRR19762175	NUTM2A-AS1--MINPP1
SRR19762175	OAZ1--DAZAP1
SRR19762935	ACTB--FSCN1
SRR19762935	RNF126--BSG
SRR19762935	RP11-662M24.2--RIMBP2
SRR19762935	TRIM60--AKAP13
SRR19762935	PRKCH--RP11-47I22.3
SRR19762935	RP11-367G6.3--FAM65B
SRR19762935	ACTB--DDX5
SRR19762935	LEPROT--LEPR
SRR19762935	SEPT7P2--PSPH
SRR19762935	TIMM23--PARGP1
SRR19762935	PTBP1--RNF126
SRR19762935	TIMM23--RP11-574K11.29
SRR19762760	OAZ1--DOT1L
SRR19762760	LEPROT--LEPR
SRR19762760	OAZ1--PTMA
SRR19762760	DDX5--SET
SRR19762760	CLTC--VMP1
SRR19762760	SBNO2--GPX4
SRR19762760	TIMM23--RP11-574K11.29
SRR19762760	MACC1--AC005062.2
SRR19762760	EIF4A1--DDX5
SRR19762760	MAFK--ACTB
SRR19762760	SEPT7P2--PSPH
SRR19762760	ITM2C--PTMA
SRR19762760	IGLVI-70--IGL@-ext
SRR19762760	RP11-367G6.3--FAM65B
SRR19762760	TIMM23--PARGP1
SRR19762760	LINC00623--RP11-403I13.8
SRR19762760	RP11-96H19.1--RP11-446N19.1
SRR19762760	IRF4--PTMA
SRR19762760	BSG--PTBP1
SRR19762760	EIF4A1--EIF5A
SRR19762921	RPA3-AS1--GLCCI1
SRR19762921	RP11-367G6.3--FAM65B
SRR19762921	RP11-96H19.1--RP11-446N19.1
SRR19762921	SRSF1--DDX5
SRR19762921	NRIP1--AF127936.7
SRR19762921	PFKFB3--RP11-563J2.2
SRR19762921	OAZ1--DOT1L
SRR19762921	LEPROT--LEPR
SRR19762921	USP10--KLHL36
SRR19762921	ZEB1--B2M
SRR19762921	BSG--PTBP1
SRR19762921	DDX5--SET
SRR19762921	POLE--ANKLE2
SRR19762921	TIMM23--PARGP1
SRR19762921	RP11-120D5.1--MID1
SRR19762547	HMGN2--PTMA
SRR19762547	RP11-353N4.6--RP11-403I13.8
SRR19762547	LEPROT--LEPR
SRR19762547	IRF4--PTP4A1
SRR19762547	POLE--ANKLE2
SRR19762547	TIMM23--RP11-574K11.29
SRR19762547	YWHAE--CRK
SRR19762547	SRSF1--DDX5
SRR19762547	RP11-155G15.2--RP11-1E3.1
SRR19762547	NCOR2--UBC
SRR19762547	RP11-367G6.3--FAM65B
SRR19762547	NRIP1--AF127936.7
SRR19762547	BOLA2B--RP11-347C12.2
SRR19762547	IGKV2-10--AC096579.7
SRR19762547	OAZ1--KLF16
SRR19762547	TIMM23--PARGP1
SRR19762547	VTI1A--RP11-57H14.3
SRR19762547	KLF10--AZIN1
SRR19762547	SLC16A3--METRNL
SRR19762547	NUTM2A-AS1--MINPP1
SRR19762547	RPA3-AS1--GLCCI1
SRR19762547	PFKFB3--RP11-563J2.2
SRR19762193	BOP1--PTMA
SRR19762193	BOLA2B--RP11-345J4.8
SRR19762193	LEPROT--LEPR
SRR19762193	CLTC--VMP1
SRR19762193	POLE--ANKLE2
SRR19762193	TIMM23--RP11-574K11.29
SRR19762193	B3GNT2--EHBP1
SRR19762193	ZEB1--HNRNPF
SRR19762193	YWHAE--CRK
SRR19762193	SRSF1--DDX5
SRR19762193	SEPT7P2--PSPH
SRR19762193	RP11-745L13.2--RPL7AP28
SRR19762193	IGKV2-18--AC096579.7
SRR19762193	RP11-367G6.3--FAM65B
SRR19762193	TIMM23--PARGP1
SRR19762193	IGL-@-ext--CTB-13H5.1
SRR19762193	IRF4--PTMA
SRR19762193	POM121C--ZP3
SRR19762193	HLA-S--HLA-A
SRR19762193	ACTB--PTMA
SRR19762193	EIF4A1--EIF5A
SRR19762828	IGH@-ext--MT-ATP6
SRR19762828	RP11-1023L17.1--C1QTNF3
SRR19762828	RP11-367G6.3--FAM65B
SRR19762828	RP11-96H19.1--RP11-446N19.1
SRR19762828	PFKFB3--RP11-563J2.2
SRR19762828	RP6-206I17.1--RP11-403I13.8
SRR19762828	IGH@-ext--MT-CYB
SRR19762828	LEPROT--LEPR
SRR19762828	PTP4A1--EEF1A1P5
SRR19762828	NUTM2A-AS1--MINPP1
SRR19762828	TIMM23--PARGP1
SRR19762828	OAZ1--KLF16
SRR19762828	GUSBP2--GTF2H2C
SRR19762828	EIF4A1--EIF5A
SRR19762592	NCL--PTMA
SRR19762592	TRIM60--AKAP13
SRR19762592	SBNO1--SETD8
SRR19762592	RP11-367G6.3--FAM65B
SRR19762592	PFKFB3--RP11-563J2.2
SRR19762592	LEPROT--LEPR
SRR19762592	SEPT7P2--PSPH
SRR19762592	OAZ1--PTMA
SRR19762592	TIMM23--PARGP1
SRR19762592	BSG--PTMA
SRR19762592	TIMM23--RP11-574K11.29
SRR19762592	EIF4A1--EIF5A
SRR19762592	PIM3--SCO2
SRR19762592	MACC1--AC005062.2
SRR19762437	LINC00623--RP11-403I13.8
SRR19762437	RP11-662M24.2--RIMBP2
SRR19762437	IGH-@-ext--PTMA
SRR19762437	RP11-367G6.3--FAM65B
SRR19762437	BOLA2B--RP11-347C12.2
SRR19762437	LEPROT--LEPR
SRR19762437	EIF4A1--EIF5A
SRR19762437	RP11-155G15.2--RP11-1E3.1
SRR19762437	TIMM23--PARGP1
SRR19762437	ACTB--PTMA
SRR19762437	SRRM2--ATP6V0C
SRR19762437	ADRBK2--IGLL3P
SRR19762437	IGL-@-ext--PRAMENP
SRR19762437	IGLVI-70--IGL@-ext
SRR19762675	RP11-33B1.1--PSPH
SRR19762675	IGH@-ext--MT-ATP6
SRR19762675	RP11-367G6.3--FAM65B
SRR19762675	PFKFB3--RP11-563J2.2
SRR19762675	LEPROT--LEPR
SRR19762675	HLA-S--HLA-A
SRR19762675	TIMM23--PARGP1
SRR19762814	HCFC1--IGH@-ext
SRR19762814	YWHAE--CRK
SRR19762814	RP11-367G6.3--FAM65B
SRR19762814	SRSF1--DDX5
SRR19762814	RP11-96H19.1--RP11-446N19.1
SRR19762814	TIMM23B--PARGP1
SRR19762814	RP6-206I17.1--RP11-403I13.8
SRR19762814	LEPROT--LEPR
SRR19762814	SEPT7P2--PSPH
SRR19762814	BSG--RNF126
SRR19762814	RP11-155G15.2--RP11-1E3.1
SRR19762814	OAZ1--KLF16
SRR19762814	POLE--ANKLE2
SRR19762814	TIMM23--RP11-574K11.29
SRR19762579	ZEB1--BMI1
SRR19762579	LEPROT--LEPR
SRR19762579	PKN3--SET
SRR19762579	YWHAZ--AZIN1
SRR19762579	PRKCH--RP11-47I22.3
SRR19762579	SRSF1--DDX5
SRR19762579	YWHAZ--PABPC1
SRR19762579	RP11-155G15.2--RP11-1E3.1
SRR19762579	NCOR2--UBC
SRR19762579	RP11-367G6.3--FAM65B
SRR19762579	CFL1--SF1
SRR19762579	BSG--RNF126
SRR19762579	OAZ1--KLF16
SRR19762579	TIMM23--PARGP1
SRR19762579	SLC7A5--SMG1P1
SRR19762579	LINC00158--AP000233.4
SRR19762579	PIM3--SCO2
SRR19762579	USP12--HMGB1
SRR19762579	FASN--EIF4A1
SRR19762579	HLA-S--HLA-A
SRR19762579	DTX2P1--CCDC146
SRR19762579	EIF4A1--EIF5A
SRR19762622	RAB2A--KCNS2
SRR19762622	RNF216--ACTB
SRR19762622	RP11-367G6.3--FAM65B
SRR19762622	NRIP1--AF127936.7
SRR19762622	OAZ1--IRF4
SRR19762622	LEPROT--LEPR
SRR19762622	C7orf50--ACTB
SRR19762622	SEPT7P2--PSPH
SRR19762622	TIMM23--PARGP1
SRR19762622	SLC19A1--SUMO3
SRR19762203	ATF2--CHN1
SRR19762203	LINC00623--RP11-403I13.8
SRR19762203	OAZ1--TCF3
SRR19762203	RP11-662M24.2--RIMBP2
SRR19762203	RP11-367G6.3--FAM65B
SRR19762203	LEPROT--LEPR
SRR19762203	TIMM23--PARGP1
SRR19762203	POLE--ANKLE2
SRR19762203	TIMM23--RP11-574K11.29
SRR19762203	EIF4A1--EIF5A
SRR19762189	SIK1--ACTB
SRR19762189	NCL--PTMA
SRR19762189	RP11-367G6.3--FAM65B
SRR19762189	RP6-206I17.1--RP11-403I13.8
SRR19762189	USP10--KLHL36
SRR19762189	SLC7A5--RP11-347C12.2
SRR19762189	OAZ1--ACTB
SRR19762189	TIMM23--PARGP1
SRR19762189	ACTB--PTMA
SRR19762189	IGKV2-29--AC096579.7
SRR19762189	TIMM23--RP11-574K11.29
SRR19762189	EIF4A1--ACTB
SRR19762340	RNF216--ACTB
SRR19762340	RP11-367G6.3--FAM65B
SRR19762340	RP11-96H19.1--RP11-446N19.1
SRR19762340	IGH-@-ext--ACTB
SRR19762340	ABI1--KAT6A
SRR19762340	LEPROT--LEPR
SRR19762340	IL4R--KDM8
SRR19762340	SEPT7P2--PSPH
SRR19762340	OAZ1--PTMA
SRR19762340	IGL-@-ext--RPS3
SRR19762340	EEF1DP3--FRY
SRR19762340	TIMM23--PARGP1
SRR19762340	C15orf57--CBX3
SRR19762340	ACTB--PTMA
SRR19762340	TIMM23--RP11-574K11.29
SRR19762340	EIF4A1--EIF5A
SRR19762933	RP11-367G6.3--FAM65B
SRR19762933	KANSL1--ARL17A
SRR19762933	SEPT7P2--PSPH
SRR19762933	TIMM23--PARGP1
SRR19762933	PARG--BMS1
SRR19762933	ACTB--PTMA
SRR19762933	TIMM23--RP11-574K11.29
SRR19762933	IGLVI-70--IGL@-ext
SRR19762930	SBNO2--KLF16
SRR19762930	LEPROT--LEPR
SRR19762930	FUS--DDX5
SRR19762930	DDX5--SET
SRR19762930	C5orf56--RAD50
SRR19762930	PTBP1--RNF126
SRR19762930	RUNX3--IGH@-ext
SRR19762930	PTMA--ING5
SRR19762930	YWHAE--CRK
SRR19762930	SRSF1--DDX5
SRR19762930	ZEB1--IRF4
SRR19762930	MKLN1-AS1--PTMA
SRR19762930	LRCH4--EIF4A1
SRR19762930	RP11-367G6.3--FAM65B
SRR19762930	OAZ1--KLF16
SRR19762930	TIMM23--PARGP1
SRR19762930	KLF10--AZIN1
SRR19762930	RPS10--NUDT3
SRR19762930	PIM3--SCO2
SRR19762930	YWHAE--MYO1C
SRR19762930	OAZ1--IRF4
SRR19762930	PFKFB3--RP11-563J2.2
SRR19762930	FUS--SETD1A
SRR19762930	BSG--PTBP1
SRR19762930	LAPTM5--MT-ND4
SRR19762930	EIF4A1--EIF5A
SRR19762645	AC092635.1--AC016730.1
SRR19762645	RP11-1E3.1--RP11-455B3.1
SRR19762645	RP11-96H19.1--RP11-446N19.1
SRR19762645	RAB30--PRCP
SRR19762645	RP11-155G15.2--RP11-1E3.1
SRR19762645	TIMM23--PARGP1
SRR19762645	C15orf57--CBX3
SRR19762645	RP11-96P7.1--CTD-2336H13.2
SRR19762826	KANSL1--ARL17B
SRR19762826	RP11-367G6.3--FAM65B
SRR19762826	RP11-96H19.1--RP11-446N19.1
SRR19762826	OAZ1--DOT1L
SRR19762826	YWHAZ--ZNF706
SRR19762826	LEPROT--LEPR
SRR19762826	RP11-155G15.2--RP11-1E3.1
SRR19762826	OAZ1--KLF16
SRR19762826	TIMM23--PARGP1
SRR19762826	TIMM23--RP11-574K11.29
SRR19762817	ACTB--FSCN1
SRR19762817	SRSF1--DDX5
SRR19762817	TPM4--KLF2
SRR19762817	LEPROT--LEPR
SRR19762817	TIMM23--PARGP1
SRR19762817	EIF4A1--EIF5A
SRR19762595	RP11-367G6.3--FAM65B
SRR19762595	RP11-96H19.1--RP11-446N19.1
SRR19762595	IGL-@-ext--L3MBTL1
SRR19762595	USP10--KLHL36
SRR19762595	TIMM23--PARGP1
SRR19762595	TIMM23--RP11-574K11.29
SRR19762595	EIF4A1--EIF5A
SRR19762772	ACTB--FSCN1
SRR19762772	RP11-367G6.3--FAM65B
SRR19762772	RP11-96H19.1--RP11-446N19.1
SRR19762772	RP6-206I17.1--RP11-403I13.8
SRR19762772	LEPROT--LEPR
SRR19762772	IGH-@-ext--ATXN2
SRR19762772	BSG--PTBP1
SRR19762772	TIMM23--PARGP1
SRR19762772	ACTB--PTMA
SRR19762772	SPTAN1--SET
SRR19762772	VTI1A--RP11-57H14.3
SRR19762772	TIMM23--RP11-574K11.29
SRR19762772	EIF4A1--EIF5A
SRR19762772	RPS10--NUDT3
SRR19762772	EIF4A1--PTMA
SRR19762741	RP11-367G6.3--FAM65B
SRR19762741	BOLA2B--RP11-347C12.2
SRR19762741	RP11-96H19.1--RP11-446N19.1
SRR19762741	KANSL1--ARL17A
SRR19762741	LEPROT--LEPR
SRR19762741	RP11-155G15.2--RP11-1E3.1
SRR19762741	CTD-2012K14.6--CTCF
SRR19762741	TIMM23--PARGP1
SRR19762741	ACTB--PTMA
SRR19762741	IGH-@-ext--MT-RNR2
SRR19762741	EIF4A1--ACTB
SRR19762741	EIF4A1--EIF5A
SRR19762741	RPS10--NUDT3
SRR19762741	EIF4A1--PTMA
SRR19762741	MACC1--AC005062.2
SRR19762683	RP11-367G6.3--FAM65B
SRR19762683	RP6-206I17.1--RP11-403I13.8
SRR19762683	LEPROT--LEPR
SRR19762683	BSG--RNF126
SRR19762683	SOCS5--AC016722.2
SRR19762683	NCOR2--UBC
SRR19762683	TIMM23--PARGP1
SRR19762683	MACC1--AC005062.2
SRR19762683	EIF4A1--EIF5A
SRR19762683	IGLVI-70--IGL@-ext
SRR19762341	YWHAE--CRK
SRR19762341	RP11-96H19.1--RP11-446N19.1
SRR19762341	NRIP1--AF127936.7
SRR19762341	KANSL1--ARL17A
SRR19762341	IGH-@-ext--RP11-434D2.11
SRR19762341	RP6-206I17.1--RP11-403I13.8
SRR19762341	ACTB--RAC2
SRR19762341	OAZ1--KLF16
SRR19762341	TIMM23--PARGP1
SRR19762341	B2M--IGH@-ext
SRR19762341	TIMM23--RP11-574K11.29
SRR19762341	IGLVI-70--IGL@-ext
SRR19762718	RAB2A--KCNS2
SRR19762718	BOLA2B--RP11-345J4.8
SRR19762718	EP400--GALNT9
SRR19762718	LEPROT--LEPR
SRR19762718	OAZ1--PTMA
SRR19762718	IGH-@-ext--NIP7
SRR19762718	PTBP1--RNF126
SRR19762718	TIMM23--RP11-574K11.29
SRR19762718	MKNK2--B2M
SRR19762718	SRSF1--DDX5
SRR19762718	NCOR2--UBC
SRR19762718	ZC3H3--EEF1D
SRR19762718	HNRNPA2B1--PTMA
SRR19762718	ADNP2--PQLC1
SRR19762718	RP11-367G6.3--FAM65B
SRR19762718	KANSL1--ARL17A
SRR19762718	OAZ1--KLF16
SRR19762718	TIMM23--PARGP1
SRR19762718	SLC7A5--SMG1P1
SRR19762718	PFKFB3--RP11-563J2.2
SRR19762718	EIF4A1--EIF5A
SRR19762448	OAZ1--DOT1L
SRR19762448	LEPROT--LEPR
SRR19762448	POLE--ANKLE2
SRR19762448	B3GNT2--EHBP1
SRR19762448	BEST1--HNRNPA0
SRR19762448	MAFK--ACTB
SRR19762448	RP11-155G15.2--RP11-1E3.1
SRR19762448	ZC3H3--EEF1D
SRR19762448	RP11-367G6.3--FAM65B
SRR19762448	NRIP1--AF127936.7
SRR19762448	KANSL1--ARL17A
SRR19762448	TBC1D27--RP11-344E13.3
SRR19762448	RP6-206I17.1--RP11-403I13.8
SRR19762448	TIMM23--PARGP1
SRR19762448	RPA3-AS1--GLCCI1
SRR19762448	RP11-96H19.1--RP11-446N19.1
SRR19762448	RP11-353N4.6--RP11-403I13.7
SRR19762448	OAZ1--ACTB
SRR19762448	P2RX5--ACTB
SRR19762448	ACTB--PTMA
SRR19762448	EIF4A1--EIF5A
SRR19762448	OAZ1--TRABD
SRR19762517	HMGN2--PTMA
SRR19762517	TPM4--PTMA
SRR19762517	LEPROT--LEPR
SRR19762517	POLE--ANKLE2
SRR19762517	ANP32E--PLEKHO1
SRR19762517	YWHAE--CRK
SRR19762517	AP3S1--AQPEP
SRR19762517	SEPT7P2--PSPH
SRR19762517	RP11-155G15.2--RP11-1E3.1
SRR19762517	KANSL1--ARL17B
SRR19762517	RP11-367G6.3--FAM65B
SRR19762517	NRIP1--AF127936.7
SRR19762517	COTL1--KLHL36
SRR19762517	BSG--RNF126
SRR19762517	TIMM23--PARGP1
SRR19762517	PIM3--SCO2
SRR19762517	SOCS5--AC016722.2
SRR19762517	EPB41L2--IGH-@-ext
SRR19762517	RP11-96H19.1--RP11-446N19.1
SRR19762517	PFKFB3--RP11-563J2.2
SRR19762517	FUS--SETD1A
SRR19762517	EIF4A1--EIF5A
SRR19762391	ZEB1--HNRNPF
SRR19762391	YWHAE--CRK
SRR19762391	LINC00623--RP11-403I13.8
SRR19762391	RNF216--ACTB
SRR19762391	RP11-96H19.1--RP11-446N19.1
SRR19762391	LEPROT--LEPR
SRR19762391	C19orf25--DAZAP1
SRR19762391	TIMM23--PARGP1
SRR19762391	ACTB--PTMA
SRR19762391	LRCH4--PTMA
SRR19762391	TIMM23--RP11-574K11.29
SRR19762391	MACC1--AC005062.2
SRR19762226	RP11-1E3.1--RP11-455B3.1
SRR19762226	C5orf56--RAD50
SRR19762226	RP11-367G6.3--FAM65B
SRR19762226	KANSL1--ARL17A
SRR19762226	OAZ1--DOT1L
SRR19762226	LEPROT--LEPR
SRR19762226	RP11-155G15.2--RP11-1E3.1
SRR19762226	CTSC--RAB38
SRR19762226	TIMM23--PARGP1
SRR19762226	POLE--ANKLE2
SRR19762226	HLA-S--HLA-A
SRR19762226	RP11-444D3.1--SOX5
SRR19762226	TIMM23--RP11-574K11.29
SRR19762226	EIF4A1--EIF5A
SRR19762226	PIM3--SCO2
SRR19762488	PTBP1--PALM
SRR19762488	RP11-367G6.3--FAM65B
SRR19762488	PFKFB3--RP11-563J2.2
SRR19762488	RP6-206I17.1--RP11-403I13.8
SRR19762488	LEPROT--LEPR
SRR19762488	CTSC--RAB38
SRR19762488	TIMM23--PARGP1
SRR19762488	ST6GALNAC4--PIP5KL1
SRR19762488	TIMM23--RP11-574K11.29
SRR19762488	RP11-120D5.1--MID1
SRR19762598	PPARGC1B--PTMA
SRR19762598	RP11-662M24.2--RIMBP2
SRR19762598	LEPROT--LEPR
SRR19762598	OAZ1--PTMA
SRR19762598	CTSC--RAB38
SRR19762598	TIMM23--RP11-574K11.29
SRR19762598	MACC1--AC005062.2
SRR19762598	EEF1DP3--FRY
SRR19762598	RP11-155G15.2--RP11-1E3.1
SRR19762598	RP6-206I17.1--RP11-403I13.7
SRR19762598	NCOR2--UBC
SRR19762598	KANSL1--ARL17B
SRR19762598	RP11-367G6.3--FAM65B
SRR19762598	NRIP1--AF127936.7
SRR19762598	DDX5--EEF1A1
SRR19762598	RP6-206I17.1--RP11-403I13.8
SRR19762598	RP11-426C22.5--SNX29P2
SRR19762598	BSG--RNF126
SRR19762598	OAZ1--KLF16
SRR19762598	TIMM23--PARGP1
SRR19762598	SOCS5--AC016722.2
SRR19762598	RPA3-AS1--GLCCI1
SRR19762598	RP11-96H19.1--RP11-446N19.1
SRR19762598	IGKV2-26--AC096579.7
SRR19762598	USP10--KLHL36
SRR19762598	RP11-316P17.2--RP5-1050E16.2
SRR19762598	EIF4A1--EIF5A
SRR19762598	EIF4A1--PTMA
SRR19762520	KPNA2--DHX40
SRR19762520	RP11-96H19.1--RP11-446N19.1
SRR19762520	KANSL1--ARL17A
SRR19762520	RP6-206I17.1--RP11-403I13.8
SRR19762520	LEPROT--LEPR
SRR19762520	TIMM23--RP11-574K11.29
SRR19762520	RP11-155G15.2--RP11-1E3.1
SRR19762520	IGL-@-ext--EEF1A1
SRR19762520	TIMM23--PARGP1
SRR19762520	IGH-@-ext--MT-RNR2
SRR19762520	IGKV1D-27--AC096579.7
SRR19762520	EIF4A1--EIF5A
SRR19762520	MACC1--AC005062.2
SRR19762809	MAPKAPK5--ACAD10
SRR19762809	RP11-367G6.3--FAM65B
SRR19762809	RP11-96H19.1--RP11-446N19.1
SRR19762809	RP6-206I17.1--RP11-403I13.8
SRR19762809	LEPROT--LEPR
SRR19762809	TIMM23--PARGP1
SRR19762809	ACTB--PTMA
SRR19762809	ZC3H3--EEF1D
SRR19762809	MAFF--CSNK1E
SRR19762809	OAZ1--DAZAP1
SRR19762925	OAZ1--RAC2
SRR19762925	PIM3--SEMA4C
SRR19762925	MGAT5--GRSF1
SRR19762925	RCC1--RBM5
SRR19762925	LEPROT--LEPR
SRR19762925	DDX50--KDM5A
SRR19762925	OAZ1--PTMA
SRR19762925	TOPBP1--FAM133B
SRR19762925	CTD-2012K14.6--CTCF
SRR19762925	BOD1--KDM3A
SRR19762925	BLOC1S5--TXNDC5
SRR19762925	PTBP1--RNF126
SRR19762925	TIMM23--RP11-574K11.29
SRR19762925	IGL-@-ext--MPP3
SRR19762925	EIF4A1--SF1
SRR19762925	HIF1A--SFPQ
SRR19762925	AC113189.5--EIF4A1
SRR19762925	SDF4--SSU72
SRR19762925	TMEM175--MRPS30
SRR19762925	MAFK--ACTB
SRR19762925	VPS13B--SSU72
SRR19762925	RP11-155G15.2--RP11-1E3.1
SRR19762925	NCOR2--UBC
SRR19762925	MAFK--C7orf50
SRR19762925	MOB3A--HSD17B12
SRR19762925	PLXNB2--SCO2
SRR19762925	IGLVI-70--IGL@-ext
SRR19762925	RP11-367G6.3--FAM65B
SRR19762925	NRIP1--AF127936.7
SRR19762925	COTL1--KLHL36
SRR19762925	TIMM23--PARGP1
SRR19762925	VTI1A--RP11-57H14.3
SRR19762925	ANP32A--PTMA
SRR19762925	PIM3--SCO2
SRR19762925	EIF4A1--ACTB
SRR19762925	USP12--HMGB1
SRR19762925	LINC00623--RP11-403I13.8
SRR19762925	RPA3-AS1--GLCCI1
SRR19762925	TMCC3--CCDC41
SRR19762925	RP11-96H19.1--RP11-446N19.1
SRR19762925	IGL-@-ext--AC096579.7
SRR19762925	PPP1R12C--ACTB
SRR19762925	B2M--ACTB
SRR19762925	ACTB--PTMA
SRR19762925	EIF4A1--EIF5A
SRR19762925	OAZ1--SCO2
SRR19762864	FASN--ACTB
SRR19762864	RP11-367G6.3--FAM65B
SRR19762864	ACTB--EIF4A1
SRR19762864	PFKFB3--RP11-563J2.2
SRR19762864	RP6-206I17.1--RP11-403I13.8
SRR19762864	LEPROT--LEPR
SRR19762864	RP11-155G15.2--RP11-1E3.1
SRR19762864	OAZ1--KLF16
SRR19762864	OAZ1--ACTB
SRR19762864	TIMM23--PARGP1
SRR19762864	ACTB--PTMA
SRR19762864	HLA-S--HLA-A
SRR19762864	SBNO2--PTMA
SRR19762864	PIM3--ACTB
SRR19762864	ACTB--SET
SRR19762864	RIPK1--SERPINB9
SRR19762481	TRIM60--AKAP13
SRR19762481	RP11-367G6.3--FAM65B
SRR19762481	NOC4L--FBRSL1
SRR19762481	SEPT7P2--PSPH
SRR19762481	TIMM23--PARGP1
SRR19762827	RP11-367G6.3--FAM65B
SRR19762827	IGH@-ext--EEF1A1
SRR19762827	HIC2--PI4KA
SRR19762827	TIMM23--PARGP1
SRR19762570	BSG--RP5-882C2.2
SRR19762570	RP11-367G6.3--FAM65B
SRR19762570	RP11-96H19.1--RP11-446N19.1
SRR19762570	EDF1--RABL6
SRR19762570	RP6-206I17.1--RP11-403I13.8
SRR19762570	RP11-380O24.1--SRGAP3
SRR19762570	LEPROT--LEPR
SRR19762570	MAFK--ACTB
SRR19762570	B2M--ACTB
SRR19762570	BSG--RNF126
SRR19762570	RP11-155G15.2--RP11-1E3.1
SRR19762570	POM121C--ZP3
SRR19762570	TIMM23--PARGP1
SRR19762570	POLE--ANKLE2
SRR19762570	ACTB--PTMA
SRR19762570	PTBP1--RNF126
SRR19762570	RP11-442A13.1--AC073082.3
SRR19762570	OAZ1--DAZAP1
SRR19762881	FNBP1--SET
SRR19762881	BOLA2B--RP11-345J4.8
SRR19762881	OAZ1--DOT1L
SRR19762881	LEPROT--LEPR
SRR19762881	TIMM23--RP11-574K11.29
SRR19762881	MAFK--ACTB
SRR19762881	SEPT7P2--PSPH
SRR19762881	MIR155HG--JAM2
SRR19762881	IGLVI-70--IGL@-ext
SRR19762881	RP11-367G6.3--FAM65B
SRR19762881	CTD-2384A14.1--RP11-148E17.1
SRR19762881	UBE2J2--PTMA
SRR19762881	NOC4L--ANKLE2
SRR19762881	TIMM23--PARGP1
SRR19762881	KLF10--AZIN1
SRR19762881	SOCS5--AC016722.2
SRR19762881	EIF4A1--ACTB
SRR19762881	RP11-96H19.1--RP11-446N19.1
SRR19762881	PFKFB3--RP11-563J2.2
SRR19762881	IGH@-ext--MT-RNR2
SRR19762881	ACTB--PTMA
SRR19762881	EIF4A1--EIF5A
SRR19762466	ZEB1--HNRNPF
SRR19762466	RP11-367G6.3--FAM65B
SRR19762466	BOLA2B--RP11-345J4.8
SRR19762466	PFKFB3--RP11-563J2.2
SRR19762466	LEPROT--LEPR
SRR19762466	OAZ1--KLF16
SRR19762466	TIMM23--PARGP1
SRR19762466	EIF4A1--EIF5A
SRR19762466	PIM3--SCO2
SRR19762345	IGH-@-ext--HLA-B
SRR19762345	RP11-367G6.3--FAM65B
SRR19762345	KANSL1--ARL17A
SRR19762345	PFKFB3--RP11-563J2.2
SRR19762345	RP6-206I17.1--RP11-403I13.8
SRR19762345	LEPROT--LEPR
SRR19762345	OAZ1--KLF16
SRR19762345	TIMM23--PARGP1
SRR19762345	POLE--ANKLE2
SRR19762345	ILDR2--IGH@-ext
SRR19762345	TIMM23--RP11-574K11.29
SRR19762345	EIF4A1--EIF5A
SRR19762497	PLXNB2--SCO2
SRR19762497	RP11-367G6.3--FAM65B
SRR19762497	RP11-96H19.1--RP11-446N19.1
SRR19762497	CDKN1A--IRF4
SRR19762497	KANSL1--ARL17A
SRR19762497	SRSF1--DDX5
SRR19762497	DDX5--EEF1A1
SRR19762497	LEPROT--LEPR
SRR19762497	RP11-155G15.2--RP11-1E3.1
SRR19762497	RP11-745L13.2--RPL7AP28
SRR19762497	B2M--SET
SRR19762497	TIMM23--PARGP1
SRR19762497	EIF4A1--EIF5A
SRR19762610	ZEB1--HNRNPF
SRR19762610	RPA3-AS1--GLCCI1
SRR19762610	TFG--GPR128
SRR19762610	RP11-367G6.3--FAM65B
SRR19762610	RP11-96H19.1--RP11-446N19.1
SRR19762610	PVT1--MYC
SRR19762610	SLCO4A1--OGFR
SRR19762610	LEPROT--LEPR
SRR19762610	YWHAE--PITPNA
SRR19762610	RP11-155G15.2--RP11-1E3.1
SRR19762610	OAZ1--KLF16
SRR19762610	RP11-426C22.5--SNX29P2
SRR19762610	TIMM23--PARGP1
SRR19762610	EIF5A--EIF4A1
SRR19762610	TIMM23--RP11-574K11.29
SRR19762610	EIF4A1--EIF5A
SRR19762610	RP11-120D5.1--MID1
SRR19762610	SOCS5--AC016722.2
SRR19762584	RP11-662M24.2--RIMBP2
SRR19762584	IRF4--SET
SRR19762584	RP11-367G6.3--FAM65B
SRR19762584	BOLA2B--RP11-345J4.8
SRR19762584	NRIP1--AF127936.7
SRR19762584	UBQLN1--HNRNPK
SRR19762584	TIMM23--PARGP1
SRR19762584	GATC--COX6A1
SRR19762584	RPS10--NUDT3
SRR19762584	PIM3--SCO2
SRR19762823	AC131097.3--AC093642.5
SRR19762823	C1ORF220--RP5-1098D14.1
SRR19762823	RP11-367G6.3--FAM65B
SRR19762823	BOLA2B--RP11-345J4.8
SRR19762823	IGL-@-ext--RPL8
SRR19762823	KANSL1--ARL17A
SRR19762823	TPM4--PTMA
SRR19762823	RP6-206I17.1--RP11-403I13.8
SRR19762823	RP11-96H19.1--RP11-446N19.1
SRR19762823	LEPROT--LEPR
SRR19762823	SRSF1--DDX5
SRR19762823	OAZ1--PTMA
SRR19762823	IGL-@-ext--RPS18
SRR19762823	TIMM23--PARGP1
SRR19762823	IGH@-ext--MT-ATP8
SRR19762823	TIMM23--RP11-574K11.29
SRR19762823	EIF4A1--EIF5A
SRR19762823	EIF4A1--PTMA
SRR19762186	ACTB--FSCN1
SRR19762186	FNBP1--SET
SRR19762186	LINC00623--RP11-403I13.8
SRR19762186	RP11-367G6.3--FAM65B
SRR19762186	RP11-206L10.8--SEPT14
SRR19762186	LEPROT--LEPR
SRR19762186	OAZ1--PTMA
SRR19762186	RP11-426C22.5--SNX29P2
SRR19762186	TIMM23--PARGP1
SRR19762186	ACTB--PTMA
SRR19762186	OAZ1--CSNK1G2
SRR19762186	VTI1A--RP11-57H14.3
SRR19762186	TGDS--SRSF1
SRR19762186	SLC7A5--SMG1P1
SRR19762186	EIF4A1--EIF5A
SRR19762186	PIM3--SCO2
SRR19762351	IGH@-ext--MT-ATP6
SRR19762351	RNF126--BSG
SRR19762351	RP11-367G6.3--FAM65B
SRR19762351	RP11-96H19.1--RP11-446N19.1
SRR19762351	KANSL1--ARL17A
SRR19762351	OAZ1--DOT1L
SRR19762351	LEPROT--LEPR
SRR19762351	FNBP1--PTMA
SRR19762351	IGH-@-ext--MT-ND4
SRR19762351	OAZ1--KLF16
SRR19762351	TIMM23--PARGP1
SRR19762351	POLE--ANKLE2
SRR19762351	C5orf56--RAD50
SRR19762351	VTI1A--RP11-57H14.3
SRR19762351	TIMM23--RP11-574K11.29
SRR19762351	MIR155HG--JAM2
SRR19762750	RP11-662M24.2--RIMBP2
SRR19762750	RP11-367G6.3--FAM65B
SRR19762750	IGH-@-ext--ACTB
SRR19762750	PFKFB3--RP11-563J2.2
SRR19762750	LEPROT--LEPR
SRR19762750	TIMM23--PARGP1
SRR19762750	ACTB--PTMA
SRR19762750	EIF4A1--EIF5A
SRR19762750	SUZ12P--CRLF3
SRR19762849	FNBP1--SET
SRR19762849	LEPROT--LEPR
SRR19762849	B2M--AC013394.2
SRR19762849	TIMM23--RP11-574K11.29
SRR19762849	ZEB1--HNRNPF
SRR19762849	EDF1--SET
SRR19762849	SRSF1--DDX5
SRR19762849	FUS--B2M
SRR19762849	RP11-155G15.2--RP11-1E3.1
SRR19762849	NCOR2--UBC
SRR19762849	MIR155HG--JAM2
SRR19762849	IGLVI-70--IGL@-ext
SRR19762849	RP11-367G6.3--FAM65B
SRR19762849	NRIP1--AF127936.7
SRR19762849	BSG--RNF126
SRR19762849	OAZ1--KLF16
SRR19762849	TIMM23--PARGP1
SRR19762849	PIM3--SCO2
SRR19762849	RP11-96H19.1--RP11-446N19.1
SRR19762849	USP10--KLHL36
SRR19762849	EIF5A--EIF4A1
SRR19762849	OAZ1--DAZAP1
SRR19762521	ZEB1--HNRNPF
SRR19762521	RP11-1E3.1--RP11-455B3.1
SRR19762521	SIK1--ACTB
SRR19762521	LINC00623--RP11-403I13.8
SRR19762521	RP11-662M24.2--RIMBP2
SRR19762521	RP11-367G6.3--FAM65B
SRR19762521	NRIP1--AF127936.7
SRR19762521	RP11-96H19.1--RP11-446N19.1
SRR19762521	KANSL1--ARL17A
SRR19762521	TIMM23B--PARGP1
SRR19762521	LEPROT--LEPR
SRR19762521	EEF1DP3--FRY
SRR19762521	RP11-155G15.2--RP11-1E3.1
SRR19762521	OAZ1--KLF16
SRR19762521	POLE--ANKLE2
SRR19762521	SLC7A5--SMG1P1
SRR19762521	TIMM23--RP11-574K11.29
SRR19762521	SBNO2--DAZAP1
SRR19762453	ACTB--FSCN1
SRR19762453	POLE--FUS
SRR19762453	YWHAE--CRK
SRR19762453	EDF1--SET
SRR19762453	FNBP1--SET
SRR19762453	ARID4B--HNRNPA2B1
SRR19762453	RP11-367G6.3--FAM65B
SRR19762453	NRIP1--AF127936.7
SRR19762453	RP11-96H19.1--RP11-446N19.1
SRR19762453	KANSL1--ARL17A
SRR19762453	LEPROT--LEPR
SRR19762453	RP11-120D5.1--MID1
SRR19762453	RP11-155G15.2--RP11-1E3.1
SRR19762453	TIMM23--PARGP1
SRR19762453	PARG--BMS1
SRR19762453	C5orf56--RAD50
SRR19762453	TIMM23--RP11-574K11.29
SRR19762453	ACTB--SET
SRR19762685	RP11-33B1.1--PSPH
SRR19762685	RP11-662M24.2--RIMBP2
SRR19762685	RNF126--BSG
SRR19762685	NCL--PTMA
SRR19762685	BOLA2B--RP11-345J4.8
SRR19762685	OAZ1--DOT1L
SRR19762685	HMGN2--ACTB
SRR19762685	ELL--UBA52
SRR19762685	RP11-155G15.2--RP11-1E3.1
SRR19762685	OAZ1--KLF16
SRR19762685	TIMM23--PARGP1
SRR19762685	ACTB--PTMA
SRR19762685	IGKV2-29--AC096579.7
SRR19762685	MIR155HG--JAM2
SRR19762685	YWHAE--B2M
SRR19762685	PIM3--SCO2
SRR19762685	IGLVI-70--IGL@-ext
SRR19762901	RP11-367G6.3--FAM65B
SRR19762901	RP11-96H19.1--RP11-446N19.1
SRR19762901	IPPK--OGN
SRR19762901	OAZ1--DOT1L
SRR19762901	LEPROT--LEPR
SRR19762901	CTSC--RAB38
SRR19762901	TIMM23--PARGP1
SRR19762901	IGKV2-29--AC096579.7
SRR19762901	IGLVI-70--IGL@-ext
SRR19762615	SIK1--ACTB
SRR19762615	RP11-367G6.3--FAM65B
SRR19762615	RP11-96H19.1--RP11-446N19.1
SRR19762615	RP11-381K20.2--KLHL3
SRR19762615	PFKFB3--RP11-563J2.2
SRR19762615	PTBP1--ACTB
SRR19762615	TPM4--ACTB
SRR19762615	LEPROT--LEPR
SRR19762615	OAZ1--LIMD2
SRR19762615	VTI1A--RP11-57H14.3
SRR19762615	OAZ1--ACTB
SRR19762615	TIMM23--PARGP1
SRR19762615	ACTB--PTMA
SRR19762615	ANP32A--PTMA
SRR19762615	TIMM23--RP11-574K11.29
SRR19762615	CFL1--ACTB
SRR19762615	PIM3--SCO2
SRR19762615	EIF4A1--ACTB
SRR19762582	LEPROT--LEPR
SRR19762582	CTSC--RAB38
SRR19762582	IGH@-ext--MT-ATP6
SRR19762582	RNF216--ACTB
SRR19762582	NCOR2--UBC
SRR19762582	IGLVI-70--IGL@-ext
SRR19762582	RP11-367G6.3--FAM65B
SRR19762582	BOLA2B--RP11-347C12.2
SRR19762582	RP6-206I17.1--RP11-403I13.8
SRR19762582	RP13-188A5.1--KLF8
SRR19762582	TIMM23--PARGP1
SRR19762582	SLC7A5--SMG1P1
SRR19762582	ACTB--FSCN1
SRR19762582	RPA3-AS1--GLCCI1
SRR19762582	RP11-96H19.1--RP11-446N19.1
SRR19762582	PFKFB3--RP11-563J2.2
SRR19762582	BSG--PTBP1
SRR19762582	ACTB--PTMA
SRR19762582	OAZ1--DAZAP1
SRR19762877	RP11-33B1.1--PSPH
SRR19762877	OAZ1--SET
SRR19762877	SLC35F2--BIVM
SRR19762877	RP11-367G6.3--FAM65B
SRR19762877	POLR2E--RNF126
SRR19762877	TMEM259--PTBP1
SRR19762877	OAZ1--DOT1L
SRR19762877	RP6-206I17.1--RP11-403I13.8
SRR19762877	LEPROT--LEPR
SRR19762877	RP11-155G15.2--RP11-1E3.1
SRR19762877	TIMM23--PARGP1
SRR19762877	TIMM23--RP11-574K11.29
SRR19762585	HIATL1--RP11-307E17.8
SRR19762585	TPM4--ACTB
SRR19762585	RP11-444D3.1--SOX5
SRR19762585	TIMM23--RP11-574K11.29
SRR19762585	RNF216--ACTB
SRR19762585	SEPT7P2--PSPH
SRR19762585	IGLVI-70--IGL@-ext
SRR19762585	RP11-367G6.3--FAM65B
SRR19762585	RP6-206I17.1--RP11-403I13.8
SRR19762585	TIMM23--PARGP1
SRR19762585	SLC7A5--SMG1P1
SRR19762585	LINC00158--AP000233.4
SRR19762585	RP11-120D5.1--MID1
SRR19762585	USP12--HMGB1
SRR19762585	EZH2--ZNF777
SRR19762585	RP11-96H19.1--RP11-446N19.1
SRR19762585	HLA-S--HLA-A
SRR19762585	ACTB--PTMA
SRR19762585	EIF4A1--EIF5A
SRR19762706	OAZ1--RAC2
SRR19762706	RP11-662M24.2--RIMBP2
SRR19762706	OAZ1--TCF3
SRR19762706	OAZ1--DOT1L
SRR19762706	LEPROT--LEPR
SRR19762706	POLE--ANKLE2
SRR19762706	BSG--PTMA
SRR19762706	IGH-@-ext--PTMA
SRR19762706	ZEB1--HNRNPF
SRR19762706	ZC3H3--EEF1D
SRR19762706	RP11-33B1.1--PSPH
SRR19762706	RP11-367G6.3--FAM65B
SRR19762706	NRIP1--AF127936.7
SRR19762706	BSG--RNF126
SRR19762706	OAZ1--KLF16
SRR19762706	TIMM23--PARGP1
SRR19762706	RP11-1151B14.4--MALT1
SRR19762706	LINC00623--RP11-403I13.8
SRR19762706	RPA3-AS1--GLCCI1
SRR19762681	ACTB--FSCN1
SRR19762681	RP11-1E3.1--RP11-455B3.1
SRR19762681	RP11-662M24.2--RIMBP2
SRR19762681	RP11-206L10.9--PSPH
SRR19762681	RP11-367G6.3--FAM65B
SRR19762681	GUSBP2--GTF2H2
SRR19762681	OAZ1--PTMA
SRR19762681	TIMM23--PARGP1
SRR19762681	ACTB--PTMA
SRR19762681	SLC7A5--SMG1P1
SRR19762681	EIF4A1--EIF5A
SRR19762639	MAFK--MAD1L1
SRR19762639	BOLA2B--RP11-345J4.8
SRR19762639	HMGN2--PTMA
SRR19762639	OAZ1--DOT1L
SRR19762639	PTBP1--PTMA
SRR19762639	LEPROT--LEPR
SRR19762639	POLE--ANKLE2
SRR19762639	TIMM23--RP11-574K11.29
SRR19762639	CYTH1--USP36
SRR19762639	PDS5B--HMGB1
SRR19762639	AKAP8--TPM4
SRR19762639	BCKDHB--RP11-250B2.3
SRR19762639	RP11-155G15.2--RP11-1E3.1
SRR19762639	ITM2C--PTMA
SRR19762639	IGLVI-70--IGL@-ext
SRR19762639	RP11-367G6.3--FAM65B
SRR19762639	IGL-@-ext--RPL8
SRR19762639	RP6-206I17.1--RP11-403I13.8
SRR19762639	OAZ1--KLF16
SRR19762639	TIMM23--PARGP1
SRR19762639	SLC7A5--SMG1P1
SRR19762639	IGH-@-ext--PKM
SRR19762639	IRF4--PTMA
SRR19762639	PFKFB3--RP11-563J2.2
SRR19762639	BSG--PTBP1
SRR19762639	EIF4A1--EIF5A
SRR19762393	STK25--IGH@-ext
SRR19762393	TMCC3--CCDC41
SRR19762393	RP11-367G6.3--FAM65B
SRR19762393	RP11-96H19.1--RP11-446N19.1
SRR19762393	TPM4--KLF2
SRR19762393	PTP4A1--EEF1A1
SRR19762393	PTBP1--TMEM259
SRR19762393	RP6-206I17.1--RP11-403I13.8
SRR19762393	LEPROT--LEPR
SRR19762393	IGL-@-ext--MT-CO1
SRR19762393	OAZ1--KLF16
SRR19762393	TIMM23--PARGP1
SRR19762393	RP11-141M1.3--STARD13
SRR19762393	RNF138--RNF125
SRR19762393	TIMM23--RP11-574K11.29
SRR19762393	EIF4A1--EIF5A
SRR19762393	PIM3--SCO2
SRR19762896	RP11-367G6.3--FAM65B
SRR19762896	RP11-96H19.1--RP11-446N19.1
SRR19762896	LEPROT--LEPR
SRR19762896	FNBP1--PTMA
SRR19762896	FBRSL1--NOC4L
SRR19762896	OAZ1--KLF16
SRR19762896	IGH@-ext--MT-ND2
SRR19762896	TIMM23--PARGP1
SRR19762896	TIMM23--RP11-574K11.29
SRR19762896	MIR155HG--JAM2
SRR19762503	ACTB--FSCN1
SRR19762503	RP11-662M24.2--RIMBP2
SRR19762503	RP11-367G6.3--FAM65B
SRR19762503	RP11-96H19.1--RP11-446N19.1
SRR19762503	KANSL1--ARL17A
SRR19762503	LEPROT--LEPR
SRR19762503	ARHGAP18--SAMD3
SRR19762503	TIMM23--PARGP1
SRR19762185	TIMM23--AGAP6
SRR19762185	BOLA2B--RP11-345J4.8
SRR19762185	RP11-367G6.3--FAM65B
SRR19762185	PFKFB3--RP11-563J2.2
SRR19762185	OAZ1--DOT1L
SRR19762185	LEPROT--LEPR
SRR19762185	SEPT7P2--PSPH
SRR19762185	RP11-155G15.2--RP11-1E3.1
SRR19762185	TIMM23--PARGP1
SRR19762185	TIMM23--RP11-574K11.29
SRR19762794	AC131097.3--AC093642.5
SRR19762794	RP11-367G6.3--FAM65B
SRR19762794	KANSL1--ARL17A
SRR19762794	AC096579.7--IGKV2-18
SRR19762794	AC096579.7--IGKV2-14
SRR19762794	LEPROT--LEPR
SRR19762794	OAZ1--PTMA
SRR19762794	MIR155HG--JAM2
SRR19762794	CLTC--VMP1
SRR19762794	TIMM23--PARGP1
SRR19762794	POLE--ANKLE2
SRR19762794	TIMM23--RP11-574K11.29
SRR19762794	EIF4A1--EIF5A
SRR19762794	EIF4A1--PTMA
SRR19762794	IGLVI-70--IGL@-ext
SRR19762222	ZEB1--WAC
SRR19762222	RP11-1E3.1--RP11-455B3.1
SRR19762222	RP11-662M24.2--RIMBP2
SRR19762222	RP11-367G6.3--FAM65B
SRR19762222	RP11-96H19.1--RP11-446N19.1
SRR19762222	LEPROT--LEPR
SRR19762222	OAZ1--PTMA
SRR19762222	RP11-745L13.2--RPL7AP28
SRR19762222	CTSC--RAB38
SRR19762222	RP11-155G15.2--RP11-1E3.1
SRR19762222	TIMM23--PARGP1
SRR19762222	CLTC--VMP1
SRR19762222	OAZ1--KLF16
SRR19762222	IGH-@-ext--EEF1A1P5
SRR19762222	TIMM23--RP11-574K11.29
SRR19762222	EIF4A1--EIF5A
SRR19762222	B3GNT2--EHBP1
SRR19762222	EIF4A1--ACTB
SRR19762215	TRIM60--AKAP13
SRR19762215	RP11-367G6.3--FAM65B
SRR19762215	PFKFB3--RP11-563J2.2
SRR19762215	POM121C--ZP3
SRR19762215	LEPROT--LEPR
SRR19762215	AC096579.7--IGKV2-14
SRR19762215	RP11-155G15.2--RP11-1E3.1
SRR19762215	CTSC--RAB38
SRR19762215	NCOR2--UBC
SRR19762215	TIMM23--PARGP1
SRR19762215	TIMM23--RP11-574K11.29
SRR19762215	OAZ1--DAZAP1
SRR19762215	CYTH1--USP36
SRR19762230	C1ORF220--RP5-1098D14.1
SRR19762230	THEMIS2--IGH@-ext
SRR19762230	LEPROT--LEPR
SRR19762230	OAZ1--PTMA
SRR19762230	TUBGCP6--TRABD
SRR19762230	TIMM23--RP11-574K11.29
SRR19762230	IGH-@-ext--MT-ATP8
SRR19762230	IGH-@-ext--PTMA
SRR19762230	IGH@-ext--MT-ATP6
SRR19762230	B2M--IGH@-ext
SRR19762230	MOB3A--IGH@-ext
SRR19762230	IGH-@-ext--PFN1
SRR19762230	IGH-@-ext--HLA-B
SRR19762230	RP11-367G6.3--FAM65B
SRR19762230	COTL1--KLHL36
SRR19762230	KANSL1--ARL17A
SRR19762230	PFKL--SUMO3
SRR19762230	RP6-206I17.1--RP11-403I13.8
SRR19762230	TIMM23--PARGP1
SRR19762230	IGH-@-ext--MT-RNR2
SRR19762230	B2M--IRF4
SRR19762230	RP11-96H19.1--RP11-446N19.1
SRR19762230	USP10--KLHL36
SRR19762230	IGH-@-ext--NCL
SRR19762230	IGH-@-ext--NFKBIA
SRR19762230	EIF4A1--EIF5A
SRR19762216	RP11-662M24.2--RIMBP2
SRR19762216	LEPROT--LEPR
SRR19762216	IGL-@-ext--MT-CO1
SRR19762216	HIC2--PI4KA
SRR19762216	TIMM23--RP11-574K11.29
SRR19762216	RP11-1E3.1--RP11-455B3.1
SRR19762216	SEPT7P2--PSPH
SRR19762216	B2M--IGH@-ext
SRR19762216	DDX5--IGH@-ext
SRR19762216	ZC3H3--EEF1D
SRR19762216	RP11-367G6.3--FAM65B
SRR19762216	BOLA2B--RP11-347C12.2
SRR19762216	NRIP1--AF127936.7
SRR19762216	RP6-206I17.1--RP11-403I13.8
SRR19762216	OAZ1--KLF16
SRR19762216	TIMM23--PARGP1
SRR19762216	ZEB1--IGH@-ext
SRR19762216	IGH-@-ext--MT-RNR2
SRR19762216	RPA3-AS1--GLCCI1
SRR19762216	RP11-96H19.1--RP11-446N19.1
SRR19762216	PFKFB3--RP11-563J2.2
SRR19762216	IGL-@-ext--MT-RNR2
SRR19762216	IGH-@-ext--MT-ATP6
SRR19762432	ACTB--FSCN1
SRR19762432	RP11-662M24.2--RIMBP2
SRR19762432	RP11-367G6.3--FAM65B
SRR19762432	SEPT7P2--PSPH
SRR19762432	OAZ1--ACTB
SRR19762432	HLA-S--HLA-A
SRR19762432	TIMM23--PARGP1
SRR19762432	ACTB--PTMA
SRR19762432	POLE--ANKLE2
SRR19762432	CTC-786C10.1--RP11-680G10.1
SRR19762432	TIMM23--RP11-574K11.29
SRR19762720	ZEB1--BMI1
SRR19762720	LEPROT--LEPR
SRR19762720	OAZ1--ATP6V0C
SRR19762720	OAZ1--PTBP1
SRR19762720	TIMM23--RP11-574K11.29
SRR19762720	ZEB1--HNRNPF
SRR19762720	ZEB1--WAC
SRR19762720	TIMM23--AGAP6
SRR19762720	TRIM60--AKAP13
SRR19762720	SRSF1--DDX5
SRR19762720	ZC3H3--EEF1D
SRR19762720	MVD--PTMA
SRR19762720	MKLN1-AS1--DDX5
SRR19762720	DDX5--MAT2A
SRR19762720	RP11-367G6.3--FAM65B
SRR19762720	LRRC8B--LRRC8C
SRR19762720	CNN2--PTMA
SRR19762720	DAZAP1--KLF16
SRR19762720	FUS--PTMA
SRR19762720	BSG--RNF126
SRR19762720	OAZ1--KLF16
SRR19762720	TIMM23--PARGP1
SRR19762720	VTI1A--RP11-57H14.3
SRR19762720	RP11-120D5.1--MID1
SRR19762720	IGL-@-ext--HSP90B1
SRR19762720	RPA3-AS1--GLCCI1
SRR19762720	PFKFB3--RP11-563J2.2
SRR19762720	EIF4A1--EIF5A
SRR19762720	EIF4A1--PTMA
SRR19762243	KANSL1--ARL17B
SRR19762243	RP11-662M24.2--RIMBP2
SRR19762243	LEPROT--LEPR
SRR19762243	NCOR2--UBC
SRR19762243	TIMM23--PARGP1
SRR19762286	RP11-1E3.1--RP11-455B3.1
SRR19762286	LINC00623--RP11-403I13.8
SRR19762286	RP11-662M24.2--RIMBP2
SRR19762286	TRIM60--AKAP13
SRR19762286	RP11-367G6.3--FAM65B
SRR19762286	YAF2--RYBP
SRR19762286	NRIP1--AF127936.7
SRR19762286	KANSL1--ARL17A
SRR19762286	DDX5--EEF1A1
SRR19762286	RP11-381K20.2--KLHL3
SRR19762286	LEPROT--LEPR
SRR19762286	CARKD--ING1
SRR19762286	RP11-155G15.2--RP11-1E3.1
SRR19762286	OAZ1--KLF16
SRR19762286	TIMM23--PARGP1
SRR19762286	IGLVI-70--IGL@-ext
SRR19762272	OAZ1--DOT1L
SRR19762272	TPM4--PTMA
SRR19762272	LEPROT--LEPR
SRR19762272	RP11-444D3.1--SOX5
SRR19762272	TIMM23--RP11-574K11.29
SRR19762272	SIK1--ACTB
SRR19762272	TRIM60--AKAP13
SRR19762272	ITM2C--PTMA
SRR19762272	KANSL1--ARL17B
SRR19762272	RP11-367G6.3--FAM65B
SRR19762272	BOLA2B--RP11-347C12.2
SRR19762272	TIMM23B--PARGP1
SRR19762272	DAZAP1--KLF16
SRR19762272	BSG--RNF126
SRR19762272	NUTM2A-AS1--MINPP1
SRR19762272	PIM3--SCO2
SRR19762272	EIF4A1--ACTB
SRR19762272	LINC00623--RP11-403I13.8
SRR19762272	IDH3G--PDZD4
SRR19762272	RP11-96H19.1--RP11-446N19.1
SRR19762272	PFKFB3--RP11-563J2.2
SRR19762272	OAZ1--ACTB
SRR19762272	ACTB--PTMA
SRR19762272	EIF4A1--EIF5A
SRR19762272	OAZ1--DAZAP1
SRR19762409	RP11-367G6.3--FAM65B
SRR19762409	RP11-96H19.1--RP11-446N19.1
SRR19762409	KANSL1--ARL17A
SRR19762409	LEPROT--LEPR
SRR19762409	OAZ1--KLF16
SRR19762409	POLE--ANKLE2
SRR19762409	TIMM23--PARGP1
SRR19762730	RNF216--ACTB
SRR19762730	RP11-662M24.2--RIMBP2
SRR19762730	USP12--HMGB1
SRR19762730	RP11-367G6.3--FAM65B
SRR19762730	IGH-@-ext--ACTB
SRR19762730	ACTB--EIF4A1
SRR19762730	OAZ1--DOT1L
SRR19762730	LEPROT--LEPR
SRR19762730	OAZ1--PTMA
SRR19762730	RP11-155G15.2--RP11-1E3.1
SRR19762730	OAZ1--KLF16
SRR19762730	BCKDHB--RP11-250B2.3
SRR19762730	TIMM23--PARGP1
SRR19762730	ACTB--PTMA
SRR19762730	POLE--ANKLE2
SRR19762874	RP11-662M24.2--RIMBP2
SRR19762874	RP11-367G6.3--FAM65B
SRR19762874	TIMM23B--PARGP1
SRR19762874	PFKFB3--RP11-563J2.2
SRR19762874	LEPROT--LEPR
SRR19762874	EEF1DP3--FRY
SRR19762874	RP11-155G15.2--RP11-1E3.1
SRR19762874	IGL-@-ext--EEF1A1
SRR19762580	RPA3-AS1--GLCCI1
SRR19762580	RP11-367G6.3--FAM65B
SRR19762580	SRSF1--DDX5
SRR19762580	RP11-96H19.1--RP11-446N19.1
SRR19762580	PFKFB3--RP11-563J2.2
SRR19762580	PABPC1--CD70
SRR19762580	TIMM23--PARGP1
SRR19762580	PARG--BMS1
SRR19762580	PTMA--HNRNPAB
SRR19762580	IGH-@-ext--PTMA
SRR19762580	VTI1A--RP11-57H14.3
SRR19762282	ACTB--IRF4
SRR19762282	CTSC--RAB38
SRR19762282	CBX3--ACTB
SRR19762282	TIMM23--RP11-574K11.29
SRR19762282	PTBP1--PALM
SRR19762282	IKBKG--HMGB3
SRR19762282	PTMA--ACTB
SRR19762282	ZEB1--WAC
SRR19762282	RNF216--ACTB
SRR19762282	SRSF1--DDX5
SRR19762282	NCOR2--UBC
SRR19762282	IGKV2-29--AC096579.7
SRR19762282	IGH-@-ext--HLA-B
SRR19762282	DDX5--ACTB
SRR19762282	RP11-367G6.3--FAM65B
SRR19762282	OAZ1--WBP1
SRR19762282	BSG--RNF126
SRR19762282	OAZ1--KLF16
SRR19762282	TIMM23--PARGP1
SRR19762282	SLC16A3--METRNL
SRR19762282	PIM3--SCO2
SRR19762282	EIF4A1--ACTB
SRR19762282	ACTB--FSCN1
SRR19762282	FASN--ACTB
SRR19762282	IRF4--PTMA
SRR19762282	PFKFB3--RP11-563J2.2
SRR19762282	OAZ1--RNF126
SRR19762282	OAZ1--ACTB
SRR19762282	N4BP2L1--HMGB1
SRR19762282	ACTB--PTMA
SRR19762282	YWHAZ--KLF10
SRR19762470	LINC00623--RP11-403I13.8
SRR19762470	FUS--ACTB
SRR19762470	RP11-367G6.3--FAM65B
SRR19762470	OAZ1--DOT1L
SRR19762470	LEPROT--LEPR
SRR19762470	GAS6--IGH@-ext
SRR19762470	TIMM23--PARGP1
SRR19762470	MACC1--AC005062.2
SRR19762660	DDX5--IRF4
SRR19762660	USP12--HMGB1
SRR19762660	NCL--PTMA
SRR19762660	TMCC3--CCDC41
SRR19762660	RP11-367G6.3--FAM65B
SRR19762660	IRF4--PTMA
SRR19762660	RP11-96H19.1--RP11-446N19.1
SRR19762660	PFKFB3--RP11-563J2.2
SRR19762660	LEPROT--LEPR
SRR19762660	IGH@-ext--DENND1C
SRR19762660	EEF1DP3--FRY
SRR19762660	CXCR4--EIF4A1
SRR19762660	AC096579.7--IGKV2-14
SRR19762660	NCOR2--UBC
SRR19762660	TIMM23--PARGP1
SRR19762660	OAZ1--PTMA
SRR19762660	TIMM23--RP11-574K11.29
SRR19762768	LEPROT--LEPR
SRR19762768	BSG--SCO2
SRR19762768	DDX5--SET
SRR19762768	TIMM23--RP11-574K11.29
SRR19762768	TRIM60--AKAP13
SRR19762768	TPM4--KLF2
SRR19762768	MAFK--ACTB
SRR19762768	ITM2C--PTMA
SRR19762768	STK25--IGH@-ext
SRR19762768	RP11-367G6.3--FAM65B
SRR19762768	FAM60A--DENND5B
SRR19762768	KANSL1--ARL17A
SRR19762768	TIMM23--PARGP1
SRR19762768	RP11-96H19.1--RP11-446N19.1
SRR19762768	PFKFB3--RP11-563J2.2
SRR19762768	POM121C--ZP3
SRR19762768	IGKV2-26--AC096579.7
SRR19762768	ACTB--PTMA
SRR19762768	RCC1--KLK1
SRR19762768	CTD-2544L4.1--TBC1D7
SRR19762292	LINC00623--RP11-403I13.8
SRR19762292	PRKCH--RP11-47I22.3
SRR19762292	RP11-367G6.3--FAM65B
SRR19762292	ITM2C--PTMA
SRR19762292	NRIP1--AF127936.7
SRR19762292	PFKFB3--RP11-563J2.2
SRR19762292	USP12--ACTB
SRR19762292	TPM4--ACTB
SRR19762292	LEPROT--LEPR
SRR19762292	OAZ1--PTMA
SRR19762292	PTP4A1--EEF1A1P5
SRR19762292	OAZ1--ACTB
SRR19762292	TIMM23--PARGP1
SRR19762292	IGH-@-ext--MT-RNR2
SRR19762292	MIR155HG--JAM2
SRR19762292	EIF4A1--ACTB
SRR19762306	OAZ1--DOT1L
SRR19762306	OAZ1--DDX5
SRR19762306	LEPROT--LEPR
SRR19762306	OAZ1--PTBP1
SRR19762306	OAZ1--PTMA
SRR19762306	C5orf56--RAD50
SRR19762306	RP11-1E3.1--RP11-455B3.1
SRR19762306	SBNO2--PTBP1
SRR19762306	SRSF1--DDX5
SRR19762306	EEF1DP3--FRY
SRR19762306	RP11-155G15.2--RP11-1E3.1
SRR19762306	RP11-367G6.3--FAM65B
SRR19762306	RP6-206I17.1--RP11-403I13.8
SRR19762306	OAZ1--KLF16
SRR19762306	TIMM23--PARGP1
SRR19762306	DDX5--EIF4A1
SRR19762306	RP11-1151B14.4--MALT1
SRR19762306	RPA3-AS1--GLCCI1
SRR19762306	RP11-96H19.1--RP11-446N19.1
SRR19762501	USP12--HMGB1
SRR19762501	EIF4A1--EIF5A
SRR19762501	TIMM23--PARGP1
SRR19762501	LEPROT--LEPR
SRR19762538	IGH-@-ext--MT-CO3
SRR19762538	RP11-662M24.2--RIMBP2
SRR19762538	RP11-367G6.3--FAM65B
SRR19762538	TIMM23B--PARGP1
SRR19762538	PFKFB3--RP11-563J2.2
SRR19762538	LEPROT--LEPR
SRR19762538	SEPT7P2--PSPH
SRR19762538	IGL-@-ext--EEF1A1
SRR19762538	RP11-14D22.2--PRICKLE2
SRR19762538	IGLVI-70--IGL@-ext
SRR19762731	RP11-367G6.3--FAM65B
SRR19762731	ACTB--DDX5
SRR19762731	TIMM23--PARGP1
SRR19762731	LEPROT--LEPR
SRR19762535	RP11-367G6.3--FAM65B
SRR19762535	SRSF1--DDX5
SRR19762535	RP11-380O24.1--SRGAP3
SRR19762535	LEPROT--LEPR
SRR19762535	CTSC--RAB38
SRR19762535	OAZ1--KLF16
SRR19762535	TIMM23--PARGP1
SRR19762535	TIMM23--RP11-574K11.29
SRR19762702	RP11-367G6.3--FAM65B
SRR19762702	TIMM23B--PARGP1
SRR19762702	LEPROT--LEPR
SRR19762702	IGH-@-ext--MT-RNR2
SRR19762702	NUTM2A-AS1--MINPP1
SRR19762702	IGLVI-70--IGL@-ext
SRR19762853	RP11-33B1.1--PSPH
SRR19762853	IGH@-ext--MT-ATP6
SRR19762853	C1ORF220--RP5-1098D14.1
SRR19762853	IGH-@-ext--RN7SL109P
SRR19762853	RP11-96H19.1--RP11-446N19.1
SRR19762853	IGH@-ext--MT-ND1
SRR19762853	RP11-367G6.3--FAM65B
SRR19762853	BOLA2B--RP11-347C12.2
SRR19762853	LEPROT--LEPR
SRR19762853	IGH-@-ext--MT-ND4
SRR19762853	MT-ND6--IGH@-ext
SRR19762853	IGH@-ext--MT-ND2
SRR19762853	TIMM23--PARGP1
SRR19762853	IGH@-ext--IGL@-ext
SRR19762853	C15orf57--CBX3
SRR19762853	POLE--ANKLE2
SRR19762853	IGH-@-ext--IGL@-ext
SRR19762853	MACC1--AC005062.2
SRR19762630	POLE--FUS
SRR19762630	ACTB--MFSD10
SRR19762630	BOLA2B--RP11-345J4.8
SRR19762630	RP11-367G6.3--FAM65B
SRR19762630	LEPROT--LEPR
SRR19762630	RP11-155G15.2--RP11-1E3.1
SRR19762630	TIMM23--PARGP1
SRR19762630	POLE--ANKLE2
SRR19762630	ACTB--PTMA
SRR19762630	RP11-316P17.2--RP5-1050E16.2
SRR19762630	TIMM23--RP11-574K11.29
SRR19762630	EIF4A1--EIF5A
SRR19762837	FNBP1--SET
SRR19762837	RP11-662M24.2--RIMBP2
SRR19762837	HMGN2--PTMA
SRR19762837	OAZ1--DOT1L
SRR19762837	LEPROT--LEPR
SRR19762837	TIMM23--RP11-574K11.29
SRR19762837	PPARGC1B--NR3C1
SRR19762837	SBNO2--ARID3A
SRR19762837	IGLVI-70--IGL@-ext
SRR19762837	AC131097.3--AC093642.5
SRR19762837	RP11-367G6.3--FAM65B
SRR19762837	KANSL1--ARL17A
SRR19762837	OAZ1--KLF16
SRR19762837	TIMM23--PARGP1
SRR19762837	SLC7A5--SMG1P1
SRR19762837	RPA3-AS1--GLCCI1
SRR19762837	RP11-96H19.1--RP11-446N19.1
SRR19762837	OAZ1--RNF126
SRR19762837	EIF4A1--EIF5A
SRR19762540	TRIM60--AKAP13
SRR19762540	RP11-367G6.3--FAM65B
SRR19762540	SRSF1--DDX5
SRR19762540	PFKFB3--RP11-563J2.2
SRR19762540	RP6-206I17.1--RP11-403I13.8
SRR19762540	OAZ1--DOT1L
SRR19762540	LEPROT--LEPR
SRR19762540	SEPT7P2--PSPH
SRR19762540	RP11-155G15.2--RP11-1E3.1
SRR19762540	OAZ1--KLF16
SRR19762540	OAZ1--PTMA
SRR19762540	TIMM23--PARGP1
SRR19762540	EIF4A1--EIF5A
SRR19762540	EDF1--PTMA
SRR19762430	RP11-367G6.3--FAM65B
SRR19762430	LEPROT--LEPR
SRR19762430	SEPT7P2--PSPH
SRR19762430	TIMM23--PARGP1
SRR19762430	C15orf57--CBX3
SRR19762430	OAZ1--DAZAP1
SRR19762494	RPA3-AS1--GLCCI1
SRR19762494	TRIM60--AKAP13
SRR19762494	RP11-367G6.3--FAM65B
SRR19762494	NRIP1--AF127936.7
SRR19762494	RP11-96H19.1--RP11-446N19.1
SRR19762494	KANSL1--ARL17A
SRR19762494	PFKFB3--RP11-563J2.2
SRR19762494	CFL1--SF1
SRR19762494	SRSF1--DDX5
SRR19762494	LEPROT--LEPR
SRR19762494	PTP4A1--EEF1A1
SRR19762494	RP11-155G15.2--RP11-1E3.1
SRR19762494	NCOR2--UBC
SRR19762494	TIMM23--PARGP1
SRR19762494	ZBTB2--MTHFD1L
SRR19762494	POLE--ANKLE2
SRR19762494	TIMM23--RP11-574K11.29
SRR19762910	IGH@-ext--MT-ATP6
SRR19762910	LINC00623--RP11-403I13.8
SRR19762910	RP11-1023L17.1--GTF2H2
SRR19762910	POLE--PGAM5
SRR19762910	RP11-367G6.3--FAM65B
SRR19762910	RP11-96H19.1--RP11-446N19.1
SRR19762910	NRIP1--AF127936.7
SRR19762910	TIMM23B--PARGP1
SRR19762910	LEPROT--LEPR
SRR19762910	OAZ1--KLF16
SRR19762910	IGH-@-ext--RPL5
SRR19762910	TIMM23--RP11-574K11.29
SRR19762910	IGH-@-ext--PTMA
SRR19762356	RPA3-AS1--GLCCI1
SRR19762356	IGH-@-ext--ACTB
SRR19762356	BOLA2B--RP11-345J4.8
SRR19762356	RP11-367G6.3--FAM65B
SRR19762356	KANSL1--ARL17A
SRR19762356	IGH-@-ext--RPLP0
SRR19762356	RP11-96H19.1--RP11-446N19.1
SRR19762356	LEPROT--LEPR
SRR19762356	IGH-@-ext--MALAT1
SRR19762356	TIMM23--PARGP1
SRR19762356	RP11-14D22.2--PRICKLE2
SRR19762356	IGH-@-ext--EEF1A1
SRR19762699	IGH@-ext--MT-ATP6
SRR19762699	IGH@-ext--MT-CO3
SRR19762699	IGH-@-ext--MTATP6P1
SRR19762699	RP11-367G6.3--FAM65B
SRR19762699	RP11-96H19.1--RP11-446N19.1
SRR19762699	PDXK--SUMO3
SRR19762699	LEPROT--LEPR
SRR19762699	IGH-@-ext--MT-ND4
SRR19762699	BSG--RNF126
SRR19762699	IGH-@-ext--AC096579.7
SRR19762699	POLE--ANKLE2
SRR19762699	TIMM23--PARGP1
SRR19762699	C15orf57--CBX3
SRR19762699	IGH@-ext--MT-ATP8
SRR19762699	IGH@-ext--MT-ND4L
SRR19762231	IGH-@-ext--ACTB
SRR19762231	RP11-96H19.1--RP11-446N19.1
SRR19762231	RP11-367G6.3--FAM65B
SRR19762231	KANSL1--ARL17A
SRR19762231	LEPROT--LEPR
SRR19762231	TIMM23--PARGP1
SRR19762231	ACTB--PTMA
SRR19762231	IGKV2-29--AC096579.7
SRR19762429	OAZ1--RAC2
SRR19762429	YWHAE--CRK
SRR19762429	RP11-367G6.3--FAM65B
SRR19762429	PFKFB3--RP11-563J2.2
SRR19762429	MAFK--ACTB
SRR19762429	LEPROT--LEPR
SRR19762429	OAZ1--PTMA
SRR19762429	TIMM23--PARGP1
SRR19762429	RP11-206L10.1--SEPT14
SRR19762429	TIMM23--RP11-574K11.29
SRR19762894	RPA3-AS1--GLCCI1
SRR19762894	RP11-367G6.3--FAM65B
SRR19762894	RP11-381K20.2--KLHL3
SRR19762894	KANSL1--ARL17A
SRR19762894	PFKFB3--RP11-563J2.2
SRR19762894	LEPROT--LEPR
SRR19762894	SEPT7P2--PSPH
SRR19762894	RP11-155G15.2--RP11-1E3.1
SRR19762894	TIMM23--PARGP1
SRR19762280	MAFK--MAD1L1
SRR19762280	PLCXD1--IGH@-ext
SRR19762280	ACTB--LIMD2
SRR19762280	C1ORF220--RP5-1098D14.1
SRR19762280	OAZ1--DOT1L
SRR19762280	LEPROT--LEPR
SRR19762280	POLE--ANKLE2
SRR19762280	MACC1--AC005062.2
SRR19762280	ZEB1--HNRNPF
SRR19762280	IGH-@-ext--RP11-528A4.3
SRR19762280	TPM4--KLF2
SRR19762280	BSG--RNF126
SRR19762280	OAZ1--KLF16
SRR19762280	ACTB--MAFK
SRR19762280	TIMM23--PARGP1
SRR19762280	POLE--FUS
SRR19762280	USP12--HMGB1
SRR19762280	LINC00623--RP11-403I13.8
SRR19762280	RP11-96H19.1--RP11-446N19.1
SRR19762280	FUS--SETD1A
SRR19762280	IGH-@-ext--MT-ND4
SRR19762280	N4BP2L1--HMGB1
SRR19762280	EIF4A1--EIF5A
SRR19762248	KANSL1--ARL17B
SRR19762248	SIK1--ACTB
SRR19762248	TRIM60--AKAP13
SRR19762248	RP11-367G6.3--FAM65B
SRR19762248	TIMM23B--PARGP1
SRR19762248	PFKFB3--RP11-563J2.2
SRR19762248	RP11-316P17.2--RP5-1050E16.2
SRR19762248	ACTB--PTMA
SRR19762780	TRIM60--AKAP13
SRR19762780	USP22--RN7SL2
SRR19762780	ZNF292--SYNCRIP
SRR19762780	RP11-367G6.3--FAM65B
SRR19762780	IGH-@-ext--SKI
SRR19762780	NRIP1--AF127936.7
SRR19762780	MAFK--ACTB
SRR19762780	USP10--KLHL36
SRR19762780	LEPROT--LEPR
SRR19762780	OAZ1--PTBP1
SRR19762780	OAZ1--KLF16
SRR19762780	TIMM23--PARGP1
SRR19762780	GGNBP2--MYO19
SRR19762780	MBP--PQLC1
SRR19762780	RP11-444D3.1--SOX5
SRR19762780	EIF4A1--EIF5A
SRR19762384	IGH@-ext--RHOH
SRR19762384	RAB2A--KCNS2
SRR19762384	BOLA2B--RP11-345J4.8
SRR19762384	LEPROT--LEPR
SRR19762384	MAFF--CSNK1E
SRR19762384	TIMM23--RP11-574K11.29
SRR19762384	IGH-@-ext--PTMA
SRR19762384	PTMA--ACTB
SRR19762384	IGL-@-ext--FLOT2
SRR19762384	MACC1--AC005062.2
SRR19762384	IGLVI-70--IGL@-ext
SRR19762384	ADAP1--C7orf50
SRR19762384	RP11-367G6.3--FAM65B
SRR19762384	RHOH--IGH@-ext
SRR19762384	EIF4A1--SET
SRR19762384	RP6-206I17.1--RP11-403I13.8
SRR19762384	OAZ1--KLF16
SRR19762384	TIMM23--PARGP1
SRR19762384	TULP4--RP11-732M18.3
SRR19762384	OAZ1--RNF126
SRR19762384	ACTB--PTMA
SRR19762384	EIF4A1--EIF5A
SRR19762321	RP11-662M24.2--RIMBP2
SRR19762321	HMGN2--PTMA
SRR19762321	OAZ1--DOT1L
SRR19762321	LEPROT--LEPR
SRR19762321	PTBP1--RNF126
SRR19762321	TIMM23--RP11-574K11.29
SRR19762321	CHSY1--RP11-505E24.2
SRR19762321	SRSF1--DDX5
SRR19762321	RP11-155G15.2--RP11-1E3.1
SRR19762321	ANKRD27--CTDP1
SRR19762321	ZEB1--RBBP6
SRR19762321	RP11-367G6.3--FAM65B
SRR19762321	BOLA2B--RP11-347C12.2
SRR19762321	TMEM63B--VEGFA
SRR19762321	TIMM23--PARGP1
SRR19762321	USP9X--DDHD1
SRR19762321	ACTB--FSCN1
SRR19762321	POLE--FUS
SRR19762321	RP11-96H19.1--RP11-446N19.1
SRR19762321	PFKFB3--RP11-563J2.2
SRR19762321	BSG--PTBP1
SRR19762321	ACTB--PTMA
SRR19762472	OAZ1--TCF3
SRR19762472	CSNK1G2--KLF16
SRR19762472	NOC4L--FBRSL1
SRR19762472	LEPROT--LEPR
SRR19762472	CTSC--RAB38
SRR19762472	SBNO2--DAZAP1
SRR19762472	MIR17HG--HMGB1
SRR19762472	TRIM60--AKAP13
SRR19762472	SRSF1--DDX5
SRR19762472	RP11-367G6.3--FAM65B
SRR19762472	BOLA2B--RP11-347C12.2
SRR19762472	NRIP1--AF127936.7
SRR19762472	FNBP1--PTMA
SRR19762472	BSG--RNF126
SRR19762472	TIMM23--PARGP1
SRR19762472	DAZAP1--TCF3
SRR19762472	POLE--FUS
SRR19762472	RP11-96H19.1--RP11-446N19.1
SRR19762472	PFKFB3--RP11-563J2.2
SRR19762472	HLA-S--HLA-A
SRR19762472	PTMA--IRF4
SRR19762319	FNBP1--SET
SRR19762319	RP11-662M24.2--RIMBP2
SRR19762319	BOLA2B--RP11-345J4.8
SRR19762319	NRIP1--AF127936.7
SRR19762319	EDF1--RABL6
SRR19762319	KANSL1--ARL17A
SRR19762319	RP11-367G6.3--FAM65B
SRR19762319	EIF4A1--DDX5
SRR19762319	PFKFB3--RP11-563J2.2
SRR19762319	LEPROT--LEPR
SRR19762319	NCOR2--UBC
SRR19762319	TIMM23--PARGP1
SRR19762319	ACTB--PTMA
SRR19762319	GATAD1--IGH@-ext
SRR19762319	NUTM2A-AS1--MINPP1
SRR19762319	MBP--NFATC1
SRR19762287	RP11-662M24.2--RIMBP2
SRR19762287	OAZ1--DOT1L
SRR19762287	POLE--ANKLE2
SRR19762287	C5orf56--RAD50
SRR19762287	RP11-444D3.1--SOX5
SRR19762287	TIMM23--RP11-574K11.29
SRR19762287	TRIM60--AKAP13
SRR19762287	SBNO1--SETD8
SRR19762287	SBNO2--RNF126
SRR19762287	SRSF1--DDX5
SRR19762287	C22orf34--BRD1
SRR19762287	RP11-367G6.3--FAM65B
SRR19762287	RP6-206I17.1--RP11-403I13.8
SRR19762287	CFL1--SF1
SRR19762287	OAZ1--KLF16
SRR19762287	TIMM23--PARGP1
SRR19762287	IGL-@-ext--MAGIX
SRR19762287	SPTAN1--SET
SRR19762287	PFKFB3--RP11-563J2.2
SRR19762287	N4BP2L1--HMGB1
SRR19762287	EIF4A1--EIF5A
SRR19762180	LEPROT--LEPR
SRR19762180	CTSC--RAB38
SRR19762180	RP11-444D3.1--SOX5
SRR19762180	TIMM23--RP11-574K11.29
SRR19762180	CFL1--ACTB
SRR19762180	MACC1--AC005062.2
SRR19762180	SIK1--ACTB
SRR19762180	RNF216--ACTB
SRR19762180	SBNO1--SETD8
SRR19762180	RP11-155G15.2--RP11-1E3.1
SRR19762180	FUS--CCNG2
SRR19762180	RCC1--SRP9
SRR19762180	RP11-367G6.3--FAM65B
SRR19762180	DDX5--PTMA
SRR19762180	OAZ1--KLF16
SRR19762180	TIMM23--PARGP1
SRR19762180	ACTB--FSCN1
SRR19762180	PFKFB3--RP11-563J2.2
SRR19762180	EIF4A1--EIF5A
SRR19762892	RNF216--ACTB
SRR19762892	RPA3-AS1--GLCCI1
SRR19762892	PRKCH--RP11-47I22.3
SRR19762892	RP11-367G6.3--FAM65B
SRR19762892	RP11-96H19.1--RP11-446N19.1
SRR19762892	NRIP1--AF127936.7
SRR19762892	FUS--SETD1A
SRR19762892	OAZ1--KLF16
SRR19762892	NCOR2--UBC
SRR19762892	TIMM23--PARGP1
SRR19762892	MIR142--IGH@-ext
SRR19762892	IGH-@-ext--RPL10
SRR19762892	EIF4A1--EIF5A
SRR19762892	VTI1A--RP11-57H14.3
SRR19762197	LEPROT--LEPR
SRR19762197	TIMM23--RP11-574K11.29
SRR19762197	IGH-@-ext--RPS14
SRR19762197	SRSF1--DDX5
SRR19762197	TPM4--KLF2
SRR19762197	IGH-@-ext--RPS9
SRR19762197	RP11-155G15.2--RP11-1E3.1
SRR19762197	ITM2C--PTMA
SRR19762197	IGH-@-ext--PFN1
SRR19762197	IGLVI-70--IGL@-ext
SRR19762197	RP11-367G6.3--FAM65B
SRR19762197	RP6-206I17.1--RP11-403I13.8
SRR19762197	IGH-@-ext--AC096579.7
SRR19762197	TIMM23--PARGP1
SRR19762197	IGL-@-ext--AC096579.7
SRR19762197	IGL-@-ext--EEF1A1
SRR19762197	BSG--PTBP1
SRR19762197	EIF4A1--EIF5A
SRR19762197	CLIP2--IGH@-ext
SRR19762530	RP11-662M24.2--RIMBP2
SRR19762530	LEPROT--LEPR
SRR19762530	POLE--ANKLE2
SRR19762530	TIMM23--RP11-574K11.29
SRR19762530	TIMM23--AGAP6
SRR19762530	RP11-1E3.1--RP11-455B3.1
SRR19762530	TRIM60--AKAP13
SRR19762530	PRKCH--RP11-47I22.3
SRR19762530	RP11-155G15.2--RP11-1E3.1
SRR19762530	NCOR2--UBC
SRR19762530	CFL1--PTMA
SRR19762530	KANSL1--ARL17B
SRR19762530	RP11-367G6.3--FAM65B
SRR19762530	OAZ1--KLF16
SRR19762530	TIMM23--PARGP1
SRR19762530	VTI1A--RP11-57H14.3
SRR19762530	POLE--FUS
SRR19762530	LINC00623--RP11-403I13.8
SRR19762530	PFKFB3--RP11-563J2.2
SRR19762530	ACTB--PTMA
SRR19762530	OAZ1--DAZAP1
SRR19762530	EIF4A1--PTMA
SRR19762530	CTD-2544L4.1--TBC1D7
SRR19762705	PTCHD2--IGL@-ext
SRR19762705	RP11-662M24.2--RIMBP2
SRR19762705	RP11-367G6.3--FAM65B
SRR19762705	SRSF1--DDX5
SRR19762705	PFKFB3--RP11-563J2.2
SRR19762705	LEPROT--LEPR
SRR19762705	BCKDHB--RP11-250B2.3
SRR19762705	RP11-155G15.2--RP11-1E3.1
SRR19762705	BSG--RNF126
SRR19762705	OAZ1--PTMA
SRR19762705	TIMM23--PARGP1
SRR19762705	NCOR2--UBC
SRR19762705	OAZ1--KLF16
SRR19762705	PTBP1--RNF126
SRR19762705	TIMM23--RP11-574K11.29
SRR19762705	PIM3--SCO2
SRR19762705	IGLVI-70--IGL@-ext
SRR19762375	USP12--HMGB1
SRR19762375	RPA3-AS1--GLCCI1
SRR19762375	RP11-367G6.3--FAM65B
SRR19762375	BOLA2B--RP11-347C12.2
SRR19762375	RP11-96H19.1--RP11-446N19.1
SRR19762375	PTP4A1--EEF1A1
SRR19762375	PFKFB3--RP11-563J2.2
SRR19762375	OAZ1--DOT1L
SRR19762375	LEPROT--LEPR
SRR19762375	SEPT7P2--PSPH
SRR19762375	TIMM23--PARGP1
SRR19762375	MIR155HG--JAM2
SRR19762173	B2M--GNAS
SRR19762173	RPA3-AS1--GLCCI1
SRR19762173	RP11-367G6.3--FAM65B
SRR19762173	GUSBP2--GTF2H2
SRR19762173	RPL23AP53--SEPT14
SRR19762173	RP11-96H19.1--RP11-446N19.1
SRR19762173	NRIP1--AF127936.7
SRR19762173	OAZ1--DOT1L
SRR19762173	LEPROT--LEPR
SRR19762173	HNRNPH1--HNRNPAB
SRR19762173	OAZ1--KLF16
SRR19762173	LCORL--SLC16A3
SRR19762173	TIMM23--PARGP1
SRR19762173	C5orf56--RAD50
SRR19762173	B2M--IRF4
SRR19762173	EIF4A1--EIF5A
SRR19762173	SOCS5--AC016722.2
SRR19762170	NCL--PTMA
SRR19762170	RCC1--FOCAD
SRR19762170	ACTB--PPP1R12C
SRR19762170	OAZ1--DOT1L
SRR19762170	LEPROT--LEPR
SRR19762170	OAZ1--PTMA
SRR19762170	POLE--ANKLE2
SRR19762170	WASH5P--AJ271736.10
SRR19762170	IL6ST--NIF3L1
SRR19762170	SIK1--ACTB
SRR19762170	RNF216--ACTB
SRR19762170	SEMA4D--RNF216P1
SRR19762170	FASN--ACTG1
SRR19762170	PTMA--EIF4A1
SRR19762170	C7orf50--PTMA
SRR19762170	PLXNB2--SCO2
SRR19762170	PCED1A--PTMA
SRR19762170	IGLVI-70--IGL@-ext
SRR19762170	ZEB1--IRF4
SRR19762170	IGH-@-ext--HLA-B
SRR19762170	DVL3--PCBP3
SRR19762170	ACTB--CIRBP
SRR19762170	RP11-367G6.3--FAM65B
SRR19762170	NRIP1--AF127936.7
SRR19762170	PTMA--HMGB1
SRR19762170	FNBP1--PTMA
SRR19762170	OAZ1--KLF16
SRR19762170	TIMM23--PARGP1
SRR19762170	DDX5--EIF4A1
SRR19762170	EIF4A1--ACTB
SRR19762170	ACTB--FSCN1
SRR19762170	PFKFB3--RP11-563J2.2
SRR19762170	LRCH4--IRF4
SRR19762170	IRF4--EEF1A1
SRR19762170	WDR6--PTMA
SRR19762170	ACTB--PTMA
SRR19762170	RNF126--PTMA
SRR19762170	CTD-2544L4.1--TBC1D7
SRR19762787	KANSL1--ARL17B
SRR19762787	IGH-@-ext--HLA-B
SRR19762787	IGL-@-ext--B2M
SRR19762787	RP11-367G6.3--FAM65B
SRR19762787	RP11-96H19.1--RP11-446N19.1
SRR19762787	BOLA2B--RP11-347C12.2
SRR19762787	SLC5A3--AP000318.2
SRR19762787	RP6-206I17.1--RP11-403I13.8
SRR19762787	MAFK--ACTB
SRR19762787	OAZ1--KLF16
SRR19762787	TIMM23--PARGP1
SRR19762787	TIMM23--RP11-574K11.29
SRR19762787	EIF4A1--EIF5A
SRR19762787	EIF4A1--ACTB
SRR19762755	LEPROT--LEPR
SRR19762755	OAZ1--PTBP1
SRR19762755	OAZ1--SCO2
SRR19762755	IGKV1D-27--AC096579.7
SRR19762755	MACC1--AC005062.2
SRR19762755	SIK1--ACTB
SRR19762755	TRIM60--AKAP13
SRR19762755	YWHAE--SF1
SRR19762755	RP11-155G15.2--RP11-1E3.1
SRR19762755	RP11-367G6.3--FAM65B
SRR19762755	NRIP1--AF127936.7
SRR19762755	TIMM23--PARGP1
SRR19762755	MBP--PQLC1
SRR19762755	ACTB--FSCN1
SRR19762755	OAZ1--IRF4
SRR19762755	PFKFB3--RP11-563J2.2
SRR19762755	OAZ1--ACTB
SRR19762755	OAZ1--CSNK1G2
SRR19762755	OAZ1--DAZAP1
SRR19762671	PLCXD1--IGH@-ext
SRR19762671	RPA3-AS1--GLCCI1
SRR19762671	RP11-367G6.3--FAM65B
SRR19762671	PFKFB3--RP11-563J2.2
SRR19762671	BCKDHB--RP11-250B2.3
SRR19762671	TIMM23--PARGP1
SRR19762671	ACTB--PTMA
SRR19762671	IGLVI-70--IGL@-ext
SRR19762854	FNBP1--SET
SRR19762854	LEPROT--LEPR
SRR19762854	C5orf56--RAD50
SRR19762854	TIMM23--AGAP6
SRR19762854	PTP4A1--EEF1A1
SRR19762854	RP11-155G15.2--RP11-1E3.1
SRR19762854	B2M--SET
SRR19762854	NCOR2--UBC
SRR19762854	IGKV2-29--AC096579.7
SRR19762854	SYNCRIP--EEF1A1
SRR19762854	RP11-367G6.3--FAM65B
SRR19762854	NRIP1--AF127936.7
SRR19762854	FAM60A--DENND5B
SRR19762854	CPSF6--AC013394.2
SRR19762854	BSG--RNF126
SRR19762854	OAZ1--KLF16
SRR19762854	TIMM23--PARGP1
SRR19762854	RPA3-AS1--GLCCI1
SRR19762854	PFKFB3--RP11-563J2.2
SRR19762854	HLA-S--HLA-A
SRR19762854	OAZ1--DAZAP1
SRR19762854	YWHAZ--KLF10
SRR19762322	IGH@-ext--MT-ATP6
SRR19762322	RP11-367G6.3--FAM65B
SRR19762322	RP11-96H19.1--RP11-446N19.1
SRR19762322	RP6-206I17.1--RP11-403I13.8
SRR19762322	LEPROT--LEPR
SRR19762322	BCKDHB--RP11-250B2.3
SRR19762322	RP11-426C22.5--SNX29P2
SRR19762322	RP11-155G15.2--RP11-1E3.1
SRR19762322	IGH@-ext--MT-ND4
SRR19762322	TIMM23--PARGP1
SRR19762322	POLE--ANKLE2
SRR19762322	C15orf57--CBX3
SRR19762322	TIMM23--RP11-574K11.29
SRR19762322	MACC1--AC005062.2
SRR19762617	BOLA2B--RP11-345J4.8
SRR19762617	OAZ1--DOT1L
SRR19762617	OAZ1--PTMA
SRR19762617	RCC1--IGH@-ext
SRR19762617	MACC1--AC005062.2
SRR19762617	TRIM60--AKAP13
SRR19762617	SRSF1--DDX5
SRR19762617	OAZ1--SGTA
SRR19762617	NCOR2--UBC
SRR19762617	IGLVI-70--IGL@-ext
SRR19762617	RP11-367G6.3--FAM65B
SRR19762617	NRIP1--AF127936.7
SRR19762617	BSG--RNF126
SRR19762617	TIMM23--PARGP1
SRR19762617	SOCS5--AC016722.2
SRR19762617	OGFR--ADRM1
SRR19762617	LINC00623--RP11-403I13.8
SRR19762617	RP11-96H19.1--RP11-446N19.1
SRR19762617	IRF4--PTMA
SRR19762617	SNHG3--IGH@-ext
SRR19762617	USP10--KLHL36
SRR19762617	GLTSCR2--DHX34
SRR19762617	BSG--PTBP1
SRR19762617	EEF1A1--HSP90AB1
SRR19762617	HLA-S--HLA-A
SRR19762617	EIF4A1--EIF5A
SRR19762293	ACTB--FSCN1
SRR19762293	OAZ1--TCF3
SRR19762293	RP11-367G6.3--FAM65B
SRR19762293	NRIP1--AF127936.7
SRR19762293	KANSL1--ARL17A
SRR19762293	PFKFB3--RP11-563J2.2
SRR19762293	RP6-206I17.1--RP11-403I13.8
SRR19762293	RP11-155G15.2--RP11-1E3.1
SRR19762293	BSG--RNF126
SRR19762293	TIMM23--PARGP1
SRR19762410	KANSL1--ARL17B
SRR19762410	SIK1--ACTB
SRR19762410	RNF216--ACTB
SRR19762410	RP11-367G6.3--FAM65B
SRR19762410	RP11-96H19.1--RP11-446N19.1
SRR19762410	PFKFB3--RP11-563J2.2
SRR19762410	RP6-206I17.1--RP11-403I13.8
SRR19762410	LEPROT--LEPR
SRR19762410	NCBP1--TMOD1
SRR19762410	TIMM23--PARGP1
SRR19762410	ACTB--PTMA
SRR19762169	RAB2A--KCNS2
SRR19762169	LINC00623--RP11-403I13.8
SRR19762169	RP11-367G6.3--FAM65B
SRR19762169	RP11-96H19.1--RP11-446N19.1
SRR19762169	PFKFB3--RP11-563J2.2
SRR19762169	MAFK--ACTB
SRR19762169	LEPROT--LEPR
SRR19762169	EEF1DP3--FRY
SRR19762169	ATP5O--WBP11
SRR19762169	TIMM23--PARGP1
SRR19762169	TIMM23--RP11-574K11.29
SRR19762169	EIF4A1--EIF5A
SRR19762169	SIK1--UBE2I
SRR19762169	PIM3--SCO2
SRR19762508	IGLVI-70--IGL@-ext
SRR19762508	RP11-367G6.3--FAM65B
SRR19762508	RP11-96H19.1--RP11-446N19.1
SRR19762508	NRIP1--AF127936.7
SRR19762508	KANSL1--ARL17A
SRR19762508	IGH-@-ext--RPLP0
SRR19762508	RP6-206I17.1--RP11-403I13.8
SRR19762508	LEPROT--LEPR
SRR19762508	CTSC--RAB38
SRR19762508	TIMM23--PARGP1
SRR19762508	POLE--ANKLE2
SRR19762508	TIMM23--RP11-574K11.29
SRR19762508	NUTM2A-AS1--MINPP1
SRR19762508	IGH-@-ext--PTMA
SRR19762508	MACC1--AC005062.2
SRR19762515	HMGN2--PTMA
SRR19762515	LEPROT--LEPR
SRR19762515	RP11-444D3.1--SOX5
SRR19762515	TIMM23--RP11-574K11.29
SRR19762515	MACC1--AC005062.2
SRR19762515	SIK1--ACTB
SRR19762515	SRSF1--DDX5
SRR19762515	EIF4A1--DDX5
SRR19762515	USP22--RN7SL5P
SRR19762515	KANSL1--ARL17B
SRR19762515	BOLA2B--RP11-347C12.2
SRR19762515	NRIP1--AF127936.7
SRR19762515	OAZ1--KLF16
SRR19762515	TIMM23--PARGP1
SRR19762515	SLC7A5--SMG1P1
SRR19762515	PIM3--SCO2
SRR19762515	LINC00623--RP11-403I13.8
SRR19762515	GLTSCR2--DHX34
SRR19762515	OAZ1--DAZAP1
SRR19762249	ACTB--FSCN1
SRR19762249	ACTB--PAXIP1-AS1
SRR19762249	C1ORF220--RP5-1098D14.1
SRR19762249	RP11-367G6.3--FAM65B
SRR19762249	RP11-96H19.1--RP11-446N19.1
SRR19762249	SRSF1--DDX5
SRR19762249	KANSL1--ARL17A
SRR19762249	PFKFB3--RP11-563J2.2
SRR19762249	BEST1--HNRNPA0
SRR19762249	LEPROT--LEPR
SRR19762249	SEPT7P2--PSPH
SRR19762249	BSG--PTBP1
SRR19762249	RP11-155G15.2--RP11-1E3.1
SRR19762249	TIMM23--PARGP1
SRR19762249	C15orf57--CBX3
SRR19762249	C5orf56--RAD50
SRR19762249	TIMM23--RP11-574K11.29
SRR19762249	ACTB--SET
SRR19762238	RP11-33B1.1--PSPH
SRR19762238	KANSL1--ARL17B
SRR19762238	FNBP1--SET
SRR19762238	RPA3-AS1--GLCCI1
SRR19762238	RP11-367G6.3--FAM65B
SRR19762238	BOLA2B--RP11-347C12.2
SRR19762238	PFKFB3--RP11-563J2.2
SRR19762238	LEPROT--LEPR
SRR19762238	BSG--RNF126
SRR19762238	POLE--ANKLE2
SRR19762238	TIMM23--PARGP1
SRR19762238	RNF126--PTBP1
SRR19762238	IGH-@-ext--MT-ATP6
SRR19762557	AC007879.5--AC007879.2
SRR19762557	IGL-@-ext--RPS16
SRR19762557	OAZ1--PTMA
SRR19762557	POLE--ANKLE2
SRR19762557	MACC1--AC005062.2
SRR19762557	CAPN15--UBE2I
SRR19762557	EIF4A1--DDX5
SRR19762557	NCOR2--UBC
SRR19762557	MIR4435-1HG--AC083899.3
SRR19762557	KANSL1--ARL17B
SRR19762557	RP11-367G6.3--FAM65B
SRR19762557	RP6-206I17.1--RP11-403I13.8
SRR19762557	OAZ1--KLF16
SRR19762557	TIMM23--PARGP1
SRR19762557	B2M--IRF4
SRR19762557	IGH@-ext--MT-ND4
SRR19762557	RP11-96H19.1--RP11-446N19.1
SRR19762557	PFKFB3--RP11-563J2.2
SRR19762557	FUS--SETD1A
SRR19762557	IGH-@-ext--MT-ND4
SRR19762557	EIF4A1--EIF5A
SRR19762557	EIF4A1--PTMA
SRR19762836	ACTB--FSCN1
SRR19762836	YWHAE--CRK
SRR19762836	OAZ1--TCF3
SRR19762836	RP11-367G6.3--FAM65B
SRR19762836	RP11-96H19.1--RP11-446N19.1
SRR19762836	DDX5--EEF1A1
SRR19762836	OAZ1--DOT1L
SRR19762836	RP6-206I17.1--RP11-403I13.8
SRR19762836	MAFK--ACTB
SRR19762836	NCOR2--UBC
SRR19762836	TIMM23--PARGP1
SRR19762836	ACTB--PTMA
SRR19762836	IGH-@-ext--PTMA
SRR19762836	IGLVI-70--IGL@-ext
SRR19762747	RPA3-AS1--GLCCI1
SRR19762747	RP11-367G6.3--FAM65B
SRR19762747	RP11-439L18.2--HIVEP2
SRR19762747	PFKFB3--RP11-563J2.2
SRR19762747	LEPROT--LEPR
SRR19762747	OAZ1--RPS15
SRR19762747	TIMM23--PARGP1
SRR19762747	C15orf57--CBX3
SRR19762747	PTBP1--RNF126
SRR19762747	TIMM23--RP11-574K11.29
SRR19762747	RP11-640M9.1--RP11-403I13.8
SRR19762747	PIM3--SCO2
SRR19762751	IGH-@-ext--LDHB
SRR19762751	IGH-@-ext--NEAT1
SRR19762751	C1ORF220--RP5-1098D14.1
SRR19762751	LEPROT--LEPR
SRR19762751	IGH-@-ext--TMSB4X
SRR19762751	CTSC--RAB38
SRR19762751	RP11-96P7.1--CTD-2336H13.2
SRR19762751	IGH-@-ext--POU2AF1
SRR19762751	GUK1--ARF1
SRR19762751	IGL-@-ext--HSP90AB1
SRR19762751	IGH-@-ext--PTMA
SRR19762751	ZEB1--HNRNPF
SRR19762751	IGH@-ext--MT-ATP6
SRR19762751	NAIP--OCLN
SRR19762751	ITM2C--PTMA
SRR19762751	IGH-@-ext--RPS3
SRR19762751	IGLVI-70--IGL@-ext
SRR19762751	RP11-367G6.3--FAM65B
SRR19762751	OAZ1--KLF16
SRR19762751	TIMM23--PARGP1
SRR19762751	IGH@-ext--MT-ATP8
SRR19762751	VTI1A--RP11-57H14.3
SRR19762751	IGL-@-ext--HSP90B1
SRR19762751	LINC00623--RP11-403I13.8
SRR19762751	RPA3-AS1--GLCCI1
SRR19762751	RP11-96H19.1--RP11-446N19.1
SRR19762751	IGH-@-ext--TPT1
SRR19762751	RP11-81H14.2--MDM1
SRR19762751	SUZ12P--CRLF3
SRR19762652	RP11-1E3.1--RP11-455B3.1
SRR19762652	RP11-662M24.2--RIMBP2
SRR19762652	CMC2--RP11-314O13.1
SRR19762652	RP11-367G6.3--FAM65B
SRR19762652	RP11-96H19.1--RP11-446N19.1
SRR19762652	PFKFB3--RP11-563J2.2
SRR19762652	RP11-380O24.1--SRGAP3
SRR19762652	LEPROT--LEPR
SRR19762652	RP11-155G15.2--RP11-1E3.1
SRR19762652	TIMM23--PARGP1
SRR19762652	POLE--ANKLE2
SRR19762652	TIMM23--RP11-574K11.29
SRR19762652	RP11-14D22.2--PRICKLE2
SRR19762795	BOLA2B--RP11-345J4.8
SRR19762795	LEPROT--LEPR
SRR19762795	RP11-444D3.1--SOX5
SRR19762795	TIMM23--RP11-574K11.29
SRR19762795	YWHAE--CRK
SRR19762795	HMGN2--ACTB
SRR19762795	RP11-155G15.2--RP11-1E3.1
SRR19762795	IGLVI-70--IGL@-ext
SRR19762795	RP11-367G6.3--FAM65B
SRR19762795	NRIP1--AF127936.7
SRR19762795	OAZ1--IRF2BP2
SRR19762795	FNBP1--PTMA
SRR19762795	TIMM23--PARGP1
SRR19762795	LINC00623--RP11-403I13.8
SRR19762795	EIF4A1--PTMA
SRR19762795	USP10--KLHL36
SRR19762795	G3BP2--CCNG2
SRR19762795	EIF4A1--EIF5A
SRR19762795	PPP6R2--SCO2
SRR19762764	BOP1--PTMA
SRR19762764	B2M--AC013394.2
SRR19762764	OAZ1--PTMA
SRR19762764	PTBP1--RNF126
SRR19762764	GUK1--ARF1
SRR19762764	TIMM23--RP11-574K11.29
SRR19762764	TRIM60--AKAP13
SRR19762764	SRSF1--DDX5
SRR19762764	OAZ1--SGTA
SRR19762764	SEPT7P2--PSPH
SRR19762764	RP11-155G15.2--RP11-1E3.1
SRR19762764	CFL1--FOSL1
SRR19762764	IGLVI-70--IGL@-ext
SRR19762764	IGH-@-ext--RYR1
SRR19762764	RP11-367G6.3--FAM65B
SRR19762764	OAZ1--KLF16
SRR19762764	TIMM23--PARGP1
SRR19762764	RPS10--NUDT3
SRR19762764	RP11-96H19.1--RP11-446N19.1
SRR19762764	PFKFB3--RP11-563J2.2
SRR19762764	EDF1--PTMA
SRR19762550	RP11-662M24.2--RIMBP2
SRR19762550	RP11-367G6.3--FAM65B
SRR19762550	RP11-96H19.1--RP11-446N19.1
SRR19762550	BOLA2B--RP11-345J4.8
SRR19762550	OAZ1--DOT1L
SRR19762550	LEPROT--LEPR
SRR19762550	SEPT7P2--PSPH
SRR19762550	TIMM23--PARGP1
SRR19762550	NUTM2A-AS1--MINPP1
SRR19762252	USP12--HMGB1
SRR19762252	TRIM60--AKAP13
SRR19762252	RP11-367G6.3--FAM65B
SRR19762252	KANSL1--ARL17A
SRR19762252	PFKFB3--RP11-563J2.2
SRR19762252	RP6-206I17.1--RP11-403I13.8
SRR19762252	USP10--KLHL36
SRR19762252	LEPROT--LEPR
SRR19762252	IRF4--PTP4A1
SRR19762252	CUL7--IGH@-ext
SRR19762252	TIMM23--PARGP1
SRR19762252	IGH-@-ext--MT-RNR2
SRR19762252	VTI1A--RP11-57H14.3
SRR19762252	RP11-444D3.1--SOX5
SRR19762252	TIMM23--RP11-574K11.29
SRR19762252	EIF4A1--EIF5A
SRR19762831	LSP1--CD81
SRR19762831	BOLA2B--RP11-345J4.8
SRR19762831	RP11-367G6.3--FAM65B
SRR19762831	PFKFB3--RP11-563J2.2
SRR19762831	UPF3A--CDC16
SRR19762831	FASN--ACTG1
SRR19762831	LEPROT--LEPR
SRR19762831	TMEM63B--VEGFA
SRR19762831	RP11-155G15.2--RP11-1E3.1
SRR19762831	OAZ1--KLF16
SRR19762831	N4BP2L1--HMGB1
SRR19762831	TIMM23--PARGP1
SRR19762831	HLA-S--HLA-A
SRR19762831	VTI1A--RP11-57H14.3
SRR19762831	PIM3--SCO2
SRR19762332	FNBP1--SET
SRR19762332	RP11-662M24.2--RIMBP2
SRR19762332	RNF126--BSG
SRR19762332	LEPROT--LEPR
SRR19762332	HIC2--PI4KA
SRR19762332	IGH-@-ext--PTMA
SRR19762332	RP11-155G15.2--RP11-1E3.1
SRR19762332	MIR155HG--JAM2
SRR19762332	RP11-367G6.3--FAM65B
SRR19762332	NRIP1--AF127936.7
SRR19762332	OAZ1--ZBTB7A
SRR19762332	OAZ1--KLF16
SRR19762332	TIMM23--PARGP1
SRR19762332	RPA3-AS1--GLCCI1
SRR19762332	OAZ1--IRF4
SRR19762332	PFKFB3--RP11-563J2.2
SRR19762332	TTYH3--PSMA7
SRR19762332	OAZ1--EEF1A1
SRR19762332	YWHAE--SET
SRR19762839	IGH@-ext--MT-ATP6
SRR19762839	DDX5--IRF4
SRR19762839	ZEB1--BMI1
SRR19762839	CTD-2012K14.6--FAM65A
SRR19762839	RP11-367G6.3--FAM65B
SRR19762839	SRSF1--DDX5
SRR19762839	RP11-353N4.6--RP11-403I13.8
SRR19762839	OAZ1--DOT1L
SRR19762839	LEPROT--LEPR
SRR19762839	FUS--SETD1A
SRR19762839	OAZ1--KLF16
SRR19762839	IGH-@-ext--MT-CO1
SRR19762839	HLA-S--HLA-A
SRR19762839	TIMM23--PARGP1
SRR19762839	RPS10--NUDT3
SRR19762839	IGKV1D-27--AC096579.7
SRR19762839	IRF4--DUSP22
SRR19762839	SOCS5--AC016722.2
SRR19762435	KPNA2--DHX40
SRR19762435	RP11-367G6.3--FAM65B
SRR19762435	PFKFB3--RP11-563J2.2
SRR19762435	PTP4A1--EEF1A1P5
SRR19762435	POLE--ANKLE2
SRR19762435	TIMM23--PARGP1
SRR19762435	HLA-S--HLA-A
SRR19762435	TIMM23--RP11-574K11.29
SRR19762435	EIF4A1--EIF5A
SRR19762903	ANP32E--PLEKHO1
SRR19762903	IGH-@-ext--MT-CO3
SRR19762903	RP11-662M24.2--RIMBP2
SRR19762903	RP11-367G6.3--FAM65B
SRR19762903	RP11-96H19.1--RP11-446N19.1
SRR19762903	ASMTL--P2RY8
SRR19762903	NSF--LRRC37A3
SRR19762903	TPM4--KLF2
SRR19762903	RP6-206I17.1--RP11-403I13.8
SRR19762903	LEPROT--LEPR
SRR19762903	IGH-@-ext--MT-ND4
SRR19762903	IGH-@-ext--MT-CO1
SRR19762903	TIMM23--PARGP1
SRR19762903	IGH@-ext--MT-ATP8
SRR19762903	IGL-@-ext--IGH@-ext
SRR19762903	IGL-@-ext--RPL13A
SRR19762903	IGL-@-ext--FLOT2
SRR19762903	IGH-@-ext--IGL@-ext
SRR19762673	RP11-662M24.2--RIMBP2
SRR19762673	RP11-353N4.6--RP11-403I13.8
SRR19762673	LEPROT--LEPR
SRR19762673	CTSC--RAB38
SRR19762673	AKAP13--AC013394.2
SRR19762673	TIMM23--RP11-574K11.29
SRR19762673	YWHAE--CRK
SRR19762673	RP11-155G15.2--RP11-1E3.1
SRR19762673	CTC-786C10.1--RP11-680G10.1
SRR19762673	MIR155HG--JAM2
SRR19762673	SS18L1--ADRM1
SRR19762673	SIN3A--C15orf39
SRR19762673	RP11-367G6.3--FAM65B
SRR19762673	FUS--PTMA
SRR19762673	PTP4A1--EEF1A1P5
SRR19762673	OAZ1--KLF16
SRR19762673	TIMM23--PARGP1
SRR19762673	SLC7A5--SMG1P1
SRR19762673	RPA3-AS1--GLCCI1
SRR19762673	EIF4A1--EIF5A
SRR19762606	RP11-367G6.3--FAM65B
SRR19762606	BOLA2B--RP11-345J4.8
SRR19762606	KANSL1--ARL17A
SRR19762606	RP6-206I17.1--RP11-403I13.8
SRR19762606	LEPROT--LEPR
SRR19762606	BCKDHB--RP11-250B2.3
SRR19762606	OAZ1--CSNK1G2
SRR19762606	NCOR2--UBC
SRR19762606	POLE--ANKLE2
SRR19762606	TIMM23--PARGP1
SRR19762606	IGKV2-29--AC096579.7
SRR19762606	ACTB--PTMA
SRR19762606	RP11-120D5.1--MID1
SRR19762606	PIM3--SCO2
SRR19762276	ACTB--FSCN1
SRR19762276	RP11-662M24.2--RIMBP2
SRR19762276	ACTB--SIK1
SRR19762276	OAZ1--DOT1L
SRR19762276	LEPROT--LEPR
SRR19762276	USP10--KLHL36
SRR19762276	HOOK3--HGSNAT
SRR19762276	TIMM23--PARGP1
SRR19762276	C7orf50--CCNG2
SRR19762276	IGKV2-29--AC096579.7
SRR19762276	SLC38A10--ASPSCR1
SRR19762276	PIM3--SCO2
SRR19762276	IGLVI-70--IGL@-ext
SRR19762441	LRRC8B--LRRC8C
SRR19762441	PFKFB3--RP11-563J2.2
SRR19762441	EIF4A1--EIF5A
SRR19762441	SEPT7P2--PSPH
SRR19762441	MT-ND6--RPL9
SRR19762441	TIMM23--PARGP1
SRR19762441	ACTB--PTMA
SRR19762441	VTI1A--RP11-57H14.3
SRR19762441	NUTM2A-AS1--MINPP1
SRR19762434	RP11-367G6.3--FAM65B
SRR19762434	BOLA2B--RP11-345J4.8
SRR19762434	RP11-96H19.1--RP11-446N19.1
SRR19762434	LEPROT--LEPR
SRR19762434	TIMM23--PARGP1
SRR19762434	PARG--BMS1
SRR19762434	IGKV2-29--AC096579.7
SRR19762601	USP12--HMGB1
SRR19762601	RP11-662M24.2--RIMBP2
SRR19762601	RP11-367G6.3--FAM65B
SRR19762601	RP11-96H19.1--RP11-446N19.1
SRR19762601	SRSF1--DDX5
SRR19762601	PTP4A1--EEF1A1
SRR19762601	PFKFB3--RP11-563J2.2
SRR19762601	LEPROT--LEPR
SRR19762601	OAZ1--KLF16
SRR19762601	TIMM23--PARGP1
SRR19762601	RAF1--TMEM40
SRR19762858	NOC4L--FBRSL1
SRR19762858	HNRNPH1--DDX5
SRR19762858	LEPROT--LEPR
SRR19762858	CTSC--RAB38
SRR19762858	B2M--DDX5
SRR19762858	MACC1--AC005062.2
SRR19762858	TIMM23--AGAP6
SRR19762858	SRSF1--DDX5
SRR19762858	TUBGCP5--HSPA5
SRR19762858	RP11-155G15.2--RP11-1E3.1
SRR19762858	NCOR2--UBC
SRR19762858	FASN--SCO2
SRR19762858	RP11-367G6.3--FAM65B
SRR19762858	RP6-206I17.1--RP11-403I13.8
SRR19762858	BSG--RNF126
SRR19762858	OAZ1--KLF16
SRR19762858	ITGB2--SUMO3
SRR19762858	TIMM23--PARGP1
SRR19762858	IGH-@-ext--MT-RNR2
SRR19762858	B2M--IRF4
SRR19762858	RP11-120D5.1--MID1
SRR19762858	SOCS5--AC016722.2
SRR19762858	CTNNA1--MATR3
SRR19762858	RP11-96H19.1--RP11-446N19.1
SRR19762858	PFKFB3--RP11-563J2.2
SRR19762858	USP10--KLHL36
SRR19762858	N4BP2L1--HMGB1
SRR19762858	YWHAZ--KLF10
SRR19762778	CAPN15--TMEM8A
SRR19762778	RP11-367G6.3--FAM65B
SRR19762778	SRSF1--DDX5
SRR19762778	OAZ1--DOT1L
SRR19762778	RP6-206I17.1--RP11-403I13.8
SRR19762778	MAFK--ACTB
SRR19762778	LEPROT--LEPR
SRR19762778	OAZ1--PTMA
SRR19762778	OAZ1--KLF16
SRR19762778	TIMM23--PARGP1
SRR19762778	POLE--ANKLE2
SRR19762778	OAZ1--LMNB2
SRR19762778	TIMM23--RP11-574K11.29
SRR19762778	OAZ1--DAZAP1
SRR19762697	TIMM23--AGAP6
SRR19762697	RP11-367G6.3--FAM65B
SRR19762697	RP11-96H19.1--RP11-446N19.1
SRR19762697	EDF1--RABL6
SRR19762697	LEPROT--LEPR
SRR19762697	RP11-155G15.2--RP11-1E3.1
SRR19762697	TIMM23--PARGP1
SRR19762697	TIMM23B--RP11-574K11.29
SRR19762697	RP11-120D5.1--MID1
SRR19762385	ZEB1--WAC
SRR19762385	USP12--HMGB1
SRR19762385	RP11-367G6.3--FAM65B
SRR19762385	RP11-96H19.1--RP11-446N19.1
SRR19762385	NRIP1--AF127936.7
SRR19762385	PTP4A1--EEF1A1
SRR19762385	PFKFB3--RP11-563J2.2
SRR19762385	RP6-206I17.1--RP11-403I13.8
SRR19762385	BOLA2B--RP11-347C12.2
SRR19762385	RPP25--IGH-@-ext
SRR19762385	LEPROT--LEPR
SRR19762385	BSG--RNF126
SRR19762385	TIMM23--PARGP1
SRR19762385	POLE--ANKLE2
SRR19762385	IGKV2-29--AC096579.7
SRR19762385	TIMM23--RP11-574K11.29
SRR19762459	LINC00623--RP11-403I13.8
SRR19762459	LEPROT--LEPR
SRR19762459	SEPT7P2--PSPH
SRR19762459	TIMM23--PARGP1
SRR19762459	NUTM2A-AS1--MINPP1
SRR19762623	RP11-662M24.2--RIMBP2
SRR19762623	RP11-367G6.3--FAM65B
SRR19762623	PFKFB3--RP11-563J2.2
SRR19762623	OAZ1--KLF16
SRR19762623	TIMM23--PARGP1
SRR19762623	TIMM23--RP11-574K11.29
SRR19762623	CMIP--ACSL1
SRR19762623	IGLVI-70--IGL@-ext
SRR19762715	RPA3-AS1--GLCCI1
SRR19762715	RP11-367G6.3--FAM65B
SRR19762715	PFKFB3--RP11-563J2.2
SRR19762715	LEPROT--LEPR
SRR19762715	TIMM23--PARGP1
SRR19762715	VTI1A--RP11-57H14.3
SRR19762715	IGL-@-ext--PRAMENP
SRR19762715	IGLVI-70--IGL@-ext
SRR19762267	RNF216--ACTB
SRR19762267	RP11-367G6.3--FAM65B
SRR19762267	BOLA2B--RP11-345J4.8
SRR19762267	LEPROT--LEPR
SRR19762267	EEF1DP3--FRY
SRR19762267	OAZ1--KLF16
SRR19762267	SAV1--GYPE
SRR19762267	TIMM23--PARGP1
SRR19762267	C15orf57--CBX3
SRR19762267	NUTM2A-AS1--MINPP1
SRR19762534	PLCXD1--IGH@-ext
SRR19762534	RP11-1023L17.1--C1QTNF3
SRR19762534	RP11-367G6.3--FAM65B
SRR19762534	BOLA2B--RP11-345J4.8
SRR19762534	NRIP1--AF127936.7
SRR19762534	LEPROT--LEPR
SRR19762534	NCOR2--UBC
SRR19762534	TIMM23--PARGP1
SRR19762534	POLE--ANKLE2
SRR19762534	SLC7A5--SMG1P1
SRR19762534	TIMM23--RP11-574K11.29
SRR19762357	OAZ1--TCF3
SRR19762357	OAZ1--DOT1L
SRR19762357	LEPROT--LEPR
SRR19762357	DDX5--SET
SRR19762357	TIMM23--AGAP6
SRR19762357	RNF216--ACTB
SRR19762357	TPM4--KLF2
SRR19762357	EIF4A1--DDX5
SRR19762357	YWHAE--PITPNA
SRR19762357	NCOR2--UBC
SRR19762357	MIR155HG--JAM2
SRR19762357	RP11-1023L17.1--C1QTNF3
SRR19762357	RP11-367G6.3--FAM65B
SRR19762357	RP6-206I17.1--RP11-403I13.8
SRR19762357	OAZ1--KLF16
SRR19762357	TIMM23--PARGP1
SRR19762357	RPS10--NUDT3
SRR19762357	EIF4A1--ACTB
SRR19762357	RPA3-AS1--GLCCI1
SRR19762357	PFKFB3--RP11-563J2.2
SRR19762357	USP10--KLHL36
SRR19762357	BSG--PTBP1
SRR19762357	EIF4A1--EIF5A
SRR19762357	OAZ1--DAZAP1
SRR19762799	ZEB1--HNRNPF
SRR19762799	RP11-367G6.3--FAM65B
SRR19762799	BOLA2B--RP11-347C12.2
SRR19762799	SRSF1--DDX5
SRR19762799	AC096579.7--IGKV2-4
SRR19762799	PFKFB3--RP11-563J2.2
SRR19762799	NRIP1--AF127936.7
SRR19762799	CTD-2384A14.1--RP11-148E17.1
SRR19762799	LEPROT--LEPR
SRR19762799	EEF1DP3--FRY
SRR19762799	RP11-155G15.2--RP11-1E3.1
SRR19762799	NCOR2--UBC
SRR19762799	TIMM23--PARGP1
SRR19762799	C15orf57--CBX3
SRR19762799	RPS10--NUDT3
SRR19762354	RP11-33B1.1--PSPH
SRR19762354	IGH@-ext--MT-ATP6
SRR19762354	RP11-367G6.3--FAM65B
SRR19762354	SRSF1--DDX5
SRR19762354	NRIP1--AF127936.7
SRR19762354	PFKFB3--RP11-563J2.2
SRR19762354	RP6-206I17.1--RP11-403I13.8
SRR19762354	LEPROT--LEPR
SRR19762354	IGL-@-ext--MT-CO1
SRR19762354	YWHAE--PITPNA
SRR19762354	RP11-155G15.2--RP11-1E3.1
SRR19762354	NCOR2--UBC
SRR19762354	TIMM23--PARGP1
SRR19762354	C15orf57--CBX3
SRR19762354	POLE--ANKLE2
SRR19762354	TIMM23--RP11-574K11.29
SRR19762354	MACC1--AC005062.2
SRR19762862	RP11-662M24.2--RIMBP2
SRR19762862	TRIM60--AKAP13
SRR19762862	BOLA2B--RP11-345J4.8
SRR19762862	RP11-367G6.3--FAM65B
SRR19762862	ACTB--EIF4A1
SRR19762862	HMGN2--PTMA
SRR19762862	PFKFB3--RP11-563J2.2
SRR19762862	PTMA--SET
SRR19762862	HIC1--PTMAP5
SRR19762862	OAZ1--PTMA
SRR19762862	OAZ1--KLF16
SRR19762862	SNX29P2--FBXO7
SRR19762862	TIMM23--PARGP1
SRR19762862	POLE--ANKLE2
SRR19762862	ACTB--PTMA
SRR19762862	ZC3H3--EEF1D
SRR19762862	TIMM23--RP11-574K11.29
SRR19762862	SDF4--FAM132A
SRR19762812	RP11-367G6.3--FAM65B
SRR19762812	OAZ1--DOT1L
SRR19762812	RP6-206I17.1--RP11-403I13.8
SRR19762812	B2M--AC013394.2
SRR19762812	OAZ1--PTMA
SRR19762812	OAZ1--RPS15
SRR19762812	OAZ1--PTBP1
SRR19762812	TIMM23--PARGP1
SRR19762812	TIMM23--RP11-574K11.29
SRR19762812	EIF4A1--EIF5A
SRR19762532	FNBP1--SET
SRR19762532	RP11-662M24.2--RIMBP2
SRR19762532	BOP1--PTMA
SRR19762532	TMEM18--PTMA
SRR19762532	LEPROT--LEPR
SRR19762532	CTSC--RAB38
SRR19762532	SEPT7P2--PSPH
SRR19762532	RP11-155G15.2--RP11-1E3.1
SRR19762532	NCOR2--UBC
SRR19762532	RP11-367G6.3--FAM65B
SRR19762532	OAZ1--KLF16
SRR19762532	TIMM23--PARGP1
SRR19762532	SAMD10--CFL1
SRR19762532	EIF4A1--ACTB
SRR19762532	RPA3-AS1--GLCCI1
SRR19762532	TMCC3--CCDC41
SRR19762532	TRAPPC1--NCOA1
SRR19762532	PFKFB3--RP11-563J2.2
SRR19762532	RP11-305P22.9--SUMO3
SRR19762532	OAZ1--ACTB
SRR19762532	EIF4A1--PTMA
SRR19762926	IGL-@-ext--HSP90B1
SRR19762926	IGH-@-ext--HLA-B
SRR19762926	SNX13--IGL@-ext
SRR19762926	RP11-96H19.1--RP11-446N19.1
SRR19762926	TIMM23B--PARGP1
SRR19762926	IGH-@-ext--RPL7A
SRR19762926	RP6-206I17.1--RP11-403I13.8
SRR19762926	GAS6--IGH@-ext
SRR19762926	IGH-@-ext--AC096579.7
SRR19762926	POLE--ANKLE2
SRR19762926	FBXO25--SEPT14
SRR19762926	MACC1--AC005062.2
SRR19762926	IGH-@-ext--PFN1
SRR19762926	IGH-@-ext--RPL3
SRR19762926	IGH-@-ext--PTMA
SRR19762926	IGLVI-70--IGL@-ext
SRR19762311	ACTB--FSCN1
SRR19762311	PPARGC1B--PTMA
SRR19762311	SIK1--ACTB
SRR19762311	NCL--PTMA
SRR19762311	RP11-367G6.3--FAM65B
SRR19762311	RP11-96H19.1--RP11-446N19.1
SRR19762311	KANSL1--ARL17A
SRR19762311	PFKFB3--RP11-563J2.2
SRR19762311	YWHAZ--PABPC1
SRR19762311	LEPROT--LEPR
SRR19762311	USP10--KLHL36
SRR19762311	TIMM23--PARGP1
SRR19762311	C5orf56--RAD50
SRR19762311	TIMM23--RP11-574K11.29
SRR19762311	IGH-@-ext--PTMA
SRR19762369	SREBF2--ACTB
SRR19762369	RP11-367G6.3--FAM65B
SRR19762369	OAZ1--DOT1L
SRR19762369	LEPROT--LEPR
SRR19762369	OAZ1--PTMA
SRR19762369	RP11-155G15.2--RP11-1E3.1
SRR19762369	TIMM23--PARGP1
SRR19762369	TFG--GPR128
SRR19762369	MIR155HG--JAM2
SRR19762369	OAZ1--DAZAP1
SRR19762236	ZEB1--HNRNPF
SRR19762236	KANSL1--ARL17B
SRR19762236	LINC00623--RP11-403I13.8
SRR19762236	RP11-367G6.3--FAM65B
SRR19762236	BOLA2B--RP11-347C12.2
SRR19762236	LEPROT--LEPR
SRR19762236	NCOR2--UBC
SRR19762236	TIMM23--PARGP1
SRR19762236	C15orf57--CBX3
SRR19762236	IGH@-ext--MT-RNR2
SRR19762236	MACC1--AC005062.2
SRR19762549	IGL-@-ext--HSPA5
SRR19762549	NPEPPS--TBC1D3F
SRR19762549	OAZ1--PTMA
SRR19762549	TIMM23--RP11-574K11.29
SRR19762549	ACTB--SET
SRR19762549	NFKBID--PRPF3
SRR19762549	SIK1--ACTB
SRR19762549	TRIM60--AKAP13
SRR19762549	SRSF1--DDX5
SRR19762549	MIR155HG--JAM2
SRR19762549	RP11-367G6.3--FAM65B
SRR19762549	KANSL1--ARL17A
SRR19762549	OAZ1--KLF16
SRR19762549	TIMM23--PARGP1
SRR19762549	ACTB--FSCN1
SRR19762549	TMCC3--CCDC41
SRR19762549	RP11-96H19.1--RP11-446N19.1
SRR19762549	PFKFB3--RP11-563J2.2
SRR19762549	OAZ1--ACTB
SRR19762549	SSBP2--RNASET2
SRR19762912	PPARGC1B--PTMA
SRR19762912	USP12--HMGB1
SRR19762912	RP11-662M24.2--RIMBP2
SRR19762912	RP11-367G6.3--FAM65B
SRR19762912	NRIP1--AF127936.7
SRR19762912	RP11-96H19.1--RP11-446N19.1
SRR19762912	SRSF1--DDX5
SRR19762912	PFKFB3--RP11-563J2.2
SRR19762912	IGH-@-ext--HNRNPA1
SRR19762912	LEPROT--LEPR
SRR19762912	RP11-155G15.2--RP11-1E3.1
SRR19762912	TIMM23--PARGP1
SRR19762912	ACTB--PTMA
SRR19762912	POLE--ANKLE2
SRR19762912	C15orf57--CBX3
SRR19762912	FNBP1--ACTB
SRR19762912	NUTM2A-AS1--MINPP1
SRR19762912	EIF4A1--ACTB
SRR19762212	PPARGC1B--PTMA
SRR19762212	OAZ1--RAC2
SRR19762212	RP11-367G6.3--FAM65B
SRR19762212	YAF2--RYBP
SRR19762212	TIMM23B--PARGP1
SRR19762212	OAZ1--PTMA
SRR19762212	RP11-155G15.2--RP11-1E3.1
SRR19762212	POLE--ANKLE2
SRR19762212	ACTB--PTMA
SRR19762212	TIMM23--RP11-574K11.29
SRR19762709	RNF126--BSG
SRR19762709	NFATC1--PQLC1
SRR19762709	LEPROT--LEPR
SRR19762709	CTSC--RAB38
SRR19762709	POLE--ANKLE2
SRR19762709	TIMM23--RP11-574K11.29
SRR19762709	MACC1--AC005062.2
SRR19762709	ZEB1--HNRNPF
SRR19762709	RP11-1E3.1--RP11-455B3.1
SRR19762709	LSP1--CD81
SRR19762709	RP11-367G6.3--FAM65B
SRR19762709	BSG--RNF126
SRR19762709	OAZ1--KLF16
SRR19762709	ITGB2--SUMO3
SRR19762709	TIMM23--PARGP1
SRR19762709	IGH-@-ext--MT-RNR2
SRR19762709	EIF4A1--ACTB
SRR19762709	RP11-96H19.1--RP11-446N19.1
SRR19762709	POM121C--ZP3
SRR19762709	BSG--PTBP1
SRR19762709	IGH@-ext--ATXN2
SRR19762770	RAB2A--KCNS2
SRR19762770	YWHAE--CRK
SRR19762770	RP11-367G6.3--FAM65B
SRR19762770	YAF2--RYBP
SRR19762770	RP11-96H19.1--RP11-446N19.1
SRR19762770	PFKL--SUMO3
SRR19762770	PFKFB3--RP11-563J2.2
SRR19762770	YWHAZ--ZNF706
SRR19762770	PTP4A1--EEF1A1
SRR19762770	LEPROT--LEPR
SRR19762770	TIMM23--PARGP1
SRR19762770	ZC3H3--EEF1D
SRR19762770	TIMM23--RP11-574K11.29
SRR19762770	YWHAE--SET
SRR19762770	RPS10--NUDT3
SRR19762770	PVT1--MYC
SRR19762424	B2M--GNAS
SRR19762424	KANSL1--ARL17B
SRR19762424	RP11-367G6.3--FAM65B
SRR19762424	SBF1--SCO2
SRR19762424	USP10--KLHL36
SRR19762424	LEPROT--LEPR
SRR19762424	YWHAE--PITPNA
SRR19762424	NCOR2--UBC
SRR19762424	TIMM23--PARGP1
SRR19762424	ACTB--PTMA
SRR19762424	RP11-316P17.2--RP5-1050E16.2
SRR19762424	SLC7A5--SMG1P1
SRR19762424	OAZ1--DAZAP1
SRR19762431	RP11-353N4.6--RP11-403I13.8
SRR19762431	LEPROT--LEPR
SRR19762431	IGL-@-ext--MT-CO1
SRR19762431	PTMA--ACTB
SRR19762431	SIK1--ACTB
SRR19762431	HMGN2--ACTB
SRR19762431	SEPT7P2--PSPH
SRR19762431	RP11-155G15.2--RP11-1E3.1
SRR19762431	C15orf57--CBX3
SRR19762431	MIR155HG--JAM2
SRR19762431	RP11-367G6.3--FAM65B
SRR19762431	NRIP1--AF127936.7
SRR19762431	ACTB--MAFK
SRR19762431	TIMM23--PARGP1
SRR19762431	NUTM2A-AS1--MINPP1
SRR19762431	EIF4A1--ACTB
SRR19762431	USP12--HMGB1
SRR19762431	PFKFB3--RP11-563J2.2
SRR19762431	IGL-@-ext--MT-RNR2
SRR19762431	ACTB--PTMA
SRR19762431	EIF4A1--EIF5A
SRR19762693	HNRNPH1--PTMA
SRR19762693	RP11-662M24.2--RIMBP2
SRR19762693	LEPROT--LEPR
SRR19762693	HIC2--PI4KA
SRR19762693	ADAP1--ACTB
SRR19762693	IGH@-ext--MT-ATP6
SRR19762693	C7orf50--IGH@-ext
SRR19762693	EEF1DP3--FRY
SRR19762693	BCKDHB--RP11-250B2.3
SRR19762693	PIK3C2A--CD74
SRR19762693	RP11-367G6.3--FAM65B
SRR19762693	TIMM23--PARGP1
SRR19762693	MT-ND6--ANP32A
SRR19762693	RCC1--UBE2D2
SRR19762693	LINC00623--RP11-403I13.8
SRR19762693	PFKFB3--RP11-563J2.2
SRR19762693	USP10--KLHL36
SRR19762693	FUS--SETD1A
SRR19762693	HLA-S--HLA-A
SRR19762693	ACTB--PTMA
SRR19762693	EIF4A1--EIF5A
SRR19762922	PLXNB2--SCO2
SRR19762922	RP11-367G6.3--FAM65B
SRR19762922	SRSF1--DDX5
SRR19762922	TIMM23B--PARGP1
SRR19762922	TIMM23--RP11-175I17.2
SRR19762922	RP6-206I17.1--RP11-403I13.8
SRR19762922	PTP4A1--EEF1A1
SRR19762922	LEPROT--LEPR
SRR19762922	PFKFB3--RP11-563J2.2
SRR19762922	BSG--RNF126
SRR19762922	NCOR2--UBC
SRR19762922	EIF4A1--EIF5A
SRR19762922	RPS10--NUDT3
SRR19762922	PIM3--SCO2
SRR19762922	IGLVI-70--IGL@-ext
SRR19762399	TIMM23--AGAP6
SRR19762399	ACTB--FSCN1
SRR19762399	YWHAE--CRK
SRR19762399	DAZAP1--C19orf24
SRR19762399	RP11-367G6.3--FAM65B
SRR19762399	BOLA2B--RP11-347C12.2
SRR19762399	RP11-96H19.1--RP11-446N19.1
SRR19762399	KANSL1--ARL17A
SRR19762399	NRIP1--AF127936.7
SRR19762399	SBF1--SCO2
SRR19762399	LEPROT--LEPR
SRR19762399	BCKDHB--RP11-250B2.3
SRR19762399	BSG--PTBP1
SRR19762399	TIMM23--PARGP1
SRR19762399	TIMM23--RP11-574K11.29
SRR19762399	OAZ1--DAZAP1
SRR19762399	PIM3--SCO2
SRR19762399	CYTH1--USP36
SRR19762736	ZEB1--HNRNPF
SRR19762736	RP11-662M24.2--RIMBP2
SRR19762736	SYNCRIP--EEF1A1
SRR19762736	RP11-367G6.3--FAM65B
SRR19762736	BSG--KLF16
SRR19762736	PFKFB3--RP11-563J2.2
SRR19762736	LEPROT--LEPR
SRR19762736	RP11-155G15.2--RP11-1E3.1
SRR19762736	TIMM23--PARGP1
SRR19762736	POLE--ANKLE2
SRR19762736	EIF4A1--EIF5A
SRR19762736	RPS10--NUDT3
SRR19762167	RP11-367G6.3--FAM65B
SRR19762167	BOLA2B--RP11-345J4.8
SRR19762167	LEPROT--LEPR
SRR19762167	TMEM63B--VEGFA
SRR19762167	OAZ1--KLF16
SRR19762167	TIMM23--PARGP1
SRR19762167	TIMM23--RP11-574K11.29
SRR19762167	EIF4A1--EIF5A
SRR19762167	EIF4A1--ACTB
SRR19762413	KPNA2--DHX40
SRR19762413	LEPROT--LEPR
SRR19762413	TIMM23--RP11-574K11.29
SRR19762413	RP11-1E3.1--RP11-455B3.1
SRR19762413	SRSF1--DDX5
SRR19762413	TPM4--KLF2
SRR19762413	MAFK--ACTB
SRR19762413	RP11-155G15.2--RP11-1E3.1
SRR19762413	CTC-786C10.1--RP11-680G10.1
SRR19762413	IGLVI-70--IGL@-ext
SRR19762413	KANSL1--ARL17B
SRR19762413	RP11-367G6.3--FAM65B
SRR19762413	NRIP1--AF127936.7
SRR19762413	OAZ1--KLF16
SRR19762413	TIMM23--PARGP1
SRR19762413	SLC7A5--SMG1P1
SRR19762413	RP11-96H19.1--RP11-446N19.1
SRR19762413	PFKFB3--RP11-563J2.2
SRR19762413	RP11-316P17.2--RP5-1050E16.2
SRR19762413	ACTB--PTMA
SRR19762513	RP11-662M24.2--RIMBP2
SRR19762513	RP11-367G6.3--FAM65B
SRR19762513	ASMTL--P2RY8
SRR19762513	KANSL1--ARL17A
SRR19762513	PFKFB3--RP11-563J2.2
SRR19762513	LEPROT--LEPR
SRR19762513	SEPT7P2--PSPH
SRR19762513	HLA-S--HLA-A
SRR19762513	TIMM23--PARGP1
SRR19762513	ACTB--PTMA
SRR19762713	TIMM23--AGAP6
SRR19762713	IGH@-ext--MT-ATP6
SRR19762713	MT-ND6--RPL13A
SRR19762713	RP11-367G6.3--FAM65B
SRR19762713	SRSF1--DDX5
SRR19762713	BOLA2B--RP11-347C12.2
SRR19762713	RP6-206I17.1--RP11-403I13.8
SRR19762713	LEPROT--LEPR
SRR19762713	SEPT7P2--PSPH
SRR19762713	IGH-@-ext--MT-ND4
SRR19762713	OAZ1--PTMA
SRR19762713	NCOR2--UBC
SRR19762713	TIMM23--PARGP1
SRR19762713	OAZ1--KLF16
SRR19762713	TIMM23--RP11-574K11.29
SRR19762713	EIF4A1--EIF5A
SRR19762713	OAZ1--DAZAP1
SRR19762713	EIF4A1--PTMA
SRR19762383	IGH-@-ext--CD74
SRR19762383	LEPROT--LEPR
SRR19762383	IGH-@-ext--UBB
SRR19762383	IGH-@-ext--PTMA
SRR19762383	IGH@-ext--MT-ATP6
SRR19762383	RP11-155G15.2--RP11-1E3.1
SRR19762383	IGH-@-ext--COL13A1
SRR19762383	RP11-33B1.1--PSPH
SRR19762383	IGH-@-ext--MT-CO3
SRR19762383	IGH-@-ext--HLA-B
SRR19762383	RP11-367G6.3--FAM65B
SRR19762383	RP11-426C22.5--SNX29P2
SRR19762383	IGH-@-ext--AC096579.7
SRR19762383	TIMM23--PARGP1
SRR19762383	IGH-@-ext--MT-RNR2
SRR19762383	IGH-@-ext--RPL27
SRR19762383	VTI1A--RP11-57H14.3
SRR19762383	IGL-@-ext--HSP90B1
SRR19762383	RP4-769N13.6--GPRASP2
SRR19762383	RP11-96H19.1--RP11-446N19.1
SRR19762383	IGH-@-ext--MT-ND4
SRR19762383	MT-ND6--IGH-@-ext
