gene_left	gene_right	sample
RP11-96H19.1	RP11-446N19.1	SRR19762327
YWHAZ	ZNF706	SRR19762327
LEPR	LEPROT	SRR19762327
KLF16	OAZ1	SRR19762327
HLA-S	HLA-A	SRR19762327
TIMM23	PARGP1	SRR19762327
TIMM23	RP11-574K11.29	SRR19762327
EIF5A	EIF4A1	SRR19762327
OAZ1	RAC2	SRR19762591
RAB2A	KCNS2	SRR19762591
RP11-662M24.2	RIMBP2	SRR19762591
LEPR	LEPROT	SRR19762591
OAZ1	PTMA	SRR19762591
CLTC	VMP1	SRR19762591
AC005062.2	MACC1	SRR19762591
ACTB	RNF216	SRR19762591
MAFK	ACTB	SRR19762591
NCOR2	UBC	SRR19762591
STK25	IGH@-ext	SRR19762591
RP11-367G6.3	FAM65B	SRR19762591
DDX5	ACTB	SRR19762591
RP6-206I17.1	RP11-403I13.8	SRR19762591
KLF16	OAZ1	SRR19762591
TIMM23	PARGP1	SRR19762591
SLC7A5	SMG1P1	SRR19762591
PFKFB3	RP11-563J2.2	SRR19762591
EML4	RFC4	SRR19762591
KLHL36	USP10	SRR19762591
DHRS4-AS1	NRL	SRR19762591
BSG	PTBP1	SRR19762591
EIF5A	EIF4A1	SRR19762591
EIF4A1	PTMA	SRR19762591
YWHAE	CRK	SRR19762483
SIK1	ACTB	SRR19762483
NCL	PTMA	SRR19762483
BOLA2B	RP11-345J4.8	SRR19762483
SRSF1	DDX5	SRR19762483
LEPR	LEPROT	SRR19762483
TIMM23	PARGP1	SRR19762483
IGLVI-70	IGL@-ext	SRR19762483
SET	FNBP1	SRR19762632
MBP	CTDP1	SRR19762632
RP11-367G6.3	FAM65B	SRR19762632
NRIP1	AF127936.7	SRR19762632
SRSF1	DDX5	SRR19762632
PTP4A1	EEF1A1	SRR19762632
DOT1L	OAZ1	SRR19762632
LEPR	LEPROT	SRR19762632
DHX34	GLTSCR2	SRR19762632
BSG	RNF126	SRR19762632
KLF16	OAZ1	SRR19762632
RP11-155G15.2	RP11-1E3.1	SRR19762632
POLE	ANKLE2	SRR19762632
TIMM23	PARGP1	SRR19762632
RNF126	PTBP1	SRR19762632
KLF10	AZIN1	SRR19762632
DAZAP1	OAZ1	SRR19762632
RP11-662M24.2	RIMBP2	SRR19762728
RPA3-AS1	GLCCI1	SRR19762728
RP11-367G6.3	FAM65B	SRR19762728
HMGN2	PTMA	SRR19762728
RP11-141M1.3	STARD13	SRR19762728
PTP4A1	EEF1A1	SRR19762728
RP6-206I17.1	RP11-403I13.8	SRR19762728
LEPR	LEPROT	SRR19762728
LIMD2	OAZ1	SRR19762728
OAZ1	PTMA	SRR19762728
KLF16	OAZ1	SRR19762728
NCOR2	UBC	SRR19762728
HLA-S	HLA-A	SRR19762728
TIMM23	PARGP1	SRR19762728
VTI1A	RP11-57H14.3	SRR19762728
EIF5A	EIF4A1	SRR19762728
EIF4A1	PTMA	SRR19762728
ACTB	FSCN1	SRR19762743
RP11-367G6.3	FAM65B	SRR19762743
DCLRE1C	OR7E26P	SRR19762743
RP6-206I17.1	RP11-403I13.8	SRR19762743
LEPR	LEPROT	SRR19762743
SEPT7P2	PSPH	SRR19762743
RP11-155G15.2	RP11-1E3.1	SRR19762743
KLF16	OAZ1	SRR19762743
HLA-S	HLA-A	SRR19762743
TIMM23	PARGP1	SRR19762743
CNOT3	LENG8	SRR19762743
IGLVI-70	IGL@-ext	SRR19762743
EIF4ENIF1	PISD	SRR19762559
PRKCH	RP11-47I22.3	SRR19762559
RP11-367G6.3	FAM65B	SRR19762559
KLHL3	RP11-381K20.2	SRR19762559
PFKFB3	RP11-563J2.2	SRR19762559
SEPT7P2	PSPH	SRR19762559
RP11-155G15.2	RP11-1E3.1	SRR19762559
TIMM23	PARGP1	SRR19762559
PTMA	ACTB	SRR19762559
TIMM23	RP11-574K11.29	SRR19762559
RP11-367G6.3	FAM65B	SRR19762883
NRIP1	AF127936.7	SRR19762883
RP11-96H19.1	RP11-446N19.1	SRR19762883
BOLA2B	RP11-347C12.2	SRR19762883
PFKFB3	RP11-563J2.2	SRR19762883
LEPR	LEPROT	SRR19762883
OAZ1	PTMA	SRR19762883
BCKDHB	RP11-250B2.3	SRR19762883
TIMM23	PARGP1	SRR19762883
RP11-96P7.1	CTD-2336H13.2	SRR19762883
VTI1A	RP11-57H14.3	SRR19762883
TIMM23	RP11-574K11.29	SRR19762883
MIR155HG	JAM2	SRR19762883
YME1L1	MKX	SRR19762883
ANP32A	PKM	SRR19762605
BOLA2B	RP11-345J4.8	SRR19762605
LEPR	LEPROT	SRR19762605
POLE	ANKLE2	SRR19762605
TIMM23	RP11-574K11.29	SRR19762605
MIR17HG	HMGB1	SRR19762605
YWHAZ	ZNF706	SRR19762605
EEF1DP3	FRY	SRR19762605
CTBP1	MAEA	SRR19762605
RP11-367G6.3	FAM65B	SRR19762605
NRIP1	AF127936.7	SRR19762605
B2M	EIF4A1	SRR19762605
OAZ1	FKBP8	SRR19762605
TIMM23	PARGP1	SRR19762605
KLF16	OAZ1	SRR19762605
VTI1A	RP11-57H14.3	SRR19762605
NUDT3	RPS10	SRR19762605
SOCS5	AC016722.2	SRR19762605
USP12	HMGB1	SRR19762605
OAZ1	ACTB	SRR19762605
CSNK1G2	OAZ1	SRR19762605
EIF5A	EIF4A1	SRR19762605
RAB2A	KCNS2	SRR19762863
EEF1A1	SYNCRIP	SRR19762863
GPR128	TFG	SRR19762863
TNFSF9	RN7SL2	SRR19762863
RP11-367G6.3	FAM65B	SRR19762863
FAM60A	DENND5B	SRR19762863
ATP6V0C	PDPK1	SRR19762863
TPM4	PTMA	SRR19762863
EIF4A1	DDX5	SRR19762863
LEPR	LEPROT	SRR19762863
FUS	RAC2	SRR19762863
TIMM23	PARGP1	SRR19762863
ABAT	PMM2	SRR19762863
TPM3	ARPC2	SRR19762863
TIMM23	RP11-574K11.29	SRR19762863
RP11-120D5.1	MID1	SRR19762863
AC024084.1	AC009784.3	SRR19762863
VTI1A	RP11-57H14.3	SRR19762863
LINC00623	RP11-403I13.8	SRR19762423
RP11-367G6.3	FAM65B	SRR19762423
BOLA2B	RP11-345J4.8	SRR19762423
NRIP1	AF127936.7	SRR19762423
KANSL1	ARL17A	SRR19762423
DOT1L	OAZ1	SRR19762423
LEPR	LEPROT	SRR19762423
BSG	RNF126	SRR19762423
KLF16	OAZ1	SRR19762423
NUDT3	RPS10	SRR19762423
TIMM23	PARGP1	SRR19762423
SLC16A3	METRNL	SRR19762423
B3GNT2	EHBP1	SRR19762423
TIMM23	RP11-574K11.29	SRR19762423
DAZAP1	OAZ1	SRR19762423
RP11-367G6.3	FAM65B	SRR19762279
RP11-96H19.1	RP11-446N19.1	SRR19762279
LEPR	LEPROT	SRR19762279
POLE	ANKLE2	SRR19762279
TIMM23	PARGP1	SRR19762279
IGH-@-ext	SPON2	SRR19762279
HLA-S	HLA-A	SRR19762279
IGH@-ext	MT-ND4	SRR19762279
LINC00623	RP11-403I13.8	SRR19762653
RP11-662M24.2	RIMBP2	SRR19762653
RPA3-AS1	GLCCI1	SRR19762653
RP11-367G6.3	FAM65B	SRR19762653
NRIP1	AF127936.7	SRR19762653
KANSL1	ARL17A	SRR19762653
MAFK	ACTB	SRR19762653
LEPR	LEPROT	SRR19762653
RP11-155G15.2	RP11-1E3.1	SRR19762653
KLF16	OAZ1	SRR19762653
TIMM23	PARGP1	SRR19762653
RP11-316P17.2	RP5-1050E16.2	SRR19762653
TIMM23	RP11-574K11.29	SRR19762653
DAZAP1	OAZ1	SRR19762653
CYTH1	USP36	SRR19762653
ACTB	FSCN1	SRR19762543
RP11-367G6.3	FAM65B	SRR19762543
VEGFA	TMEM63B	SRR19762543
SEPT7P2	PSPH	SRR19762543
BCKDHB	RP11-250B2.3	SRR19762543
KLF16	OAZ1	SRR19762543
TIMM23	PARGP1	SRR19762543
PTMA	ACTB	SRR19762543
EIF4A1	PTMA	SRR19762543
RRN3P1	RP11-105C19.1	SRR19762289
PTMA	MKLN1-AS1	SRR19762289
RP11-367G6.3	FAM65B	SRR19762289
RP11-96H19.1	RP11-446N19.1	SRR19762289
PFKFB3	RP11-563J2.2	SRR19762289
RP6-206I17.1	RP11-403I13.8	SRR19762289
POM121C	ZP3	SRR19762289
SBF1	SCO2	SRR19762289
BCKDHB	RP11-250B2.3	SRR19762289
RP11-426C22.5	SNX29P2	SRR19762289
KLF16	OAZ1	SRR19762289
PTBP1	OAZ1	SRR19762289
TIMM23	PARGP1	SRR19762289
BMS1	PARG	SRR19762289
ITM2C	PTMA	SRR19762289
MIR4435-1HG	AC083899.3	SRR19762289
IGH-@-ext	PTMA	SRR19762289
TCF3	OAZ1	SRR19762677
RPA3-AS1	GLCCI1	SRR19762677
RP11-367G6.3	FAM65B	SRR19762677
DOT1L	OAZ1	SRR19762677
PFKFB3	RP11-563J2.2	SRR19762677
LEPR	LEPROT	SRR19762677
IGH-@-ext	MT-ND4	SRR19762677
RP11-155G15.2	RP11-1E3.1	SRR19762677
KLF16	OAZ1	SRR19762677
TIMM23	PARGP1	SRR19762677
SLC7A5	SMG1P1	SRR19762677
DAZAP1	OAZ1	SRR19762677
AC104820.2	ITGA4	SRR19762491
SLC25A3	POLR2A	SRR19762491
TOMM40	ZNF83	SRR19762491
HMGN2	PTMA	SRR19762491
NOC4L	FBRSL1	SRR19762491
LEPR	LEPROT	SRR19762491
B2M	AC013394.2	SRR19762491
RNF126	PTBP1	SRR19762491
TIMM23	RP11-175I17.2	SRR19762491
ZEB1	HNRNPF	SRR19762491
CNN2	ACTB	SRR19762491
SEPT7P2	PSPH	SRR19762491
HMGN2	ACTB	SRR19762491
GIGYF2	SREK1	SRR19762491
ZC3H3	EEF1D	SRR19762491
SLC35A3	MREG	SRR19762491
EIF4A1	LRCH4	SRR19762491
RP11-367G6.3	FAM65B	SRR19762491
NRIP1	AF127936.7	SRR19762491
CTDP1	PQLC1	SRR19762491
TIMM23B	PARGP1	SRR19762491
PHF13	SLC16A3	SRR19762491
TOP2B	GLB1	SRR19762491
KLF16	OAZ1	SRR19762491
C4orf32	AP1AR	SRR19762491
SLC16A3	METRNL	SRR19762491
RP11-120D5.1	MID1	SRR19762491
PIM3	SCO2	SRR19762491
SPEN	FYTTD1	SRR19762491
LINC00623	RP11-403I13.8	SRR19762491
GNPTG	SET	SRR19762491
PFKFB3	RP11-563J2.2	SRR19762491
CTBP1	MICAL1	SRR19762491
BSG	PTBP1	SRR19762491
PTMA	ACTB	SRR19762491
RNF126	PTBP1	SRR19762491
METRNL	DAZAP1	SRR19762491
RP11-662M24.2	RIMBP2	SRR19762603
BOLA2B	RP11-345J4.8	SRR19762603
DOT1L	OAZ1	SRR19762603
LEPR	LEPROT	SRR19762603
POLE	ANKLE2	SRR19762603
TIMM23	RP11-574K11.29	SRR19762603
IGH@-ext	MT-ATP6	SRR19762603
RP11-1E3.1	RP11-455B3.1	SRR19762603
LSP1	CD81	SRR19762603
RP11-155G15.2	RP11-1E3.1	SRR19762603
BTBD2	OAZ1	SRR19762603
RP11-367G6.3	FAM65B	SRR19762603
KANSL1	ARL17A	SRR19762603
BSG	RNF126	SRR19762603
KLF16	OAZ1	SRR19762603
TIMM23	PARGP1	SRR19762603
RCC1	SNX5	SRR19762603
HCFC1	IGH@-ext	SRR19762603
RNF126	OAZ1	SRR19762603
RP11-367G6.3	FAM65B	SRR19762707
RP11-96H19.1	RP11-446N19.1	SRR19762707
LEPR	LEPROT	SRR19762707
KLHL36	USP10	SRR19762707
OAZ1	PTMA	SRR19762707
POLE	ANKLE2	SRR19762707
TIMM23	PARGP1	SRR19762707
HLA-S	HLA-A	SRR19762707
ZEB1	HNRNPF	SRR19762165
OAZ1	RAC2	SRR19762165
LINC00623	RP11-403I13.8	SRR19762165
RP11-367G6.3	FAM65B	SRR19762165
SRSF1	DDX5	SRR19762165
RP11-96H19.1	RP11-446N19.1	SRR19762165
DOT1L	OAZ1	SRR19762165
LEPR	LEPROT	SRR19762165
OAZ1	RBM38	SRR19762165
KLF16	OAZ1	SRR19762165
TIMM23	PARGP1	SRR19762165
SLC7A5	SMG1P1	SRR19762165
UBE2J2	SQSTM1	SRR19762165
PTMA	ACTB	SRR19762165
TIMM23	RP11-574K11.29	SRR19762165
RP11-367G6.3	FAM65B	SRR19762761
BOLA2B	RP11-345J4.8	SRR19762761
CARD11	AC073316.1	SRR19762761
RP11-96H19.1	RP11-446N19.1	SRR19762761
PFKFB3	RP11-563J2.2	SRR19762761
LEPR	LEPROT	SRR19762761
OAZ1	PTMA	SRR19762761
RP11-155G15.2	RP11-1E3.1	SRR19762761
BSG	RNF126	SRR19762761
NCOR2	UBC	SRR19762761
TIMM23	PARGP1	SRR19762761
IGLVI-70	IGL@-ext	SRR19762761
IGLVI-70	IGL@-ext	SRR19762548
YWHAE	CRK	SRR19762548
RP11-367G6.3	FAM65B	SRR19762548
NRIP1	AF127936.7	SRR19762548
KANSL1	ARL17A	SRR19762548
LEPR	LEPROT	SRR19762548
RP11-155G15.2	RP11-1E3.1	SRR19762548
KLF16	OAZ1	SRR19762548
TIMM23	PARGP1	SRR19762548
TIMM23	RP11-574K11.29	SRR19762548
RPL21P122	IGH-@-ext	SRR19762548
ACTB	FSCN1	SRR19762427
LIMD2	ACTB	SRR19762427
RP11-367G6.3	FAM65B	SRR19762427
RP11-96H19.1	RP11-446N19.1	SRR19762427
BOLA2B	RP11-347C12.2	SRR19762427
LEPR	LEPROT	SRR19762427
RP11-155G15.2	RP11-1E3.1	SRR19762427
RAB38	CTSC	SRR19762427
ANKLE2	P2RY8	SRR19762427
TIMM23	PARGP1	SRR19762427
RP11-411K7.1	MLIP	SRR19762427
SUZ12P	CRLF3	SRR19762427
NCL	PTMA	SRR19762738
TCF3	OAZ1	SRR19762738
HMGN2	PTMA	SRR19762738
RABL6	EDF1	SRR19762738
DOT1L	OAZ1	SRR19762738
LEPR	LEPROT	SRR19762738
OAZ1	PTMA	SRR19762738
POLE	ANKLE2	SRR19762738
TIMM23	RP11-574K11.29	SRR19762738
CYTH1	USP36	SRR19762738
TIMM23	AGAP6	SRR19762738
PTMA	ACTB	SRR19762738
C15orf57	CBX3	SRR19762738
RP11-367G6.3	FAM65B	SRR19762738
KLF13	ZBTB2	SRR19762738
NRIP1	AF127936.7	SRR19762738
KLF16	OAZ1	SRR19762738
TIMM23	PARGP1	SRR19762738
SOCS5	AC016722.2	SRR19762738
POLE	FUS	SRR19762738
RP11-96H19.1	RP11-446N19.1	SRR19762738
PTMA	ACTB	SRR19762738
CSNK1G2	OAZ1	SRR19762738
EIF5A	EIF4A1	SRR19762738
DAZAP1	OAZ1	SRR19762738
RP11-367G6.3	FAM65B	SRR19762614
RP11-96H19.1	RP11-446N19.1	SRR19762614
SRSF1	DDX5	SRR19762614
PFKFB3	RP11-563J2.2	SRR19762614
IGH@-ext	EEF1A1	SRR19762614
TIMM23	PARGP1	SRR19762614
TIMM23	RP11-574K11.29	SRR19762614
NUDT3	RPS10	SRR19762614
ZEB1	HNRNPF	SRR19762176
NCL	PTMA	SRR19762176
OCLN	NAIP	SRR19762176
RP11-367G6.3	FAM65B	SRR19762176
BOLA2B	RP11-345J4.8	SRR19762176
RP11-96H19.1	RP11-446N19.1	SRR19762176
RP11-353N4.6	RP11-403I13.7	SRR19762176
LEPR	LEPROT	SRR19762176
BRD1	PIM3	SRR19762176
KLF16	OAZ1	SRR19762176
TIMM23	PARGP1	SRR19762176
YWHAE	EIF5A	SRR19762176
AKAP13	AC013394.2	SRR19762176
RER1	MAFF	SRR19762176
RP11-1151B14.4	MALT1	SRR19762176
BOLA2B	RP11-345J4.8	SRR19762344
LEPR	LEPROT	SRR19762344
OVOL2	IGH@-ext	SRR19762344
POLE	ANKLE2	SRR19762344
AC009133.12	PTMA	SRR19762344
TIMM23	RP11-574K11.29	SRR19762344
RP11-640M9.1	RP11-403I13.8	SRR19762344
RP11-1E3.1	RP11-455B3.1	SRR19762344
AC096579.7	IGL-@-ext	SRR19762344
BCKDHB	RP11-250B2.3	SRR19762344
RP11-155G15.2	RP11-1E3.1	SRR19762344
RP11-33B1.1	PSPH	SRR19762344
IGH-@-ext	HLA-B	SRR19762344
RP11-367G6.3	FAM65B	SRR19762344
NRIP1	AF127936.7	SRR19762344
AC096579.7	IGL@-ext	SRR19762344
BSG	RNF126	SRR19762344
TIMM23	PARGP1	SRR19762344
RP11-96H19.1	RP11-446N19.1	SRR19762344
POM121C	ZP3	SRR19762344
HLA-S	HLA-A	SRR19762344
EIF5A	EIF4A1	SRR19762344
SET	FNBP1	SRR19762811
RP11-662M24.2	RIMBP2	SRR19762811
RP11-367G6.3	FAM65B	SRR19762811
RP11-96H19.1	RP11-446N19.1	SRR19762811
PFKFB3	RP11-563J2.2	SRR19762811
LEPR	LEPROT	SRR19762811
RP11-155G15.2	RP11-1E3.1	SRR19762811
KLF16	OAZ1	SRR19762811
CSNK1G2	OAZ1	SRR19762811
TIMM23	PARGP1	SRR19762811
POLE	ANKLE2	SRR19762811
PTMA	ACTB	SRR19762811
TIMM23	RP11-574K11.29	SRR19762811
DAZAP1	OAZ1	SRR19762811
LINC00623	RP11-403I13.8	SRR19762214
RP11-367G6.3	FAM65B	SRR19762214
SEPT7P2	PSPH	SRR19762214
CARKD	ING1	SRR19762214
TIMM23	PARGP1	SRR19762214
RP11-662M24.2	RIMBP2	SRR19762800
RP11-367G6.3	FAM65B	SRR19762800
LEPR	LEPROT	SRR19762800
NCOR2	UBC	SRR19762800
TIMM23	PARGP1	SRR19762800
WAC	ZEB1	SRR19762206
LINC00623	RP11-403I13.8	SRR19762206
HIATL1	RP11-307E17.8	SRR19762206
RP11-367G6.3	FAM65B	SRR19762206
PTMA	IRF4	SRR19762206
RP11-96H19.1	RP11-446N19.1	SRR19762206
BSG	RNF126	SRR19762206
BSG	PTBP1	SRR19762206
KLF16	OAZ1	SRR19762206
TIMM23	PARGP1	SRR19762206
PTMA	ACTB	SRR19762206
TIMM23	RP11-574K11.29	SRR19762206
IGH-@-ext	PTMA	SRR19762206
IGLVI-70	IGL@-ext	SRR19762206
YWHAE	CRK	SRR19762588
SIK1	ACTB	SRR19762588
PTMA	MYH9	SRR19762588
BOLA2B	RP11-345J4.8	SRR19762588
RP11-367G6.3	FAM65B	SRR19762588
RP11-96H19.1	RP11-446N19.1	SRR19762588
TIMM23B	PARGP1	SRR19762588
BCL2L11	PTMA	SRR19762588
RP11-15J10.3	AC096579.7	SRR19762588
LEPR	LEPROT	SRR19762588
OAZ1	PTMA	SRR19762588
PTMA	ACTB	SRR19762588
BSG	PTMA	SRR19762588
TIMM23	RP11-574K11.29	SRR19762588
EIF4A1	PTMA	SRR19762588
AC005062.2	MACC1	SRR19762588
RP11-662M24.2	RIMBP2	SRR19762333
TCF3	OAZ1	SRR19762333
LEPR	LEPROT	SRR19762333
POLE	ANKLE2	SRR19762333
TIMM23	RP11-574K11.29	SRR19762333
IGH-@-ext	PTMA	SRR19762333
ZEB1	HNRNPF	SRR19762333
WAC	ZEB1	SRR19762333
ACTB	RNF216	SRR19762333
PTMA	ING5	SRR19762333
KLF13	B2M	SRR19762333
TPM4	BBC3	SRR19762333
TPM4	KLF2	SRR19762333
RPL23AP53	SEPT14	SRR19762333
RNF166	ACTB	SRR19762333
ADAP1	C7orf50	SRR19762333
CNN2	ACTB	SRR19762333
KLF16	TIMM13	SRR19762333
RP11-367G6.3	FAM65B	SRR19762333
NRIP1	AF127936.7	SRR19762333
CXXC5	NR3C1	SRR19762333
KLF16	OAZ1	SRR19762333
TIMM23	PARGP1	SRR19762333
PIM3	SCO2	SRR19762333
EIF4A1	ACTB	SRR19762333
ACTB	FSCN1	SRR19762333
LINC00623	RP11-403I13.8	SRR19762333
RPA3-AS1	GLCCI1	SRR19762333
PTMA	IRF4	SRR19762333
RP11-96H19.1	RP11-446N19.1	SRR19762333
PFKFB3	RP11-563J2.2	SRR19762333
KLHL36	USP10	SRR19762333
OAZ1	ACTB	SRR19762333
MTHFD1L	ZBTB2	SRR19762333
PTMA	ACTB	SRR19762333
EIF4A1	PTMA	SRR19762333
ACTB	FSCN1	SRR19762574
TIMM23	AGAP6	SRR19762574
RP11-662M24.2	RIMBP2	SRR19762574
NCL	PTMA	SRR19762574
RP11-367G6.3	FAM65B	SRR19762574
BOLA2B	RP11-345J4.8	SRR19762574
NRIP1	AF127936.7	SRR19762574
RP11-96H19.1	RP11-446N19.1	SRR19762574
PFKFB3	RP11-563J2.2	SRR19762574
LEPR	LEPROT	SRR19762574
RP11-155G15.2	RP11-1E3.1	SRR19762574
KLF16	OAZ1	SRR19762574
TIMM23	PARGP1	SRR19762574
PTMA	ACTB	SRR19762574
RNF125	RNF138	SRR19762574
TIMM23	RP11-574K11.29	SRR19762574
IGH-@-ext	PTMA	SRR19762574
TCF3	OAZ1	SRR19762353
FBRSL1	ANKLE2	SRR19762353
RABL6	EDF1	SRR19762353
LEPR	LEPROT	SRR19762353
RAB38	CTSC	SRR19762353
CYTH1	USP36	SRR19762353
ZEB1	HNRNPF	SRR19762353
SIK1	ACTB	SRR19762353
RNF126	MED16	SRR19762353
ITM2C	PTMA	SRR19762353
SCO2	ACTB	SRR19762353
RP11-367G6.3	FAM65B	SRR19762353
NRIP1	AF127936.7	SRR19762353
BSG	RNF126	SRR19762353
TIMM23	PARGP1	SRR19762353
DAZAP1	CSNK1G2	SRR19762353
LINC00623	RP11-403I13.8	SRR19762353
RP11-96H19.1	RP11-446N19.1	SRR19762353
CSNK1G2	OAZ1	SRR19762353
DAZAP1	OAZ1	SRR19762353
DDX5	HNRNPH1	SRR19762420
LEPR	LEPROT	SRR19762420
RAB38	CTSC	SRR19762420
POLE	ANKLE2	SRR19762420
TIMM23	RP11-574K11.29	SRR19762420
AC005062.2	MACC1	SRR19762420
YWHAE	CRK	SRR19762420
SRSF1	DDX5	SRR19762420
AC022182.1	CLVS1	SRR19762420
KANSL1	ARL17B	SRR19762420
EEF1A1	SYNCRIP	SRR19762420
C22orf34	SCO2	SRR19762420
RP11-367G6.3	FAM65B	SRR19762420
NRIP1	AF127936.7	SRR19762420
COTL1	KLHL36	SRR19762420
KLF16	OAZ1	SRR19762420
TIMM23	PARGP1	SRR19762420
SLC7A5	SMG1P1	SRR19762420
VTI1A	RP11-57H14.3	SRR19762420
NUTM2A-AS1	MINPP1	SRR19762420
RP11-96H19.1	RP11-446N19.1	SRR19762420
KLHL36	USP10	SRR19762420
SETD1A	FUS	SRR19762420
RPLP0	IGH-@-ext	SRR19762420
EIF5A	EIF4A1	SRR19762420
AKAP13	TRIM60	SRR19762676
RP11-367G6.3	FAM65B	SRR19762676
RP11-96H19.1	RP11-446N19.1	SRR19762676
NOC4L	FBRSL1	SRR19762676
LEPR	LEPROT	SRR19762676
RP11-155G15.2	RP11-1E3.1	SRR19762676
TIMM23	PARGP1	SRR19762676
TIMM23	RP11-574K11.29	SRR19762676
ADRBK2	IGLL3P	SRR19762676
RP11-367G6.3	FAM65B	SRR19762583
RP6-206I17.1	RP11-403I13.8	SRR19762583
PTMA	FNBP1	SRR19762583
HLA-S	HLA-A	SRR19762583
TIMM23	PARGP1	SRR19762583
AC005062.2	MACC1	SRR19762583
RP11-367G6.3	FAM65B	SRR19762866
NRIP1	AF127936.7	SRR19762866
SRSF1	DDX5	SRR19762866
PFKFB3	RP11-563J2.2	SRR19762866
OAZ1	ACTB	SRR19762866
RAB38	CTSC	SRR19762866
TIMM23	PARGP1	SRR19762866
PTMA	ACTB	SRR19762866
ZEB1	HNRNPF	SRR19762648
SET	FNBP1	SRR19762648
RP11-1E3.1	RP11-455B3.1	SRR19762648
RP11-662M24.2	RIMBP2	SRR19762648
IGH-@-ext	MT-RNR2	SRR19762648
RP11-367G6.3	FAM65B	SRR19762648
NRIP1	AF127936.7	SRR19762648
ITM2C	PTMA	SRR19762648
RP11-96H19.1	RP11-446N19.1	SRR19762648
RP6-206I17.1	RP11-403I13.8	SRR19762648
CNN2	PTMA	SRR19762648
LEPR	LEPROT	SRR19762648
RP11-155G15.2	RP11-1E3.1	SRR19762648
TIMM23	PARGP1	SRR19762648
C15orf57	CBX3	SRR19762648
POLE	ANKLE2	SRR19762648
IGH-@-ext	MT-ATP6	SRR19762648
HLA-S	HLA-A	SRR19762648
ACTB	FSCN1	SRR19762417
RPA3-AS1	GLCCI1	SRR19762417
RP11-367G6.3	FAM65B	SRR19762417
BOLA2B	RP11-347C12.2	SRR19762417
KANSL1	ARL17A	SRR19762417
PFKFB3	RP11-563J2.2	SRR19762417
RP11-439L18.2	HIVEP2	SRR19762417
LEPR	LEPROT	SRR19762417
OAZ1	PTMA	SRR19762417
RP11-155G15.2	RP11-1E3.1	SRR19762417
OAZ1	ACTB	SRR19762417
RAB38	CTSC	SRR19762417
TIMM23	PARGP1	SRR19762417
HLA-S	HLA-A	SRR19762417
IGKV2-29	AC096579.7	SRR19762417
PTMA	ACTB	SRR19762417
KLF10	AZIN1	SRR19762417
IGLVI-70	IGL@-ext	SRR19762417
RP11-367G6.3	FAM65B	SRR19762840
SRSF1	DDX5	SRR19762840
PFKFB3	RP11-563J2.2	SRR19762840
LEPR	LEPROT	SRR19762840
MIR155HG	JAM2	SRR19762840
KLF16	OAZ1	SRR19762840
HLA-S	HLA-A	SRR19762840
TIMM23	PARGP1	SRR19762840
TIMM23	RP11-574K11.29	SRR19762840
EIF5A	EIF4A1	SRR19762840
RP11-411K7.1	MLIP	SRR19762368
CYTH1	USP36	SRR19762368
RPA3-AS1	GLCCI1	SRR19762368
RP11-367G6.3	FAM65B	SRR19762368
RP11-96H19.1	RP11-446N19.1	SRR19762368
PFKFB3	RP11-563J2.2	SRR19762368
RP6-206I17.1	RP11-403I13.8	SRR19762368
TMEM18	PTMA	SRR19762368
LEPR	LEPROT	SRR19762368
RP11-155G15.2	RP11-1E3.1	SRR19762368
KLF16	OAZ1	SRR19762368
BSG	PTBP1	SRR19762368
TIMM23	PARGP1	SRR19762368
C15orf57	CBX3	SRR19762368
SF1	OAZ1	SRR19762368
TIMM23	RP11-574K11.29	SRR19762368
NUDT3	RPS10	SRR19762368
IGLVI-70	IGL@-ext	SRR19762368
RP11-367G6.3	FAM65B	SRR19762792
SRSF1	DDX5	SRR19762792
PFKFB3	RP11-563J2.2	SRR19762792
LEPR	LEPROT	SRR19762792
KLF16	OAZ1	SRR19762792
TIMM23	PARGP1	SRR19762792
AC022182.1	CLVS1	SRR19762792
EIF5A	EIF4A1	SRR19762792
NUDT3	RPS10	SRR19762792
RP11-367G6.3	FAM65B	SRR19762490
LEPR	LEPROT	SRR19762490
TIMM23	PARGP1	SRR19762490
IGH-@-ext	MT-RNR2	SRR19762490
IGL-@-ext	ZNRD1-AS1	SRR19762490
RP11-367G6.3	FAM65B	SRR19762484
RP11-96H19.1	RP11-446N19.1	SRR19762484
PTP4A1	EEF1A1	SRR19762484
PFKFB3	RP11-563J2.2	SRR19762484
DOT1L	OAZ1	SRR19762484
EIF4A1	DDX5	SRR19762484
LEPR	LEPROT	SRR19762484
HMGN2	ACTB	SRR19762484
OAZ1	PTMA	SRR19762484
MIR155HG	JAM2	SRR19762484
TIMM23	PARGP1	SRR19762484
PTMA	ACTB	SRR19762484
SLC7A5	SMG1P1	SRR19762484
EIF5A	EIF4A1	SRR19762484
EIF4A1	PTMA	SRR19762484
BOLA2B	RP11-345J4.8	SRR19762769
RP11-367G6.3	FAM65B	SRR19762769
EIF4A1	ACTB	SRR19762769
NRIP1	AF127936.7	SRR19762769
LEPR	LEPROT	SRR19762769
SEPT7P2	PSPH	SRR19762769
RP11-155G15.2	RP11-1E3.1	SRR19762769
TIMM23	PARGP1	SRR19762769
PTMA	ACTB	SRR19762769
TIMM23	RP11-574K11.29	SRR19762769
EIF4A1	ACTB	SRR19762769
OAZ1	RAC2	SRR19762734
IGH-@-ext	RPLP0	SRR19762734
AOAH	ELMO1	SRR19762734
LEPR	LEPROT	SRR19762734
IGL-@-ext	MT-CO1	SRR19762734
BSG	SCO2	SRR19762734
BSG	SET	SRR19762734
B2M	AC013394.2	SRR19762734
RNF126	PTBP1	SRR19762734
YWHAE	CRK	SRR19762734
RP11-155G15.2	RP11-1E3.1	SRR19762734
B2M	IGH@-ext	SRR19762734
PVT1	MYC	SRR19762734
KANSL1	ARL17B	SRR19762734
POLE	PGAM5	SRR19762734
RP11-367G6.3	FAM65B	SRR19762734
LRRC8B	LRRC8C	SRR19762734
IGH@-ext	EEF1A1	SRR19762734
KLF16	OAZ1	SRR19762734
TIMM23	PARGP1	SRR19762734
IGH@-ext	MT-ATP8	SRR19762734
USP12	HMGB1	SRR19762734
LINC00623	RP11-403I13.8	SRR19762734
RP11-96H19.1	RP11-446N19.1	SRR19762734
PFKFB3	RP11-563J2.2	SRR19762734
DHRS4-AS1	NRL	SRR19762734
IGH@-ext	MT-RNR2	SRR19762734
HNRNPA2B1	HNRNPK	SRR19762734
BOLA2B	RP11-345J4.8	SRR19762885
TBC1D3F	NPEPPS	SRR19762885
LEPR	LEPROT	SRR19762885
WASH5P	AJ271736.10	SRR19762885
TIMM23	RP11-574K11.29	SRR19762885
RP11-505E24.2	CHSY1	SRR19762885
FAM132A	ALDOA	SRR19762885
SRSF1	DDX5	SRR19762885
BMS1	PARG	SRR19762885
RP11-367G6.3	FAM65B	SRR19762885
PTBP1	MED16	SRR19762885
CARKD	ING1	SRR19762885
KLF16	OAZ1	SRR19762885
TIMM23	PARGP1	SRR19762885
RPA3-AS1	GLCCI1	SRR19762885
PFKFB3	RP11-563J2.2	SRR19762885
RPS3	UBB	SRR19762885
KLHL36	USP10	SRR19762885
IGH-@-ext	MT-ND4	SRR19762885
RP11-316P17.2	RP5-1050E16.2	SRR19762885
C1ORF220	RP5-1098D14.1	SRR19762876
DOT1L	OAZ1	SRR19762876
LEPR	LEPROT	SRR19762876
RAB38	CTSC	SRR19762876
OAZ1	SETP14	SRR19762876
POLE	ANKLE2	SRR19762876
AC005062.2	MACC1	SRR19762876
IGH@-ext	MT-ATP6	SRR19762876
IGL-@-ext	B2M	SRR19762876
RP11-452H21.4	GAB2	SRR19762876
AL109761.5	CHODL	SRR19762876
C22orf34	SCO2	SRR19762876
RP11-367G6.3	FAM65B	SRR19762876
XPO6	RP11-449H11.1	SRR19762876
TIMM23	PARGP1	SRR19762876
IGH@-ext	MT-ND3	SRR19762876
RP11-96H19.1	RP11-446N19.1	SRR19762876
HLA-S	HLA-A	SRR19762876
EIF5A	EIF4A1	SRR19762876
EIF4A1	PTMA	SRR19762876
TCF3	OAZ1	SRR19762469
RP11-367G6.3	FAM65B	SRR19762469
IGL-@-ext	RP11-461O7.1	SRR19762469
PIM3	SCO2	SRR19762469
LEPR	LEPROT	SRR19762469
KLF16	OAZ1	SRR19762469
NCOR2	UBC	SRR19762469
TIMM23	PARGP1	SRR19762469
ZC3H3	EEF1D	SRR19762469
TIMM23	RP11-574K11.29	SRR19762469
DAZAP1	OAZ1	SRR19762469
EIF4A1	PTMA	SRR19762469
SBNO2	DAZAP1	SRR19762469
RP11-367G6.3	FAM65B	SRR19762729
NRIP1	AF127936.7	SRR19762729
POM121C	ZP3	SRR19762729
MAFK	ACTB	SRR19762729
LEPR	LEPROT	SRR19762729
RP6-206I17.1	RP11-403I13.8	SRR19762729
KLF16	OAZ1	SRR19762729
POLE	ANKLE2	SRR19762729
TIMM23	PARGP1	SRR19762729
TIMM23	RP11-574K11.29	SRR19762729
SEPT10	AC096669.1	SRR19762347
TPM4	PTMA	SRR19762347
DOT1L	OAZ1	SRR19762347
TPM4	ACTB	SRR19762347
POLE	ANKLE2	SRR19762347
BSG	ACTB	SRR19762347
IGH@-ext	MT-ATP6	SRR19762347
SBF1	SCO2	SRR19762347
RP11-155G15.2	RP11-1E3.1	SRR19762347
CFL1	PTMA	SRR19762347
CTC-786C10.1	RP11-680G10.1	SRR19762347
ADAP1	C7orf50	SRR19762347
RP11-367G6.3	FAM65B	SRR19762347
TIMM23	PARGP1	SRR19762347
NUTM2A-AS1	MINPP1	SRR19762347
AC092635.1	AC016730.1	SRR19762347
RP11-96H19.1	RP11-446N19.1	SRR19762347
EIF4A1	OAZ1	SRR19762347
BSG	PTBP1	SRR19762347
RP11-680G10.1	GSE1	SRR19762347
PTMA	ACTB	SRR19762347
DAZAP1	OAZ1	SRR19762347
KANSL1	ARL17B	SRR19762492
RP11-662M24.2	RIMBP2	SRR19762492
RP11-367G6.3	FAM65B	SRR19762492
RP11-96H19.1	RP11-446N19.1	SRR19762492
RP6-206I17.1	RP11-403I13.8	SRR19762492
RP11-155G15.2	RP11-1E3.1	SRR19762492
TIMM23	PARGP1	SRR19762492
POLE	ANKLE2	SRR19762492
C15orf57	CBX3	SRR19762492
IGH-@-ext	PTMA	SRR19762492
TCF3	OAZ1	SRR19762786
NFATC1	PQLC1	SRR19762786
LEPR	LEPROT	SRR19762786
TIMM23	RP11-574K11.29	SRR19762786
CYTH1	USP36	SRR19762786
TIMM23	AGAP6	SRR19762786
GARNL3	SET	SRR19762786
AKAP13	TRIM60	SRR19762786
B2M	SET	SRR19762786
FGF12	MB21D2	SRR19762786
RP11-33B1.1	PSPH	SRR19762786
PTP4A1	SYNCRIP	SRR19762786
RP11-367G6.3	FAM65B	SRR19762786
CNN2	PTMA	SRR19762786
KLF16	OAZ1	SRR19762786
TIMM23	PARGP1	SRR19762786
NUDT3	RPS10	SRR19762786
RP11-96H19.1	RP11-446N19.1	SRR19762786
EEF1A1	PABPC1	SRR19762786
EIF5A	EIF4A1	SRR19762786
SET	FNBP1	SRR19762190
RP11-662M24.2	RIMBP2	SRR19762190
RABL6	EDF1	SRR19762190
DOT1L	OAZ1	SRR19762190
LEPR	LEPROT	SRR19762190
OAZ1	PTMA	SRR19762190
RNF126	PTBP1	SRR19762190
AC005062.2	MACC1	SRR19762190
AKAP13	TRIM60	SRR19762190
RP11-155G15.2	RP11-1E3.1	SRR19762190
NCOR2	UBC	SRR19762190
SCAMP4	OAZ1	SRR19762190
RP11-367G6.3	FAM65B	SRR19762190
LMNB2	SGTA	SRR19762190
LRRC8B	LRRC8C	SRR19762190
KLF16	OAZ1	SRR19762190
TIMM23	PARGP1	SRR19762190
NUDT3	RPS10	SRR19762190
PFKFB3	RP11-563J2.2	SRR19762190
SETD1A	FUS	SRR19762190
G3BP2	CCNG2	SRR19762190
DAZAP1	OAZ1	SRR19762190
MT-ND6	RPL13A	SRR19762392
RP11-367G6.3	FAM65B	SRR19762392
SRSF1	DDX5	SRR19762392
PFKFB3	RP11-563J2.2	SRR19762392
KLHL36	USP10	SRR19762392
LEPR	LEPROT	SRR19762392
IGL-@-ext	MT-CO1	SRR19762392
IGH-@-ext	EEF1A1	SRR19762392
GAS6	IGH@-ext	SRR19762392
KLF16	OAZ1	SRR19762392
TIMM23	PARGP1	SRR19762392
IGH-@-ext	MT-RNR2	SRR19762392
PIM3	SCO2	SRR19762392
IGLVI-70	IGL@-ext	SRR19762392
RP11-367G6.3	FAM65B	SRR19762204
IGKV2-26	AC096579.7	SRR19762204
LEPR	LEPROT	SRR19762204
RP11-155G15.2	RP11-1E3.1	SRR19762204
TIMM23	PARGP1	SRR19762204
TIMM23	RP11-574K11.29	SRR19762204
EIF5A	EIF4A1	SRR19762204
AC005062.2	MACC1	SRR19762204
DOT1L	OAZ1	SRR19762299
LEPR	LEPROT	SRR19762299
EIF4G2	PTMA	SRR19762299
RNF126	PTBP1	SRR19762299
FUS	ACTB	SRR19762299
SRSF1	DDX5	SRR19762299
MAFK	ACTB	SRR19762299
NCOR2	UBC	SRR19762299
IGLVI-70	IGL@-ext	SRR19762299
GLB1L2	MUM1	SRR19762299
EIF4A1	SET	SRR19762299
RP11-367G6.3	FAM65B	SRR19762299
KANSL1	ARL17A	SRR19762299
RP6-206I17.1	RP11-403I13.8	SRR19762299
TIMM23	PARGP1	SRR19762299
RP11-120D5.1	MID1	SRR19762299
RP11-96H19.1	RP11-446N19.1	SRR19762299
ZEB1	ACTB	SRR19762299
PFKFB3	RP11-563J2.2	SRR19762299
EIF5A	EIF4A1	SRR19762299
EIF4A1	PTMA	SRR19762299
RP11-662M24.2	RIMBP2	SRR19762426
RPA3-AS1	GLCCI1	SRR19762426
RP11-367G6.3	FAM65B	SRR19762426
NRIP1	AF127936.7	SRR19762426
DOT1L	OAZ1	SRR19762426
RP6-206I17.1	RP11-403I13.8	SRR19762426
LEPR	LEPROT	SRR19762426
KLF16	OAZ1	SRR19762426
HLA-S	HLA-A	SRR19762426
TIMM23	PARGP1	SRR19762426
EIF5A	EIF4A1	SRR19762426
IGH-@-ext	PTMA	SRR19762426
SET	FNBP1	SRR19762687
LEPR	LEPROT	SRR19762687
OAZ1	PTMA	SRR19762687
POLE	ANKLE2	SRR19762687
IGH-@-ext	PTMA	SRR19762687
TMC6	PTMA	SRR19762687
SRSF1	DDX5	SRR19762687
TPM4	KLF2	SRR19762687
PTP4A1	EEF1A1	SRR19762687
SEPT7P2	PSPH	SRR19762687
NCOR2	UBC	SRR19762687
ZC3H3	EEF1D	SRR19762687
MIR155HG	JAM2	SRR19762687
RP11-367G6.3	FAM65B	SRR19762687
SLC7A5	RP11-347C12.2	SRR19762687
BSG	RNF126	SRR19762687
KLF16	OAZ1	SRR19762687
TIMM23	PARGP1	SRR19762687
USP12	HMGB1	SRR19762687
YAF2	RYBP	SRR19762687
PFKFB3	RP11-563J2.2	SRR19762687
SET	FNBP1	SRR19762526
TCF3	OAZ1	SRR19762526
KLF16	CSNK1G2	SRR19762526
LEPR	LEPROT	SRR19762526
POLE	ANKLE2	SRR19762526
RNF126	PTBP1	SRR19762526
AC005062.2	MACC1	SRR19762526
WAC	ZEB1	SRR19762526
YWHAE	CRK	SRR19762526
SRSF1	DDX5	SRR19762526
YWHAE	PITPNA	SRR19762526
RP11-367G6.3	FAM65B	SRR19762526
NRIP1	AF127936.7	SRR19762526
RP6-206I17.1	RP11-403I13.8	SRR19762526
KLF16	OAZ1	SRR19762526
TIMM23	PARGP1	SRR19762526
USP12	HMGB1	SRR19762526
PFKFB3	RP11-563J2.2	SRR19762526
SETD1A	FUS	SRR19762526
EIF5A	EIF4A1	SRR19762526
DAZAP1	OAZ1	SRR19762526
SUZ12P	CRLF3	SRR19762526
RP11-96H19.1	RP11-446N19.1	SRR19762482
LEPR	LEPROT	SRR19762482
AC034193.5	TMCC1-AS1	SRR19762482
BRD1	PIM3	SRR19762482
RP11-155G15.2	RP11-1E3.1	SRR19762482
KLF16	OAZ1	SRR19762482
TIMM23	PARGP1	SRR19762482
C15orf57	CBX3	SRR19762482
RP11-505E24.2	CHSY1	SRR19762482
RP11-662M24.2	RIMBP2	SRR19762301
AKAP13	TRIM60	SRR19762301
RP11-367G6.3	FAM65B	SRR19762301
KANSL1	ARL17A	SRR19762301
PFKFB3	RP11-563J2.2	SRR19762301
LEPR	LEPROT	SRR19762301
KLF16	OAZ1	SRR19762301
TIMM23	PARGP1	SRR19762301
RP11-662M24.2	RIMBP2	SRR19762642
RP11-434C1.1	ETV6	SRR19762642
RCC1	EEF1D	SRR19762642
SLC5A3	AP000318.2	SRR19762642
LEPR	LEPROT	SRR19762642
DDX5	IRF4	SRR19762642
RP11-14D22.2	PRICKLE2	SRR19762642
MT-ND6	RPL13A	SRR19762642
PRKCH	RP11-47I22.3	SRR19762642
BCKDHB	RP11-250B2.3	SRR19762642
RP11-155G15.2	RP11-1E3.1	SRR19762642
CTC-786C10.1	RP11-680G10.1	SRR19762642
IGH-@-ext	MT-CO3	SRR19762642
RP11-367G6.3	FAM65B	SRR19762642
BOLA2B	RP11-347C12.2	SRR19762642
NRIP1	AF127936.7	SRR19762642
RP11-426C22.5	SNX29P2	SRR19762642
TIMM23	PARGP1	SRR19762642
RP11-313P13.3	CCDC146	SRR19762642
RPA3-AS1	GLCCI1	SRR19762642
RP11-96H19.1	RP11-446N19.1	SRR19762642
PFKFB3	RP11-563J2.2	SRR19762642
RP11-680G10.1	GSE1	SRR19762642
TIMM23	AGAP6	SRR19762941
IRF4	ACTB	SRR19762941
RP11-367G6.3	FAM65B	SRR19762941
KANSL1	ARL17A	SRR19762941
EIF4A1	DDX5	SRR19762941
PIM3	SCO2	SRR19762941
LEPR	LEPROT	SRR19762941
KLHL36	USP10	SRR19762941
RP11-155G15.2	RP11-1E3.1	SRR19762941
RAB38	CTSC	SRR19762941
NCOR2	UBC	SRR19762941
TIMM23	PARGP1	SRR19762941
LINC00623	RP11-403I13.7	SRR19762941
C5orf56	RAD50	SRR19762941
KLF16	OAZ1	SRR19762941
TIMM23	RP11-574K11.29	SRR19762941
ZEB1	PTMA	SRR19762941
BOLA2B	RP11-345J4.8	SRR19762390
IGH-@-ext	ACTB	SRR19762390
SRSF1	DDX5	SRR19762390
RP6-206I17.1	RP11-403I13.8	SRR19762390
LEPR	LEPROT	SRR19762390
RP11-745L13.2	RPL7AP28	SRR19762390
TIMM23	PARGP1	SRR19762390
C5orf56	RAD50	SRR19762390
AC005062.2	MACC1	SRR19762390
KANSL1	ARL17B	SRR19762512
POLE	FUS	SRR19762512
AC131097.3	AC093642.5	SRR19762512
RP11-367G6.3	FAM65B	SRR19762512
RP11-96H19.1	RP11-446N19.1	SRR19762512
RP11-155G15.2	RP11-1E3.1	SRR19762512
POLE	ANKLE2	SRR19762512
TIMM23	PARGP1	SRR19762512
HLA-S	HLA-A	SRR19762512
TIMM23	RP11-574K11.29	SRR19762512
TMC6	TFEB	SRR19762433
LEPR	LEPROT	SRR19762433
AKAP13	AC013394.2	SRR19762433
TIMM23	RP11-574K11.29	SRR19762433
SRSF1	DDX5	SRR19762433
BCKDHB	RP11-250B2.3	SRR19762433
USP22	RN7SL5P	SRR19762433
IGLVI-70	IGL@-ext	SRR19762433
USP22	RN7SL2	SRR19762433
RP11-367G6.3	FAM65B	SRR19762433
KANSL1	ARL17A	SRR19762433
TIMM23B	PARGP1	SRR19762433
CDKN1A	SET	SRR19762433
KLF16	OAZ1	SRR19762433
NUDT3	RPS10	SRR19762433
RP11-120D5.1	MID1	SRR19762433
RPA3-AS1	GLCCI1	SRR19762433
YAF2	RYBP	SRR19762433
IGH-@-ext	EIF4B	SRR19762433
EIF5A	EIF4A1	SRR19762433
EIF5A	ACTB	SRR19762590
CFL1	ACTB	SRR19762590
PTMA	BOP1	SRR19762590
LEPR	LEPROT	SRR19762590
AKAP13	AC013394.2	SRR19762590
IGH-@-ext	PTMA	SRR19762590
PTMA	ACTB	SRR19762590
ACTB	RNF216	SRR19762590
OAZ1	SET	SRR19762590
MAFK	ACTB	SRR19762590
HMGN2	ACTB	SRR19762590
C15orf57	CBX3	SRR19762590
ZC3H3	EEF1D	SRR19762590
IGH-@-ext	COL13A1	SRR19762590
IGLVI-70	IGL@-ext	SRR19762590
SREBF2	ACTB	SRR19762590
RP11-367G6.3	FAM65B	SRR19762590
IGL-@-ext	HLA-B	SRR19762590
KLF16	OAZ1	SRR19762590
TIMM23	PARGP1	SRR19762590
ZNF276	BSG	SRR19762590
EIF4A1	ACTB	SRR19762590
LINC00623	RP11-403I13.8	SRR19762590
RP11-96H19.1	RP11-446N19.1	SRR19762590
SETD1A	FUS	SRR19762590
OAZ1	ACTB	SRR19762590
HLA-S	HLA-A	SRR19762590
PTMA	ACTB	SRR19762590
EIF5A	EIF4A1	SRR19762590
RPA3-AS1	GLCCI1	SRR19762224
RP11-367G6.3	FAM65B	SRR19762224
RP11-96H19.1	RP11-446N19.1	SRR19762224
POLR2E	PTMA	SRR19762224
EIF4A1	DDX5	SRR19762224
LEPR	LEPROT	SRR19762224
MAFK	ACTB	SRR19762224
OAZ1	PTMA	SRR19762224
RP11-155G15.2	RP11-1E3.1	SRR19762224
KLF16	OAZ1	SRR19762224
POLE	ANKLE2	SRR19762224
TIMM23	PARGP1	SRR19762224
TIMM23	RP11-574K11.29	SRR19762224
RP11-305P22.9	DAZAP1	SRR19762224
CYTH1	USP36	SRR19762224
ACTB	FSCN1	SRR19762832
ZEB1	HNRNPF	SRR19762832
RP11-662M24.2	RIMBP2	SRR19762832
AKAP13	TRIM60	SRR19762832
RP11-367G6.3	FAM65B	SRR19762832
MAFK	ACTB	SRR19762832
LEPR	LEPROT	SRR19762832
KLF16	OAZ1	SRR19762832
HLA-S	HLA-A	SRR19762832
TIMM23	PARGP1	SRR19762832
DAZAP1	OAZ1	SRR19762832
RP11-33B1.1	PSPH	SRR19762625
ZEB1	HNRNPF	SRR19762625
WAC	ZEB1	SRR19762625
BMI1	ZEB1	SRR19762625
YWHAE	CRK	SRR19762625
RP11-367G6.3	FAM65B	SRR19762625
SRSF1	DDX5	SRR19762625
LEPR	LEPROT	SRR19762625
IGL-@-ext	MT-RNR2	SRR19762625
IGL-@-ext	MT-CO1	SRR19762625
TIMM23	PARGP1	SRR19762625
EIF5A	EIF4A1	SRR19762625
ACTB	FSCN1	SRR19762611
LINC00623	RP11-403I13.8	SRR19762611
RP11-662M24.2	RIMBP2	SRR19762611
RP11-367G6.3	FAM65B	SRR19762611
BOLA2B	RP11-347C12.2	SRR19762611
LEPR	LEPROT	SRR19762611
RP11-155G15.2	RP11-1E3.1	SRR19762611
TIMM23	PARGP1	SRR19762611
PTMA	ACTB	SRR19762611
RP11-141M1.3	STARD13	SRR19762611
TIMM23	RP11-574K11.29	SRR19762611
EIF5A	EIF4A1	SRR19762611
IGH-@-ext	PTMA	SRR19762611
AKAP13	TRIM60	SRR19762911
RP11-367G6.3	FAM65B	SRR19762911
LEPR	LEPROT	SRR19762911
KLF16	OAZ1	SRR19762911
TIMM23	PARGP1	SRR19762911
GUSBP2	GTF2H2C	SRR19762911
TIMM23	RP11-574K11.29	SRR19762911
EIF5A	EIF4A1	SRR19762911
IGLVI-70	IGL@-ext	SRR19762911
KANSL1	ARL17B	SRR19762872
RP11-367G6.3	FAM65B	SRR19762872
NRIP1	AF127936.7	SRR19762872
TIMM23B	PARGP1	SRR19762872
RP6-206I17.1	RP11-403I13.8	SRR19762872
KLF16	OAZ1	SRR19762872
TIMM23	RP11-574K11.29	SRR19762872
LEPR	LEPROT	SRR19762942
IGL-@-ext	MT-CO1	SRR19762942
IGH-@-ext	PTMA	SRR19762942
IGH@-ext	MT-ATP6	SRR19762942
IGH@-ext	MT-CO3	SRR19762942
IGL-@-ext	B2M	SRR19762942
RP13-188A5.1	RRAGB	SRR19762942
IGH@-ext	MT-ND2	SRR19762942
IGLVI-70	IGL@-ext	SRR19762942
IGH-@-ext	MT-CO3	SRR19762942
RP11-367G6.3	FAM65B	SRR19762942
IGL-@-ext	ECI1	SRR19762942
AC096579.7	IGH@-ext	SRR19762942
RP11-426C22.5	SNX29P2	SRR19762942
IGH-@-ext	AC096579.7	SRR19762942
TIMM23	PARGP1	SRR19762942
IGH@-ext	MT-ND4	SRR19762942
PTCHD2	IGL@-ext	SRR19762942
IGH-@-ext	SLC25A6	SRR19762942
IGL-@-ext	ACTG1	SRR19762942
RP11-96H19.1	RP11-446N19.1	SRR19762942
PFKFB3	RP11-563J2.2	SRR19762942
IGH-@-ext	MT-ND4	SRR19762942
IGL-@-ext	EEF1A1	SRR19762942
IGH@-ext	MT-RNR2	SRR19762942
IGH-@-ext	MT-ATP6	SRR19762942
IGL-@-ext	RPL13A	SRR19762942
EIF5A	EIF4A1	SRR19762942
ZEB1	HNRNPF	SRR19762608
LINC00623	RP11-403I13.8	SRR19762608
ACAD10	MAPKAPK5	SRR19762608
RP11-367G6.3	FAM65B	SRR19762608
AC005062.2	MACC1	SRR19762608
LEPR	LEPROT	SRR19762608
LINC00623	RP11-403I13.7	SRR19762608
TIMM23	PARGP1	SRR19762608
IGH-@-ext	PKM	SRR19762608
VTI1A	RP11-57H14.3	SRR19762608
TIMM23	RP11-574K11.29	SRR19762608
IGLVI-70	IGL@-ext	SRR19762608
ACTB	FSCN1	SRR19762820
TNFSF9	RN7SL2	SRR19762820
RP11-367G6.3	FAM65B	SRR19762820
YAF2	RYBP	SRR19762820
OAZ1	PTMA	SRR19762820
RP11-155G15.2	RP11-1E3.1	SRR19762820
TIMM23	PARGP1	SRR19762820
PTMA	ACTB	SRR19762820
TIMM23	RP11-574K11.29	SRR19762820
EIF4A1	PTMA	SRR19762820
IGLVI-70	IGL@-ext	SRR19762820
IGH-@-ext	PTMA	SRR19762776
RP11-367G6.3	FAM65B	SRR19762776
RP11-96H19.1	RP11-446N19.1	SRR19762776
PFKFB3	RP11-563J2.2	SRR19762776
SAMD10	ACTB	SRR19762776
LEPR	LEPROT	SRR19762776
TIMM23	PARGP1	SRR19762776
VTI1A	RP11-57H14.3	SRR19762776
NUDT3	RPS10	SRR19762776
PIM3	SCO2	SRR19762776
PTMA	ACTB	SRR19762776
IGH-@-ext	MT-CO3	SRR19762546
OAZ1	SET	SRR19762546
BOLA2B	RP11-345J4.8	SRR19762546
RP11-367G6.3	FAM65B	SRR19762546
TPM4	KLF2	SRR19762546
PFKFB3	RP11-563J2.2	SRR19762546
ACTG1	FASN	SRR19762546
LEPR	LEPROT	SRR19762546
SF1	YWHAE	SRR19762546
OAZ1	PTMA	SRR19762546
HMGN2	SET	SRR19762546
TIMM23	PARGP1	SRR19762546
CTC-786C10.1	RP11-680G10.1	SRR19762546
RP11-444D3.1	SOX5	SRR19762546
NUDT3	RPS10	SRR19762546
ACTB	FSCN1	SRR19762719
LINC00623	RP11-403I13.8	SRR19762719
KRI1	CDKN2D	SRR19762719
RP11-367G6.3	FAM65B	SRR19762719
NRIP1	AF127936.7	SRR19762719
RP11-96H19.1	RP11-446N19.1	SRR19762719
LRRC8B	LRRC8C	SRR19762719
PFKFB3	RP11-563J2.2	SRR19762719
POM121C	ZP3	SRR19762719
SRGAP3	RP11-380O24.1	SRR19762719
LEPR	LEPROT	SRR19762719
SEPT7P2	PSPH	SRR19762719
TIMM23	PARGP1	SRR19762719
SLC7A5	SMG1P1	SRR19762719
CSNK1G2	OAZ1	SRR19762719
TIMM23	RP11-574K11.29	SRR19762719
EIF5A	EIF4A1	SRR19762719
C1ORF220	RP5-1098D14.1	SRR19762232
KLF16	CSNK1G2	SRR19762232
SRSF1	DDX5	SRR19762232
KANSL1	ARL17A	SRR19762232
IGL-@-ext	AC096579.7	SRR19762232
LEPR	LEPROT	SRR19762232
FBXO9	IGH@-ext	SRR19762232
SEPT7P2	PSPH	SRR19762232
MAFK	ACTB	SRR19762232
TIMM23	PARGP1	SRR19762232
OAZ1	LMNB2	SRR19762232
ACTB	FSCN1	SRR19762692
LINC00623	RP11-403I13.8	SRR19762692
RP11-662M24.2	RIMBP2	SRR19762692
RP11-367G6.3	FAM65B	SRR19762692
HMGN2	PTMA	SRR19762692
KANSL1	ARL17A	SRR19762692
LEPR	LEPROT	SRR19762692
TIMM23	PARGP1	SRR19762692
RPL21P122	IGH-@-ext	SRR19762692
RP11-662M24.2	RIMBP2	SRR19762467
AC007879.5	AC007879.2	SRR19762467
TCF3	OAZ1	SRR19762467
EIF4A1	IRF4	SRR19762467
BOLA2B	RP11-345J4.8	SRR19762467
LEPR	LEPROT	SRR19762467
IGKV1D-27	AC096579.7	SRR19762467
WAC	ZEB1	SRR19762467
YWHAE	CRK	SRR19762467
PTP4A1	EEF1A1	SRR19762467
RP11-155G15.2	RP11-1E3.1	SRR19762467
EEF1A1	SYNCRIP	SRR19762467
RP11-367G6.3	FAM65B	SRR19762467
KLF16	OAZ1	SRR19762467
TIMM23	PARGP1	SRR19762467
KLF10	AZIN1	SRR19762467
USP12	HMGB1	SRR19762467
EIF4A1	FASN	SRR19762467
CPSF6	IRF4	SRR19762467
RP11-96H19.1	RP11-446N19.1	SRR19762467
OAZ1	IRF4	SRR19762467
PFKFB3	RP11-563J2.2	SRR19762467
KLHL36	USP10	SRR19762467
CSNK1G2	OAZ1	SRR19762467
UBE2I	UNKL	SRR19762467
EIF5A	EIF4A1	SRR19762467
SUZ12P	CRLF3	SRR19762467
RAB2A	KCNS2	SRR19762691
USP12	HMGB1	SRR19762691
RP11-367G6.3	FAM65B	SRR19762691
BOLA2B	RP11-345J4.8	SRR19762691
NRIP1	AF127936.7	SRR19762691
TPM4	KLF2	SRR19762691
SRSF1	DDX5	SRR19762691
RP6-206I17.1	RP11-403I13.8	SRR19762691
LEPR	LEPROT	SRR19762691
RP11-155G15.2	RP11-1E3.1	SRR19762691
KLF16	OAZ1	SRR19762691
TIMM23	PARGP1	SRR19762691
AC022182.1	CLVS1	SRR19762691
HP1BP3	EIF4G3	SRR19762691
TIMM23	RP11-574K11.29	SRR19762691
PIM3	SCO2	SRR19762691
RP11-367G6.3	FAM65B	SRR19762774
NSF	LRRC37A3	SRR19762774
PFKFB3	RP11-563J2.2	SRR19762774
TPM4	ACTB	SRR19762774
LEPR	LEPROT	SRR19762774
BSG	RNF126	SRR19762774
IGH-@-ext	AC096579.7	SRR19762774
RP11-155G15.2	RP11-1E3.1	SRR19762774
TIMM23	PARGP1	SRR19762774
POLE	ANKLE2	SRR19762774
IGH-@-ext	MT-RNR2	SRR19762774
ZC3H3	EEF1D	SRR19762774
TIMM23	RP11-574K11.29	SRR19762774
CFL1	SET	SRR19762829
RP11-367G6.3	FAM65B	SRR19762829
SRSF1	DDX5	SRR19762829
KANSL1	ARL17A	SRR19762829
TPM4	PTMA	SRR19762829
LEPR	LEPROT	SRR19762829
KLF16	OAZ1	SRR19762829
IGH-@-ext	AC096579.7	SRR19762829
TIMM23	PARGP1	SRR19762829
PTMA	ACTB	SRR19762829
VTI1A	RP11-57H14.3	SRR19762829
GPR128	TFG	SRR19762349
RP11-367G6.3	FAM65B	SRR19762349
RP11-96H19.1	RP11-446N19.1	SRR19762349
DOT1L	OAZ1	SRR19762349
LEPR	LEPROT	SRR19762349
KLHL36	USP10	SRR19762349
SEPT7P2	PSPH	SRR19762349
BCKDHB	RP11-250B2.3	SRR19762349
KLF16	OAZ1	SRR19762349
TIMM23	PARGP1	SRR19762349
POLE	ANKLE2	SRR19762349
TIMM23	RP11-574K11.29	SRR19762349
IGLVI-70	IGL@-ext	SRR19762349
SET	FNBP1	SRR19762564
TCF3	OAZ1	SRR19762564
AC007879.5	AC007879.2	SRR19762564
RP11-367G6.3	FAM65B	SRR19762564
RP11-353N4.6	RP11-403I13.8	SRR19762564
RP11-96H19.1	RP11-446N19.1	SRR19762564
SEP15	HS2ST1	SRR19762564
PFKFB3	RP11-563J2.2	SRR19762564
LEPR	LEPROT	SRR19762564
TIMM23	PARGP1	SRR19762564
PTMA	SIK1	SRR19762564
PTMA	ACTB	SRR19762564
TIMM23	RP11-574K11.29	SRR19762564
EIF5A	EIF4A1	SRR19762564
EIF4A1	PTMA	SRR19762564
RP11-33B1.1	PSPH	SRR19762541
LINC00623	RP11-403I13.8	SRR19762541
RP11-662M24.2	RIMBP2	SRR19762541
DOT1L	OAZ1	SRR19762541
TIMM23	PARGP1	SRR19762541
HLA-S	HLA-A	SRR19762541
IGLVI-70	IGL@-ext	SRR19762541
RAB2A	KCNS2	SRR19762251
LINC00623	RP11-403I13.8	SRR19762251
RP11-367G6.3	FAM65B	SRR19762251
TIMM23B	PARGP1	SRR19762251
KANSL1	ARL17A	SRR19762251
RP11-353N4.6	RP11-403I13.7	SRR19762251
EXOSC3	SLC25A51	SRR19762251
LEPR	LEPROT	SRR19762251
KLHL36	USP10	SRR19762251
KLF16	OAZ1	SRR19762251
EIF5A	EIF4A1	SRR19762251
RP11-662M24.2	RIMBP2	SRR19762690
PRKCH	RP11-47I22.3	SRR19762690
RP11-367G6.3	FAM65B	SRR19762690
RP11-96H19.1	RP11-446N19.1	SRR19762690
LEPR	LEPROT	SRR19762690
SLC25A18	BCL2L13	SRR19762690
RP11-155G15.2	RP11-1E3.1	SRR19762690
BSG	RNF126	SRR19762690
TIMM23	PARGP1	SRR19762690
NCOR2	UBC	SRR19762690
BMS1	PARG	SRR19762690
KLF16	OAZ1	SRR19762690
TIMM23	RP11-574K11.29	SRR19762690
RAB2A	KCNS2	SRR19762657
IRF4	ACTB	SRR19762657
LEPR	LEPROT	SRR19762657
SLAMF1	CERS6	SRR19762657
OAZ1	PTMA	SRR19762657
TIMM23	RP11-574K11.29	SRR19762657
KANSL1	ARL17B	SRR19762657
IGKV2-18	AC096579.7	SRR19762657
RP11-367G6.3	FAM65B	SRR19762657
KLF16	OAZ1	SRR19762657
TIMM23	PARGP1	SRR19762657
NUTM2A-AS1	MINPP1	SRR19762657
ACTB	FSCN1	SRR19762657
LINC00623	RP11-403I13.8	SRR19762657
RP11-96H19.1	RP11-446N19.1	SRR19762657
ZEB1	ACTB	SRR19762657
PTMA	IRF4	SRR19762657
HNRNPAB	HNRNPH1	SRR19762657
OAZ1	ACTB	SRR19762657
PTMA	ACTB	SRR19762657
RNF126	PTBP1	SRR19762657
USP12	HMGB1	SRR19762323
RP11-367G6.3	FAM65B	SRR19762323
PFKFB3	RP11-563J2.2	SRR19762323
MAFK	ACTB	SRR19762323
LEPR	LEPROT	SRR19762323
HLA-S	HLA-A	SRR19762323
TIMM23	PARGP1	SRR19762323
EIF5A	EIF4A1	SRR19762323
EIF4A1	ACTB	SRR19762323
LINC00623	RP11-403I13.8	SRR19762833
RP11-662M24.2	RIMBP2	SRR19762833
AKAP13	TRIM60	SRR19762833
RP11-367G6.3	FAM65B	SRR19762833
RP11-96H19.1	RP11-446N19.1	SRR19762833
KANSL1	ARL17A	SRR19762833
POM121C	ZP3	SRR19762833
LEPR	LEPROT	SRR19762833
BCKDHB	RP11-250B2.3	SRR19762833
BSG	RNF126	SRR19762833
RP11-426C22.5	SNX29P2	SRR19762833
RP11-155G15.2	RP11-1E3.1	SRR19762833
TIMM23	PARGP1	SRR19762833
KLF16	OAZ1	SRR19762833
ZC3H3	EEF1D	SRR19762833
TIMM23	RP11-574K11.29	SRR19762833
IGLVI-70	IGL@-ext	SRR19762833
BOLA2B	RP11-345J4.8	SRR19762447
RP11-367G6.3	FAM65B	SRR19762447
NRIP1	AF127936.7	SRR19762447
LEPR	LEPROT	SRR19762447
TIMM23	PARGP1	SRR19762447
HLA-S	HLA-A	SRR19762447
TIMM23	RP11-574K11.29	SRR19762447
WDR34	IGH@-ext	SRR19762757
LINC00623	RP11-403I13.8	SRR19762757
YWHAE	CRK	SRR19762757
RP11-367G6.3	FAM65B	SRR19762757
NRIP1	AF127936.7	SRR19762757
RP11-96H19.1	RP11-446N19.1	SRR19762757
KANSL1	ARL17A	SRR19762757
FUS	AC013394.2	SRR19762757
LEPR	LEPROT	SRR19762757
EEF1DP3	FRY	SRR19762757
SEPT7P2	PSPH	SRR19762757
RP11-155G15.2	RP11-1E3.1	SRR19762757
TIMM23	PARGP1	SRR19762757
AKAP13	AC013394.2	SRR19762757
CSNK1G2	OAZ1	SRR19762757
EIF5A	EIF4A1	SRR19762757
ACTB	SET	SRR19762757
SERPINB9	RIPK1	SRR19762757
IGH-@-ext	ACADVL	SRR19762847
IGL-@-ext	RPS16	SRR19762847
LEPR	LEPROT	SRR19762847
IGL-@-ext	MT-CO1	SRR19762847
TIMM23	RP11-574K11.29	SRR19762847
TPM4	KLF2	SRR19762847
IGLVI-70	IGL@-ext	SRR19762847
RP11-367G6.3	FAM65B	SRR19762847
IGL-@-ext	RPL8	SRR19762847
KLF16	OAZ1	SRR19762847
TIMM23	PARGP1	SRR19762847
IGH@-ext	MT-ATP8	SRR19762847
EIF4A1	ACTB	SRR19762847
IGL-@-ext	HSP90B1	SRR19762847
SETD1A	FUS	SRR19762847
IGH-@-ext	MT-ND4	SRR19762847
PTMA	ACTB	SRR19762847
IGL-@-ext	RPL13A	SRR19762847
EIF5A	EIF4A1	SRR19762847
EIF4A1	PTMA	SRR19762847
ACTB	FSCN1	SRR19762263
SIK1	ACTB	SRR19762263
RP11-367G6.3	FAM65B	SRR19762263
DOT1L	OAZ1	SRR19762263
PFKFB3	RP11-563J2.2	SRR19762263
LEPR	LEPROT	SRR19762263
SEPT7P2	PSPH	SRR19762263
OAZ1	PTMA	SRR19762263
OAZ1	ACTB	SRR19762263
TIMM23	PARGP1	SRR19762263
PTMA	ACTB	SRR19762263
ZC3H3	EEF1D	SRR19762263
EIF5A	EIF4A1	SRR19762263
SUZ12P	CRLF3	SRR19762263
ACTB	FSCN1	SRR19762846
FAM60A	PTP4A1	SRR19762846
PTMA	ACTB	SRR19762846
BOLA2B	RP11-345J4.8	SRR19762846
PTMA	IRF4	SRR19762846
PFKFB3	RP11-563J2.2	SRR19762846
RP11-15J10.3	AC096579.7	SRR19762846
RP6-206I17.1	RP11-403I13.8	SRR19762846
MAFK	ACTB	SRR19762846
SEPT7P2	PSPH	SRR19762846
TIMM23	PARGP1	SRR19762846
PTMA	ACTB	SRR19762846
BMS1	PARG	SRR19762846
GEMIN4	YWHAE	SRR19762846
IGLVI-70	IGL@-ext	SRR19762846
IGH-@-ext	HECTD4	SRR19762523
RP11-367G6.3	FAM65B	SRR19762523
RP11-96H19.1	RP11-446N19.1	SRR19762523
KANSL1	ARL17A	SRR19762523
LEPR	LEPROT	SRR19762523
TIMM23	PARGP1	SRR19762523
IGH@-ext	SPTLC3	SRR19762523
EIF5A	EIF4A1	SRR19762523
IGLVI-70	IGL@-ext	SRR19762523
RP11-662M24.2	RIMBP2	SRR19762737
TCF3	OAZ1	SRR19762737
IGH-@-ext	RN7SL109P	SRR19762737
VPS33A	CLIP1	SRR19762737
LEPR	LEPROT	SRR19762737
TIMM23	PARGP1	SRR19762737
EIF5A	EIF4A1	SRR19762737
AC005062.2	MACC1	SRR19762737
RAB2A	KCNS2	SRR19762629
CCDC23	UBC	SRR19762629
RP11-367G6.3	FAM65B	SRR19762629
BOLA2B	RP11-347C12.2	SRR19762629
SRSF1	DDX5	SRR19762629
LEPR	LEPROT	SRR19762629
BCKDHB	RP11-250B2.3	SRR19762629
RP11-155G15.2	RP11-1E3.1	SRR19762629
KLF16	OAZ1	SRR19762629
NUDT3	RPS10	SRR19762629
TIMM23	PARGP1	SRR19762629
IGL-@-ext	BANP	SRR19762629
TIMM23	RP11-574K11.29	SRR19762629
EIF5A	EIF4A1	SRR19762629
CELF2	EVL	SRR19762629
RP11-33B1.1	PSPH	SRR19762868
PTMA	BOP1	SRR19762868
RP11-367G6.3	FAM65B	SRR19762868
RABL6	EDF1	SRR19762868
VTI1A	RP11-57H14.3	SRR19762868
LEPR	LEPROT	SRR19762868
TRBJ2-7	TRBC2	SRR19762868
KLF16	OAZ1	SRR19762868
TIMM23	PARGP1	SRR19762868
PTMA	ACTB	SRR19762868
RP11-508M8.1	IGL@-ext	SRR19762868
EIF5A	EIF4A1	SRR19762868
IGLVI-70	IGL@-ext	SRR19762868
RAB2A	KCNS2	SRR19762708
MT-CO1	IGH@-ext	SRR19762708
LEPR	LEPROT	SRR19762708
CDK17	UBC	SRR19762708
IGH-@-ext	ARL4D	SRR19762708
TIMM23	RP11-574K11.29	SRR19762708
ACTB	RNF216	SRR19762708
NCOR2	UBC	SRR19762708
MIR155HG	JAM2	SRR19762708
RP11-367G6.3	FAM65B	SRR19762708
IGH-@-ext	ACTB	SRR19762708
SRGAP3	RP11-380O24.1	SRR19762708
TIMM23	PARGP1	SRR19762708
EIF4A1	DDX5	SRR19762708
RP11-120D5.1	MID1	SRR19762708
IGH-@-ext	RPL13A	SRR19762708
RP11-96H19.1	RP11-446N19.1	SRR19762708
UBL7	EEF2	SRR19762708
IGL-@-ext	RPS2P5	SRR19762708
PTMA	ACTB	SRR19762708
BOLA2B	RP11-345J4.8	SRR19762485
RP11-96H19.1	RP11-446N19.1	SRR19762485
RP11-367G6.3	FAM65B	SRR19762485
PFKFB3	RP11-563J2.2	SRR19762485
LEPR	LEPROT	SRR19762485
RP11-155G15.2	RP11-1E3.1	SRR19762485
HLA-B	HLA-S	SRR19762485
LINC00623	RP11-403I13.7	SRR19762485
TIMM23	PARGP1	SRR19762485
IGKV2-18	AC096579.7	SRR19762394
C22orf34	SCO2	SRR19762394
RP11-367G6.3	FAM65B	SRR19762394
IGL-@-ext	RPL8	SRR19762394
IGH-@-ext	NFIX	SRR19762394
LEPR	LEPROT	SRR19762394
IRF4	EEF1A1	SRR19762394
IGH-@-ext	TMSB4X	SRR19762394
IGH-@-ext	MT-CO2	SRR19762394
TIMM23	PARGP1	SRR19762394
POLE	ANKLE2	SRR19762394
IGH-@-ext	ITGB2	SRR19762394
TIMM23	RP11-574K11.29	SRR19762394
EIF5A	EIF4A1	SRR19762394
RPA3-AS1	GLCCI1	SRR19762298
RP11-367G6.3	FAM65B	SRR19762298
RP11-96H19.1	RP11-446N19.1	SRR19762298
SUB1	NPR3	SRR19762298
KANSL1	ARL17A	SRR19762298
PFKFB3	RP11-563J2.2	SRR19762298
RP6-206I17.1	RP11-403I13.8	SRR19762298
POM121C	ZP3	SRR19762298
LEPR	LEPROT	SRR19762298
RP11-81H14.2	MDM1	SRR19762298
DOT1L	OAZ1	SRR19762298
SRSF1	DDX5	SRR19762298
KLF16	OAZ1	SRR19762298
NCOR2	UBC	SRR19762298
TIMM23	PARGP1	SRR19762298
ITM2C	PTMA	SRR19762298
VTI1A	RP11-57H14.3	SRR19762298
EIF5A	EIF4A1	SRR19762298
RPA3-AS1	GLCCI1	SRR19762818
RP11-367G6.3	FAM65B	SRR19762818
BOLA2B	RP11-347C12.2	SRR19762818
SRSF1	DDX5	SRR19762818
TIMM23B	PARGP1	SRR19762818
PFKFB3	RP11-563J2.2	SRR19762818
RP6-206I17.1	RP11-403I13.8	SRR19762818
HIC1	PTMA	SRR19762818
LEPR	LEPROT	SRR19762818
RMND5A	ANAPC1	SRR19762818
OAZ1	PTMA	SRR19762818
BSG	RNF126	SRR19762818
ARID4A	UBB	SRR19762818
KLF16	OAZ1	SRR19762818
WASH5P	AJ271736.10	SRR19762818
VTI1A	RP11-57H14.3	SRR19762818
TIMM23	RP11-574K11.29	SRR19762818
EIF4A1	PTMA	SRR19762818
RP11-33B1.1	PSPH	SRR19762724
SERP1	MBNL1	SRR19762724
RP11-367G6.3	FAM65B	SRR19762724
PIM3	SET	SRR19762724
PTP4A1	EEF1A1	SRR19762724
PFKFB3	RP11-563J2.2	SRR19762724
LEPR	LEPROT	SRR19762724
OAZ1	PTMA	SRR19762724
RPS15	OAZ1	SRR19762724
NCOR2	UBC	SRR19762724
TIMM23	PARGP1	SRR19762724
VTI1A	RP11-57H14.3	SRR19762724
B2M	IRF4	SRR19762724
TIMM23	RP11-574K11.29	SRR19762724
RAB2A	KCNS2	SRR19762635
LEPR	LEPROT	SRR19762635
OAZ1	PTMA	SRR19762635
BSG	SET	SRR19762635
RNF126	PTBP1	SRR19762635
TIMM23	RP11-574K11.29	SRR19762635
NCOR2	UBC	SRR19762635
C15orf57	CBX3	SRR19762635
IRF4	PTP4A1	SRR19762635
RP11-367G6.3	FAM65B	SRR19762635
RP6-206I17.1	RP11-403I13.8	SRR19762635
CARKD	ING1	SRR19762635
UBC	BRI3BP	SRR19762635
KLF16	OAZ1	SRR19762635
TIMM23	PARGP1	SRR19762635
NUDT3	RPS10	SRR19762635
RPA3-AS1	GLCCI1	SRR19762635
PTMA	IRF4	SRR19762635
EIF5A	EIF4A1	SRR19762635
TIMM23	AGAP6	SRR19762666
UBE2J2	SSU72	SRR19762666
OAZ1	SET	SRR19762666
PRKCH	RP11-47I22.3	SRR19762666
BOLA2B	RP11-345J4.8	SRR19762666
RP11-367G6.3	FAM65B	SRR19762666
KANSL1	ARL17A	SRR19762666
DOT1L	OAZ1	SRR19762666
LEPR	LEPROT	SRR19762666
RP11-426C22.5	SNX29P2	SRR19762666
TIMM23	PARGP1	SRR19762666
CSNK1G2	OAZ1	SRR19762666
TIMM23	RP11-574K11.29	SRR19762666
IGLVI-70	IGL@-ext	SRR19762666
IRF4	ACTB	SRR19762789
ARID5A	SEMA4C	SRR19762789
RP11-367G6.3	FAM65B	SRR19762789
BOLA2B	RP11-347C12.2	SRR19762789
RP11-96H19.1	RP11-446N19.1	SRR19762789
TIMM23B	PARGP1	SRR19762789
PFKFB3	RP11-563J2.2	SRR19762789
OAZ1	PTMA	SRR19762789
PI4KA	HIC2	SRR19762789
KLF16	OAZ1	SRR19762789
POLE	ANKLE2	SRR19762789
PTMA	ACTB	SRR19762789
AC005062.2	MACC1	SRR19762789
TIMM23	RP11-574K11.29	SRR19762789
CCDC14	ROPN1	SRR19762789
IGLVI-70	IGL@-ext	SRR19762789
SYNCRIP	EEF1A1P5	SRR19762253
NCL	PTMA	SRR19762253
RP11-367G6.3	FAM65B	SRR19762253
BOLA2B	RP11-347C12.2	SRR19762253
KANSL1	ARL17A	SRR19762253
LEPR	LEPROT	SRR19762253
HLA-S	HLA-A	SRR19762253
TIMM23	PARGP1	SRR19762253
IGLVI-70	IGL@-ext	SRR19762253
NCL	PTMA	SRR19762373
RP11-367G6.3	FAM65B	SRR19762373
PFKFB3	RP11-563J2.2	SRR19762373
LEPR	LEPROT	SRR19762373
TIMM23	PARGP1	SRR19762373
PTMA	ACTB	SRR19762373
TIMM23	RP11-574K11.29	SRR19762373
CTD-2544L4.1	TBC1D7	SRR19762373
RP11-367G6.3	FAM65B	SRR19762422
RP11-96H19.1	RP11-446N19.1	SRR19762422
KANSL1	ARL17A	SRR19762422
PFKFB3	RP11-563J2.2	SRR19762422
RP6-206I17.1	RP11-403I13.8	SRR19762422
DOT1L	OAZ1	SRR19762422
LEPR	LEPROT	SRR19762422
OAZ1	PTMA	SRR19762422
KLF16	OAZ1	SRR19762422
TIMM23	PARGP1	SRR19762422
VTI1A	RP11-57H14.3	SRR19762422
TIMM23	RP11-574K11.29	SRR19762422
IGH-@-ext	PTMA	SRR19762422
AC005062.2	MACC1	SRR19762422
ACTB	FSCN1	SRR19762290
PTMA	ACTB	SRR19762290
RP11-367G6.3	FAM65B	SRR19762290
EIF4A1	ACTB	SRR19762290
LEPR	LEPROT	SRR19762290
OAZ1	PTMA	SRR19762290
TIMM23	PARGP1	SRR19762290
PTMA	ACTB	SRR19762290
IGLVI-70	IGL@-ext	SRR19762290
AKAP13	TRIM60	SRR19762593
RP11-367G6.3	FAM65B	SRR19762593
NRIP1	AF127936.7	SRR19762593
BOLA2B	RP11-347C12.2	SRR19762593
RP11-96H19.1	RP11-446N19.1	SRR19762593
LEPR	LEPROT	SRR19762593
IRF4	PTP4A1	SRR19762593
NCOR2	UBC	SRR19762593
TIMM23	PARGP1	SRR19762593
C5orf56	RAD50	SRR19762593
SET	FNBP1	SRR19762565
TCF3	OAZ1	SRR19762565
BOLA2B	RP11-345J4.8	SRR19762565
LEPR	LEPROT	SRR19762565
OAZ1	PTMA	SRR19762565
LMNB2	PTMA	SRR19762565
TIMM23	RP11-574K11.29	SRR19762565
RP11-505E24.2	CHSY1	SRR19762565
SIK1	ACTB	SRR19762565
AKAP13	TRIM60	SRR19762565
SEPT7P2	PSPH	SRR19762565
RP11-155G15.2	RP11-1E3.1	SRR19762565
NOC4L	ARRDC1	SRR19762565
IGLVI-70	IGL@-ext	SRR19762565
RP11-367G6.3	FAM65B	SRR19762565
NRIP1	AF127936.7	SRR19762565
BSG	RNF126	SRR19762565
TIMM23	PARGP1	SRR19762565
VTI1A	RP11-57H14.3	SRR19762565
POLE	FUS	SRR19762565
KLHL36	USP10	SRR19762565
PTMA	ACTB	SRR19762565
DAZAP1	OAZ1	SRR19762565
ACTB	FSCN1	SRR19762875
IGH-@-ext	HLA-B	SRR19762875
RHOH	AC195454.1	SRR19762875
ARL6IP4	ACTB	SRR19762875
C1ORF220	RP5-1098D14.1	SRR19762875
RP11-367G6.3	FAM65B	SRR19762875
RP11-96H19.1	RP11-446N19.1	SRR19762875
RP11-141M1.3	STARD13	SRR19762875
TIMM23B	PARGP1	SRR19762875
DOT1L	OAZ1	SRR19762875
RP11-155G15.2	RP11-1E3.1	SRR19762875
LINC00158	AP000233.4	SRR19762875
ZC3H3	EEF1D	SRR19762875
TIMM23	RP11-574K11.29	SRR19762875
MIR155HG	JAM2	SRR19762875
EIF4A1	ACTB	SRR19762875
TPM4	PTMA	SRR19762288
DOT1L	OAZ1	SRR19762288
LEPR	LEPROT	SRR19762288
TIMM23	RP11-574K11.29	SRR19762288
TIMM23	AGAP6	SRR19762288
PRKCH	RP11-47I22.3	SRR19762288
P2RX5	PTMA	SRR19762288
RP11-367G6.3	FAM65B	SRR19762288
BOLA2B	RP11-347C12.2	SRR19762288
KANSL1	ARL17A	SRR19762288
RP6-206I17.1	RP11-403I13.8	SRR19762288
DDX5	PTMA	SRR19762288
BSG	RNF126	SRR19762288
TIMM23	PARGP1	SRR19762288
SOCS5	AC016722.2	SRR19762288
ACTB	FSCN1	SRR19762288
POLE	FUS	SRR19762288
PFKFB3	RP11-563J2.2	SRR19762288
IGKV2-26	AC096579.7	SRR19762288
GEMIN4	ABR	SRR19762288
RP11-316P17.2	RP5-1050E16.2	SRR19762288
PTMA	ACTB	SRR19762288
DAZAP1	OAZ1	SRR19762288
C1ORF220	RP5-1098D14.1	SRR19762498
TPM4	PTMA	SRR19762498
TMEM18	PTMA	SRR19762498
LEPR	LEPROT	SRR19762498
POLE	ANKLE2	SRR19762498
AC005062.2	MACC1	SRR19762498
SRSF1	DDX5	SRR19762498
RP11-155G15.2	RP11-1E3.1	SRR19762498
RP11-367G6.3	FAM65B	SRR19762498
KANSL1	ARL17A	SRR19762498
DAZAP1	KLF16	SRR19762498
BSG	RNF126	SRR19762498
KLF16	OAZ1	SRR19762498
IGH@-ext	EEF1A1	SRR19762498
TIMM23	PARGP1	SRR19762498
RP11-313P13.3	CCDC146	SRR19762498
PIM3	SCO2	SRR19762498
SOCS5	AC016722.2	SRR19762498
IGL-@-ext	EEF1A1	SRR19762498
BSG	PTBP1	SRR19762498
HLA-S	HLA-A	SRR19762498
EIF4A1	IRF4	SRR19762309
RABL6	EDF1	SRR19762309
PAK4	IGL@-ext	SRR19762309
LEPR	LEPROT	SRR19762309
TIMM23	RP11-574K11.29	SRR19762309
AC005062.2	MACC1	SRR19762309
IGL-@-ext	B2M	SRR19762309
SRSF1	DDX5	SRR19762309
NCOR2	UBC	SRR19762309
IGLVI-70	IGL@-ext	SRR19762309
IGH-@-ext	HLA-B	SRR19762309
USP22	RN7SL2	SRR19762309
RP11-367G6.3	FAM65B	SRR19762309
NRIP1	AF127936.7	SRR19762309
AC096579.7	IGKV2-14	SRR19762309
KLF16	OAZ1	SRR19762309
TIMM23	PARGP1	SRR19762309
IGH@-ext	MT-ATP8	SRR19762309
NUTM2A-AS1	MINPP1	SRR19762309
LINC00623	RP11-403I13.8	SRR19762309
RP11-96H19.1	RP11-446N19.1	SRR19762309
RP11-353N4.6	RP11-403I13.7	SRR19762309
HLA-S	HLA-A	SRR19762309
EIF5A	EIF4A1	SRR19762309
SAP130	IRF4	SRR19762295
LEPR	LEPROT	SRR19762295
POLE	ANKLE2	SRR19762295
SPN	QPRT	SRR19762295
KLF13	B2M	SRR19762295
SEPT7P2	PSPH	SRR19762295
RP11-367G6.3	FAM65B	SRR19762295
BOLA2B	RP11-347C12.2	SRR19762295
BSG	RNF126	SRR19762295
TIMM23	PARGP1	SRR19762295
SLC7A5	SMG1P1	SRR19762295
PIM3	SCO2	SRR19762295
EIF4A1	ACTB	SRR19762295
ACTB	FSCN1	SRR19762295
PTMA	SAMD10	SRR19762295
PFKFB3	RP11-563J2.2	SRR19762295
POM121C	ZP3	SRR19762295
HLA-S	HLA-A	SRR19762295
PTMA	ACTB	SRR19762295
EIF5A	EIF4A1	SRR19762295
RP11-662M24.2	RIMBP2	SRR19762694
AC007879.5	AC007879.2	SRR19762694
DOT1L	OAZ1	SRR19762694
TPM4	PTMA	SRR19762694
LEPR	LEPROT	SRR19762694
RAB38	CTSC	SRR19762694
TIMM23	RP11-574K11.29	SRR19762694
TPM4	KLF2	SRR19762694
EIF4A1	DDX5	SRR19762694
SEPT7P2	PSPH	SRR19762694
RP11-155G15.2	RP11-1E3.1	SRR19762694
BMS1	PARG	SRR19762694
CTC-786C10.1	RP11-680G10.1	SRR19762694
RP11-367G6.3	FAM65B	SRR19762694
BSG	RNF126	SRR19762694
TIMM23	PARGP1	SRR19762694
NUTM2A-AS1	MINPP1	SRR19762694
FASN	ACTB	SRR19762694
SETD1A	FUS	SRR19762694
RCC1	MS4A1	SRR19762694
PTMA	ACTB	SRR19762694
EIF5A	EIF4A1	SRR19762694
ZEB1	PTMA	SRR19762694
C15orf39	SIN3A	SRR19762822
RAB2A	KCNS2	SRR19762822
RP11-367G6.3	FAM65B	SRR19762822
HMGN2	PTMA	SRR19762822
RP6-206I17.1	RP11-403I13.8	SRR19762822
EIF4A1	DDX5	SRR19762822
LEPR	LEPROT	SRR19762822
RNF126	OAZ1	SRR19762822
KLF16	OAZ1	SRR19762822
TIMM23	PARGP1	SRR19762822
POLE	ANKLE2	SRR19762822
AC005062.2	MACC1	SRR19762822
TIMM23	RP11-574K11.29	SRR19762822
EIF5A	EIF4A1	SRR19762822
KPNA1	SNX14	SRR19762822
ACTB	FSCN1	SRR19762331
RP11-367G6.3	FAM65B	SRR19762331
IGH-@-ext	RP11-528A4.3	SRR19762331
KANSL1	ARL17A	SRR19762331
DOT1L	OAZ1	SRR19762331
TPM4	ACTB	SRR19762331
TMEM255B	GAS6-AS1	SRR19762331
CARKD	ING1	SRR19762331
POLE	ANKLE2	SRR19762331
TIMM23	PARGP1	SRR19762331
C15orf57	CBX3	SRR19762331
OAZ1	RAC2	SRR19762381
RABL6	EDF1	SRR19762381
DOT1L	OAZ1	SRR19762381
TMEM18	PTMA	SRR19762381
LEPR	LEPROT	SRR19762381
POLE	ANKLE2	SRR19762381
IGH-@-ext	PTMA	SRR19762381
WAC	ZEB1	SRR19762381
SMURF2P1	LRRC37B	SRR19762381
IGL-@-ext	RPS6	SRR19762381
RP11-367G6.3	FAM65B	SRR19762381
NRIP1	AF127936.7	SRR19762381
IGKV2-10	AC096579.7	SRR19762381
PTBP1	MED16	SRR19762381
RP6-206I17.1	RP11-403I13.8	SRR19762381
CNN2	PTMA	SRR19762381
KLF16	OAZ1	SRR19762381
TIMM23	PARGP1	SRR19762381
AMMECR1L	RP11-506M13.3	SRR19762381
IGH@-ext	ANKLE2	SRR19762381
SMCO4	CNTN5	SRR19762381
OAZ1	IRF4	SRR19762381
PFKFB3	RP11-563J2.2	SRR19762381
KLHL36	USP10	SRR19762381
RP11-33B1.1	PSPH	SRR19762561
CDKN1A	ACTB	SRR19762561
RP11-662M24.2	RIMBP2	SRR19762561
RP11-367G6.3	FAM65B	SRR19762561
BOLA2B	RP11-345J4.8	SRR19762561
NRIP1	AF127936.7	SRR19762561
DOT1L	OAZ1	SRR19762561
RP6-206I17.1	RP11-403I13.8	SRR19762561
TPM4	GNAS	SRR19762561
LEPR	LEPROT	SRR19762561
AC096579.7	IGKV2-14	SRR19762561
PFKFB3	RP11-563J2.2	SRR19762561
RP11-155G15.2	RP11-1E3.1	SRR19762561
IGL-@-ext	EEF1A1	SRR19762561
KLF16	OAZ1	SRR19762561
TIMM23	PARGP1	SRR19762561
C15orf57	CBX3	SRR19762561
PTMA	ACTB	SRR19762561
KDM4C	IGH@-ext	SRR19762277
HMGN2	PTMA	SRR19762277
BSG	KLF16	SRR19762277
LEPR	LEPROT	SRR19762277
C7orf50	ACTB	SRR19762277
OAZ1	PTMA	SRR19762277
TIMM23	RP11-574K11.29	SRR19762277
RP11-505E24.2	CHSY1	SRR19762277
PTMA	ACTB	SRR19762277
ACTB	RNF216	SRR19762277
FUS	ACTB	SRR19762277
MAFK	ACTB	SRR19762277
RP11-155G15.2	RP11-1E3.1	SRR19762277
IRF4	EEF1A1P5	SRR19762277
ITM2C	PTMA	SRR19762277
IGH-@-ext	COL13A1	SRR19762277
KANSL1	ARL17B	SRR19762277
RP11-367G6.3	FAM65B	SRR19762277
NRIP1	AF127936.7	SRR19762277
DDX5	ACTB	SRR19762277
BSG	RNF126	SRR19762277
KLF16	OAZ1	SRR19762277
TIMM23	PARGP1	SRR19762277
FASN	ACTB	SRR19762277
RPA3-AS1	GLCCI1	SRR19762277
RP11-96H19.1	RP11-446N19.1	SRR19762277
LIMD2	OAZ1	SRR19762277
IGH-@-ext	ARHGEF1	SRR19762277
PTMA	ACTB	SRR19762277
EIF5A	EIF4A1	SRR19762277
IGH-@-ext	EEF1A1	SRR19762277
ACTB	FSCN1	SRR19762247
KANSL1	ARL17B	SRR19762247
RP11-662M24.2	RIMBP2	SRR19762247
RP11-367G6.3	FAM65B	SRR19762247
NRIP1	AF127936.7	SRR19762247
BOLA2B	RP11-345J4.8	SRR19762247
PFKFB3	RP11-563J2.2	SRR19762247
LEPR	LEPROT	SRR19762247
EEF1DP3	FRY	SRR19762247
RP11-155G15.2	RP11-1E3.1	SRR19762247
TIMM23	PARGP1	SRR19762247
TIMM23	RP11-574K11.29	SRR19762247
AC005062.2	MACC1	SRR19762247
RAB2A	KCNS2	SRR19762335
LRRC8D	DARS	SRR19762335
LEPR	LEPROT	SRR19762335
B2M	AC013394.2	SRR19762335
POLE	ANKLE2	SRR19762335
NOP2	RPL36	SRR19762335
SBNO2	SCO2	SRR19762335
USP10	DNAJB1	SRR19762335
HMGN2	IRF4	SRR19762335
WBP11	DNAJC7	SRR19762335
YWHAZ	ZNF706	SRR19762335
SEPT7P2	PSPH	SRR19762335
RP11-745L13.2	RPL7AP28	SRR19762335
ATP6V0C	ACTB	SRR19762335
AC027763.2	EIF5A	SRR19762335
C15orf39	SIN3A	SRR19762335
RPL31	FSBP	SRR19762335
RP11-367G6.3	FAM65B	SRR19762335
NSF	LRRC37A3	SRR19762335
RP11-305P22.9	PTMA	SRR19762335
NRIP1	AF127936.7	SRR19762335
EIF4A1	SET	SRR19762335
SF1	AIM1	SRR19762335
TCF25	SCO2	SRR19762335
TUBG2	SETD2	SRR19762335
MTG1	ACTB	SRR19762335
SDF4	RAB11FIP3	SRR19762335
BSG	RNF126	SRR19762335
KLF16	OAZ1	SRR19762335
TIMM23	PARGP1	SRR19762335
SMAD4	DAPK1	SRR19762335
ARL6IP4	ACTB	SRR19762335
NUTM2A-AS1	MINPP1	SRR19762335
HERPUD1	ROCK1	SRR19762335
ACTB	FSCN1	SRR19762335
ADRM1	OGFR	SRR19762335
TMEM63B	ACTB	SRR19762335
OSBPL3	UBQLN1	SRR19762335
RP11-96H19.1	RP11-446N19.1	SRR19762335
TET2	PPA2	SRR19762335
PFKFB3	RP11-563J2.2	SRR19762335
SETD1A	FUS	SRR19762335
PTMA	ACTB	SRR19762335
ASH1L	SIK1	SRR19762335
EIF5A	EIF4A1	SRR19762335
EIF4A1	PTMA	SRR19762335
DNMT1	PTMA	SRR19762335
ATP6V0C	FUS	SRR19762389
RP11-367G6.3	FAM65B	SRR19762389
RP11-96H19.1	RP11-446N19.1	SRR19762389
RCC1	MEF2C	SRR19762389
SRGAP3	RP11-380O24.1	SRR19762389
LEPR	LEPROT	SRR19762389
SEPT7P2	PSPH	SRR19762389
IGH@-ext	MT-ND4	SRR19762389
TIMM23	PARGP1	SRR19762389
PTMA	ACTB	SRR19762389
TIMM23	RP11-574K11.29	SRR19762389
AKAP13	TRIM60	SRR19762880
SYNCRIP	ZNF292	SRR19762880
RP11-367G6.3	FAM65B	SRR19762880
BOLA2B	RP11-347C12.2	SRR19762880
SRSF1	DDX5	SRR19762880
PFKFB3	RP11-563J2.2	SRR19762880
LEPR	LEPROT	SRR19762880
KLHL36	USP10	SRR19762880
MIR155HG	JAM2	SRR19762880
NCOR2	UBC	SRR19762880
TIMM23	PARGP1	SRR19762880
C5orf56	RAD50	SRR19762880
SF1	EHD1	SRR19762880
TIMM23	RP11-574K11.29	SRR19762880
PLXNB2	SCO2	SRR19762880
NUDT3	RPS10	SRR19762880
PTMA	DUSP4	SRR19762943
LEPR	LEPROT	SRR19762943
OAZ1	PTMA	SRR19762943
B2M	AC013394.2	SRR19762943
POLE	ANKLE2	SRR19762943
TIMM23	RP11-574K11.29	SRR19762943
IGH@-ext	MT-ATP6	SRR19762943
IGH@-ext	MT-CO3	SRR19762943
RP13-188A5.1	RRAGB	SRR19762943
CFL1	PTMA	SRR19762943
ITM2C	PTMA	SRR19762943
IGLVI-70	IGL@-ext	SRR19762943
RP11-367G6.3	FAM65B	SRR19762943
RP6-206I17.1	RP11-403I13.8	SRR19762943
IGL-@-ext	ECI1	SRR19762943
BSG	RNF126	SRR19762943
KLF16	OAZ1	SRR19762943
TIMM23	PARGP1	SRR19762943
PTCHD2	IGL@-ext	SRR19762943
PTMA	SAMD10	SRR19762943
PTMA	IRF4	SRR19762943
MT-ND2	IGH@-ext	SRR19762943
RP11-96H19.1	RP11-446N19.1	SRR19762943
KLHL36	USP10	SRR19762943
IGH@-ext	MT-RNR2	SRR19762943
IGH-@-ext	HLA-B	SRR19762395
LINC00623	RP11-403I13.8	SRR19762395
RP11-367G6.3	FAM65B	SRR19762395
KLF16	CSNK1G2	SRR19762395
LEPR	LEPROT	SRR19762395
KLHL36	USP10	SRR19762395
KLF16	OAZ1	SRR19762395
TIMM23	PARGP1	SRR19762395
TIMM23	RP11-574K11.29	SRR19762395
EIF5A	EIF4A1	SRR19762395
IGH-@-ext	UBC	SRR19762395
ACTB	FSCN1	SRR19762493
RP11-367G6.3	FAM65B	SRR19762493
RP11-96H19.1	RP11-446N19.1	SRR19762493
LEPR	LEPROT	SRR19762493
RP11-155G15.2	RP11-1E3.1	SRR19762493
TIMM23	PARGP1	SRR19762493
RP11-444D3.1	SOX5	SRR19762493
TIMM23	RP11-574K11.29	SRR19762493
RP11-367G6.3	FAM65B	SRR19762740
KANSL1	ARL17A	SRR19762740
LRRC8B	LRRC8C	SRR19762740
LEPR	LEPROT	SRR19762740
PIP5K1A	PSMD4	SRR19762740
OAZ1	ACTB	SRR19762740
TIMM23	PARGP1	SRR19762740
CD44	BIN2	SRR19762740
VTI1A	RP11-57H14.3	SRR19762740
PPP2R5A	TSSC1	SRR19762234
KB-1615E4.2	MAP7D2	SRR19762234
PHRF1	USP10	SRR19762234
TMCC1	TBL1XR1	SRR19762234
TPM4	PTMA	SRR19762234
RNF126	PTBP1	SRR19762234
NOP2	OAZ1	SRR19762234
TIMM23	RP11-574K11.29	SRR19762234
ACTB	SET	SRR19762234
CAPN15	SCO2	SRR19762234
SF1	POLA2	SRR19762234
TIMM23	AGAP6	SRR19762234
ZEB1	HNRNPF	SRR19762234
OAZ1	SET	SRR19762234
RCC1	RPS4X	SRR19762234
SYNCRIP	ZNF292	SRR19762234
LDLR	DCAF13	SRR19762234
FKBP4	TMEM63B	SRR19762234
SERBP1	NPC1	SRR19762234
NR3C1	PPARGC1B	SRR19762234
IKZF2	REV3L	SRR19762234
LINC01006	AC073133.1	SRR19762234
ABHD17B	FAM157C	SRR19762234
BCKDHB	RP11-250B2.3	SRR19762234
NCOR2	UBC	SRR19762234
OAZ1	LMNB2	SRR19762234
TSEN2	SETD2	SRR19762234
PPP2R5A	RHEB	SRR19762234
IGLVI-70	IGL@-ext	SRR19762234
AC131097.3	AC093642.5	SRR19762234
SSU72	SF1	SRR19762234
RP11-367G6.3	FAM65B	SRR19762234
NRIP1	AF127936.7	SRR19762234
SLCO4A1	DNAJC5	SRR19762234
DDX5	ACTB	SRR19762234
PTBP1	TMEM259	SRR19762234
RCC1	USP3	SRR19762234
CDKN1A	SET	SRR19762234
LYPLAL1	PRDM1	SRR19762234
INTS3	UBAP2L	SRR19762234
TIMM23	PARGP1	SRR19762234
KLF16	OAZ1	SRR19762234
VTI1A	RP11-57H14.3	SRR19762234
KLF10	AZIN1	SRR19762234
NUDT3	RPS10	SRR19762234
SRRM2	CSNK1G2	SRR19762234
USP12	HMGB1	SRR19762234
SSH2	HNRNPLL	SRR19762234
RPA3-AS1	GLCCI1	SRR19762234
PNPLA4	TBL1X	SRR19762234
CCDC41	TMCC3	SRR19762234
ACTB	EIF2AK1	SRR19762234
CTD-2012K14.6	LCP2	SRR19762234
RP11-96H19.1	RP11-446N19.1	SRR19762234
PRPSAP2	BSG	SRR19762234
IRF4	ANP32B	SRR19762234
UBE2J1	AGPAT6	SRR19762234
PTMA	ACTB	SRR19762234
DAZAP1	C19orf25	SRR19762234
DAZAP1	TIMM13	SRR19762234
DAZAP1	OAZ1	SRR19762234
EIF4A1	PTMA	SRR19762234
RP11-662M24.2	RIMBP2	SRR19762665
RP11-367G6.3	FAM65B	SRR19762665
LEPR	LEPROT	SRR19762665
EEF1DP3	FRY	SRR19762665
TIMM23	PARGP1	SRR19762665
PARVB	PARVG	SRR19762665
SOCS5	AC016722.2	SRR19762665
NCL	PTMA	SRR19762367
PTP4A1	SYNCRIP	SRR19762367
DDX5	ACTB	SRR19762367
LEPR	LEPROT	SRR19762367
OAZ1	PTMA	SRR19762367
SBNO1	SETD8	SRR19762367
RP11-155G15.2	RP11-1E3.1	SRR19762367
HMGN2	SET	SRR19762367
IRF4	EEF1A1P5	SRR19762367
BMS1	PARG	SRR19762367
IGH-@-ext	HLA-B	SRR19762367
RP11-367G6.3	FAM65B	SRR19762367
DDX5	ACTB	SRR19762367
TIMM23	PARGP1	SRR19762367
NUDT3	RPS10	SRR19762367
EIF4A1	ACTB	SRR19762367
ACTB	FSCN1	SRR19762367
PFKFB3	RP11-563J2.2	SRR19762367
SERINC2	OAZ1	SRR19762367
PTMA	ACTB	SRR19762367
RP11-33B1.1	PSPH	SRR19762686
ACTB	RNF216	SRR19762686
RP11-662M24.2	RIMBP2	SRR19762686
RP11-367G6.3	FAM65B	SRR19762686
RP11-353N4.6	RP11-403I13.8	SRR19762686
PFKFB3	RP11-563J2.2	SRR19762686
BCKDHB	RP11-250B2.3	SRR19762686
KLF16	OAZ1	SRR19762686
TIMM23	PARGP1	SRR19762686
SUZ12P	CRLF3	SRR19762686
RP11-1E3.1	RP11-455B3.1	SRR19762328
RP11-662M24.2	RIMBP2	SRR19762328
RP11-367G6.3	FAM65B	SRR19762328
RP11-96H19.1	RP11-446N19.1	SRR19762328
SRSF1	DDX5	SRR19762328
KANSL1	ARL17A	SRR19762328
LEPR	LEPROT	SRR19762328
OAZ1	PTMA	SRR19762328
RP11-155G15.2	RP11-1E3.1	SRR19762328
EIF3J	B2M	SRR19762328
TIMM23	PARGP1	SRR19762328
IGH-@-ext	MT-RNR2	SRR19762328
ACTB	FSCN1	SRR19762688
ENTHD2	ACTG1	SRR19762688
AC092635.1	AC016730.1	SRR19762688
PRKCH	RP11-47I22.3	SRR19762688
RP11-367G6.3	FAM65B	SRR19762688
BOLA2B	RP11-347C12.2	SRR19762688
DOT1L	OAZ1	SRR19762688
RP6-206I17.1	RP11-403I13.8	SRR19762688
LEPR	LEPROT	SRR19762688
RP11-155G15.2	RP11-1E3.1	SRR19762688
KLF16	OAZ1	SRR19762688
TIMM23	PARGP1	SRR19762688
PTMA	ACTB	SRR19762688
PTMA	SIK1	SRR19762688
EIF5A	EIF4A1	SRR19762688
EIF4A1	PTMA	SRR19762688
KANSL1	ARL17B	SRR19762317
IGLVI-70	IGL@-ext	SRR19762317
RP11-662M24.2	RIMBP2	SRR19762317
RP11-367G6.3	FAM65B	SRR19762317
RP11-96H19.1	RP11-446N19.1	SRR19762317
RP6-206I17.1	RP11-403I13.8	SRR19762317
IGH-@-ext	EWSR1	SRR19762317
LEPR	LEPROT	SRR19762317
IGH-@-ext	MT-ND4	SRR19762317
TIMM23	PARGP1	SRR19762317
IGH@-ext	SPTLC3	SRR19762317
NUTM2A-AS1	MINPP1	SRR19762317
AC005062.2	MACC1	SRR19762317
IGL-@-ext	TPT1	SRR19762905
DOT1L	OAZ1	SRR19762905
LEPR	LEPROT	SRR19762905
IGL-@-ext	MT-CO1	SRR19762905
IGL-@-ext	B2M	SRR19762905
SMG1	RP11-231C14.4	SRR19762905
SRSF1	DDX5	SRR19762905
IGL-@-ext	MT-ND4L	SRR19762905
NCOR2	UBC	SRR19762905
MT-ND1	IGL@-ext	SRR19762905
PIK3C2A	CD74	SRR19762905
IGH-@-ext	RPL13AP5	SRR19762905
RP11-367G6.3	FAM65B	SRR19762905
RP6-206I17.1	RP11-403I13.8	SRR19762905
SUMO3	ITGB2	SRR19762905
TIMM23	PARGP1	SRR19762905
IGH-@-ext	MT-RNR2	SRR19762905
RP11-120D5.1	MID1	SRR19762905
RPA3-AS1	GLCCI1	SRR19762905
IGL-@-ext	HLA-C	SRR19762905
YAF2	RYBP	SRR19762905
RP11-96H19.1	RP11-446N19.1	SRR19762905
RP11-439L18.2	HIVEP2	SRR19762905
IGL-@-ext	MT-RNR2	SRR19762905
IGH-@-ext	MT-ND4	SRR19762905
IGH-@-ext	MT-ATP6	SRR19762905
EIF5A	EIF4A1	SRR19762905
ZEB1	HNRNPF	SRR19762669
ADAP1	C7orf50	SRR19762669
RP11-367G6.3	FAM65B	SRR19762669
RABL6	EDF1	SRR19762669
PTBP1	MED16	SRR19762669
RP6-206I17.1	RP11-403I13.8	SRR19762669
LEPR	LEPROT	SRR19762669
RP11-155G15.2	RP11-1E3.1	SRR19762669
TIMM23	PARGP1	SRR19762669
DAZAP1	OAZ1	SRR19762669
OAZ1	SCO2	SRR19762669
CYTH1	USP36	SRR19762669
ZEB1	HNRNPF	SRR19762825
LINC00623	RP11-403I13.8	SRR19762825
PLCXD1	IGH@-ext	SRR19762825
RP11-367G6.3	FAM65B	SRR19762825
RP11-96H19.1	RP11-446N19.1	SRR19762825
LEPR	LEPROT	SRR19762825
BSG	PTBP1	SRR19762825
KLF16	OAZ1	SRR19762825
POLE	ANKLE2	SRR19762825
TIMM23	PARGP1	SRR19762825
TIMM23	RP11-574K11.29	SRR19762825
PIM3	SCO2	SRR19762825
IGLVI-70	IGL@-ext	SRR19762825
CALM2	PTMA	SRR19762219
RP11-662M24.2	RIMBP2	SRR19762219
RP11-367G6.3	FAM65B	SRR19762219
BOLA2B	RP11-347C12.2	SRR19762219
RP11-96H19.1	RP11-446N19.1	SRR19762219
LEPR	LEPROT	SRR19762219
RP11-155G15.2	RP11-1E3.1	SRR19762219
TIMM23	PARGP1	SRR19762219
POLE	ANKLE2	SRR19762219
PTMA	ACTB	SRR19762219
TIMM23	RP11-574K11.29	SRR19762219
IGLVI-70	IGL@-ext	SRR19762397
AKAP13	TRIM60	SRR19762397
RP11-367G6.3	FAM65B	SRR19762397
BOLA2B	RP11-347C12.2	SRR19762397
PFKFB3	RP11-563J2.2	SRR19762397
PTBP1	ACTB	SRR19762397
LEPR	LEPROT	SRR19762397
AC034193.5	TMCC1-AS1	SRR19762397
RAB38	CTSC	SRR19762397
TIMM23	PARGP1	SRR19762397
PTMA	ACTB	SRR19762397
HLA-S	HLA-A	SRR19762397
TIMM23	RP11-574K11.29	SRR19762397
AC005062.2	MACC1	SRR19762397
OAZ1	RAC2	SRR19762241
NCL	PTMA	SRR19762241
LEPR	LEPROT	SRR19762241
OAZ1	PTMA	SRR19762241
CPSF6	DAZAP1	SRR19762241
SBNO1	SETD8	SRR19762241
SRSF1	DDX5	SRR19762241
SEP15	HS2ST1	SRR19762241
RP11-155G15.2	RP11-1E3.1	SRR19762241
NCOR2	UBC	SRR19762241
RP11-367G6.3	FAM65B	SRR19762241
KANSL1	ARL17A	SRR19762241
KLF16	OAZ1	SRR19762241
TIMM23	PARGP1	SRR19762241
EIF4G2	DDX5	SRR19762241
PFKFB3	RP11-563J2.2	SRR19762241
RNF126	OAZ1	SRR19762241
RP11-316P17.2	RP5-1050E16.2	SRR19762241
EIF5A	EIF4A1	SRR19762241
EIF4A1	PTMA	SRR19762241
ZEB1	HNRNPF	SRR19762476
WAC	ZEB1	SRR19762476
EEF1A1	SYNCRIP	SRR19762476
RP11-367G6.3	FAM65B	SRR19762476
SRSF1	DDX5	SRR19762476
BOP1	RPL8	SRR19762476
PTP4A1	EEF1A1	SRR19762476
PFKFB3	RP11-563J2.2	SRR19762476
RP6-206I17.1	RP11-403I13.8	SRR19762476
OAZ1	IRF4	SRR19762476
LEPR	LEPROT	SRR19762476
HMGB1	B2M	SRR19762476
KLF16	OAZ1	SRR19762476
TIMM23	PARGP1	SRR19762476
HLA-S	HLA-A	SRR19762476
VTI1A	RP11-57H14.3	SRR19762476
IGKV1D-27	AC096579.7	SRR19762476
IGLVI-70	IGL@-ext	SRR19762476
HMGN2	PTMA	SRR19762528
LEPR	LEPROT	SRR19762528
OAZ1	PTMA	SRR19762528
RP11-110G21.1	RP11-546K22.1	SRR19762528
SIK1	ACTB	SRR19762528
RP11-155G15.2	RP11-1E3.1	SRR19762528
IGH-@-ext	HLA-B	SRR19762528
IRF4	ACTB	SRR19762528
RP11-1023L17.1	C1QTNF3	SRR19762528
RP11-367G6.3	FAM65B	SRR19762528
MAFK	ACTB	SRR19762528
TIMM23	PARGP1	SRR19762528
LINC00623	RP11-403I13.8	SRR19762528
RP11-96H19.1	RP11-446N19.1	SRR19762528
PFKFB3	RP11-563J2.2	SRR19762528
IGH-@-ext	MT-ND4	SRR19762528
OAZ1	ACTB	SRR19762528
IGH-@-ext	TVP23A	SRR19762528
IGH@-ext	MAP3K12	SRR19762528
EIF5A	EIF4A1	SRR19762528
YWHAE	CRK	SRR19762867
RP11-662M24.2	RIMBP2	SRR19762867
PFKFB3	RP11-563J2.2	SRR19762867
LEPR	LEPROT	SRR19762867
OAZ1	ACTB	SRR19762867
TIMM23	PARGP1	SRR19762867
PTMA	ACTB	SRR19762867
IGLVI-70	IGL@-ext	SRR19762867
ACTB	FSCN1	SRR19762616
ACTB	RNF216	SRR19762616
YPEL5	PTMA	SRR19762616
RPA3-AS1	GLCCI1	SRR19762616
RP11-367G6.3	FAM65B	SRR19762616
DOT1L	OAZ1	SRR19762616
OAZ1	PTMA	SRR19762616
RP11-155G15.2	RP11-1E3.1	SRR19762616
PTP4A1	EEF1A1P5	SRR19762616
KLF16	OAZ1	SRR19762616
TIMM23	PARGP1	SRR19762616
PTMA	ACTB	SRR19762616
NUDT3	RPS10	SRR19762616
NCOR2	UBC	SRR19762616
OAZ1	ACTB	SRR19762616
TIMM23	RP11-574K11.29	SRR19762616
EIF5A	EIF4A1	SRR19762616
ACTB	SET	SRR19762616
KANSL1	ARL17B	SRR19762650
IGKV2-18	AC096579.7	SRR19762650
RPA3-AS1	GLCCI1	SRR19762650
RP11-367G6.3	FAM65B	SRR19762650
RP11-96H19.1	RP11-446N19.1	SRR19762650
BOLA2B	RP11-347C12.2	SRR19762650
PFKFB3	RP11-563J2.2	SRR19762650
RP6-206I17.1	RP11-403I13.8	SRR19762650
LEPR	LEPROT	SRR19762650
CARKD	ING1	SRR19762650
BSG	PTBP1	SRR19762650
BSG	RNF126	SRR19762650
TIMM23	PARGP1	SRR19762650
TIMM23	RP11-574K11.29	SRR19762650
RP11-367G6.3	FAM65B	SRR19762576
BOLA2B	RP11-345J4.8	SRR19762576
ZC3H3	EEF1D	SRR19762576
EEF2	AKAP8	SRR19762576
LEPR	LEPROT	SRR19762576
OAZ1	SGTA	SRR19762576
OAZ1	PTMA	SRR19762576
KLF16	OAZ1	SRR19762576
TIMM23	PARGP1	SRR19762576
ITM2C	PTMA	SRR19762576
AC005062.2	MACC1	SRR19762576
KLHL36	SLC7A5	SRR19762576
TIMM23	RP11-574K11.29	SRR19762576
EIF4A1	PTMA	SRR19762576
IGLVI-70	IGL@-ext	SRR19762576
CCDC146	IGH@-ext	SRR19762754
BOLA2B	RP11-347C12.2	SRR19762754
RP11-96H19.1	RP11-446N19.1	SRR19762754
KANSL1	ARL17A	SRR19762754
TIMM23B	PARGP1	SRR19762754
RP6-206I17.1	RP11-403I13.8	SRR19762754
TMEM18	PTMA	SRR19762754
LEPR	LEPROT	SRR19762754
OAZ1	PTMA	SRR19762754
RAB38	CTSC	SRR19762754
KLF16	OAZ1	SRR19762754
IGH-@-ext	COL22A1	SRR19762754
EIF5A	EIF4A1	SRR19762754
RP11-33B1.1	PSPH	SRR19762803
AKAP13	TRIM60	SRR19762803
RP11-367G6.3	FAM65B	SRR19762803
BOLA2B	RP11-347C12.2	SRR19762803
RP11-96H19.1	RP11-446N19.1	SRR19762803
LEPR	LEPROT	SRR19762803
RP11-513I15.6	MKNK2	SRR19762803
NCOR2	UBC	SRR19762803
TIMM23	PARGP1	SRR19762803
RP11-444D3.1	SOX5	SRR19762803
TIMM23	RP11-574K11.29	SRR19762803
EIF5A	EIF4A1	SRR19762803
SET	FNBP1	SRR19762377
RABL6	EDF1	SRR19762377
LEPR	LEPROT	SRR19762377
PI4KA	HIC2	SRR19762377
RNF126	PTBP1	SRR19762377
RP11-444D3.1	SOX5	SRR19762377
ZEB1	HNRNPF	SRR19762377
MAFK	ACTB	SRR19762377
YWHAE	PITPNA	SRR19762377
RP11-155G15.2	RP11-1E3.1	SRR19762377
ARID3A	SBNO2	SRR19762377
CSNK1G2	BTBD2	SRR19762377
RP11-367G6.3	FAM65B	SRR19762377
KLF16	OAZ1	SRR19762377
TIMM23	PARGP1	SRR19762377
USP12	HMGB1	SRR19762377
GUSBP2	GTF2H2	SRR19762377
PTMA	ACTB	SRR19762377
EIF5A	EIF4A1	SRR19762377
RP11-662M24.2	RIMBP2	SRR19762838
RP11-367G6.3	FAM65B	SRR19762838
NRIP1	AF127936.7	SRR19762838
KANSL1	ARL17A	SRR19762838
DOT1L	OAZ1	SRR19762838
LEPR	LEPROT	SRR19762838
TIMM23	PARGP1	SRR19762838
PTMA	ACTB	SRR19762838
TIMM23	RP11-574K11.29	SRR19762838
EIF5A	EIF4A1	SRR19762838
RAB2A	KCNS2	SRR19762851
RP11-662M24.2	RIMBP2	SRR19762851
RP11-367G6.3	FAM65B	SRR19762851
BOLA2B	RP11-347C12.2	SRR19762851
WASH5P	AC131097.3	SRR19762851
TIMM23B	PARGP1	SRR19762851
RP11-206L10.8	SEPT14	SRR19762851
RP11-96H19.1	RP11-446N19.1	SRR19762851
DOT1L	OAZ1	SRR19762851
LEPR	LEPROT	SRR19762851
RAB38	CTSC	SRR19762851
TIMM23	RP11-574K11.29	SRR19762851
DAZAP1	OAZ1	SRR19762851
ZEB1	HNRNPF	SRR19762704
PLCXD1	IGH@-ext	SRR19762704
RP11-367G6.3	FAM65B	SRR19762704
BOLA2B	RP11-345J4.8	SRR19762704
LEPR	LEPROT	SRR19762704
BSG	RNF126	SRR19762704
PI4KA	HIC2	SRR19762704
RP11-155G15.2	RP11-1E3.1	SRR19762704
TIMM23	PARGP1	SRR19762704
TIMM23	RP11-574K11.29	SRR19762704
OAZ1	RAC2	SRR19762682
RAB2A	KCNS2	SRR19762682
LEPR	LEPROT	SRR19762682
POLE	ANKLE2	SRR19762682
TIMM23	RP11-574K11.29	SRR19762682
YWHAE	CRK	SRR19762682
SEPT7P2	PSPH	SRR19762682
ZEB1	B2M	SRR19762682
B2M	SET	SRR19762682
B2M	IGH@-ext	SRR19762682
ITM2C	PTMA	SRR19762682
B2M	CHMP1A	SRR19762682
HMGB1	ACTB	SRR19762682
RP11-367G6.3	FAM65B	SRR19762682
BOLA2B	RP11-347C12.2	SRR19762682
KLF16	OAZ1	SRR19762682
TIMM23	PARGP1	SRR19762682
IGL-@-ext	MAGIX	SRR19762682
EIF4A1	ACTB	SRR19762682
ACTB	FSCN1	SRR19762682
NME1-NME2	MPP6	SRR19762682
ZEB1	ACTB	SRR19762682
PTMA	ACTB	SRR19762682
EIF5A	EIF4A1	SRR19762682
DOT1L	OAZ1	SRR19762225
TPM4	PTMA	SRR19762225
LEPR	LEPROT	SRR19762225
OAZ1	PTMA	SRR19762225
DHRSX	IGH@-ext	SRR19762225
RAB38	CTSC	SRR19762225
TIMM23	RP11-574K11.29	SRR19762225
IGH-@-ext	PTMA	SRR19762225
IGL-@-ext	RP11-461O7.1	SRR19762225
RP11-745L13.2	RPL7AP28	SRR19762225
RP11-367G6.3	FAM65B	SRR19762225
IGH-@-ext	ACTB	SRR19762225
KANSL1	ARL17A	SRR19762225
TIMM23B	PARGP1	SRR19762225
KLF16	OAZ1	SRR19762225
IGL-@-ext	HSP90B1	SRR19762225
RP11-96H19.1	RP11-446N19.1	SRR19762225
IGL-@-ext	EEF1A1	SRR19762225
PTMA	ACTB	SRR19762225
RNF126	PTBP1	SRR19762225
IGLVI-70	IGL@-ext	SRR19762835
RP11-662M24.2	RIMBP2	SRR19762835
RP11-367G6.3	FAM65B	SRR19762835
RP11-96H19.1	RP11-446N19.1	SRR19762835
LEPR	LEPROT	SRR19762835
HMGN2	ACTB	SRR19762835
BSG	RNF126	SRR19762835
IGL-@-ext	EEF1A1	SRR19762835
POLE	ANKLE2	SRR19762835
TIMM23	PARGP1	SRR19762835
EIF4A1	ACTB	SRR19762835
DOT1L	OAZ1	SRR19762762
LEPR	LEPROT	SRR19762762
WASH5P	AJ271736.10	SRR19762762
TIMM23	RP11-574K11.29	SRR19762762
RP11-1E3.1	RP11-455B3.1	SRR19762762
AKAP13	TRIM60	SRR19762762
SBF1	SCO2	SRR19762762
MAFK	ACTB	SRR19762762
HMGN2	ACTB	SRR19762762
RP11-155G15.2	RP11-1E3.1	SRR19762762
HMGN2	ACTB	SRR19762762
IGKV2-29	AC096579.7	SRR19762762
SERPINB9	RIPK1	SRR19762762
RP11-367G6.3	FAM65B	SRR19762762
NRIP1	AF127936.7	SRR19762762
KANSL1	ARL17A	SRR19762762
PFKL	SUMO3	SRR19762762
KLF16	OAZ1	SRR19762762
TIMM23	PARGP1	SRR19762762
ACTB	FSCN1	SRR19762762
WDR34	IGH@-ext	SRR19762762
LINC00623	RP11-403I13.8	SRR19762762
RP11-96H19.1	RP11-446N19.1	SRR19762762
KLHL36	USP10	SRR19762762
DDX5	HNRNPH1	SRR19762511
DOT1L	OAZ1	SRR19762511
LEPR	LEPROT	SRR19762511
TIMM23	RP11-574K11.29	SRR19762511
ACTG1	FASN	SRR19762511
OAZ1	SGTA	SRR19762511
RP11-155G15.2	RP11-1E3.1	SRR19762511
EEF1A1	SYNCRIP	SRR19762511
RP11-367G6.3	FAM65B	SRR19762511
DDX5	EEF1A1	SRR19762511
KANSL1	ARL17A	SRR19762511
VEGFA	TMEM63B	SRR19762511
KLF16	OAZ1	SRR19762511
TIMM23	PARGP1	SRR19762511
SPTAN1	SET	SRR19762511
VTI1A	RP11-57H14.3	SRR19762511
HNRNPH1	SET	SRR19762511
RP11-316P17.2	RP5-1050E16.2	SRR19762511
EIF5A	EIF4A1	SRR19762511
SET	FNBP1	SRR19762773
LEPR	LEPROT	SRR19762773
DDX5	SET	SRR19762773
SRSF1	DDX5	SRR19762773
SEPT7P2	PSPH	SRR19762773
AC022182.1	CLVS1	SRR19762773
RP11-367G6.3	FAM65B	SRR19762773
NRIP1	AF127936.7	SRR19762773
BOLA2B	RP11-347C12.2	SRR19762773
RP6-206I17.1	RP11-403I13.8	SRR19762773
KLF16	OAZ1	SRR19762773
TIMM23	PARGP1	SRR19762773
IGH-@-ext	MT-RNR2	SRR19762773
VTI1A	RP11-57H14.3	SRR19762773
SOCS5	AC016722.2	SRR19762773
ADRM1	OGFR	SRR19762773
RP11-96H19.1	RP11-446N19.1	SRR19762773
RP11-439L18.2	HIVEP2	SRR19762773
PFKFB3	RP11-563J2.2	SRR19762773
EIF5A	EIF4A1	SRR19762773
SET	FNBP1	SRR19762326
C1ORF220	RP5-1098D14.1	SRR19762326
BOLA2B	RP11-345J4.8	SRR19762326
KLF16	CSNK1G2	SRR19762326
RABL6	EDF1	SRR19762326
LEPR	LEPROT	SRR19762326
OAZ1	PTMA	SRR19762326
AC005062.2	MACC1	SRR19762326
IGH-@-ext	TAGLN2	SRR19762326
PLXNB2	SCO2	SRR19762326
MIR155HG	JAM2	SRR19762326
RP11-367G6.3	FAM65B	SRR19762326
RP6-206I17.1	RP11-403I13.8	SRR19762326
BSG	RNF126	SRR19762326
KLF16	OAZ1	SRR19762326
TIMM23	PARGP1	SRR19762326
IGH-@-ext	MT-RNR2	SRR19762326
YWHAE	MYO1C	SRR19762326
RP11-96H19.1	RP11-446N19.1	SRR19762326
KLHL36	USP10	SRR19762326
EIF5A	EIF4A1	SRR19762326
EIF5A	EIF4A1	SRR19762326
IRF4	ACTB	SRR19762318
LEPR	LEPROT	SRR19762318
B2M	AC013394.2	SRR19762318
POLE	ANKLE2	SRR19762318
AC005062.2	MACC1	SRR19762318
PTBP1	SBNO2	SRR19762318
YWHAE	CRK	SRR19762318
CSPG4	IGH@-ext	SRR19762318
EIF4A1	DDX5	SRR19762318
MAFK	ACTB	SRR19762318
RP11-367G6.3	FAM65B	SRR19762318
RAC2	ACTB	SRR19762318
BSG	RNF126	SRR19762318
KLF16	OAZ1	SRR19762318
TIMM23	PARGP1	SRR19762318
RCC1	SNX5	SRR19762318
SLC16A3	METRNL	SRR19762318
ACTB	FSCN1	SRR19762318
LINC00623	RP11-403I13.8	SRR19762318
YWHAE	SET	SRR19762318
RP11-96H19.1	RP11-446N19.1	SRR19762318
RNF126	PTBP1	SRR19762318
EIF5A	EIF4A1	SRR19762318
DAZAP1	OAZ1	SRR19762318
RP11-33B1.1	PSPH	SRR19762217
RP11-662M24.2	RIMBP2	SRR19762217
IGH@-ext	MT-CO3	SRR19762217
RP11-367G6.3	FAM65B	SRR19762217
RP11-155G15.2	RP11-1E3.1	SRR19762217
BSG	RNF126	SRR19762217
NCOR2	UBC	SRR19762217
TIMM23	PARGP1	SRR19762217
KLF16	OAZ1	SRR19762217
TIMM23	RP11-574K11.29	SRR19762217
EIF5A	EIF4A1	SRR19762217
RAB2A	KCNS2	SRR19762370
BMI1	ZEB1	SRR19762370
RP11-367G6.3	FAM65B	SRR19762370
RP11-353N4.6	RP11-403I13.8	SRR19762370
BOLA2B	RP11-347C12.2	SRR19762370
IRF4	CDKN1A	SRR19762370
IGKV1OR22-5	AC096579.7	SRR19762370
LEPR	LEPROT	SRR19762370
KLHL36	USP10	SRR19762370
BSG	RNF126	SRR19762370
RAB38	CTSC	SRR19762370
KLF16	OAZ1	SRR19762370
TIMM23	PARGP1	SRR19762370
RP11-435B5.4	HDLBP	SRR19762370
RP11-155G15.2	RP11-1E3.1	SRR19762370
EIF5A	EIF4A1	SRR19762370
B3GNT2	EHBP1	SRR19762370
YWHAE	CRK	SRR19762781
LINC00623	RP11-403I13.8	SRR19762781
RPA3-AS1	GLCCI1	SRR19762781
AC007879.5	AC007879.2	SRR19762781
RP11-367G6.3	FAM65B	SRR19762781
BOLA2B	RP11-345J4.8	SRR19762781
SRSF1	DDX5	SRR19762781
RP11-96H19.1	RP11-446N19.1	SRR19762781
LEPR	LEPROT	SRR19762781
SEPT7P2	PSPH	SRR19762781
IGH@-ext	MT-ND4	SRR19762781
TIMM23	PARGP1	SRR19762781
TIMM23	RP11-574K11.29	SRR19762781
IGH-@-ext	PTMA	SRR19762781
RP11-367G6.3	FAM65B	SRR19762209
RP11-96H19.1	RP11-446N19.1	SRR19762209
AC005062.2	MACC1	SRR19762209
BCKDHB	RP11-250B2.3	SRR19762209
BSG	RNF126	SRR19762209
RAB38	CTSC	SRR19762209
CSNK1G2	OAZ1	SRR19762209
POLE	ANKLE2	SRR19762209
TIMM23	PARGP1	SRR19762209
PTMA	ACTB	SRR19762209
KLF16	OAZ1	SRR19762209
DAZAP1	OAZ1	SRR19762209
IGLVI-70	IGL@-ext	SRR19762209
RP11-367G6.3	FAM65B	SRR19762775
RP11-96H19.1	RP11-446N19.1	SRR19762775
TIMM23	PARGP1	SRR19762775
LEPR	LEPROT	SRR19762775
BOLA2B	RP11-345J4.8	SRR19762572
PTMA	TTYH3	SRR19762572
LEPR	LEPROT	SRR19762572
RP11-444D3.1	SOX5	SRR19762572
ADAP1	ACTB	SRR19762572
SIK1	ACTB	SRR19762572
ACTB	RNF216	SRR19762572
AKAP13	TRIM60	SRR19762572
MAFK	ACTB	SRR19762572
RP11-33B1.1	PSPH	SRR19762572
CD81	PPP1R12C	SRR19762572
RP11-367G6.3	FAM65B	SRR19762572
IRF4	IGH@-ext	SRR19762572
KLF16	OAZ1	SRR19762572
TIMM23	PARGP1	SRR19762572
B2M	IRF4	SRR19762572
PIM3	SCO2	SRR19762572
ACTB	FSCN1	SRR19762572
RP11-680G10.1	GSE1	SRR19762572
PTMA	ACTB	SRR19762572
RP11-367G6.3	FAM65B	SRR19762553
BOLA2B	RP11-347C12.2	SRR19762553
RP11-96H19.1	RP11-446N19.1	SRR19762553
KANSL1	ARL17A	SRR19762553
LEPR	LEPROT	SRR19762553
OAZ1	SGTA	SRR19762553
SEPT7P2	PSPH	SRR19762553
OAZ1	PTMA	SRR19762553
NUDT3	RPS10	SRR19762553
TIMM23	PARGP1	SRR19762553
AMFR	NUDT21	SRR19762553
POLE	ANKLE2	SRR19762553
PTMA	ACTB	SRR19762553
DAZAP1	OAZ1	SRR19762553
EIF4A1	PTMA	SRR19762553
VTI1A	RP11-57H14.3	SRR19762553
SET	FNBP1	SRR19762568
LEPR	LEPROT	SRR19762568
B2M	AC013394.2	SRR19762568
OAZ1	PTMA	SRR19762568
RAB38	CTSC	SRR19762568
C5orf56	RAD50	SRR19762568
RNF126	PTBP1	SRR19762568
TIMM23	RP11-574K11.29	SRR19762568
AC005062.2	MACC1	SRR19762568
IGH@-ext	MT-ATP6	SRR19762568
RP11-367G6.3	FAM65B	SRR19762568
NRIP1	AF127936.7	SRR19762568
BSG	RNF126	SRR19762568
KLF16	OAZ1	SRR19762568
TIMM23	PARGP1	SRR19762568
NUTM2A-AS1	MINPP1	SRR19762568
USP12	HMGB1	SRR19762568
EZH2	ZNF777	SRR19762568
OAZ1	IRF4	SRR19762568
PFKFB3	RP11-563J2.2	SRR19762568
RP11-81H14.2	MDM1	SRR19762568
HLA-S	HLA-A	SRR19762568
IGH-@-ext	MT-ATP6	SRR19762568
OAZ1	SCO2	SRR19762568
AC007879.5	AC007879.2	SRR19762518
MT-ND6	RPL13A	SRR19762518
RP11-367G6.3	FAM65B	SRR19762518
RP11-96H19.1	RP11-446N19.1	SRR19762518
KANSL1	ARL17A	SRR19762518
RP11-206L10.8	SEPT14	SRR19762518
LEPR	LEPROT	SRR19762518
RP11-155G15.2	RP11-1E3.1	SRR19762518
TIMM23	PARGP1	SRR19762518
IGLVI-70	IGL@-ext	SRR19762518
LEPR	LEPROT	SRR19762631
POLE	ANKLE2	SRR19762631
TIMM23	RP11-574K11.29	SRR19762631
IGH@-ext	MT-ATP6	SRR19762631
AKAP13	TRIM60	SRR19762631
FOSL1	PTMA	SRR19762631
PTP4A1	EEF1A1	SRR19762631
NCOR2	UBC	SRR19762631
RP11-367G6.3	FAM65B	SRR19762631
RP6-206I17.1	RP11-403I13.8	SRR19762631
DDX5	PTMA	SRR19762631
CARKD	ING1	SRR19762631
BSG	RNF126	SRR19762631
AGRN	SET	SRR19762631
TIMM23	PARGP1	SRR19762631
SLC7A5	SMG1P1	SRR19762631
POLE	FUS	SRR19762631
PTMA	IRF4	SRR19762631
HLA-J	HLA-V	SRR19762631
PTMA	PPARGC1B	SRR19762937
LINC00623	RP11-403I13.8	SRR19762937
RP11-367G6.3	FAM65B	SRR19762937
IGH@-ext	UBC	SRR19762937
PFKFB3	RP11-563J2.2	SRR19762937
LEPR	LEPROT	SRR19762937
CPSF6	ACTB	SRR19762937
EIF4A1	OAZ1	SRR19762937
BSG	RNF126	SRR19762937
KLF16	OAZ1	SRR19762937
OAZ1	ACTB	SRR19762937
TIMM23	PARGP1	SRR19762937
TIMM13	PTMA	SRR19762937
POLE	ANKLE2	SRR19762937
IGH-@-ext	PTMA	SRR19762937
SET	FNBP1	SRR19762255
RP6-206I17.1	RP11-403I13.8	SRR19762255
LEPR	LEPROT	SRR19762255
YWHAE	PITPNA	SRR19762255
TIMM23	PARGP1	SRR19762255
PTMA	ACTB	SRR19762255
TIMM23	RP11-574K11.29	SRR19762255
ACTB	SET	SRR19762255
IGH-@-ext	HLA-B	SRR19762303
LINC00623	RP11-403I13.8	SRR19762303
IGH-@-ext	RN7SL109P	SRR19762303
RP11-367G6.3	FAM65B	SRR19762303
KANSL1	ARL17A	SRR19762303
RP11-81H14.2	MDM1	SRR19762303
LEPR	LEPROT	SRR19762303
B2M	AC013394.2	SRR19762303
RP11-155G15.2	RP11-1E3.1	SRR19762303
IGH-@-ext	NCL	SRR19762303
TIMM23	PARGP1	SRR19762303
PTMA	ACTB	SRR19762303
TIMM23	RP11-574K11.29	SRR19762303
AC005062.2	MACC1	SRR19762303
SET	FNBP1	SRR19762514
HMGN2	PTMA	SRR19762514
POLE	ANKLE2	SRR19762514
RNF126	PTBP1	SRR19762514
TIMM23	RP11-574K11.29	SRR19762514
PTMA	ACTB	SRR19762514
ZEB1	HNRNPF	SRR19762514
SET	EDF1	SRR19762514
CALM2	PTMA	SRR19762514
OAZ1	SET	SRR19762514
SBF1	SCO2	SRR19762514
MAFK	ACTB	SRR19762514
RP11-155G15.2	RP11-1E3.1	SRR19762514
NCOR2	UBC	SRR19762514
ACTB	BOP1	SRR19762514
RP11-367G6.3	FAM65B	SRR19762514
RMND5A	ANAPC1	SRR19762514
BSG	RNF126	SRR19762514
KLF16	OAZ1	SRR19762514
TIMM23	PARGP1	SRR19762514
LINC00158	AP000233.4	SRR19762514
RP11-305P22.9	DAZAP1	SRR19762514
NUDT3	RPS10	SRR19762514
ACTB	FSCN1	SRR19762514
RP11-96H19.1	RP11-446N19.1	SRR19762514
PFKFB3	RP11-563J2.2	SRR19762514
SETD1A	FUS	SRR19762514
DHRS4-AS1	NRL	SRR19762514
OAZ1	PPP1R12C	SRR19762514
RP11-680G10.1	GSE1	SRR19762514
PTMA	ACTB	SRR19762514
RP11-316P17.2	RP5-1050E16.2	SRR19762514
EIF5A	EIF4A1	SRR19762514
DAZAP1	OAZ1	SRR19762514
RP11-1E3.1	RP11-455B3.1	SRR19762223
RP11-367G6.3	FAM65B	SRR19762223
CDKN1A	EEF1A1P5	SRR19762223
PFKFB3	RP11-563J2.2	SRR19762223
RP6-206I17.1	RP11-403I13.8	SRR19762223
LEPR	LEPROT	SRR19762223
SETD1A	FUS	SRR19762223
RP11-155G15.2	RP11-1E3.1	SRR19762223
BSG	RNF126	SRR19762223
NCOR2	UBC	SRR19762223
TIMM23	PARGP1	SRR19762223
POLE	ANKLE2	SRR19762223
SOCS5	AC016722.2	SRR19762223
RP11-444D3.1	SOX5	SRR19762223
CHSY1	CNTN6	SRR19762223
EIF5A	EIF4A1	SRR19762223
IGLVI-70	IGL@-ext	SRR19762223
WAC	ZEB1	SRR19762808
RP11-662M24.2	RIMBP2	SRR19762808
RP11-367G6.3	FAM65B	SRR19762808
NRIP1	AF127936.7	SRR19762808
DDX5	EEF1A1	SRR19762808
AC004967.7	ASNS	SRR19762808
LEPR	LEPROT	SRR19762808
EEF1DP3	FRY	SRR19762808
KLHL36	USP10	SRR19762808
TIMM23	PARGP1	SRR19762808
TIMM23	RP11-574K11.29	SRR19762808
EIF4A1	PTMA	SRR19762808
RPL36	PTMA	SRR19762364
RPA3-AS1	GLCCI1	SRR19762364
RP11-367G6.3	FAM65B	SRR19762364
RP11-96H19.1	RP11-446N19.1	SRR19762364
LEPR	LEPROT	SRR19762364
BSG	SCO2	SRR19762364
IGH-@-ext	STRA6	SRR19762364
RP11-155G15.2	RP11-1E3.1	SRR19762364
KLF16	OAZ1	SRR19762364
TIMM23	PARGP1	SRR19762364
POLE	ANKLE2	SRR19762364
CTC-786C10.1	RP11-680G10.1	SRR19762364
TIMM23	RP11-574K11.29	SRR19762364
MIR155HG	JAM2	SRR19762364
NUDT3	RPS10	SRR19762364
VTI1A	RP11-57H14.3	SRR19762364
BOLA2B	RP11-345J4.8	SRR19762581
TBC1D3F	NPEPPS	SRR19762581
AOAH	ELMO1	SRR19762581
LEPR	LEPROT	SRR19762581
OAZ1	PTMA	SRR19762581
CDKN1A	EEF1A1	SRR19762581
YWHAE	PITPNA	SRR19762581
RP11-155G15.2	RP11-1E3.1	SRR19762581
NCOR2	UBC	SRR19762581
SCAMP4	OAZ1	SRR19762581
ITM2C	PTMA	SRR19762581
KDM2B	RGS20	SRR19762581
IRF4	TMEM63B	SRR19762581
IGLVI-70	IGL@-ext	SRR19762581
RP11-367G6.3	FAM65B	SRR19762581
ZEB1	SET	SRR19762581
KLF16	OAZ1	SRR19762581
TIMM23	PARGP1	SRR19762581
PTMA	IRF4	SRR19762581
EIF4A1	OAZ1	SRR19762581
RNF126	OAZ1	SRR19762581
BSG	PTBP1	SRR19762581
HLA-S	HLA-A	SRR19762581
RPA3-AS1	GLCCI1	SRR19762766
RP11-367G6.3	FAM65B	SRR19762766
VPS33A	CLIP1	SRR19762766
DOT1L	OAZ1	SRR19762766
HNRNPH1	SQSTM1	SRR19762766
LEPR	LEPROT	SRR19762766
LRRC27	INPP5A	SRR19762766
EEF1DP3	FRY	SRR19762766
PTMA	HNRNPA2B1	SRR19762766
TIMM23	PARGP1	SRR19762766
PTMA	ACTB	SRR19762766
VTI1A	RP11-57H14.3	SRR19762766
RP11-444D3.1	SOX5	SRR19762766
TIMM23	RP11-574K11.29	SRR19762766
AC005062.2	MACC1	SRR19762766
LEPR	LEPROT	SRR19762670
OAZ1	PTMA	SRR19762670
TIMM23	RP11-574K11.29	SRR19762670
NOC4L	PGAM5	SRR19762670
PTP4A1	EEF1A1	SRR19762670
SEPT7P2	PSPH	SRR19762670
BTBD2	OAZ1	SRR19762670
PLXNB2	SCO2	SRR19762670
RP11-367G6.3	FAM65B	SRR19762670
BOLA2B	RP11-347C12.2	SRR19762670
NRIP1	AF127936.7	SRR19762670
TIMM23B	PARGP1	SRR19762670
DDX5	EEF1A1	SRR19762670
RP6-206I17.1	RP11-403I13.8	SRR19762670
OAZ1	PPP6R2	SRR19762670
BSG	RNF126	SRR19762670
SPTAN1	SET	SRR19762670
NUDT3	RPS10	SRR19762670
PIM3	SCO2	SRR19762670
CCNL2	DNAJC24	SRR19762670
PFKFB3	RP11-563J2.2	SRR19762670
EIF5A	EIF4A1	SRR19762670
B3GNT2	CXCR4	SRR19762256
RP11-367G6.3	FAM65B	SRR19762256
SRSF1	DDX5	SRR19762256
LEPR	LEPROT	SRR19762256
IGH-@-ext	MT-ND4	SRR19762256
RNF126	OAZ1	SRR19762256
KLF16	OAZ1	SRR19762256
HCG4P5	MT-CO1	SRR19762256
TIMM23	PARGP1	SRR19762256
RP11-155G15.2	RP11-1E3.1	SRR19762256
HLA-B	MT-RNR2	SRR19762256
RAB38	CTSC	SRR19762256
C16orf96	MGRN1	SRR19762256
EEF1A1	PABPC1	SRR19762256
CSNK1G2	OAZ1	SRR19762256
EIF5A	EIF4A1	SRR19762256
PIM3	SCO2	SRR19762256
PRKCH	RP11-47I22.3	SRR19762782
RP11-367G6.3	FAM65B	SRR19762782
RP11-353N4.6	RP11-403I13.8	SRR19762782
KLHL3	RP11-381K20.2	SRR19762782
TIMM23B	PARGP1	SRR19762782
PTMA	BOP1	SRR19762782
GOLM1	ISCA1	SRR19762782
LEPR	LEPROT	SRR19762782
UBQLN1	HNRNPK	SRR19762782
KLF16	OAZ1	SRR19762782
WASH5P	AJ271736.10	SRR19762782
EIF5A	EIF4A1	SRR19762782
NCL	PTMA	SRR19762619
NOC4L	FBRSL1	SRR19762619
LEPR	LEPROT	SRR19762619
C5orf56	RAD50	SRR19762619
TIMM23	RP11-574K11.29	SRR19762619
CYTH1	USP36	SRR19762619
RP11-1E3.1	RP11-455B3.1	SRR19762619
CDKN1A	EEF1A1	SRR19762619
SRSF1	DDX5	SRR19762619
PTP4A1	EEF1A1	SRR19762619
KIF20B	ACTR3	SRR19762619
RP11-155G15.2	RP11-1E3.1	SRR19762619
NCL	PTMA	SRR19762619
RP11-367G6.3	FAM65B	SRR19762619
TIMM23	PARGP1	SRR19762619
VTI1A	RP11-57H14.3	SRR19762619
SF1	IRF4	SRR19762619
RPA3-AS1	GLCCI1	SRR19762619
PFKFB3	RP11-563J2.2	SRR19762619
PTMA	SET	SRR19762619
SETD1A	FUS	SRR19762619
EIF5A	EIF4A1	SRR19762619
RP11-367G6.3	FAM65B	SRR19762842
IGH-@-ext	MT-ND4	SRR19762842
RAB38	CTSC	SRR19762842
TIMM23	PARGP1	SRR19762842
PIDD	MED16	SRR19762714
RP11-367G6.3	FAM65B	SRR19762714
RP11-96H19.1	RP11-446N19.1	SRR19762714
PFKFB3	RP11-563J2.2	SRR19762714
VEGFA	TMEM63B	SRR19762714
KLF16	OAZ1	SRR19762714
TIMM23	PARGP1	SRR19762714
ACTB	SET	SRR19762714
DHX40	KPNA2	SRR19762418
LINC00623	RP11-403I13.8	SRR19762418
RP11-367G6.3	FAM65B	SRR19762418
RP11-96H19.1	RP11-446N19.1	SRR19762418
TPM4	KLF2	SRR19762418
KANSL1	ARL17A	SRR19762418
PFKFB3	RP11-563J2.2	SRR19762418
DOT1L	OAZ1	SRR19762418
NCOR2	UBC	SRR19762418
TIMM23	PARGP1	SRR19762418
PTMA	ACTB	SRR19762418
BSG	PTMA	SRR19762418
IGH-@-ext	ARL4D	SRR19762418
IGLVI-70	IGL@-ext	SRR19762418
RNF126	SBNO2	SRR19762451
RP11-367G6.3	FAM65B	SRR19762451
NRIP1	AF127936.7	SRR19762451
KANSL1	ARL17A	SRR19762451
LEPR	LEPROT	SRR19762451
RP11-426C22.5	SNX29P2	SRR19762451
TIMM23	PARGP1	SRR19762451
USP12	HMGB1	SRR19762313
RPA3-AS1	GLCCI1	SRR19762313
RP11-367G6.3	FAM65B	SRR19762313
PFKFB3	RP11-563J2.2	SRR19762313
DOT1L	OAZ1	SRR19762313
LEPR	LEPROT	SRR19762313
SEPT7P2	PSPH	SRR19762313
IGL-@-ext	EEF1A1	SRR19762313
KLF16	OAZ1	SRR19762313
IGH-@-ext	MT-ND4	SRR19762313
TIMM23	PARGP1	SRR19762313
NUDT3	RPS10	SRR19762313
IGL@-ext	LSM14A	SRR19762928
BOLA2B	RP11-345J4.8	SRR19762928
IGH-@-ext	ACTB	SRR19762928
POLE	ANKLE2	SRR19762928
TIMM23	PARGP1	SRR19762928
IGH-@-ext	HLA-B	SRR19762325
KANSL1	ARL17B	SRR19762325
NCL	PTMA	SRR19762325
RP11-367G6.3	FAM65B	SRR19762325
RP11-96H19.1	RP11-446N19.1	SRR19762325
SRSF1	DDX5	SRR19762325
SBNO2	KLF16	SRR19762325
LEPR	LEPROT	SRR19762325
RP13-188A5.1	KLF8	SRR19762325
ARHGAP26	NR3C1	SRR19762325
TIMM23	PARGP1	SRR19762325
CTC-786C10.1	RP11-680G10.1	SRR19762325
TPM4	IRF4	SRR19762325
VTI1A	RP11-57H14.3	SRR19762325
HNRNPF	OAZ1	SRR19762325
DDX5	IRF4	SRR19762325
EIF5A	EIF4A1	SRR19762325
RP11-367G6.3	FAM65B	SRR19762355
RP11-96H19.1	RP11-446N19.1	SRR19762355
RAC2	ACTB	SRR19762355
LEPR	LEPROT	SRR19762355
POLE	ANKLE2	SRR19762355
TIMM23	PARGP1	SRR19762355
C22orf34	SCO2	SRR19762567
RP11-367G6.3	FAM65B	SRR19762567
RP11-96H19.1	RP11-446N19.1	SRR19762567
PFKFB3	RP11-563J2.2	SRR19762567
MAFK	ACTB	SRR19762567
IGH-@-ext	MT-ND4	SRR19762567
OAZ1	PTMA	SRR19762567
TIMM23	PARGP1	SRR19762567
SDF4	PTMA	SRR19762182
LEPR	LEPROT	SRR19762182
OAZ1	PTMA	SRR19762182
RAB38	CTSC	SRR19762182
CPSF6	PTMA	SRR19762182
RP11-444D3.1	SOX5	SRR19762182
WAC	ZEB1	SRR19762182
CALM2	PTMA	SRR19762182
OAZ1	SET	SRR19762182
SRSF1	DDX5	SRR19762182
SEPT7P2	PSPH	SRR19762182
RP11-155G15.2	RP11-1E3.1	SRR19762182
CTC-786C10.1	RP11-680G10.1	SRR19762182
RP11-367G6.3	FAM65B	SRR19762182
EIF4A1	SET	SRR19762182
ZEB1	SET	SRR19762182
SF1	CFL1	SRR19762182
VEGFA	TMEM63B	SRR19762182
CARKD	ING1	SRR19762182
TIMM23	PARGP1	SRR19762182
PFKFB3	RP11-563J2.2	SRR19762182
EIF4A1	OAZ1	SRR19762182
SETD1A	FUS	SRR19762182
IRF4	EEF1A1	SRR19762182
BSG	PTBP1	SRR19762182
HMGB1	N4BP2L1	SRR19762182
EIF5A	EIF4A1	SRR19762182
SET	FNBP1	SRR19762462
USP12	HMGB1	SRR19762462
RP11-367G6.3	FAM65B	SRR19762462
YAF2	RYBP	SRR19762462
NRIP1	AF127936.7	SRR19762462
DDX5	EEF1A1	SRR19762462
SRSF1	DDX5	SRR19762462
SF3A2	OAZ1	SRR19762462
KLHL36	USP10	SRR19762462
BCKDHB	RP11-250B2.3	SRR19762462
RNF126	OAZ1	SRR19762462
KLF16	OAZ1	SRR19762462
NCOR2	UBC	SRR19762462
TIMM23	PARGP1	SRR19762462
PTP4A1	EEF1A1P5	SRR19762462
RNF126	PTBP1	SRR19762462
EIF5A	EIF4A1	SRR19762462
NUDT3	RPS10	SRR19762462
IGH-@-ext	IGL-@-ext	SRR19762416
LEPR	LEPROT	SRR19762416
TIMM23	RP11-574K11.29	SRR19762416
AC005062.2	MACC1	SRR19762416
ZEB1	HNRNPF	SRR19762416
LSP1	CD81	SRR19762416
SRSF1	DDX5	SRR19762416
ITM2C	PTMA	SRR19762416
RP11-367G6.3	FAM65B	SRR19762416
KANSL1	ARL17A	SRR19762416
RP6-206I17.1	RP11-403I13.8	SRR19762416
TIMM23	PARGP1	SRR19762416
IGH@-ext	IGL@-ext	SRR19762416
IGH@-ext	MT-ATP8	SRR19762416
MAZ	FUS	SRR19762416
PIM3	SCO2	SRR19762416
IGL-@-ext	IGH-@-ext	SRR19762416
YAF2	RYBP	SRR19762416
HLA-S	HLA-A	SRR19762416
IGL@-ext	IGH@-ext	SRR19762416
EIF5A	EIF4A1	SRR19762416
EIF4A1	PTMA	SRR19762416
TCF3	OAZ1	SRR19762722
TPM4	PTMA	SRR19762722
LEPR	LEPROT	SRR19762722
RAB38	CTSC	SRR19762722
TIMM23	RP11-574K11.29	SRR19762722
ACTB	RNF216	SRR19762722
FASN	PTMA	SRR19762722
SRSF1	DDX5	SRR19762722
BCKDHB	RP11-250B2.3	SRR19762722
RP11-155G15.2	RP11-1E3.1	SRR19762722
CTC-786C10.1	RP11-680G10.1	SRR19762722
RP11-33B1.1	PSPH	SRR19762722
RP11-367G6.3	FAM65B	SRR19762722
BOLA2B	RP11-347C12.2	SRR19762722
RP6-206I17.1	RP11-403I13.8	SRR19762722
TIMM23	PARGP1	SRR19762722
VTI1A	RP11-57H14.3	SRR19762722
RP11-1151B14.4	MALT1	SRR19762722
PTMA	IRF4	SRR19762722
PTMA	ACTB	SRR19762722
ZEB1	HNRNPF	SRR19762539
YWHAE	CRK	SRR19762539
RP11-367G6.3	FAM65B	SRR19762539
CNN2	PTMA	SRR19762539
LEPR	LEPROT	SRR19762539
SEPT7P2	PSPH	SRR19762539
IGL-@-ext	MT-CO1	SRR19762539
TIMM23	PARGP1	SRR19762539
C15orf57	CBX3	SRR19762539
PLEKHO1	ANP32E	SRR19762259
PARVB	ZNF367	SRR19762259
RP11-367G6.3	FAM65B	SRR19762259
NRIP1	AF127936.7	SRR19762259
MOB3A	OAZ1	SRR19762259
HSPA12A	RP11-539I5.1	SRR19762259
LEPR	LEPROT	SRR19762259
SEPT7P2	PSPH	SRR19762259
RP11-155G15.2	RP11-1E3.1	SRR19762259
KLF16	OAZ1	SRR19762259
PI4KA	HIC2	SRR19762259
TIMM23	PARGP1	SRR19762259
UBQLN1	HNRNPK	SRR19762259
RNF126	PTBP1	SRR19762259
NUDT3	RPS10	SRR19762259
IGLVI-70	IGL@-ext	SRR19762259
OAZ1	RAC2	SRR19762269
TCF3	OAZ1	SRR19762269
SUMO3	FAM207A	SRR19762269
LEPR	LEPROT	SRR19762269
HMGB1	B2M	SRR19762269
OAZ1	PTMA	SRR19762269
CTD-2012K14.6	CTCF	SRR19762269
C5orf56	RAD50	SRR19762269
SUMO3	SLC19A1	SRR19762269
IGH-@-ext	PTMA	SRR19762269
IGH-@-ext	RPL31	SRR19762269
RP11-155G15.2	RP11-1E3.1	SRR19762269
ITM2C	PTMA	SRR19762269
EEF1A1	SYNCRIP	SRR19762269
RP11-367G6.3	FAM65B	SRR19762269
NRIP1	AF127936.7	SRR19762269
PTMA	FNBP1	SRR19762269
BSG	RNF126	SRR19762269
KLF16	OAZ1	SRR19762269
TIMM23	PARGP1	SRR19762269
LINC00623	RP11-403I13.8	SRR19762269
PFKFB3	RP11-563J2.2	SRR19762269
BSG	PTBP1	SRR19762269
OAZ1	ACTB	SRR19762269
PTMA	ACTB	SRR19762269
DAZAP1	OAZ1	SRR19762269
BAHD1	B2M	SRR19762621
RP11-662M24.2	RIMBP2	SRR19762621
LEPR	LEPROT	SRR19762621
OAZ1	PTMA	SRR19762621
C5orf56	RAD50	SRR19762621
RNF126	PTBP1	SRR19762621
RP11-444D3.1	SOX5	SRR19762621
CYTH1	USP36	SRR19762621
YWHAE	CRK	SRR19762621
SEPT7P2	PSPH	SRR19762621
RP11-745L13.2	RPL7AP28	SRR19762621
PTBP1	DAZAP1	SRR19762621
RP11-367G6.3	FAM65B	SRR19762621
BOLA2B	RP11-347C12.2	SRR19762621
KLF16	OAZ1	SRR19762621
TIMM23	PARGP1	SRR19762621
BOP1	RP11-1212A22.1	SRR19762621
LINC00623	RP11-403I13.8	SRR19762621
HAUS1	C18orf25	SRR19762621
KLHL36	USP10	SRR19762621
PTMA	ACTB	SRR19762621
CSNK1G2	OAZ1	SRR19762621
RNF126	PTBP1	SRR19762621
DAZAP1	OAZ1	SRR19762621
ACTB	RNF216	SRR19762802
RP11-367G6.3	FAM65B	SRR19762802
RP11-96H19.1	RP11-446N19.1	SRR19762802
PFKFB3	RP11-563J2.2	SRR19762802
LEPR	LEPROT	SRR19762802
SETD1A	FUS	SRR19762802
SEPT7P2	PSPH	SRR19762802
RP11-155G15.2	RP11-1E3.1	SRR19762802
IGH@-ext	MT-RNR2	SRR19762802
TIMM23	PARGP1	SRR19762802
PTMA	ACTB	SRR19762802
RNF126	PTBP1	SRR19762802
DAZAP1	OAZ1	SRR19762802
RP11-662M24.2	RIMBP2	SRR19762696
RP11-367G6.3	FAM65B	SRR19762696
BOLA2B	RP11-347C12.2	SRR19762696
LEPR	LEPROT	SRR19762696
TIMM23	PARGP1	SRR19762696
C15orf57	CBX3	SRR19762696
ATP9B	NFATC1	SRR19762696
YWHAE	CRK	SRR19762587
RP11-367G6.3	FAM65B	SRR19762587
NRIP1	AF127936.7	SRR19762587
BOLA2B	RP11-345J4.8	SRR19762587
TIMM23B	PARGP1	SRR19762587
SRSF1	DDX5	SRR19762587
LEPR	LEPROT	SRR19762587
OAZ1	PTMA	SRR19762587
RP11-155G15.2	RP11-1E3.1	SRR19762587
KLF16	OAZ1	SRR19762587
PTBP1	OAZ1	SRR19762587
ATP6V0C	SRRM2	SRR19762587
TIMM23	RP11-574K11.29	SRR19762587
MIR155HG	JAM2	SRR19762587
RP11-662M24.2	RIMBP2	SRR19762779
RP11-367G6.3	FAM65B	SRR19762779
NRIP1	AF127936.7	SRR19762779
PFKFB3	RP11-563J2.2	SRR19762779
LEPR	LEPROT	SRR19762779
OAZ1	PTMA	SRR19762779
DDX5	SET	SRR19762779
HLA-S	HLA-A	SRR19762779
TIMM23	PARGP1	SRR19762779
TIMM23	RP11-574K11.29	SRR19762779
EIF5A	EIF4A1	SRR19762779
EIF4A1	PTMA	SRR19762779
ZEB1	HNRNPF	SRR19762191
AC092635.1	AC016730.1	SRR19762191
PLEKHO1	ANP32E	SRR19762191
RP11-367G6.3	FAM65B	SRR19762191
RP11-96H19.1	RP11-446N19.1	SRR19762191
BOLA2B	RP11-345J4.8	SRR19762191
RP6-206I17.1	RP11-403I13.8	SRR19762191
LEPR	LEPROT	SRR19762191
NUTM2A-AS1	MINPP1	SRR19762191
NCOR2	UBC	SRR19762191
TIMM23	PARGP1	SRR19762191
POLE	CHFR	SRR19762191
TIMM23	RP11-574K11.29	SRR19762191
KIAA0125	SLC25A12	SRR19762191
RP11-367G6.3	FAM65B	SRR19762366
RP11-96H19.1	RP11-446N19.1	SRR19762366
KANSL1	ARL17A	SRR19762366
PFKFB3	RP11-563J2.2	SRR19762366
RP6-206I17.1	RP11-403I13.8	SRR19762366
LEPR	LEPROT	SRR19762366
TMEM255B	GAS6-AS1	SRR19762366
RNF126	OAZ1	SRR19762366
TIMM23	PARGP1	SRR19762366
VTI1A	RP11-57H14.3	SRR19762366
NUDT3	RPS10	SRR19762366
TMC6	PTMA	SRR19762363
KANSL1	ARL17B	SRR19762363
AKAP13	TRIM60	SRR19762363
RP11-367G6.3	FAM65B	SRR19762363
RP6-206I17.1	RP11-403I13.8	SRR19762363
LEPR	LEPROT	SRR19762363
OAZ1	PTMA	SRR19762363
RP11-155G15.2	RP11-1E3.1	SRR19762363
RAB38	CTSC	SRR19762363
KLF16	OAZ1	SRR19762363
TIMM23	PARGP1	SRR19762363
RP11-316P17.2	RP5-1050E16.2	SRR19762363
OAZ1	ACTB	SRR19762363
ACTB	SET	SRR19762363
DDX5	IRF4	SRR19762438
IGH-@-ext	HLA-B	SRR19762438
OAZ1	SIK1	SRR19762438
C1ORF220	RP5-1098D14.1	SRR19762438
RP11-367G6.3	FAM65B	SRR19762438
SRSF1	DDX5	SRR19762438
EIF4A1	DDX5	SRR19762438
LEPR	LEPROT	SRR19762438
PTMA	ADAP1	SRR19762438
RP11-155G15.2	RP11-1E3.1	SRR19762438
TIMM23	PARGP1	SRR19762438
IGH-@-ext	MT-RNR2	SRR19762438
TIMM23	RP11-574K11.29	SRR19762438
CRAMP1L	MAPK8IP3	SRR19762438
IGLVI-70	IGL@-ext	SRR19762438
RP11-662M24.2	RIMBP2	SRR19762655
KANSL1	ARL17A	SRR19762655
LEPR	LEPROT	SRR19762655
TIMM23	PARGP1	SRR19762655
MIR155HG	JAM2	SRR19762655
RP11-367G6.3	FAM65B	SRR19762602
RP11-96H19.1	RP11-446N19.1	SRR19762602
PFKFB3	RP11-563J2.2	SRR19762602
RP6-206I17.1	RP11-403I13.8	SRR19762602
LEPR	LEPROT	SRR19762602
SEPT7P2	PSPH	SRR19762602
RP11-155G15.2	RP11-1E3.1	SRR19762602
TIMM23	PARGP1	SRR19762602
IGKV2-29	AC096579.7	SRR19762602
VTI1A	RP11-57H14.3	SRR19762602
EIF5A	EIF4A1	SRR19762602
RP11-367G6.3	FAM65B	SRR19762254
CSH2	IGH-@-ext	SRR19762254
LEPR	LEPROT	SRR19762254
TIMM23	PARGP1	SRR19762254
EXPH5	RP11-25I9.2	SRR19762254
TIMM23	RP11-574K11.29	SRR19762254
MIR155HG	JAM2	SRR19762254
IGKV2-18	AC096579.7	SRR19762562
RP11-367G6.3	FAM65B	SRR19762562
PFKFB3	RP11-563J2.2	SRR19762562
RP6-206I17.1	RP11-403I13.8	SRR19762562
RNF126	OAZ1	SRR19762562
RAB38	CTSC	SRR19762562
TIMM23	PARGP1	SRR19762562
ZC3H3	EEF1D	SRR19762562
TIMM23	RP11-574K11.29	SRR19762562
IGLVI-70	IGL@-ext	SRR19762562
LEPR	LEPROT	SRR19762312
RAB38	CTSC	SRR19762312
TIMM23	RP11-574K11.29	SRR19762312
AKAP13	TRIM60	SRR19762312
TPM4	KLF2	SRR19762312
RP11-155G15.2	RP11-1E3.1	SRR19762312
NCOR2	UBC	SRR19762312
IGKV2-29	AC096579.7	SRR19762312
RP11-367G6.3	FAM65B	SRR19762312
NRIP1	AF127936.7	SRR19762312
KLHL3	RP11-381K20.2	SRR19762312
RP6-206I17.1	RP11-403I13.8	SRR19762312
CARKD	ING1	SRR19762312
KLF16	OAZ1	SRR19762312
TIMM23	PARGP1	SRR19762312
SLC16A3	METRNL	SRR19762312
SOCS5	AC016722.2	SRR19762312
PFKFB3	RP11-563J2.2	SRR19762312
DAZAP1	OAZ1	SRR19762312
TIMM23	AGAP6	SRR19762471
SFSWAP	NOC4L	SRR19762471
AKAP13	TRIM60	SRR19762471
CCT3	SLC35A5	SRR19762471
RPA3-AS1	GLCCI1	SRR19762471
RP11-367G6.3	FAM65B	SRR19762471
DOT1L	OAZ1	SRR19762471
KLHL36	USP10	SRR19762471
LEPR	LEPROT	SRR19762471
RP11-155G15.2	RP11-1E3.1	SRR19762471
NCOR2	UBC	SRR19762471
TIMM23	PARGP1	SRR19762471
IGLVI-70	IGL@-ext	SRR19762471
RP11-367G6.3	FAM65B	SRR19762300
RP11-96H19.1	RP11-446N19.1	SRR19762300
BOLA2B	RP11-347C12.2	SRR19762300
RAB38	CTSC	SRR19762300
TIMM23	PARGP1	SRR19762300
TIMM23	RP11-574K11.29	SRR19762300
EIF5A	EIF4A1	SRR19762300
IGLVI-70	IGL@-ext	SRR19762300
SIK1	ACTB	SRR19762637
BOLA2B	RP11-345J4.8	SRR19762637
RP11-96H19.1	RP11-446N19.1	SRR19762637
RP11-367G6.3	FAM65B	SRR19762637
BAZ1A	ACTB	SRR19762637
DOT1L	OAZ1	SRR19762637
RP11-504P24.5	SEPT14	SRR19762637
LEPR	LEPROT	SRR19762637
OAZ1	ACTB	SRR19762637
NCOR2	UBC	SRR19762637
TIMM23	PARGP1	SRR19762637
RP11-444D3.1	SOX5	SRR19762637
NUDT3	RPS10	SRR19762637
IGLVI-70	IGL@-ext	SRR19762637
DOT1L	OAZ1	SRR19762888
LEPR	LEPROT	SRR19762888
RAB38	CTSC	SRR19762888
TIMM23	RP11-574K11.29	SRR19762888
HMGN2	ACTB	SRR19762888
EEF1DP3	FRY	SRR19762888
RP11-745L13.2	RPL7AP28	SRR19762888
ZC3H3	EEF1D	SRR19762888
SERPINB9	RIPK1	SRR19762888
RP11-367G6.3	FAM65B	SRR19762888
NRIP1	AF127936.7	SRR19762888
KANSL1	ARL17A	SRR19762888
KLF16	OAZ1	SRR19762888
TIMM23	PARGP1	SRR19762888
EIF4A1	ACTB	SRR19762888
ACTB	FSCN1	SRR19762888
WDR34	IGH@-ext	SRR19762888
LINC00623	RP11-403I13.8	SRR19762888
SF1	CFL1	SRR19762888
EIF5A	EIF4A1	SRR19762888
DAZAP1	OAZ1	SRR19762888
RNF126	PTMA	SRR19762888
RP11-367G6.3	FAM65B	SRR19762627
KANSL1	ARL17A	SRR19762627
MAFK	ACTB	SRR19762627
LEPR	LEPROT	SRR19762627
RAB38	CTSC	SRR19762627
TIMM23	PARGP1	SRR19762627
TIMM23	RP11-574K11.29	SRR19762627
ACTB	FSCN1	SRR19762250
HNRNPK	SET	SRR19762250
SBNO1	SETD8	SRR19762250
SRRM2	DDX3X	SRR19762250
RP11-367G6.3	FAM65B	SRR19762250
EIF4A1	SET	SRR19762250
COTL1	KLHL36	SRR19762250
PTP4A1	EEF1A1	SRR19762250
FHOD1	IGH@-ext	SRR19762250
RP11-426C22.5	SNX29P2	SRR19762250
OAZ1	ACTB	SRR19762250
TIMM23	PARGP1	SRR19762250
SAMD10	ACTB	SRR19762250
TIMM23	RP11-574K11.29	SRR19762250
EIF5A	EIF4A1	SRR19762250
ACTB	SET	SRR19762250
C1ORF220	RP5-1098D14.1	SRR19762411
RP11-367G6.3	FAM65B	SRR19762411
BOLA2B	RP11-347C12.2	SRR19762411
RP11-96H19.1	RP11-446N19.1	SRR19762411
KANSL1	ARL17A	SRR19762411
RP6-206I17.1	RP11-403I13.8	SRR19762411
LEPR	LEPROT	SRR19762411
RAB38	CTSC	SRR19762411
TIMM23	PARGP1	SRR19762411
TIMM23	RP11-574K11.29	SRR19762411
EIF5A	EIF4A1	SRR19762411
IGLVI-70	IGL@-ext	SRR19762411
RP11-33B1.1	PSPH	SRR19762475
RCC1	UBE2D2	SRR19762475
MTFR1L	CPSF6	SRR19762475
RP11-367G6.3	FAM65B	SRR19762475
NRIP1	AF127936.7	SRR19762475
EIF4A1	SET	SRR19762475
SF3A2	OAZ1	SRR19762475
KLHL36	USP10	SRR19762475
RP11-155G15.2	RP11-1E3.1	SRR19762475
KLF16	OAZ1	SRR19762475
TIMM23	PARGP1	SRR19762475
HLA-S	HLA-A	SRR19762475
SLC7A5	SMG1P1	SRR19762475
TIMM23	RP11-574K11.29	SRR19762475
EIF5A	EIF4A1	SRR19762475
EIF4A1	PTMA	SRR19762475
KANSL1	ARL17B	SRR19762607
RAB2A	KCNS2	SRR19762607
RPA3-AS1	GLCCI1	SRR19762607
RP11-367G6.3	FAM65B	SRR19762607
PTP4A1	EEF1A1	SRR19762607
SF1	CFL1	SRR19762607
LEPR	LEPROT	SRR19762607
LIMD2	OAZ1	SRR19762607
BCKDHB	RP11-250B2.3	SRR19762607
RP11-155G15.2	RP11-1E3.1	SRR19762607
TIMM23	PARGP1	SRR19762607
POLE	ANKLE2	SRR19762607
ZNF260	ZNF850	SRR19762607
TIMM23	RP11-574K11.29	SRR19762607
EIF5A	EIF4A1	SRR19762607
ACTB	FSCN1	SRR19762456
RP11-367G6.3	FAM65B	SRR19762456
AC005062.2	MACC1	SRR19762456
RP6-206I17.1	RP11-403I13.8	SRR19762456
LEPR	LEPROT	SRR19762456
SEPT7P2	PSPH	SRR19762456
RP11-155G15.2	RP11-1E3.1	SRR19762456
CSNK1G2	OAZ1	SRR19762456
OAZ1	ACTB	SRR19762456
TIMM23	PARGP1	SRR19762456
PTMA	ACTB	SRR19762456
PTMA	SIK1	SRR19762456
RNF126	TMEM259	SRR19762456
HLA-S	HLA-A	SRR19762456
TIMM23	RP11-574K11.29	SRR19762456
VTI1A	RP11-57H14.3	SRR19762456
RPA3-AS1	GLCCI1	SRR19762914
AKAP13	TRIM60	SRR19762914
RP11-367G6.3	FAM65B	SRR19762914
DOT1L	OAZ1	SRR19762914
EIF4A1	DDX5	SRR19762914
LEPR	LEPROT	SRR19762914
IRF2BP2	HNRNPU	SRR19762914
RP11-155G15.2	RP11-1E3.1	SRR19762914
NCOR2	UBC	SRR19762914
HLA-S	HLA-A	SRR19762914
TIMM23	PARGP1	SRR19762914
TIMM23	RP11-574K11.29	SRR19762914
EIF5A	EIF4A1	SRR19762914
DAZAP1	OAZ1	SRR19762914
IGLVI-70	IGL@-ext	SRR19762914
LINC00623	RP11-403I13.8	SRR19762274
IGL-@-ext	RPL8	SRR19762274
RP11-96H19.1	RP11-446N19.1	SRR19762274
RP11-367G6.3	FAM65B	SRR19762274
MAFK	ACTB	SRR19762274
LEPR	LEPROT	SRR19762274
RP11-745L13.2	RPL7AP28	SRR19762274
BSG	RNF126	SRR19762274
OAZ1	ACTB	SRR19762274
TIMM23	PARGP1	SRR19762274
PTMA	ACTB	SRR19762274
VTI1A	RP11-57H14.3	SRR19762274
TIMM23	RP11-574K11.29	SRR19762274
NUTM2A-AS1	MINPP1	SRR19762274
LEPR	LEPROT	SRR19762573
POLE	ANKLE2	SRR19762573
RCC1	IGH@-ext	SRR19762573
AC005062.2	MACC1	SRR19762573
ZEB1	HNRNPF	SRR19762573
TIMM23	AGAP6	SRR19762573
SRSF1	DDX5	SRR19762573
HMGN2	SET	SRR19762573
IGKV2-18	AC096579.7	SRR19762573
RP11-367G6.3	FAM65B	SRR19762573
BOLA2B	RP11-347C12.2	SRR19762573
NRIP1	AF127936.7	SRR19762573
TIMM23B	PARGP1	SRR19762573
BSG	RNF126	SRR19762573
KLF16	OAZ1	SRR19762573
MBP	PQLC1	SRR19762573
RCC1	UBE2D2	SRR19762573
RPA3-AS1	GLCCI1	SRR19762573
PFKFB3	RP11-563J2.2	SRR19762573
BSG	PTBP1	SRR19762573
HLA-S	HLA-A	SRR19762573
RP11-316P17.2	RP5-1050E16.2	SRR19762573
EIF5A	EIF4A1	SRR19762573
MT-ND6	RPL13A	SRR19762599
EIF4A1	IRF4	SRR19762599
RP11-367G6.3	FAM65B	SRR19762599
RP11-96H19.1	RP11-446N19.1	SRR19762599
TIMM23B	PARGP1	SRR19762599
IGH-@-ext	MT-ND4	SRR19762599
RP11-155G15.2	RP11-1E3.1	SRR19762599
PTP4A1	EEF1A1P5	SRR19762599
NCOR2	UBC	SRR19762599
IGH-@-ext	MT-RNR2	SRR19762599
VTI1A	RP11-57H14.3	SRR19762599
TIMM23	RP11-574K11.29	SRR19762599
EIF5A	EIF4A1	SRR19762599
IGLVI-70	IGL@-ext	SRR19762599
RAB2A	KCNS2	SRR19762739
RP11-662M24.2	RIMBP2	SRR19762739
RPA3-AS1	GLCCI1	SRR19762739
RP11-367G6.3	FAM65B	SRR19762739
RP11-96H19.1	RP11-446N19.1	SRR19762739
PTP4A1	EEF1A1	SRR19762739
PFKFB3	RP11-563J2.2	SRR19762739
MAFK	ACTB	SRR19762739
LEPR	LEPROT	SRR19762739
EEF1DP3	FRY	SRR19762739
OAZ1	ACTB	SRR19762739
TIMM23	PARGP1	SRR19762739
PTMA	ACTB	SRR19762739
EIF5A	EIF4A1	SRR19762739
PIM3	SCO2	SRR19762739
OAZ1	PTMAP5	SRR19762407
RP11-1E3.1	RP11-455B3.1	SRR19762407
RP11-662M24.2	RIMBP2	SRR19762407
LINC00623	RP11-403I13.8	SRR19762407
RP11-367G6.3	FAM65B	SRR19762407
LEPR	LEPROT	SRR19762407
RP11-155G15.2	RP11-1E3.1	SRR19762407
BSG	RNF126	SRR19762407
TIMM23	PARGP1	SRR19762407
TIMM23	RP11-574K11.29	SRR19762407
EIF5A	EIF4A1	SRR19762407
PIM3	SCO2	SRR19762407
KANSL1	ARL17B	SRR19762228
RP11-662M24.2	RIMBP2	SRR19762228
IGL-@-ext	IGH-@-ext	SRR19762228
IGL-@-ext	RPL8	SRR19762228
RP11-367G6.3	FAM65B	SRR19762228
SRSF1	DDX5	SRR19762228
DOT1L	OAZ1	SRR19762228
LEPR	LEPROT	SRR19762228
IGL-@-ext	RPL22	SRR19762228
IGH@-ext	MT-RNR2	SRR19762228
TIMM23	PARGP1	SRR19762228
IGH-@-ext	UBB	SRR19762228
IGH@-ext	IGL@-ext	SRR19762228
IGL-@-ext	CD74	SRR19762228
IGL-@-ext	RPL13A	SRR19762228
TIMM23	RP11-574K11.29	SRR19762228
EIF5A	EIF4A1	SRR19762228
AC005062.2	MACC1	SRR19762228
RP11-367G6.3	FAM65B	SRR19762869
RP11-96H19.1	RP11-446N19.1	SRR19762869
KANSL1	ARL17A	SRR19762869
LEPR	LEPROT	SRR19762869
EEF1DP3	FRY	SRR19762869
TIMM23	PARGP1	SRR19762869
EIF1B	PABPC1	SRR19762869
TIMM23	RP11-574K11.29	SRR19762869
IGH@-ext	MT-ATP6	SRR19762316
AC131097.3	AC093642.5	SRR19762316
LINC00623	RP11-403I13.8	SRR19762316
RP11-367G6.3	FAM65B	SRR19762316
RP11-96H19.1	RP11-446N19.1	SRR19762316
NRIP1	AF127936.7	SRR19762316
LEPR	LEPROT	SRR19762316
KLHL36	USP10	SRR19762316
EEF1DP3	FRY	SRR19762316
RP11-155G15.2	RP11-1E3.1	SRR19762316
BSG	RNF126	SRR19762316
KLF16	OAZ1	SRR19762316
TIMM23	PARGP1	SRR19762316
AC022182.1	CLVS1	SRR19762316
RAB2A	KCNS2	SRR19762695
BOLA2B	RP11-345J4.8	SRR19762695
TBC1D3F	NPEPPS	SRR19762695
LEPR	LEPROT	SRR19762695
OAZ1	PTMA	SRR19762695
ZEB1	ATP6V0C	SRR19762695
RAB38	CTSC	SRR19762695
POLE	ANKLE2	SRR19762695
PTMA	ACTB	SRR19762695
ACTB	RNF216	SRR19762695
CXCR4	PTMA	SRR19762695
SRSF1	DDX5	SRR19762695
SEPT7P2	PSPH	SRR19762695
BTBD2	OAZ1	SRR19762695
RP11-367G6.3	FAM65B	SRR19762695
CARKD	ING1	SRR19762695
KLF16	OAZ1	SRR19762695
TIMM23	PARGP1	SRR19762695
DOT1L	EGR3	SRR19762695
EIF4A1	ACTB	SRR19762695
PTMA	ACTB	SRR19762695
AC007879.5	AC007879.2	SRR19762900
LEPR	LEPROT	SRR19762900
C5orf56	RAD50	SRR19762900
TIMM23	RP11-574K11.29	SRR19762900
CALM2	SET	SRR19762900
ZEB1	HNRNPF	SRR19762900
AP3S1	AQPEP	SRR19762900
UBQLN1	HNRNPK	SRR19762900
C15orf39	SIN3A	SRR19762900
RP11-367G6.3	FAM65B	SRR19762900
NRIP1	AF127936.7	SRR19762900
KLF16	OAZ1	SRR19762900
PTP4A1	EEF1A1P5	SRR19762900
TIMM23	PARGP1	SRR19762900
VTI1A	RP11-57H14.3	SRR19762900
EIF4G2	DDX5	SRR19762900
PFKFB3	RP11-563J2.2	SRR19762900
MIDN	OAZ1	SRR19762900
HMGB1	N4BP2L1	SRR19762900
GTF2I	GATSL2	SRR19762900
EIF5A	EIF4A1	SRR19762900
RP11-367G6.3	FAM65B	SRR19762362
PFKFB3	RP11-563J2.2	SRR19762362
LEPR	LEPROT	SRR19762362
SEPT7P2	PSPH	SRR19762362
TIMM23	PARGP1	SRR19762362
RP11-662M24.2	RIMBP2	SRR19762643
RP11-367G6.3	FAM65B	SRR19762643
RP11-96H19.1	RP11-446N19.1	SRR19762643
CTD-2337A12.1	CAST	SRR19762643
NRIP1	AF127936.7	SRR19762643
SRSF1	DDX5	SRR19762643
RP11-155G15.2	RP11-1E3.1	SRR19762643
RAB38	CTSC	SRR19762643
TIMM23	PARGP1	SRR19762643
PTMA	ACTB	SRR19762643
PTMA	ACTB	SRR19762643
PLEKHO1	ANP32E	SRR19762805
KANSL1	ARL17B	SRR19762805
RP11-662M24.2	RIMBP2	SRR19762805
RP11-367G6.3	FAM65B	SRR19762805
RP11-96H19.1	RP11-446N19.1	SRR19762805
PFKFB3	RP11-563J2.2	SRR19762805
LEPR	LEPROT	SRR19762805
BSG	PTBP1	SRR19762805
RP11-155G15.2	RP11-1E3.1	SRR19762805
RAB38	CTSC	SRR19762805
TIMM23	PARGP1	SRR19762805
MIR155HG	JAM2	SRR19762805
CTD-2012K14.6	CTCF	SRR19762805
TIMM23	RP11-574K11.29	SRR19762805
EIF5A	EIF4A1	SRR19762805
IGLVI-70	IGL@-ext	SRR19762805
STK25	IGH@-ext	SRR19762387
C1ORF220	RP5-1098D14.1	SRR19762387
RP11-367G6.3	FAM65B	SRR19762387
RP11-96H19.1	RP11-446N19.1	SRR19762387
DOT1L	OAZ1	SRR19762387
RP6-206I17.1	RP11-403I13.8	SRR19762387
LEPR	LEPROT	SRR19762387
SEPT7P2	PSPH	SRR19762387
IGL-@-ext	EEF1A1	SRR19762387
IGH-@-ext	MT-ND4	SRR19762387
KLF16	OAZ1	SRR19762387
TIMM23	PARGP1	SRR19762387
PTMA	ACTB	SRR19762387
PTMA	ACTB	SRR19762387
RP11-367G6.3	FAM65B	SRR19762213
RP11-96H19.1	RP11-446N19.1	SRR19762213
LEPR	LEPROT	SRR19762213
TIMM23	PARGP1	SRR19762213
MIR155HG	JAM2	SRR19762213
PIM3	SCO2	SRR19762213
PTMA	PPARGC1B	SRR19762237
IGKV2-18	AC096579.7	SRR19762237
RP11-367G6.3	FAM65B	SRR19762237
RP11-96H19.1	RP11-446N19.1	SRR19762237
KANSL1	ARL17A	SRR19762237
TBC1D27	RP11-344E13.3	SRR19762237
PFKFB3	RP11-563J2.2	SRR19762237
DOT1L	OAZ1	SRR19762237
LEPR	LEPROT	SRR19762237
ING3	HEY1	SRR19762237
TIMM23	PARGP1	SRR19762237
EIF5A	EIF4A1	SRR19762237
PIM3	SCO2	SRR19762237
RP11-662M24.2	RIMBP2	SRR19762586
RP11-367G6.3	FAM65B	SRR19762586
LEPR	LEPROT	SRR19762586
ADCY7	RBL2	SRR19762586
TIMM23	PARGP1	SRR19762586
VTI1A	RP11-57H14.3	SRR19762586
ADCY7	RBL2	SRR19762586
ACTB	FSCN1	SRR19762398
KANSL1	ARL17B	SRR19762398
POLE	FUS	SRR19762398
PTMA	ACTB	SRR19762398
RP11-367G6.3	FAM65B	SRR19762398
YAF2	RYBP	SRR19762398
NUTM2A-AS1	MINPP1	SRR19762398
TIMM23	PARGP1	SRR19762398
PTMA	ACTB	SRR19762398
RNF126	DAZAP1	SRR19762398
EIF5A	EIF4A1	SRR19762398
SOCS5	AC016722.2	SRR19762398
RP11-33B1.1	PSPH	SRR19762439
DOT1L	OAZ1	SRR19762439
RP6-206I17.1	RP11-403I13.8	SRR19762439
NUTM2A-AS1	MINPP1	SRR19762439
TIMM23	PARGP1	SRR19762439
EIF5A	EIF4A1	SRR19762439
IGLVI-70	IGL@-ext	SRR19762439
SET	FNBP1	SRR19762179
LINC00623	RP11-403I13.8	SRR19762179
RP11-367G6.3	FAM65B	SRR19762179
RP11-96H19.1	RP11-446N19.1	SRR19762179
DOT1L	OAZ1	SRR19762179
LEPR	LEPROT	SRR19762179
RP11-155G15.2	RP11-1E3.1	SRR19762179
IGH-@-ext	AC096579.7	SRR19762179
TIMM23	PARGP1	SRR19762179
SLC7A5	SMG1P1	SRR19762179
RP11-662M24.2	RIMBP2	SRR19762807
TBC1D3F	NPEPPS	SRR19762807
DDX5	HNRNPH1	SRR19762807
DOT1L	OAZ1	SRR19762807
PTBP1	PTMA	SRR19762807
PTMA	KLF10	SRR19762807
LEPR	LEPROT	SRR19762807
OAZ1	PTMA	SRR19762807
RAB38	CTSC	SRR19762807
TIMM23	RP11-574K11.29	SRR19762807
OAZ1	SET	SRR19762807
AKAP13	TRIM60	SRR19762807
SRSF1	DDX5	SRR19762807
NCOR2	UBC	SRR19762807
MIR155HG	JAM2	SRR19762807
RP11-367G6.3	FAM65B	SRR19762807
NRIP1	AF127936.7	SRR19762807
VEGFA	TMEM63B	SRR19762807
KLF16	OAZ1	SRR19762807
TIMM23	PARGP1	SRR19762807
DDX5	SRSF7	SRR19762807
RP11-120D5.1	MID1	SRR19762807
NUDT3	RPS10	SRR19762807
IGH@-ext	ATP5G1P1	SRR19762807
BSG	PTBP1	SRR19762807
SF1	CFL1	SRR19762807
EIF5A	EIF4A1	SRR19762807
RP11-367G6.3	FAM65B	SRR19762324
BOLA2B	RP11-347C12.2	SRR19762324
RP11-96H19.1	RP11-446N19.1	SRR19762324
KANSL1	ARL17A	SRR19762324
TIMM23	PARGP1	SRR19762324
RP11-662M24.2	RIMBP2	SRR19762408
KANSL1	ARL17A	SRR19762408
TIMM23	LINC00843	SRR19762408
LEPR	LEPROT	SRR19762408
KLHL36	USP10	SRR19762408
OAZ1	PTMA	SRR19762408
BSG	RNF126	SRR19762408
SEPT7P2	PSPH	SRR19762408
OAZ1	ACTB	SRR19762408
TIMM23	PARGP1	SRR19762408
PTMA	ACTB	SRR19762408
IGKV2-29	AC096579.7	SRR19762408
ZC3H12C	TMEM161B	SRR19762408
ACTB	MKLN1-AS1	SRR19762408
IGLVI-70	IGL@-ext	SRR19762408
RP11-367G6.3	FAM65B	SRR19762763
NRIP1	AF127936.7	SRR19762763
PFKFB3	RP11-563J2.2	SRR19762763
DOT1L	OAZ1	SRR19762763
RP6-206I17.1	RP11-403I13.8	SRR19762763
LEPR	LEPROT	SRR19762763
KLF16	OAZ1	SRR19762763
TIMM23	PARGP1	SRR19762763
VTI1A	RP11-57H14.3	SRR19762763
PIM3	SCO2	SRR19762763
IGLVI-70	IGL@-ext	SRR19762763
ACTB	FSCN1	SRR19762796
ACTB	RNF216	SRR19762796
B2M	METRNL	SRR19762796
OAZ1	SET	SRR19762796
RP11-367G6.3	FAM65B	SRR19762796
RP11-96H19.1	RP11-446N19.1	SRR19762796
PFKFB3	RP11-563J2.2	SRR19762796
LEPR	LEPROT	SRR19762796
OAZ1	ACTB	SRR19762796
IGH-@-ext	AC096579.7	SRR19762796
HLA-S	HLA-A	SRR19762796
TIMM23	PARGP1	SRR19762796
C15orf57	CBX3	SRR19762796
EIF5A	EIF4A1	SRR19762796
RABL6	EDF1	SRR19762260
TPM4	PTMA	SRR19762260
LEPR	LEPROT	SRR19762260
IGKV1D-27	AC096579.7	SRR19762260
CYTH1	USP36	SRR19762260
ZEB1	HNRNPF	SRR19762260
SRSF1	DDX5	SRR19762260
BAZ1A	ATP6V0C	SRR19762260
RP11-155G15.2	RP11-1E3.1	SRR19762260
IGLVI-70	IGL@-ext	SRR19762260
ADAP1	C7orf50	SRR19762260
EEF1A1	SYNCRIP	SRR19762260
RP11-367G6.3	FAM65B	SRR19762260
ZEB1	DUSP4	SRR19762260
SF1	CFL1	SRR19762260
BSG	RNF126	SRR19762260
TIMM23	PARGP1	SRR19762260
CTC-378H22.1	CTC-378H22.2	SRR19762260
SLC7A5	SMG1P1	SRR19762260
RP11-120D5.1	MID1	SRR19762260
USP12	HMGB1	SRR19762260
PFKFB3	RP11-563J2.2	SRR19762260
KLHL36	USP10	SRR19762260
SETD1A	FUS	SRR19762260
BSG	PTBP1	SRR19762260
SET	FNBP1	SRR19762717
LEPR	LEPROT	SRR19762717
ATP6V0C	OAZ1	SRR19762717
OAZ1	PTMA	SRR19762717
TIMM23	RP11-574K11.29	SRR19762717
YWHAE	CRK	SRR19762717
SRSF1	DDX5	SRR19762717
YWHAZ	ZNF706	SRR19762717
NCOR2	UBC	SRR19762717
CTC-786C10.1	RP11-680G10.1	SRR19762717
MIR17HG	ZNF398	SRR19762717
IGH-@-ext	RYR1	SRR19762717
RP11-367G6.3	FAM65B	SRR19762717
NRIP1	AF127936.7	SRR19762717
BOLA2B	RP11-347C12.2	SRR19762717
KLF16	OAZ1	SRR19762717
TIMM23	PARGP1	SRR19762717
IGH-@-ext	MT-RNR2	SRR19762717
PIM3	SCO2	SRR19762717
RPA3-AS1	GLCCI1	SRR19762717
RP11-96H19.1	RP11-446N19.1	SRR19762717
KLHL36	USP10	SRR19762717
SETD1A	FUS	SRR19762717
CSNK1G2	OAZ1	SRR19762717
TCF3	OAZ1	SRR19762291
PSPH	AC093838.4	SRR19762291
LEPR	LEPROT	SRR19762291
TIMM23	RP11-574K11.29	SRR19762291
AC005062.2	MACC1	SRR19762291
RP11-155G15.2	RP11-1E3.1	SRR19762291
ZC3H3	EEF1D	SRR19762291
IGLVI-70	IGL@-ext	SRR19762291
RP11-367G6.3	FAM65B	SRR19762291
BOLA2B	RP11-347C12.2	SRR19762291
NRIP1	AF127936.7	SRR19762291
BSG	RNF126	SRR19762291
TIMM23	PARGP1	SRR19762291
IGH@-ext	ANKLE2	SRR19762291
ACTB	FSCN1	SRR19762291
LINC00623	RP11-403I13.8	SRR19762291
PTMA	ACTB	SRR19762291
CSNK1G2	OAZ1	SRR19762291
MAFK	MAD1L1	SRR19762291
SLC12A7	LPCAT1	SRR19762291
KANSL1	ARL17B	SRR19762516
C1ORF220	RP5-1098D14.1	SRR19762516
RP11-367G6.3	FAM65B	SRR19762516
HMGN2	EIF4A1	SRR19762516
LEPR	LEPROT	SRR19762516
POLE	ANKLE2	SRR19762516
TIMM23	PARGP1	SRR19762516
ITM2C	PTMA	SRR19762516
PPP1R12C	ACTB	SRR19762207
C7orf50	MAFK	SRR19762207
RP11-96H19.1	RP11-446N19.1	SRR19762207
RP11-367G6.3	FAM65B	SRR19762207
LEPR	LEPROT	SRR19762207
RP11-155G15.2	RP11-1E3.1	SRR19762207
TIMM23	PARGP1	SRR19762207
RP11-274B21.1	RP11-206L10.3	SRR19762207
ACTB	RNF216	SRR19762244
IRF4	ACTB	SRR19762244
ZKSCAN5	IGH@-ext	SRR19762244
BOLA2B	RP11-345J4.8	SRR19762244
RP11-367G6.3	FAM65B	SRR19762244
RP11-96H19.1	RP11-446N19.1	SRR19762244
KANSL1	ARL17A	SRR19762244
PFKFB3	RP11-563J2.2	SRR19762244
DOT1L	OAZ1	SRR19762244
RNF126	KLF16	SRR19762244
NRIP1	AF127936.7	SRR19762244
OAZ1	ACTB	SRR19762244
KLF16	OAZ1	SRR19762244
TIMM23	PARGP1	SRR19762244
SS18L1	ADRM1	SRR19762244
RAB2A	KCNS2	SRR19762563
DOT1L	OAZ1	SRR19762563
LEPR	LEPROT	SRR19762563
POLE	ANKLE2	SRR19762563
TIMM23	RP11-574K11.29	SRR19762563
SRSF1	DDX5	SRR19762563
BCKDHB	RP11-250B2.3	SRR19762563
KDM4B	PTMA	SRR19762563
RP11-367G6.3	FAM65B	SRR19762563
BSG	RNF126	SRR19762563
KLF16	OAZ1	SRR19762563
TIMM23	PARGP1	SRR19762563
PTMA	SIK1	SRR19762563
RP11-96H19.1	RP11-446N19.1	SRR19762563
PTMA	IRF4	SRR19762563
OAZ1	IRF4	SRR19762563
IRF4	RP1-151F17.1	SRR19762563
CFL1	EIF4A1	SRR19762563
STRADB	NOP58	SRR19762563
EIF5A	EIF4A1	SRR19762563
EIF4A1	PTMA	SRR19762563
METRNL	OAZ1	SRR19762936
RP11-367G6.3	FAM65B	SRR19762936
RP11-96H19.1	RP11-446N19.1	SRR19762936
NFATC1	PQLC1	SRR19762936
PFKFB3	RP11-563J2.2	SRR19762936
PTBP1	ACTB	SRR19762936
PTBP1	PTMA	SRR19762936
SETD1A	FUS	SRR19762936
RP11-155G15.2	RP11-1E3.1	SRR19762936
KLF16	OAZ1	SRR19762936
HMGB1	N4BP2L1	SRR19762936
TIMM23	PARGP1	SRR19762936
PTMA	SIK1	SRR19762936
RP11-1151B14.4	MALT1	SRR19762936
TIMM23	RP11-574K11.29	SRR19762936
EIF5A	EIF4A1	SRR19762936
IGLVI-70	IGL@-ext	SRR19762936
DOT1L	OAZ1	SRR19762575
LEPR	LEPROT	SRR19762575
PI4KA	HIC2	SRR19762575
RAB38	CTSC	SRR19762575
TIMM23	RP11-574K11.29	SRR19762575
IGH-@-ext	PTMA	SRR19762575
ZEB1	HNRNPF	SRR19762575
IGH-@-ext	RP11-528A4.3	SRR19762575
TPM4	KLF2	SRR19762575
IGH-@-ext	HLA-B	SRR19762575
RP11-367G6.3	FAM65B	SRR19762575
CARKD	ING1	SRR19762575
BSG	RNF126	SRR19762575
IGH@-ext	EEF1A1	SRR19762575
TIMM23	PARGP1	SRR19762575
RP11-313P13.3	CCDC146	SRR19762575
LINC00623	RP11-403I13.8	SRR19762575
RPA3-AS1	GLCCI1	SRR19762575
RP11-96H19.1	RP11-446N19.1	SRR19762575
ZEB1	HNRNPF	SRR19762478
RP11-367G6.3	FAM65B	SRR19762478
NRIP1	AF127936.7	SRR19762478
SRSF1	DDX5	SRR19762478
RP11-96H19.1	RP11-446N19.1	SRR19762478
LEPR	LEPROT	SRR19762478
OAZ1	PTMA	SRR19762478
RP11-155G15.2	RP11-1E3.1	SRR19762478
KLF16	OAZ1	SRR19762478
TIMM23	PARGP1	SRR19762478
POLE	ANKLE2	SRR19762478
PTMA	IRF1	SRR19762478
DAZAP1	OAZ1	SRR19762478
RP11-120D5.1	MID1	SRR19762478
IGH-@-ext	HLA-B	SRR19762188
SBNO1	SETD8	SRR19762188
RP11-367G6.3	FAM65B	SRR19762188
SRSF1	DDX5	SRR19762188
DDX5	HNRNPH1	SRR19762188
EIF4A1	DDX5	SRR19762188
LEPR	LEPROT	SRR19762188
EIF5A	EIF4A1	SRR19762188
TIMM23	PARGP1	SRR19762188
DDX5	IRF4	SRR19762188
MIR155HG	JAM2	SRR19762188
AC005062.2	MACC1	SRR19762188
RP11-367G6.3	FAM65B	SRR19762400
KANSL1	ARL17A	SRR19762400
PFKFB3	RP11-563J2.2	SRR19762400
LEPR	LEPROT	SRR19762400
TIMM23	PARGP1	SRR19762400
ZEB1	HNRNPF	SRR19762861
NAPSB	IGH@-ext	SRR19762861
SIK1	ACTB	SRR19762861
RP11-367G6.3	FAM65B	SRR19762861
NRIP1	AF127936.7	SRR19762861
TPM4	PTMA	SRR19762861
LEPR	LEPROT	SRR19762861
OAZ1	PTMA	SRR19762861
POLR1A	REEP1	SRR19762861
NCOR2	UBC	SRR19762861
TIMM23	PARGP1	SRR19762861
IGL-@-ext	MAGIX	SRR19762861
PTMA	ACTB	SRR19762861
IGH@-ext	NAPSB	SRR19762861
IGLVI-70	IGL@-ext	SRR19762861
IGLVI-70	IGL@-ext	SRR19762227
RAB2A	KCNS2	SRR19762227
AC007879.5	AC007879.2	SRR19762227
IGH@-ext	PFKFB4	SRR19762227
RP11-367G6.3	FAM65B	SRR19762227
DDX5	RBM10	SRR19762227
LEPR	LEPROT	SRR19762227
SEPT7P2	PSPH	SRR19762227
CLCF1	ZNF524	SRR19762227
PTP4A1	EEF1A1P5	SRR19762227
RP11-155G15.2	RP11-1E3.1	SRR19762227
TIMM23	PARGP1	SRR19762227
C15orf57	CBX3	SRR19762227
IGH-@-ext	RPS2	SRR19762227
KLF16	OAZ1	SRR19762227
TIMM23	RP11-574K11.29	SRR19762227
EIF5A	EIF4A1	SRR19762227
AC005062.2	MACC1	SRR19762227
OAZ1	SIK1	SRR19762678
RPA3-AS1	GLCCI1	SRR19762678
SBNO1	SETD8	SRR19762678
RP11-367G6.3	FAM65B	SRR19762678
SRSF1	DDX5	SRR19762678
PTP4A1	EEF1A1	SRR19762678
PFKFB3	RP11-563J2.2	SRR19762678
LEPR	LEPROT	SRR19762678
SETD1A	FUS	SRR19762678
KLHL36	USP10	SRR19762678
OAZ1	PTMA	SRR19762678
BTBD2	OAZ1	SRR19762678
KLF16	OAZ1	SRR19762678
TIMM23	PARGP1	SRR19762678
WASH5P	AJ271736.10	SRR19762678
CSNK1G2	OAZ1	SRR19762678
TIMM23	RP11-574K11.29	SRR19762678
EIF4A1	PTMA	SRR19762678
SET	FNBP1	SRR19762473
RP11-367G6.3	FAM65B	SRR19762473
PFKFB3	RP11-563J2.2	SRR19762473
EIF4A1	DDX5	SRR19762473
SUMO3	SLC19A1	SRR19762473
LEPR	LEPROT	SRR19762473
SRGAP3	RP11-380O24.1	SRR19762473
RNF126	OAZ1	SRR19762473
KLF16	OAZ1	SRR19762473
RAB38	CTSC	SRR19762473
TIMM23	PARGP1	SRR19762473
DLX4	IGH@-ext	SRR19762473
RNF126	PTBP1	SRR19762473
NOP2	OAZ1	SRR19762473
IGKV1D-27	AC096579.7	SRR19762473
PIM3	SCO2	SRR19762473
DDX5	HNRNPH1	SRR19762636
LEPR	LEPROT	SRR19762636
RAB38	CTSC	SRR19762636
TIMM23	RP11-574K11.29	SRR19762636
ZEB1	HNRNPF	SRR19762636
YWHAE	CRK	SRR19762636
AKAP13	TRIM60	SRR19762636
PTBP1	KLF16	SRR19762636
SRSF1	DDX5	SRR19762636
NCOR2	UBC	SRR19762636
BIRC2	TMEM123	SRR19762636
ZNF815P	OR7E39P	SRR19762636
LAPTM5	UBB	SRR19762636
RP11-367G6.3	FAM65B	SRR19762636
KLF16	OAZ1	SRR19762636
TIMM23	PARGP1	SRR19762636
PIM3	SCO2	SRR19762636
LINC00623	RP11-403I13.8	SRR19762636
BSG	RAC2	SRR19762636
RP11-96H19.1	RP11-446N19.1	SRR19762636
PFKFB3	RP11-563J2.2	SRR19762636
RP11-367G6.3	FAM65B	SRR19762414
SRSF1	DDX5	SRR19762414
KANSL1	ARL17A	SRR19762414
LEPR	LEPROT	SRR19762414
TIMM23	PARGP1	SRR19762414
POLE	ANKLE2	SRR19762414
TIMM23	RP11-574K11.29	SRR19762414
AC005062.2	MACC1	SRR19762414
NCL	PTMA	SRR19762651
HIATL1	RP11-307E17.8	SRR19762651
IRF4	ACTB	SRR19762651
DOT1L	OAZ1	SRR19762651
LEPR	LEPROT	SRR19762651
OAZ1	PTMA	SRR19762651
POLE	ANKLE2	SRR19762651
TIMM23	RP11-574K11.29	SRR19762651
IGH-@-ext	PTMA	SRR19762651
ACTB	RNF216	SRR19762651
SRSF1	DDX5	SRR19762651
PTP4A1	EEF1A1	SRR19762651
BCKDHB	RP11-250B2.3	SRR19762651
ACTB	MKLN1-AS1	SRR19762651
IGH-@-ext	MT-CO3	SRR19762651
IGH-@-ext	HLA-B	SRR19762651
RP11-367G6.3	FAM65B	SRR19762651
BOLA2B	RP11-347C12.2	SRR19762651
SRGAP3	RP11-380O24.1	SRR19762651
TIMM23	PARGP1	SRR19762651
ARF1	KLHDC4	SRR19762651
B2M	IRF4	SRR19762651
IGH-@-ext	HMGB1	SRR19762651
RP11-120D5.1	MID1	SRR19762651
EIF4A1	ACTB	SRR19762651
USP12	HMGB1	SRR19762651
FASN	ACTB	SRR19762651
PFKFB3	RP11-563J2.2	SRR19762651
IGH-@-ext	NCL	SRR19762651
PTMA	ACTB	SRR19762651
EIF4A1	PTMA	SRR19762651
RP11-367G6.3	FAM65B	SRR19762644
RP11-96H19.1	RP11-446N19.1	SRR19762644
TPM4	PTMA	SRR19762644
DDX5	PTMA	SRR19762644
LEPR	LEPROT	SRR19762644
OAZ1	ACTB	SRR19762644
TIMM23	PARGP1	SRR19762644
POLE	ANKLE2	SRR19762644
TIMM23	RP11-574K11.29	SRR19762644
CFL1	ACTB	SRR19762644
EIF4A1	ACTB	SRR19762644
EIF4A1	IRF4	SRR19762205
LEPR	LEPROT	SRR19762205
C7orf50	ACTB	SRR19762205
OAZ1	PTMA	SRR19762205
SEPT14	FBXO25	SRR19762205
THEMIS2	SMPDL3B	SRR19762205
TIMM23	RP11-574K11.29	SRR19762205
HMGN2	ACTB	SRR19762205
RP11-367G6.3	FAM65B	SRR19762205
RP6-206I17.1	RP11-403I13.8	SRR19762205
RAC2	ACTB	SRR19762205
CARKD	ING1	SRR19762205
TIMM23	PARGP1	SRR19762205
VTI1A	RP11-57H14.3	SRR19762205
ACTB	FSCN1	SRR19762205
P2RY8	OTUD5	SRR19762205
RP11-96H19.1	RP11-446N19.1	SRR19762205
PFKFB3	RP11-563J2.2	SRR19762205
OAZ1	ACTB	SRR19762205
PTMA	ACTB	SRR19762205
DAZAP1	OAZ1	SRR19762205
LINC00623	RP11-403I13.8	SRR19762906
RP11-367G6.3	FAM65B	SRR19762906
RP11-96H19.1	RP11-446N19.1	SRR19762906
PFKFB3	RP11-563J2.2	SRR19762906
VTI1A	RP11-57H14.3	SRR19762906
IGL-@-ext	MT-RNR2	SRR19762906
IGH-@-ext	MT-ND4	SRR19762906
NCOR2	UBC	SRR19762906
TIMM23	PARGP1	SRR19762906
POLE	ANKLE2	SRR19762906
SF1	OAZ1	SRR19762906
AC005062.2	MACC1	SRR19762906
INPP5E	SEC16A	SRR19762906
TIMM23	RP11-574K11.29	SRR19762906
EIF5A	EIF4A1	SRR19762906
DAZAP1	OAZ1	SRR19762906
IGH-@-ext	ENO1	SRR19762906
ZEB1	HNRNPF	SRR19762464
YWHAE	CRK	SRR19762464
C1ORF220	RP5-1098D14.1	SRR19762464
RP11-367G6.3	FAM65B	SRR19762464
KLHL3	RP11-381K20.2	SRR19762464
NRIP1	AF127936.7	SRR19762464
TPM4	KLF2	SRR19762464
PFKFB3	RP11-563J2.2	SRR19762464
RMND5A	ANAPC1	SRR19762464
LEPR	LEPROT	SRR19762464
RP11-155G15.2	RP11-1E3.1	SRR19762464
KLF16	OAZ1	SRR19762464
TIMM23	PARGP1	SRR19762464
TIMM23	RP11-574K11.29	SRR19762464
EIF5A	EIF4A1	SRR19762464
RP11-367G6.3	FAM65B	SRR19762296
BOLA2B	RP11-347C12.2	SRR19762296
KLHL3	RP11-381K20.2	SRR19762296
PFKFB3	RP11-563J2.2	SRR19762296
SRGAP3	RP11-380O24.1	SRR19762296
LEPR	LEPROT	SRR19762296
SEPT7P2	PSPH	SRR19762296
RP11-155G15.2	RP11-1E3.1	SRR19762296
KLF16	OAZ1	SRR19762296
TIMM23	PARGP1	SRR19762296
POLE	ANKLE2	SRR19762296
VTI1A	RP11-57H14.3	SRR19762296
EIF5A	EIF4A1	SRR19762296
RP11-367G6.3	FAM65B	SRR19762934
IGL-@-ext	RPL8	SRR19762934
RP11-96H19.1	RP11-446N19.1	SRR19762934
SRSF1	DDX5	SRR19762934
PFKFB3	RP11-563J2.2	SRR19762934
LEPR	LEPROT	SRR19762934
B2M	RAC2	SRR19762934
RAB38	CTSC	SRR19762934
KLF16	OAZ1	SRR19762934
TIMM23	PARGP1	SRR19762934
PI4KA	HIC2	SRR19762934
EIF5A	EIF4A1	SRR19762934
IGLVI-70	IGL@-ext	SRR19762934
ACTB	RNF216	SRR19762898
RP11-367G6.3	FAM65B	SRR19762898
BOLA2B	RP11-347C12.2	SRR19762898
SRSF1	DDX5	SRR19762898
KANSL1	ARL17A	SRR19762898
PFKFB3	RP11-563J2.2	SRR19762898
LRRC8B	LRRC8C	SRR19762898
LEPR	LEPROT	SRR19762898
TIMM23	PARGP1	SRR19762898
PTMA	ACTB	SRR19762898
MT-RNR2	TRMT2A	SRR19762898
MIR4435-1HG	AC083899.3	SRR19762898
NCL	PTMA	SRR19762284
DOT1L	OAZ1	SRR19762284
PRKRIP1	CTA-313A17.3	SRR19762284
AC005062.2	MACC1	SRR19762284
AP3S1	AQPEP	SRR19762284
BCKDHB	RP11-250B2.3	SRR19762284
RP11-155G15.2	RP11-1E3.1	SRR19762284
C15orf57	CBX3	SRR19762284
ITM2C	PTMA	SRR19762284
BOLA2B	RP11-347C12.2	SRR19762284
TIMM23	PARGP1	SRR19762284
MYO19	GGNBP2	SRR19762284
VTI1A	RP11-57H14.3	SRR19762284
USP12	HMGB1	SRR19762284
PFKFB3	RP11-563J2.2	SRR19762284
HNRNPAB	HNRNPH1	SRR19762284
DHX34	GLTSCR2	SRR19762284
OAZ1	ACTB	SRR19762284
PTMA	ACTB	SRR19762284
ZEB1	HMGB1	SRR19762284
EIF5A	EIF4A1	SRR19762284
SFSWAP	NOC4L	SRR19762884
EIF4A1	DDX5	SRR19762884
RP11-367G6.3	FAM65B	SRR19762884
HMGN2	PTMA	SRR19762884
NRIP1	AF127936.7	SRR19762884
DOT1L	OAZ1	SRR19762884
OAZ1	ACTB	SRR19762884
NCOR2	UBC	SRR19762884
TIMM23	PARGP1	SRR19762884
KLF10	AZIN1	SRR19762884
EIF5A	EIF4A1	SRR19762884
ZNF276	ACTB	SRR19762884
LINC00623	RP11-403I13.8	SRR19762468
RP11-367G6.3	FAM65B	SRR19762468
NRIP1	AF127936.7	SRR19762468
IGL-@-ext	RP11-461O7.1	SRR19762468
LEPR	LEPROT	SRR19762468
SEPT7P2	PSPH	SRR19762468
TIMM23	PARGP1	SRR19762468
G3BP2	CCNG2	SRR19762468
ZC3H3	EEF1D	SRR19762468
KLF10	AZIN1	SRR19762468
B3GNT2	EHBP1	SRR19762468
ACTB	FSCN1	SRR19762499
IGLVI-70	IGL@-ext	SRR19762499
RPA3-AS1	GLCCI1	SRR19762499
RP11-367G6.3	FAM65B	SRR19762499
PFKFB3	RP11-563J2.2	SRR19762499
LEPR	LEPROT	SRR19762499
KLHL36	USP10	SRR19762499
CARKD	ING1	SRR19762499
RP11-155G15.2	RP11-1E3.1	SRR19762499
DHRS4-AS1	NRL	SRR19762499
NCOR2	UBC	SRR19762499
TIMM23	PARGP1	SRR19762499
PTMA	ACTB	SRR19762499
CTC-786C10.1	RP11-680G10.1	SRR19762499
TIMM23	RP11-574K11.29	SRR19762499
EIF5A	EIF4A1	SRR19762499
NUDT3	RPS10	SRR19762499
CYTH1	USP36	SRR19762499
ACTB	FSCN1	SRR19762560
RP11-367G6.3	FAM65B	SRR19762560
RP11-96H19.1	RP11-446N19.1	SRR19762560
RP6-206I17.1	RP11-403I13.8	SRR19762560
LEPR	LEPROT	SRR19762560
KLF16	OAZ1	SRR19762560
TIMM23	PARGP1	SRR19762560
PTMA	ACTB	SRR19762560
ITM2C	PTMA	SRR19762560
VTI1A	RP11-57H14.3	SRR19762560
TIMM23	RP11-574K11.29	SRR19762560
ACTB	SET	SRR19762560
RAB2A	KCNS2	SRR19762600
RP11-662M24.2	RIMBP2	SRR19762600
DOT1L	OAZ1	SRR19762600
LEPR	LEPROT	SRR19762600
ANO2	IGH@-ext	SRR19762600
TNRC18	ACTB	SRR19762600
TIMM23	RP11-574K11.29	SRR19762600
ACTB	RNF216	SRR19762600
SIK1	ACTB	SRR19762600
MAFK	ACTB	SRR19762600
RP11-155G15.2	RP11-1E3.1	SRR19762600
NCOR2	UBC	SRR19762600
RP11-367G6.3	FAM65B	SRR19762600
VEGFA	TMEM63B	SRR19762600
TIMM23	PARGP1	SRR19762600
PTMA	SIK1	SRR19762600
PIM3	SCO2	SRR19762600
ACTB	HNRNPA2B1	SRR19762600
POM121C	ZP3	SRR19762600
OAZ1	ACTB	SRR19762600
PTMA	ACTB	SRR19762600
SPDEF	C6orf106	SRR19762600
YWHAZ	KLF10	SRR19762600
TCF3	OAZ1	SRR19762187
AKAP13	TRIM60	SRR19762187
RP11-367G6.3	FAM65B	SRR19762187
SRSF1	DDX5	SRR19762187
PFKFB3	RP11-563J2.2	SRR19762187
RP6-206I17.1	RP11-403I13.8	SRR19762187
LEPR	LEPROT	SRR19762187
KLF16	OAZ1	SRR19762187
TIMM23	PARGP1	SRR19762187
RP11-499P20.2	NSUN6	SRR19762187
TIMM23	RP11-574K11.29	SRR19762187
RP11-367G6.3	FAM65B	SRR19762790
RP6-206I17.1	RP11-403I13.8	SRR19762790
EIF4A1	DDX5	SRR19762790
LEPR	LEPROT	SRR19762790
TIMM23	PARGP1	SRR19762790
TIMM23	RP11-574K11.29	SRR19762790
EIF5A	EIF4A1	SRR19762790
ACTB	FSCN1	SRR19762457
SIK1	ACTB	SRR19762457
RP11-662M24.2	RIMBP2	SRR19762457
AC007879.5	AC007879.2	SRR19762457
RP11-367G6.3	FAM65B	SRR19762457
BOLA2B	RP11-345J4.8	SRR19762457
PFKFB3	RP11-563J2.2	SRR19762457
PTBP1	PTMA	SRR19762457
TMEM18	PTMA	SRR19762457
LEPR	LEPROT	SRR19762457
RP11-155G15.2	RP11-1E3.1	SRR19762457
NCOR2	UBC	SRR19762457
TIMM23	PARGP1	SRR19762457
B3GNT2	EHBP1	SRR19762457
TIMM23	RP11-574K11.29	SRR19762457
EIF5A	EIF4A1	SRR19762457
DAZAP1	OAZ1	SRR19762457
ABAT	RP11-77H9.2	SRR19762716
RP11-367G6.3	FAM65B	SRR19762716
BOLA2B	RP11-347C12.2	SRR19762716
DOT1L	OAZ1	SRR19762716
RP6-206I17.1	RP11-403I13.8	SRR19762716
MAFK	ACTB	SRR19762716
LEPR	LEPROT	SRR19762716
TIMM23	PARGP1	SRR19762716
TIMM23	RP11-574K11.29	SRR19762716
RAB2A	KCNS2	SRR19762765
RP11-662M24.2	RIMBP2	SRR19762765
RPA3-AS1	GLCCI1	SRR19762765
SBNO1	SETD8	SRR19762765
NCL	PTMA	SRR19762765
RP11-367G6.3	FAM65B	SRR19762765
SRSF1	DDX5	SRR19762765
RP6-206I17.1	RP11-403I13.8	SRR19762765
PRCP	RAB30	SRR19762765
LEPR	LEPROT	SRR19762765
SRGAP3	RP11-380O24.1	SRR19762765
EEF1DP3	FRY	SRR19762765
TIMM23	PARGP1	SRR19762765
TIMM23	RP11-574K11.29	SRR19762765
EIF5A	EIF4A1	SRR19762765
IGH-@-ext	PFN1	SRR19762765
EIF4A1	PTMA	SRR19762765
IGLVI-70	IGL@-ext	SRR19762765
LEPR	LEPROT	SRR19762352
IGH-@-ext	RPL5	SRR19762352
BSG	PTMA	SRR19762352
SUMO3	SLC19A1	SRR19762352
WAC	ZEB1	SRR19762352
SRSF1	DDX5	SRR19762352
EIF4A1	DDX5	SRR19762352
YWHAE	PITPNA	SRR19762352
RP11-155G15.2	RP11-1E3.1	SRR19762352
IRF4	TMEM63B	SRR19762352
RP11-367G6.3	FAM65B	SRR19762352
RP11-305P22.9	PTMA	SRR19762352
KANSL1	ARL17A	SRR19762352
VEGFA	TMEM63B	SRR19762352
TIMM23	PARGP1	SRR19762352
IGH-@-ext	MT-RNR2	SRR19762352
VTI1A	RP11-57H14.3	SRR19762352
B2M	IRF4	SRR19762352
PIM3	SCO2	SRR19762352
LINC00623	RP11-403I13.8	SRR19762352
RP11-96H19.1	RP11-446N19.1	SRR19762352
PFKFB3	RP11-563J2.2	SRR19762352
KLHL36	USP10	SRR19762352
HMGB1	N4BP2L1	SRR19762352
EIF5A	EIF4A1	SRR19762352
EIF4A1	PTMA	SRR19762352
OAZ1	RAC2	SRR19762596
RP11-662M24.2	RIMBP2	SRR19762596
DOT1L	OAZ1	SRR19762596
LEPR	LEPROT	SRR19762596
OAZ1	PTMA	SRR19762596
RAB38	CTSC	SRR19762596
TIMM23	RP11-574K11.29	SRR19762596
SIK1	ACTB	SRR19762596
SRSF1	DDX5	SRR19762596
YWHAZ	ZNF706	SRR19762596
TKTL1	FLNA	SRR19762596
IGKV2-29	AC096579.7	SRR19762596
RP11-1023L17.1	C1QTNF3	SRR19762596
RP11-367G6.3	FAM65B	SRR19762596
KANSL1	ARL17A	SRR19762596
RP6-206I17.1	RP11-403I13.8	SRR19762596
TIMM23	PARGP1	SRR19762596
ACTB	FSCN1	SRR19762596
RPA3-AS1	GLCCI1	SRR19762596
PFKFB3	RP11-563J2.2	SRR19762596
NCL	PTMA	SRR19762305
DDX5	HNRNPH1	SRR19762305
LEPR	LEPROT	SRR19762305
FUS	DDX5	SRR19762305
OAZ1	PTMA	SRR19762305
AKAP13	AC013394.2	SRR19762305
C5orf56	RAD50	SRR19762305
SRSF9	UBC	SRR19762305
TBC1D3C	NPEPPS	SRR19762305
SRSF1	DDX5	SRR19762305
C15orf57	CBX3	SRR19762305
SYNCRIP	PNRC1	SRR19762305
RP11-367G6.3	FAM65B	SRR19762305
NRIP1	AF127936.7	SRR19762305
KLHL3	RP11-381K20.2	SRR19762305
TIMM23	PARGP1	SRR19762305
ARID3A	PTMA	SRR19762305
EIF4A1	ACTB	SRR19762305
LARS2	LIMD1	SRR19762305
RPA3-AS1	GLCCI1	SRR19762305
RP11-439L18.2	HIVEP2	SRR19762305
EIF5A	EIF4A1	SRR19762305
RP11-367G6.3	FAM65B	SRR19762174
PFKFB3	RP11-563J2.2	SRR19762174
RP6-206I17.1	RP11-403I13.8	SRR19762174
LEPR	LEPROT	SRR19762174
RP11-155G15.2	RP11-1E3.1	SRR19762174
TIMM23	PARGP1	SRR19762174
TIMM23	RP11-574K11.29	SRR19762174
NUTM2A-AS1	MINPP1	SRR19762174
RP11-367G6.3	FAM65B	SRR19762239
RP11-353N4.6	RP11-403I13.8	SRR19762239
KANSL1	ARL17A	SRR19762239
LEPR	LEPROT	SRR19762239
EIF5A	EIF4A1	SRR19762239
KLF16	OAZ1	SRR19762239
NUTM2A-AS1	MINPP1	SRR19762239
TIMM23	PARGP1	SRR19762239
IGH@-ext	LPHN1	SRR19762239
B3GNT2	EHBP1	SRR19762239
RAB2A	KCNS2	SRR19762891
SIK1	ACTB	SRR19762891
RP11-420B22.2	IGH@-ext	SRR19762891
BOLA2B	RP11-345J4.8	SRR19762891
RP11-367G6.3	FAM65B	SRR19762891
BEST1	HNRNPA0	SRR19762891
TPM4	ACTB	SRR19762891
LEPR	LEPROT	SRR19762891
RAC2	PACSIN2	SRR19762891
OAZ1	ACTB	SRR19762891
KLF16	OAZ1	SRR19762891
TIMM23	PARGP1	SRR19762891
IGH-@-ext	NAP1L1	SRR19762891
TIMM23	RP11-574K11.29	SRR19762891
IGH-@-ext	PFN1	SRR19762891
AC131097.3	AC093642.5	SRR19762378
C5orf56	RAD50	SRR19762378
AKAP13	TRIM60	SRR19762378
ATP6V1E1	PITPNB	SRR19762378
RP11-96H19.1	RP11-446N19.1	SRR19762378
DOT1L	OAZ1	SRR19762378
LEPR	LEPROT	SRR19762378
CTA-714B7.5	RP1-272J12.1	SRR19762378
TIMM23	PARGP1	SRR19762378
ITM2C	PTMA	SRR19762378
RP11-444D3.1	SOX5	SRR19762378
TIMM23	RP11-574K11.29	SRR19762378
CALM2	BCL2L11	SRR19762378
NUDT3	RPS10	SRR19762378
KANSL1	ARL17B	SRR19762679
RPA3-AS1	GLCCI1	SRR19762679
IGH-@-ext	RN7SL109P	SRR19762679
RP11-367G6.3	FAM65B	SRR19762679
SRSF1	DDX5	SRR19762679
DOT1L	OAZ1	SRR19762679
EIF4A1	DDX5	SRR19762679
SPEN	DOT1L	SRR19762679
OAZ1	PTMA	SRR19762679
RP11-745L13.2	RPL7AP28	SRR19762679
PTP4A1	EEF1A1P5	SRR19762679
BCKDHB	RP11-250B2.3	SRR19762679
TIMM23	PARGP1	SRR19762679
RAB38	CTSC	SRR19762679
VTI1A	RP11-57H14.3	SRR19762679
TIMM23	RP11-574K11.29	SRR19762679
EIF5A	EIF4A1	SRR19762679
AC092635.1	AC016730.1	SRR19762887
SIK1	ACTB	SRR19762887
RP11-367G6.3	FAM65B	SRR19762887
PTMA	IRF4	SRR19762887
RP11-96H19.1	RP11-446N19.1	SRR19762887
PFKFB3	RP11-563J2.2	SRR19762887
LEPR	LEPROT	SRR19762887
TIMM23	PARGP1	SRR19762887
AC005062.2	MACC1	SRR19762887
EIF4A1	ACTB	SRR19762887
PIM3	SCO2	SRR19762887
IGLVI-70	IGL@-ext	SRR19762887
WAC	ZEB1	SRR19762489
RP11-1E3.1	RP11-455B3.1	SRR19762489
RP11-662M24.2	RIMBP2	SRR19762489
RPA3-AS1	GLCCI1	SRR19762489
RP11-367G6.3	FAM65B	SRR19762489
RP11-96H19.1	RP11-446N19.1	SRR19762489
EIF4A1	TMC6	SRR19762489
RP6-206I17.1	RP11-403I13.8	SRR19762489
RP11-81H14.2	MDM1	SRR19762489
LEPR	LEPROT	SRR19762489
ATP6V0C	OAZ1	SRR19762489
RP11-155G15.2	RP11-1E3.1	SRR19762489
BSG	RNF126	SRR19762489
TIMM23	PARGP1	SRR19762489
C15orf57	CBX3	SRR19762489
POLE	ANKLE2	SRR19762489
TIMM23	RP11-574K11.29	SRR19762489
EIF5A	EIF4A1	SRR19762489
KANSL1	ARL17B	SRR19762555
PFKFB3	RP11-563J2.2	SRR19762555
LEPR	LEPROT	SRR19762555
RAB38	CTSC	SRR19762555
TIMM23	PARGP1	SRR19762555
PTMA	ACTB	SRR19762555
DAZAP1	OAZ1	SRR19762555
ACTB	FSCN1	SRR19762797
ACTB	RNF216	SRR19762797
LINC00623	RP11-403I13.8	SRR19762797
RP11-367G6.3	FAM65B	SRR19762797
RP11-96H19.1	RP11-446N19.1	SRR19762797
PFKFB3	RP11-563J2.2	SRR19762797
LEPR	LEPROT	SRR19762797
TIMM23	PARGP1	SRR19762797
PTMA	SIK1	SRR19762797
ZC3H3	EEF1D	SRR19762797
RP11-444D3.1	SOX5	SRR19762797
EIF5A	EIF4A1	SRR19762797
B3GNT2	EHBP1	SRR19762797
PLEKHO1	ANP32E	SRR19762372
RP11-662M24.2	RIMBP2	SRR19762372
PTMA	EDF1	SRR19762372
RP11-367G6.3	FAM65B	SRR19762372
DOT1L	OAZ1	SRR19762372
PFKFB3	RP11-563J2.2	SRR19762372
LEPR	LEPROT	SRR19762372
RP11-155G15.2	RP11-1E3.1	SRR19762372
HLA-S	HLA-A	SRR19762372
TIMM23	PARGP1	SRR19762372
EIF4G2	PTMA	SRR19762372
TIMM23	RP11-574K11.29	SRR19762372
EIF5A	EIF4A1	SRR19762372
DAZAP1	OAZ1	SRR19762372
AC005062.2	MACC1	SRR19762372
IGH@-ext	MT-CO1	SRR19762821
RP11-367G6.3	FAM65B	SRR19762821
NRIP1	AF127936.7	SRR19762821
PFKFB3	RP11-563J2.2	SRR19762821
RP6-206I17.1	RP11-403I13.8	SRR19762821
POM121C	ZP3	SRR19762821
LEPR	LEPROT	SRR19762821
CST9L	IGH-@-ext	SRR19762821
AP3S1	AQPEP	SRR19762821
KLF16	OAZ1	SRR19762821
NCOR2	UBC	SRR19762821
TIMM23	PARGP1	SRR19762821
HLA-S	HLA-A	SRR19762821
PTMA	PPARGC1B	SRR19762307
RP11-662M24.2	RIMBP2	SRR19762307
LEPR	LEPROT	SRR19762307
B2M	AC013394.2	SRR19762307
POLE	ANKLE2	SRR19762307
TIMM23	RP11-574K11.29	SRR19762307
RP11-14D22.2	PRICKLE2	SRR19762307
TIMM23	AGAP6	SRR19762307
SRSF1	DDX5	SRR19762307
PTP4A1	EEF1A1	SRR19762307
EEF1DP3	FRY	SRR19762307
RP11-155G15.2	RP11-1E3.1	SRR19762307
B2M	IGH@-ext	SRR19762307
RP11-367G6.3	FAM65B	SRR19762307
NRIP1	AF127936.7	SRR19762307
BOLA2B	RP11-347C12.2	SRR19762307
BSG	RNF126	SRR19762307
IGH@-ext	EEF1A1	SRR19762307
KLF16	OAZ1	SRR19762307
TIMM23	PARGP1	SRR19762307
YAF2	RYBP	SRR19762307
PFKFB3	RP11-563J2.2	SRR19762307
IGL-@-ext	EEF1A1	SRR19762307
EIF5A	EIF4A1	SRR19762307
ACTB	FSCN1	SRR19762852
RP11-367G6.3	FAM65B	SRR19762852
PFKFB3	RP11-563J2.2	SRR19762852
RP6-206I17.1	RP11-403I13.8	SRR19762852
MAFK	ACTB	SRR19762852
TIMM23	PARGP1	SRR19762852
AC131097.3	AC093642.5	SRR19762519
RP11-367G6.3	FAM65B	SRR19762519
RP11-96H19.1	RP11-446N19.1	SRR19762519
NRIP1	AF127936.7	SRR19762519
KANSL1	ARL17A	SRR19762519
TIMM23B	PARGP1	SRR19762519
SRSF1	DDX5	SRR19762519
LEPR	LEPROT	SRR19762519
KLHL36	USP10	SRR19762519
KLF16	OAZ1	SRR19762519
HMGB1	N4BP2L1	SRR19762519
POLE	ANKLE2	SRR19762519
NUTM2A-AS1	MINPP1	SRR19762519
EIF5A	EIF4A1	SRR19762519
TIMM23	RP11-574K11.29	SRR19762519
EIF5A	EIF4A1	SRR19762519
IGLVI-70	IGL@-ext	SRR19762519
ACTB	FSCN1	SRR19762618
IGLVI-70	IGL@-ext	SRR19762618
SIK1	ACTB	SRR19762618
REXO1	KLF16	SRR19762618
RP11-367G6.3	FAM65B	SRR19762618
BOLA2B	RP11-345J4.8	SRR19762618
RP11-96H19.1	RP11-446N19.1	SRR19762618
RP6-206I17.1	RP11-403I13.8	SRR19762618
LEPR	LEPROT	SRR19762618
NOC4L	FBRSL1	SRR19762618
GAS6	IGH@-ext	SRR19762618
KLF16	OAZ1	SRR19762618
TIMM23	PARGP1	SRR19762618
RP11-316P17.2	RP5-1050E16.2	SRR19762618
NUDT3	RPS10	SRR19762618
AC005062.2	MACC1	SRR19762618
DAZAP1	OAZ1	SRR19762618
CYTH1	USP36	SRR19762618
BSG	ACTB	SRR19762266
DHX40	KPNA2	SRR19762266
LINC00623	RP11-403I13.8	SRR19762266
RP11-367G6.3	FAM65B	SRR19762266
NRIP1	AF127936.7	SRR19762266
PFKFB3	RP11-563J2.2	SRR19762266
PTBP1	ACTB	SRR19762266
SRGAP3	RP11-380O24.1	SRR19762266
TIMM23	PARGP1	SRR19762266
SACM1L	RAB11FIP1P1	SRR19762266
IGH@-ext	MT-ATP8	SRR19762266
HLA-S	HLA-A	SRR19762266
TIMM23	RP11-574K11.29	SRR19762266
CFL1	ACTB	SRR19762266
ACTB	BOP1	SRR19762196
RPA3-AS1	GLCCI1	SRR19762196
LIMD2	ACTB	SRR19762196
RP11-367G6.3	FAM65B	SRR19762196
SRSF1	DDX5	SRR19762196
RP6-206I17.1	RP11-403I13.8	SRR19762196
LEPR	LEPROT	SRR19762196
RP11-155G15.2	RP11-1E3.1	SRR19762196
TIMM23	PARGP1	SRR19762196
PTMA	ACTB	SRR19762196
RP11-444D3.1	SOX5	SRR19762196
EIF5A	EIF4A1	SRR19762196
EIF4A1	ACTB	SRR19762196
IGH-@-ext	HLA-B	SRR19762850
RP11-662M24.2	RIMBP2	SRR19762850
RP11-367G6.3	FAM65B	SRR19762850
KANSL1	ARL17A	SRR19762850
TIMM23	PARGP1	SRR19762850
RP11-367G6.3	FAM65B	SRR19762856
IGL-@-ext	RPL8	SRR19762856
PFKFB3	RP11-563J2.2	SRR19762856
LEPR	LEPROT	SRR19762856
IGL-@-ext	EEF1A1	SRR19762856
TIMM23	PARGP1	SRR19762856
PTMA	ACTB	SRR19762856
VTI1A	RP11-57H14.3	SRR19762856
IGL-@-ext	RPL13A	SRR19762856
IGH-@-ext	PFN1	SRR19762856
EIF5A	EIF4A1	SRR19762856
TCF3	OAZ1	SRR19762507
LEPR	LEPROT	SRR19762507
OAZ1	PTMA	SRR19762507
POLE	ANKLE2	SRR19762507
C5orf56	RAD50	SRR19762507
ZNF608	SLC25A6	SRR19762507
OAZ1	SGTA	SRR19762507
RP11-155G15.2	RP11-1E3.1	SRR19762507
NCOR2	UBC	SRR19762507
KANSL1	ARL17B	SRR19762507
AC131097.3	AC093642.5	SRR19762507
RP11-367G6.3	FAM65B	SRR19762507
BOLA2B	RP11-347C12.2	SRR19762507
BSG	RNF126	SRR19762507
KLF16	OAZ1	SRR19762507
TIMM23	PARGP1	SRR19762507
NARS2	TENM4	SRR19762507
RP11-274B21.1	RP11-206L10.3	SRR19762507
ACTB	FSCN1	SRR19762507
RP11-353N4.6	RP11-403I13.7	SRR19762507
PFKFB3	RP11-563J2.2	SRR19762507
SLC7A5P1	NOP14	SRR19762507
OAZ1	ACTB	SRR19762507
PTMA	ACTB	SRR19762507
GTF2I	GATSL2	SRR19762507
DDX5	HN1	SRR19762404
DOT1L	OAZ1	SRR19762404
DDX5	OAZ1	SRR19762404
LEPR	LEPROT	SRR19762404
OAZ1	PTMA	SRR19762404
IGH-@-ext	UBB	SRR19762404
SRSF1	DDX5	SRR19762404
BAZ1A	NFKBIA	SRR19762404
RP11-155G15.2	RP11-1E3.1	SRR19762404
BMS1	PARG	SRR19762404
RP11-367G6.3	FAM65B	SRR19762404
IGL-@-ext	RPL8	SRR19762404
NRIP1	AF127936.7	SRR19762404
KANSL1	ARL17A	SRR19762404
KLF16	OAZ1	SRR19762404
TIMM23	PARGP1	SRR19762404
USP12	HMGB1	SRR19762404
RP11-96H19.1	RP11-446N19.1	SRR19762404
PFKFB3	RP11-563J2.2	SRR19762404
CSNK1G2	OAZ1	SRR19762404
EIF5A	EIF4A1	SRR19762404
SET	EDF1	SRR19762487
RP11-662M24.2	RIMBP2	SRR19762487
RP11-367G6.3	FAM65B	SRR19762487
DOT1L	OAZ1	SRR19762487
PFKFB3	RP11-563J2.2	SRR19762487
LEPR	LEPROT	SRR19762487
SEPT7P2	PSPH	SRR19762487
KLF16	OAZ1	SRR19762487
TIMM23	PARGP1	SRR19762487
POLE	ANKLE2	SRR19762487
CTC-786C10.1	RP11-680G10.1	SRR19762487
MAFF	CSNK1E	SRR19762487
IGLVI-70	IGL@-ext	SRR19762487
RP11-1E3.1	RP11-455B3.1	SRR19762220
RAB2A	KCNS2	SRR19762220
RP11-662M24.2	RIMBP2	SRR19762220
PTP4A1	SYNCRIP	SRR19762220
PIM3	SELO	SRR19762220
PRKCH	RP11-47I22.3	SRR19762220
RP11-367G6.3	FAM65B	SRR19762220
SRSF1	DDX5	SRR19762220
LEPR	LEPROT	SRR19762220
BSG	RNF126	SRR19762220
RP11-155G15.2	RP11-1E3.1	SRR19762220
RAB38	CTSC	SRR19762220
TIMM23	PARGP1	SRR19762220
RP11-316P17.2	RP5-1050E16.2	SRR19762220
EIF5A	EIF4A1	SRR19762220
EIF4A1	PTMA	SRR19762220
RP11-367G6.3	FAM65B	SRR19762931
KANSL1	ARL17A	SRR19762931
LEPR	LEPROT	SRR19762931
TIMM23	PARGP1	SRR19762931
PTMA	ACTB	SRR19762931
GPR128	TFG	SRR19762909
RP11-367G6.3	FAM65B	SRR19762909
BOLA2B	RP11-347C12.2	SRR19762909
RP11-96H19.1	RP11-446N19.1	SRR19762909
DOT1L	OAZ1	SRR19762909
LEPR	LEPROT	SRR19762909
BSG	PTBP1	SRR19762909
KLF16	OAZ1	SRR19762909
TIMM23	PARGP1	SRR19762909
IGKV1D-27	AC096579.7	SRR19762909
RP11-662M24.2	RIMBP2	SRR19762777
TCF3	OAZ1	SRR19762777
LEPR	LEPROT	SRR19762777
BSG	SET	SRR19762777
BCKDHB	RP11-250B2.3	SRR19762777
RP11-155G15.2	RP11-1E3.1	SRR19762777
CTC-786C10.1	RP11-680G10.1	SRR19762777
RP11-367G6.3	FAM65B	SRR19762777
OAZ1	ZBTB7A	SRR19762777
SRGAP3	RP11-380O24.1	SRR19762777
BSG	RNF126	SRR19762777
KLF16	OAZ1	SRR19762777
TIMM23	PARGP1	SRR19762777
RP11-313P13.3	CCDC146	SRR19762777
ZNF407	ZADH2	SRR19762777
RP11-120D5.1	MID1	SRR19762777
RPA3-AS1	GLCCI1	SRR19762777
RP11-96H19.1	RP11-446N19.1	SRR19762777
PFKFB3	RP11-563J2.2	SRR19762777
SETD1A	FUS	SRR19762777
EIF5A	EIF4A1	SRR19762777
IGH-@-ext	ATP1A4	SRR19762495
RP11-1E3.1	RP11-455B3.1	SRR19762495
RAB2A	KCNS2	SRR19762495
LINC00623	RP11-403I13.8	SRR19762495
RP11-367G6.3	FAM65B	SRR19762495
RP11-96H19.1	RP11-446N19.1	SRR19762495
ARL2BP	CD74	SRR19762495
LEPR	LEPROT	SRR19762495
IGH-@-ext	EEF1A1	SRR19762495
RP11-155G15.2	RP11-1E3.1	SRR19762495
TIMM23	PARGP1	SRR19762495
EIF4A1	ACTB	SRR19762495
TIMM23	AGAP6	SRR19762365
RP11-662M24.2	RIMBP2	SRR19762365
LARS2	LIMD1	SRR19762365
RP11-367G6.3	FAM65B	SRR19762365
BOLA2B	RP11-347C12.2	SRR19762365
TIMM23	PARGP1	SRR19762365
PTMA	ACTB	SRR19762365
VTI1A	RP11-57H14.3	SRR19762365
NUDT3	RPS10	SRR19762365
RP11-662M24.2	RIMBP2	SRR19762525
LEPR	LEPROT	SRR19762525
TIMM23	RP11-574K11.29	SRR19762525
ACTB	RNF216	SRR19762525
SRSF1	DDX5	SRR19762525
EIF4A1	DDX5	SRR19762525
RP11-155G15.2	RP11-1E3.1	SRR19762525
IGH-@-ext	HLA-B	SRR19762525
RP11-367G6.3	FAM65B	SRR19762525
DDX5	ACTB	SRR19762525
KANSL1	ARL17A	SRR19762525
RP6-206I17.1	RP11-403I13.8	SRR19762525
SRGAP3	RP11-380O24.1	SRR19762525
KLF16	OAZ1	SRR19762525
TIMM23	PARGP1	SRR19762525
ACTB	FSCN1	SRR19762525
RP11-96H19.1	RP11-446N19.1	SRR19762525
PTMA	IRF4	SRR19762525
PFKFB3	RP11-563J2.2	SRR19762525
PTMA	ACTB	SRR19762525
EIF5A	EIF4A1	SRR19762525
EIF4A1	PTMA	SRR19762525
SIK1	ACTB	SRR19762405
RP11-662M24.2	RIMBP2	SRR19762405
MIR17HG	HMGB1	SRR19762405
RP11-367G6.3	FAM65B	SRR19762405
TIMM23	LINC00843	SRR19762405
PTMA	SET	SRR19762405
MAFK	ACTB	SRR19762405
LEPR	LEPROT	SRR19762405
OAZ1	PTMA	SRR19762405
RP11-155G15.2	RP11-1E3.1	SRR19762405
BSG	PTBP1	SRR19762405
BCLAF1	LTV1	SRR19762405
TIMM23	PARGP1	SRR19762405
PTMA	ACTB	SRR19762405
NCOR2	UBC	SRR19762405
EIF5A	EIF4A1	SRR19762405
NUDT3	RPS10	SRR19762405
EIF4A1	PTMA	SRR19762405
RAB2A	KCNS2	SRR19762452
DOT1L	OAZ1	SRR19762452
LEPR	LEPROT	SRR19762452
RNF126	PTBP1	SRR19762452
TIMM23	RP11-574K11.29	SRR19762452
B3GNT2	EHBP1	SRR19762452
RP11-505E24.2	CHSY1	SRR19762452
IRF4	AZIN1	SRR19762452
RP11-33B1.1	PSPH	SRR19762452
LATS2	MYCBP2	SRR19762452
GSDMC	PVT1	SRR19762452
RP11-367G6.3	FAM65B	SRR19762452
SRGAP3	RP11-380O24.1	SRR19762452
KLF16	OAZ1	SRR19762452
TIMM23	PARGP1	SRR19762452
BTLA	SETX	SRR19762452
EIF4A1	DDX5	SRR19762452
PFKFB3	RP11-563J2.2	SRR19762452
RP11-81H14.2	MDM1	SRR19762452
RMND5A	AC083899.3	SRR19762452
SPDEF	C6orf106	SRR19762452
EIF5A	EIF4A1	SRR19762452
IGH-@-ext	EEF1A1	SRR19762452
RP11-662M24.2	RIMBP2	SRR19762258
BOLA2B	RP11-345J4.8	SRR19762258
LEPR	LEPROT	SRR19762258
OAZ1	PTMA	SRR19762258
TIMM23	RP11-574K11.29	SRR19762258
IGL-@-ext	FLOT2	SRR19762258
NR3C1	PPARGC1B	SRR19762258
RP11-155G15.2	RP11-1E3.1	SRR19762258
USP22	RN7SL5P	SRR19762258
C15orf57	CBX3	SRR19762258
MIR155HG	JAM2	SRR19762258
RPL37A	IGFBP2	SRR19762258
RP11-367G6.3	FAM65B	SRR19762258
EIF4A1	SET	SRR19762258
NRIP1	AF127936.7	SRR19762258
YWHAZ	KLF10	SRR19762258
KLF16	OAZ1	SRR19762258
TIMM23	PARGP1	SRR19762258
SLC7A5	SMG1P1	SRR19762258
USP12	HMGB1	SRR19762258
RPA3-AS1	GLCCI1	SRR19762258
PTMA	ACTB	SRR19762258
EIF5A	EIF4A1	SRR19762258
PTMA	PPARGC1B	SRR19762329
RP11-662M24.2	RIMBP2	SRR19762329
TPM4	PTMA	SRR19762329
LEPR	LEPROT	SRR19762329
OAZ1	PTMA	SRR19762329
POLE	ANKLE2	SRR19762329
C5orf56	RAD50	SRR19762329
RNF126	PTBP1	SRR19762329
TIMM23	RP11-574K11.29	SRR19762329
ZEB1	HNRNPF	SRR19762329
AKAP13	TRIM60	SRR19762329
TPM4	KLF2	SRR19762329
RP11-155G15.2	RP11-1E3.1	SRR19762329
ZEB1	B2M	SRR19762329
PTMA	C7orf50	SRR19762329
NCOR2	UBC	SRR19762329
MIR155HG	JAM2	SRR19762329
AHCTF1	MT-ATP6	SRR19762329
RP11-367G6.3	FAM65B	SRR19762329
SF1	CFL1	SRR19762329
SRGAP3	RP11-380O24.1	SRR19762329
PTMA	FNBP1	SRR19762329
CARKD	ING1	SRR19762329
BSG	RNF126	SRR19762329
TIMM23	PARGP1	SRR19762329
LINC00623	RP11-403I13.8	SRR19762329
RPA3-AS1	GLCCI1	SRR19762329
RP11-96H19.1	RP11-446N19.1	SRR19762329
PTMA	IRF4	SRR19762329
PTBP1	TMEM259	SRR19762329
PFKFB3	RP11-563J2.2	SRR19762329
RNF126	PTBP1	SRR19762329
SBNO2	PTMA	SRR19762329
EIF5A	EIF4A1	SRR19762329
IGL-@-ext	HSP90B1	SRR19762403
RP11-367G6.3	FAM65B	SRR19762403
RP6-206I17.1	RP11-403I13.8	SRR19762403
LEPR	LEPROT	SRR19762403
B2M	AC013394.2	SRR19762403
TIMM23	PARGP1	SRR19762403
LINC00158	AP000233.4	SRR19762403
EIF5A	EIF4A1	SRR19762403
HNRNPA2B1	PTMAP2	SRR19762403
AKAP13	TRIM60	SRR19762806
RP11-367G6.3	FAM65B	SRR19762806
PFKFB3	RP11-563J2.2	SRR19762806
LEPR	LEPROT	SRR19762806
OAZ1	PTMA	SRR19762806
NCOR2	UBC	SRR19762806
TIMM23	PARGP1	SRR19762806
ITM2C	PTMA	SRR19762806
IGLVI-70	IGL@-ext	SRR19762806
ACTB	FSCN1	SRR19762388
ACTB	RNF216	SRR19762388
RP11-662M24.2	RIMBP2	SRR19762388
OAZ1	SET	SRR19762388
RP11-367G6.3	FAM65B	SRR19762388
NRIP1	AF127936.7	SRR19762388
PFKFB3	RP11-563J2.2	SRR19762388
LEPR	LEPROT	SRR19762388
C7orf50	ACTB	SRR19762388
RP11-155G15.2	RP11-1E3.1	SRR19762388
OAZ1	ACTB	SRR19762388
TIMM23	PARGP1	SRR19762388
PTMA	ACTB	SRR19762388
VTI1A	RP11-57H14.3	SRR19762388
SUN1	C7orf50	SRR19762388
EIF5A	EIF4A1	SRR19762388
DOT1L	OAZ1	SRR19762358
LEPR	LEPROT	SRR19762358
POLE	ANKLE2	SRR19762358
RP11-505E24.2	CHSY1	SRR19762358
ZEB1	HNRNPF	SRR19762358
YWHAE	CRK	SRR19762358
SRSF1	DDX5	SRR19762358
FKBP4	P2RX5	SRR19762358
ZC3H3	EEF1D	SRR19762358
TNFAIP8	IGH@-ext	SRR19762358
RP11-367G6.3	FAM65B	SRR19762358
PTBP1	MED16	SRR19762358
KLF16	OAZ1	SRR19762358
TIMM23	PARGP1	SRR19762358
VEGFA	SLC29A1	SRR19762358
PFKFB3	RP11-563J2.2	SRR19762358
EIF1B	PABPC1	SRR19762358
OAZ1	EEF1A1	SRR19762358
EIF5A	EIF4A1	SRR19762358
RP11-662M24.2	RIMBP2	SRR19762571
RPA3-AS1	GLCCI1	SRR19762571
RP11-367G6.3	FAM65B	SRR19762571
RP11-96H19.1	RP11-446N19.1	SRR19762571
RP6-206I17.1	RP11-403I13.8	SRR19762571
LEPR	LEPROT	SRR19762571
EEF1DP3	FRY	SRR19762571
BSG	RNF126	SRR19762571
RP11-155G15.2	RP11-1E3.1	SRR19762571
TIMM23	PARGP1	SRR19762571
TIMM23	RP11-574K11.29	SRR19762571
EIF5A	EIF4A1	SRR19762571
RP11-367G6.3	FAM65B	SRR19762659
PFKFB3	RP11-563J2.2	SRR19762659
LEPR	LEPROT	SRR19762659
TIMM23	PARGP1	SRR19762659
PTMA	ACTB	SRR19762659
TIMM23	RP11-574K11.29	SRR19762659
AKAP13	TRIM60	SRR19762477
RP11-367G6.3	FAM65B	SRR19762477
BOLA2B	RP11-347C12.2	SRR19762477
TIMM23	PARGP1	SRR19762477
PTMA	ACTB	SRR19762477
TIMM23	RP11-574K11.29	SRR19762477
DAZAP1	OAZ1	SRR19762477
CYTH1	USP36	SRR19762843
RP11-367G6.3	FAM65B	SRR19762843
NR3C1	PPARGC1B	SRR19762843
RP6-206I17.1	RP11-403I13.8	SRR19762843
YWHAZ	ZNF706	SRR19762843
SEPT7P2	PSPH	SRR19762843
IRF4	EEF1A1	SRR19762843
RP11-155G15.2	RP11-1E3.1	SRR19762843
KLF16	OAZ1	SRR19762843
BCKDHB	RP11-250B2.3	SRR19762843
EIF5A	EIF4A1	SRR19762843
EIF4A1	PTMA	SRR19762843
TIMM23	RP11-175I17.2	SRR19762843
YWHAE	CRK	SRR19762360
RP11-367G6.3	FAM65B	SRR19762360
PFKFB3	RP11-563J2.2	SRR19762360
LEPR	LEPROT	SRR19762360
BCKDHB	RP11-250B2.3	SRR19762360
RP11-155G15.2	RP11-1E3.1	SRR19762360
RAB38	CTSC	SRR19762360
NCOR2	UBC	SRR19762360
TIMM23	PARGP1	SRR19762360
DAZAP1	OAZ1	SRR19762360
OAZ1	LMNB2	SRR19762360
RP11-120D5.1	MID1	SRR19762360
AC005062.2	MACC1	SRR19762360
RP11-367G6.3	FAM65B	SRR19762859
DOT1L	OAZ1	SRR19762859
LEPR	LEPROT	SRR19762859
HNRNPAB	HNRNPH1	SRR19762859
OAZ1	PTMA	SRR19762859
TIMM23	PARGP1	SRR19762859
PTMA	ACTB	SRR19762859
RNF126	PTBP1	SRR19762859
EIF5A	EIF4A1	SRR19762859
ACTB	SET	SRR19762859
RP11-33B1.1	PSPH	SRR19762556
RP11-662M24.2	RIMBP2	SRR19762556
RP11-367G6.3	FAM65B	SRR19762556
NRIP1	AF127936.7	SRR19762556
LEPR	LEPROT	SRR19762556
NCOR2	UBC	SRR19762556
TIMM23	PARGP1	SRR19762556
SLC7A5	SMG1P1	SRR19762556
TIMM23	RP11-574K11.29	SRR19762556
IGLVI-70	IGL@-ext	SRR19762556
RP11-96H19.1	RP11-446N19.1	SRR19762529
KANSL1	ARL17A	SRR19762529
OAZ1	PTMA	SRR19762529
KLF16	OAZ1	SRR19762529
TIMM23	PARGP1	SRR19762529
IGH-@-ext	PTMA	SRR19762529
AC005062.2	MACC1	SRR19762529
ACTB	RNF216	SRR19762406
SIK1	ACTB	SRR19762406
BOLA2B	RP11-345J4.8	SRR19762406
RP11-367G6.3	FAM65B	SRR19762406
KANSL1	ARL17A	SRR19762406
PFKFB3	RP11-563J2.2	SRR19762406
LEPR	LEPROT	SRR19762406
RP11-155G15.2	RP11-1E3.1	SRR19762406
TIMM23	PARGP1	SRR19762406
EIF5A	EIF4A1	SRR19762406
IGLVI-70	IGL@-ext	SRR19762406
LEPR	LEPROT	SRR19762458
TIMM23	RP11-574K11.29	SRR19762458
YWHAE	CRK	SRR19762458
PRKCH	RP11-47I22.3	SRR19762458
SRSF1	DDX5	SRR19762458
POM121	ZP3	SRR19762458
OAZ1	SGTA	SRR19762458
RP11-155G15.2	RP11-1E3.1	SRR19762458
NCOR2	UBC	SRR19762458
RP11-33B1.1	PSPH	SRR19762458
RP11-367G6.3	FAM65B	SRR19762458
BOLA2B	RP11-347C12.2	SRR19762458
NRIP1	AF127936.7	SRR19762458
RP6-206I17.1	RP11-403I13.8	SRR19762458
TIMM23	PARGP1	SRR19762458
NUTM2A-AS1	MINPP1	SRR19762458
ACTB	FSCN1	SRR19762458
RPA3-AS1	GLCCI1	SRR19762458
PFKFB3	RP11-563J2.2	SRR19762458
PTMA	SET	SRR19762458
BSG	PTBP1	SRR19762458
HLA-S	HLA-A	SRR19762458
PTMA	ACTB	SRR19762458
RP11-662M24.2	RIMBP2	SRR19762302
DDX5	HNRNPH1	SRR19762302
LEPR	LEPROT	SRR19762302
OAZ1	PTMA	SRR19762302
ZEB1	HNRNPF	SRR19762302
U2SURP	SEC62	SRR19762302
MAFK	ACTB	SRR19762302
PTMA	CDKN1A	SRR19762302
UBC	SFSWAP	SRR19762302
RP11-367G6.3	FAM65B	SRR19762302
NRIP1	AF127936.7	SRR19762302
MT-ND6	COX7C	SRR19762302
RP6-206I17.1	RP11-403I13.8	SRR19762302
KLF16	OAZ1	SRR19762302
TIMM23	PARGP1	SRR19762302
VTI1A	RP11-57H14.3	SRR19762302
EIF4A1	ACTB	SRR19762302
ACTB	FSCN1	SRR19762302
CTD-2337A12.1	CAST	SRR19762302
PFKFB3	RP11-563J2.2	SRR19762302
SETD1A	FUS	SRR19762302
OAZ1	ACTB	SRR19762302
EIF5A	EIF4A1	SRR19762302
OAZ1	RAC2	SRR19762646
AKAP13	TRIM60	SRR19762646
RP11-367G6.3	FAM65B	SRR19762646
BOLA2B	RP11-347C12.2	SRR19762646
DOT1L	OAZ1	SRR19762646
PFKFB3	RP11-563J2.2	SRR19762646
LEPR	LEPROT	SRR19762646
KLF16	OAZ1	SRR19762646
TIMM23	PARGP1	SRR19762646
TIMM23	RP11-574K11.29	SRR19762646
RPN2	RPS27AP3	SRR19762646
KANSL1	ARL17B	SRR19762235
LINC00623	RP11-403I13.8	SRR19762235
NCL	PTMA	SRR19762235
RP11-662M24.2	RIMBP2	SRR19762235
RP11-367G6.3	FAM65B	SRR19762235
SRSF1	DDX5	SRR19762235
RP11-96H19.1	RP11-446N19.1	SRR19762235
DOT1L	OAZ1	SRR19762235
PABPC1	YWHAZ	SRR19762235
PFKFB3	RP11-563J2.2	SRR19762235
LEPR	LEPROT	SRR19762235
KLHL36	USP10	SRR19762235
RP11-155G15.2	RP11-1E3.1	SRR19762235
KLF16	OAZ1	SRR19762235
TIMM23	PARGP1	SRR19762235
POLE	ANKLE2	SRR19762235
EIF5A	EIF4A1	SRR19762235
ACTB	FSCN1	SRR19762261
EEF1A1	SYNCRIP	SRR19762261
RP11-367G6.3	FAM65B	SRR19762261
RNPC3	TAF1D	SRR19762261
NRIP1	AF127936.7	SRR19762261
DOT1L	OAZ1	SRR19762261
POM121C	ZP3	SRR19762261
LEPR	LEPROT	SRR19762261
OAZ1	ACTB	SRR19762261
NUDT3	RPS10	SRR19762261
TIMM23	PARGP1	SRR19762261
PTMA	ACTB	SRR19762261
DAZAP1	OAZ1	SRR19762261
TIMM23	RP11-574K11.29	SRR19762261
EIF5A	EIF4A1	SRR19762261
ACTB	SET	SRR19762261
EIF4A1	PTMA	SRR19762261
IGH-@-ext	EEF1A1	SRR19762261
BSG	RNF126	SRR19762542
TIMM23	PARGP1	SRR19762542
BOLA2B	RP11-345J4.8	SRR19762929
RP11-367G6.3	FAM65B	SRR19762929
RP11-96H19.1	RP11-446N19.1	SRR19762929
IGH-@-ext	ACTB	SRR19762929
LEPR	LEPROT	SRR19762929
OAZ1	PTMA	SRR19762929
BCKDHB	RP11-250B2.3	SRR19762929
TIMM23	PARGP1	SRR19762929
TRBJ2-3	TRBC2	SRR19762929
EIF5A	EIF4A1	SRR19762929
PIM3	SCO2	SRR19762929
RP11-367G6.3	FAM65B	SRR19762916
RP11-96H19.1	RP11-446N19.1	SRR19762916
MED24	IGH@-ext	SRR19762916
LEPR	LEPROT	SRR19762916
SEPT7P2	PSPH	SRR19762916
TIMM23	PARGP1	SRR19762916
PTMA	ACTB	SRR19762916
POLE	ANKLE2	SRR19762916
ACTB	SET	SRR19762916
RP11-367G6.3	FAM65B	SRR19762745
RP11-96H19.1	RP11-446N19.1	SRR19762745
RABL6	EDF1	SRR19762745
KANSL1	ARL17A	SRR19762745
TIMM23B	PARGP1	SRR19762745
PFKFB3	RP11-563J2.2	SRR19762745
LEPR	LEPROT	SRR19762745
RP11-155G15.2	RP11-1E3.1	SRR19762745
IGKV2-29	AC096579.7	SRR19762745
LINC00158	AP000233.4	SRR19762745
TIMM23	RP11-574K11.29	SRR19762745
DAZAP1	OAZ1	SRR19762745
RCC1	SRP9	SRR19762745
DHX40	KPNA2	SRR19762654
CCDC41	TMCC3	SRR19762654
IGH-@-ext	RN7SL109P	SRR19762654
RP11-367G6.3	FAM65B	SRR19762654
KANSL1	ARL17A	SRR19762654
LEPR	LEPROT	SRR19762654
OAZ1	PTMA	SRR19762654
BCKDHB	RP11-250B2.3	SRR19762654
OAZ1	ACTB	SRR19762654
TIMM23	PARGP1	SRR19762654
MIR155HG	JAM2	SRR19762654
KANSL1	ARL17B	SRR19762401
ACTB	RNF216	SRR19762401
RP11-367G6.3	FAM65B	SRR19762401
RP11-96H19.1	RP11-446N19.1	SRR19762401
RABL6	EDF1	SRR19762401
EIF4A1	ACTB	SRR19762401
PFKFB3	RP11-563J2.2	SRR19762401
PNPLA6	ATG4D	SRR19762401
LEPR	LEPROT	SRR19762401
OAZ1	PTMA	SRR19762401
TIMM23	PARGP1	SRR19762401
PTMA	ACTB	SRR19762401
CASS4	RTFDC1	SRR19762401
CTC-786C10.1	RP11-680G10.1	SRR19762401
POLE	ANKLE2	SRR19762401
PTMA	ACTB	SRR19762401
ZEB1	HNRNPF	SRR19762343
AKAP13	TRIM60	SRR19762343
RP11-367G6.3	FAM65B	SRR19762343
HMGN2	PTMA	SRR19762343
RP11-96H19.1	RP11-446N19.1	SRR19762343
RP6-206I17.1	RP11-403I13.8	SRR19762343
STX18-AS1	MSX1	SRR19762343
LEPR	LEPROT	SRR19762343
TIMM23	PARGP1	SRR19762343
C15orf57	CBX3	SRR19762343
POLE	ANKLE2	SRR19762343
AC005062.2	MACC1	SRR19762343
B2M	IRF4	SRR19762343
IGH-@-ext	PTMA	SRR19762343
CTD-2544L4.1	TBC1D7	SRR19762343
RP11-33B1.1	PSPH	SRR19762689
BSG	RNF126	SRR19762689
RP11-662M24.2	RIMBP2	SRR19762689
AKAP13	TRIM60	SRR19762689
RP11-367G6.3	FAM65B	SRR19762689
BOLA2B	RP11-345J4.8	SRR19762689
RABL6	EDF1	SRR19762689
LEPR	LEPROT	SRR19762689
SLC7A5	RP11-347C12.2	SRR19762689
BSG	RNF126	SRR19762689
KLF16	OAZ1	SRR19762689
PI4KA	HIC2	SRR19762689
TIMM23	PARGP1	SRR19762689
HLA-S	HLA-A	SRR19762689
RP11-1151B14.4	MALT1	SRR19762689
AC131097.3	AC093642.5	SRR19762753
RP11-367G6.3	FAM65B	SRR19762753
SRSF1	DDX5	SRR19762753
RP11-96H19.1	RP11-446N19.1	SRR19762753
KANSL1	ARL17A	SRR19762753
AOAH	ELMO1	SRR19762753
PFKFB3	RP11-563J2.2	SRR19762753
LEPR	LEPROT	SRR19762753
KLF16	OAZ1	SRR19762753
TIMM23	PARGP1	SRR19762753
C15orf57	CBX3	SRR19762753
MIR155HG	JAM2	SRR19762753
IGH-@-ext	PTMA	SRR19762753
RP11-367G6.3	FAM65B	SRR19762889
RP11-662M24.2	RIMBP2	SRR19762889
TIMM23	PARGP1	SRR19762889
KANSL1	ARL17B	SRR19762938
RP11-662M24.2	RIMBP2	SRR19762938
TCF3	OAZ1	SRR19762938
B2M	ANP32A	SRR19762938
RP11-367G6.3	FAM65B	SRR19762938
RP11-96H19.1	RP11-446N19.1	SRR19762938
LEPR	LEPROT	SRR19762938
SEPT7P2	PSPH	SRR19762938
RP11-745L13.2	RPL7AP28	SRR19762938
RP11-426C22.5	SNX29P2	SRR19762938
NCOR2	UBC	SRR19762938
POLE	ANKLE2	SRR19762938
TIMM23	PARGP1	SRR19762938
G3BP2	CCNG2	SRR19762938
KLF16	OAZ1	SRR19762938
SLC7A5	SMG1P1	SRR19762938
PLXNB2	SCO2	SRR19762938
AC005062.2	MACC1	SRR19762938
FASN	PTMAP5	SRR19762703
PTMA	PPARGC1B	SRR19762703
TCF3	OAZ1	SRR19762703
RPA3-AS1	GLCCI1	SRR19762703
RP11-367G6.3	FAM65B	SRR19762703
PFKFB3	RP11-563J2.2	SRR19762703
LEPR	LEPROT	SRR19762703
OAZ1	PTMA	SRR19762703
UBQLN1	HNRNPK	SRR19762703
KLF16	OAZ1	SRR19762703
BSG	RNF126	SRR19762703
TIMM23	PARGP1	SRR19762703
PLXNB2	SCO2	SRR19762703
PIM3	SCO2	SRR19762703
LINC00623	RP11-403I13.8	SRR19762633
IGH-@-ext	PTMA	SRR19762633
BOLA2B	RP11-345J4.8	SRR19762633
RP11-367G6.3	FAM65B	SRR19762633
RP11-96H19.1	RP11-446N19.1	SRR19762633
RP11-439L18.2	HIVEP2	SRR19762633
LEPR	LEPROT	SRR19762633
AC096579.7	IGH@-ext	SRR19762633
IGH-@-ext	MT-ND4	SRR19762633
PTP4A1	EEF1A1P5	SRR19762633
HLA-S	HLA-A	SRR19762633
TIMM23	PARGP1	SRR19762633
EIF5A	EIF4A1	SRR19762633
NCL	PTMA	SRR19762633
ACTB	FSCN1	SRR19762428
C1ORF220	RP5-1098D14.1	SRR19762428
RP11-367G6.3	FAM65B	SRR19762428
RP11-96H19.1	RP11-446N19.1	SRR19762428
NRIP1	AF127936.7	SRR19762428
CNN2	PTMA	SRR19762428
AP3S1	AQPEP	SRR19762428
LEPR	LEPROT	SRR19762428
TIMM23	PARGP1	SRR19762428
PTMA	ACTB	SRR19762428
ACTB	FNBP1	SRR19762428
RP11-367G6.3	FAM65B	SRR19762379
BOLA2B	RP11-347C12.2	SRR19762379
TIMM23	PARGP1	SRR19762379
LEPR	LEPROT	SRR19762379
LEPR	LEPROT	SRR19762577
OAZ1	PTMA	SRR19762577
TIMM23	RP11-574K11.29	SRR19762577
PTMA	ACTB	SRR19762577
TIMM23	AGAP6	SRR19762577
EIF4A1	DDX5	SRR19762577
RP11-155G15.2	RP11-1E3.1	SRR19762577
BMS1	PARG	SRR19762577
RP11-33B1.1	PSPH	SRR19762577
RP11-367G6.3	FAM65B	SRR19762577
BSG	RNF126	SRR19762577
KLF16	OAZ1	SRR19762577
TIMM23	PARGP1	SRR19762577
PPIP5K1	STRC	SRR19762577
ACTB	FSCN1	SRR19762577
USP12	HMGB1	SRR19762577
PFKFB3	RP11-563J2.2	SRR19762577
OAZ1	ACTB	SRR19762577
MAPK1	RBPJ	SRR19762577
DAZAP1	OAZ1	SRR19762577
IGH@-ext	ERCC5	SRR19762932
RP11-367G6.3	FAM65B	SRR19762932
IGL-@-ext	RPL8	SRR19762932
ELK4	UBQLN1	SRR19762932
LEPR	LEPROT	SRR19762932
POLE	ANKLE2	SRR19762932
C15orf57	CBX3	SRR19762932
VTI1A	RP11-57H14.3	SRR19762932
AK5	IGH@-ext	SRR19762932
MIR155HG	JAM2	SRR19762932
TIMM23	RP11-175I17.2	SRR19762932
OAZ1	RAC2	SRR19762899
DOT1L	OAZ1	SRR19762899
LEPR	LEPROT	SRR19762899
RAB38	CTSC	SRR19762899
POLE	ANKLE2	SRR19762899
AKAP13	TRIM60	SRR19762899
REXO1	OAZ1	SRR19762899
SRSF1	DDX5	SRR19762899
MRPL20	SSU72	SRR19762899
NCOR2	UBC	SRR19762899
RP11-33B1.1	PSPH	SRR19762899
RP11-367G6.3	FAM65B	SRR19762899
NRIP1	AF127936.7	SRR19762899
KANSL1	ARL17A	SRR19762899
TIMM23B	PARGP1	SRR19762899
RP6-206I17.1	RP11-403I13.8	SRR19762899
TBC1D27	RP11-344E13.3	SRR19762899
PTMA	FNBP1	SRR19762899
KLF16	OAZ1	SRR19762899
MBP	PQLC1	SRR19762899
PIM3	SCO2	SRR19762899
USP12	HMGB1	SRR19762899
RP11-96H19.1	RP11-446N19.1	SRR19762899
OAZ1	IRF4	SRR19762899
ADAP1	MAFK	SRR19762899
RAB2A	KCNS2	SRR19762533
LINC00623	RP11-403I13.8	SRR19762533
AC007879.5	AC007879.2	SRR19762533
LSP1	CD81	SRR19762533
EIF4A1	IRF4	SRR19762533
RP11-367G6.3	FAM65B	SRR19762533
NRIP1	AF127936.7	SRR19762533
BOLA2B	RP11-347C12.2	SRR19762533
PTMA	RP11-5A11.1	SRR19762533
LEPR	LEPROT	SRR19762533
LYRM1	RPL10A	SRR19762533
RCC1	PPP3CC	SRR19762533
TIMM23	PARGP1	SRR19762533
KLF16	OAZ1	SRR19762533
TIMM23	RP11-574K11.29	SRR19762533
EIF5A	EIF4A1	SRR19762533
RP11-662M24.2	RIMBP2	SRR19762166
RPA3-AS1	GLCCI1	SRR19762166
RP11-367G6.3	FAM65B	SRR19762166
KANSL1	ARL17A	SRR19762166
PFKFB3	RP11-563J2.2	SRR19762166
RP6-206I17.1	RP11-403I13.8	SRR19762166
LEPR	LEPROT	SRR19762166
CXXC5	NR3C1	SRR19762166
RP11-155G15.2	RP11-1E3.1	SRR19762166
TIMM23	PARGP1	SRR19762166
C15orf57	CBX3	SRR19762166
HMGN2	YWHAZ	SRR19762166
MBP	PQLC1	SRR19762166
TIMM23	RP11-574K11.29	SRR19762166
EIF5A	EIF4A1	SRR19762166
EIF4A1	PTMA	SRR19762166
SET	FNBP1	SRR19762273
TFAP4	IGH-@-ext	SRR19762273
RP11-662M24.2	RIMBP2	SRR19762273
RP11-367G6.3	FAM65B	SRR19762273
SRSF1	DDX5	SRR19762273
KANSL1	ARL17A	SRR19762273
PFKFB3	RP11-563J2.2	SRR19762273
LEPR	LEPROT	SRR19762273
BSG	RNF126	SRR19762273
KLF16	OAZ1	SRR19762273
POLE	ANKLE2	SRR19762273
TIMM23	PARGP1	SRR19762273
SLC7A5	SMG1P1	SRR19762273
UBE2I	UNKL	SRR19762273
RAB2A	KCNS2	SRR19762793
ACTB	RNF216	SRR19762793
TEX30	ING1	SRR19762793
RP11-367G6.3	FAM65B	SRR19762793
LEPR	LEPROT	SRR19762793
NCOR2	UBC	SRR19762793
TIMM23	PARGP1	SRR19762793
KLF16	CSNK1G2	SRR19762465
CUL1	ZNF777	SRR19762465
LEPR	LEPROT	SRR19762465
POLE	ANKLE2	SRR19762465
TIMM23	RP11-574K11.29	SRR19762465
ZEB1	HNRNPF	SRR19762465
TMC6	PTMA	SRR19762465
RP13-188A5.1	RRAGB	SRR19762465
C19orf24	OAZ1	SRR19762465
IGLVI-70	IGL@-ext	SRR19762465
RP11-33B1.1	PSPH	SRR19762465
RP11-367G6.3	FAM65B	SRR19762465
RP11-305P22.9	PTMA	SRR19762465
PIM3	IRF4	SRR19762465
IGL-@-ext	ECI1	SRR19762465
KLF16	OAZ1	SRR19762465
TIMM23	PARGP1	SRR19762465
SLC7A5	SMG1P1	SRR19762465
SOCS5	AC016722.2	SRR19762465
PTCHD2	IGL@-ext	SRR19762465
RP11-96H19.1	RP11-446N19.1	SRR19762465
PFKFB3	RP11-563J2.2	SRR19762465
ACTB	RNF216	SRR19762726
PRKCH	RP11-47I22.3	SRR19762726
RP11-367G6.3	FAM65B	SRR19762726
LEPR	LEPROT	SRR19762726
TIMM23	PARGP1	SRR19762726
PTMA	ACTB	SRR19762726
IGKV2-29	AC096579.7	SRR19762726
MKNK2	ACTB	SRR19762726
TIMM23	RP11-574K11.29	SRR19762726
AC007879.5	AC007879.2	SRR19762436
C1ORF220	RP5-1098D14.1	SRR19762436
RP11-367G6.3	FAM65B	SRR19762436
RP11-96H19.1	RP11-446N19.1	SRR19762436
MAFK	ACTB	SRR19762436
LEPR	LEPROT	SRR19762436
OAZ1	PTMA	SRR19762436
RP11-155G15.2	RP11-1E3.1	SRR19762436
BSG	DAZAP1	SRR19762436
TIMM23	PARGP1	SRR19762436
PTMA	ACTB	SRR19762436
CSNK1G2	OAZ1	SRR19762436
TIMM23	RP11-574K11.29	SRR19762436
EIF5A	EIF4A1	SRR19762436
NUDT3	RPS10	SRR19762436
RP11-367G6.3	FAM65B	SRR19762742
NRIP1	AF127936.7	SRR19762742
SRSF1	DDX5	SRR19762742
OAZ1	IRF4	SRR19762742
LEPR	LEPROT	SRR19762742
KLF16	OAZ1	SRR19762742
TIMM23	PARGP1	SRR19762742
EIF5A	EIF4A1	SRR19762742
SOCS5	AC016722.2	SRR19762742
ACTB	FSCN1	SRR19762531
IGH-@-ext	PTMA	SRR19762531
RP11-367G6.3	FAM65B	SRR19762531
DOT1L	OAZ1	SRR19762531
MNT	CLUH	SRR19762531
NOC4L	FBRSL1	SRR19762531
SEPT7P2	PSPH	SRR19762531
RP11-745L13.2	RPL7AP28	SRR19762531
TIMM23	PARGP1	SRR19762531
PTMA	ACTB	SRR19762531
TIMM23	RP11-574K11.29	SRR19762531
EIF4A1	PTMA	SRR19762531
IGLVI-70	IGL@-ext	SRR19762531
RP11-662M24.2	RIMBP2	SRR19762446
RP11-367G6.3	FAM65B	SRR19762446
TIMM23B	PARGP1	SRR19762446
PFKFB3	RP11-563J2.2	SRR19762446
SEPT7P2	PSPH	SRR19762446
RP11-155G15.2	RP11-1E3.1	SRR19762446
KLF16	OAZ1	SRR19762446
RAB2A	KCNS2	SRR19762278
PLCXD1	IGH@-ext	SRR19762278
KLF16	CSNK1G2	SRR19762278
LEPR	LEPROT	SRR19762278
SRP9	LRBA	SRR19762278
POLE	ANKLE2	SRR19762278
GPX4	SBNO2	SRR19762278
HNRNPUL1	HLA-C	SRR19762278
IDI1	ZC3H12D	SRR19762278
NCOR2	UBC	SRR19762278
PLXNB2	SCO2	SRR19762278
EEF1A1	SYNCRIP	SRR19762278
RP11-367G6.3	FAM65B	SRR19762278
TIMM23	PARGP1	SRR19762278
RP11-120D5.1	MID1	SRR19762278
LINC00623	RP11-403I13.8	SRR19762278
RP11-96H19.1	RP11-446N19.1	SRR19762278
WASH3P	AC131097.3	SRR19762278
EIF5A	EIF4A1	SRR19762278
ZEB1	HNRNPF	SRR19762727
RP11-662M24.2	RIMBP2	SRR19762727
RP11-367G6.3	FAM65B	SRR19762727
SRSF1	DDX5	SRR19762727
NRIP1	AF127936.7	SRR19762727
PFKFB3	RP11-563J2.2	SRR19762727
POM121C	ZP3	SRR19762727
LEPR	LEPROT	SRR19762727
RP11-155G15.2	RP11-1E3.1	SRR19762727
BSG	RNF126	SRR19762727
KLF16	OAZ1	SRR19762727
TIMM23	PARGP1	SRR19762727
C15orf57	CBX3	SRR19762727
PTMA	ACTB	SRR19762727
DAZAP1	OAZ1	SRR19762727
PTMA	PPARGC1B	SRR19762798
BMI1	ZEB1	SRR19762798
IGL-@-ext	LINC00606	SRR19762798
BOLA2B	RP11-345J4.8	SRR19762798
LEPR	LEPROT	SRR19762798
FUS	DDX5	SRR19762798
POLE	ANKLE2	SRR19762798
TIMM23	RP11-574K11.29	SRR19762798
AC005062.2	MACC1	SRR19762798
ZEB1	HNRNPF	SRR19762798
AKAP13	TRIM60	SRR19762798
RP11-367G6.3	FAM65B	SRR19762798
DDX5	EEF1A1	SRR19762798
BSG	RNF126	SRR19762798
TIMM23	PARGP1	SRR19762798
LINC00623	RP11-403I13.8	SRR19762798
SETD1A	FUS	SRR19762798
RNF126	PTBP1	SRR19762798
EIF5A	EIF4A1	SRR19762798
ZEB1	HNRNPF	SRR19762841
TCF3	OAZ1	SRR19762841
RHOH	AC195454.1	SRR19762841
RP11-367G6.3	FAM65B	SRR19762841
BOLA2B	RP11-347C12.2	SRR19762841
MIR4435-1HG	AC083899.3	SRR19762841
MAFK	ACTB	SRR19762841
LEPR	LEPROT	SRR19762841
NCOR2	UBC	SRR19762841
TIMM23	PARGP1	SRR19762841
PTMA	ACTB	SRR19762841
IGKV2-29	AC096579.7	SRR19762841
TIMM23	RP11-574K11.29	SRR19762841
EIF5A	EIF4A1	SRR19762841
SRP9	ARPC2	SRR19762374
LEPR	LEPROT	SRR19762374
PI4KA	HIC2	SRR19762374
AKAP13	AC013394.2	SRR19762374
SET	EDF1	SRR19762374
SRSF1	DDX5	SRR19762374
TPM4	KLF2	SRR19762374
SEPT7P2	PSPH	SRR19762374
G3BP2	CCNG2	SRR19762374
MIR4435-1HG	AC083899.3	SRR19762374
RP11-367G6.3	FAM65B	SRR19762374
ZEB1	SET	SRR19762374
BSG	RNF126	SRR19762374
RP11-426C22.5	SNX29P2	SRR19762374
KLF16	OAZ1	SRR19762374
TIMM23	PARGP1	SRR19762374
B2M	IRF4	SRR19762374
KLF10	AZIN1	SRR19762374
LINC00623	RP11-403I13.8	SRR19762374
RPA3-AS1	GLCCI1	SRR19762374
PFKFB3	RP11-563J2.2	SRR19762374
OAZ1	PPP1R12C	SRR19762374
RNF126	OAZ1	SRR19762374
OAZ1	GET4	SRR19762374
EIF5A	EIF4A1	SRR19762374
PTMA	BOP1	SRR19762177
IGH@-ext	AC013394.2	SRR19762177
LEPR	LEPROT	SRR19762177
AC005062.2	MACC1	SRR19762177
ZEB1	HNRNPF	SRR19762177
CALM2	PTMA	SRR19762177
IGH@-ext	MT-CO3	SRR19762177
TPM4	KLF2	SRR19762177
RP11-155G15.2	RP11-1E3.1	SRR19762177
B2M	IGH@-ext	SRR19762177
IGH-@-ext	MT-CO3	SRR19762177
IGH@-ext	MT-CO1	SRR19762177
RP11-367G6.3	FAM65B	SRR19762177
TIMM23B	PARGP1	SRR19762177
IGH@-ext	B2M	SRR19762177
BSG	RNF126	SRR19762177
KLF16	OAZ1	SRR19762177
IGH@-ext	ANKLE2	SRR19762177
LINC00623	RP11-403I13.8	SRR19762177
RP11-96H19.1	RP11-446N19.1	SRR19762177
DHRS4-AS1	NRL	SRR19762177
RP11-33B1.1	PSPH	SRR19762442
AKAP13	TRIM60	SRR19762442
PRKCH	RP11-47I22.3	SRR19762442
RP11-367G6.3	FAM65B	SRR19762442
BOLA2B	RP11-347C12.2	SRR19762442
SRSF1	DDX5	SRR19762442
GOLM1	ISCA1	SRR19762442
MAFK	ACTB	SRR19762442
LEPR	LEPROT	SRR19762442
RP11-155G15.2	RP11-1E3.1	SRR19762442
KLF16	OAZ1	SRR19762442
HLA-S	HLA-A	SRR19762442
TIMM23	PARGP1	SRR19762442
PTMA	ACTB	SRR19762442
SLC7A5	SMG1P1	SRR19762442
TIMM23	RP11-574K11.29	SRR19762442
EIF5A	EIF4A1	SRR19762442
CYTH1	USP36	SRR19762442
RP11-367G6.3	FAM65B	SRR19762194
TPM4	PTMA	SRR19762194
TIMM23	PARGP1	SRR19762194
BMS1	PARG	SRR19762194
YWHAE	CRK	SRR19762474
RP11-367G6.3	FAM65B	SRR19762474
DOT1L	OAZ1	SRR19762474
RP6-206I17.1	RP11-403I13.8	SRR19762474
LEPR	LEPROT	SRR19762474
OAZ1	PTMA	SRR19762474
MIR155HG	JAM2	SRR19762474
KLF16	OAZ1	SRR19762474
TIMM23	PARGP1	SRR19762474
POLE	ANKLE2	SRR19762474
B2M	IRF4	SRR19762474
TIMM23	RP11-574K11.29	SRR19762474
EIF5A	EIF4A1	SRR19762474
RP11-367G6.3	FAM65B	SRR19762218
BOLA2B	RP11-347C12.2	SRR19762218
LEPR	LEPROT	SRR19762218
OAZ1	PTMA	SRR19762218
RP11-155G15.2	RP11-1E3.1	SRR19762218
RAB38	CTSC	SRR19762218
TIMM23	PARGP1	SRR19762218
PTMA	ACTB	SRR19762218
NUTM2A-AS1	MINPP1	SRR19762218
ACTB	SET	SRR19762218
ACTB	FSCN1	SRR19762569
SET	FNBP1	SRR19762569
RP11-367G6.3	FAM65B	SRR19762569
PTMA	IRF4	SRR19762569
DOT1L	OAZ1	SRR19762569
RPS3	UBB	SRR19762569
LEPR	LEPROT	SRR19762569
SEPT7P2	PSPH	SRR19762569
KLF16	OAZ1	SRR19762569
HLA-S	HLA-A	SRR19762569
TIMM23	PARGP1	SRR19762569
PTMA	ACTB	SRR19762569
VTI1A	RP11-57H14.3	SRR19762569
PVT1	MYC	SRR19762569
RP11-367G6.3	FAM65B	SRR19762791
RP11-96H19.1	RP11-446N19.1	SRR19762791
KLHL36	USP10	SRR19762791
LEPR	LEPROT	SRR19762791
NCOR2	UBC	SRR19762791
TIMM23	PARGP1	SRR19762791
ITM2C	PTMA	SRR19762791
TIMM23	RP11-574K11.29	SRR19762791
AC005062.2	MACC1	SRR19762791
TPM4	PTMA	SRR19762566
LEPR	LEPROT	SRR19762566
OAZ1	PTMA	SRR19762566
TIMM23	RP11-574K11.29	SRR19762566
WAC	ZEB1	SRR19762566
OAZ1	SET	SRR19762566
AKAP13	TRIM60	SRR19762566
SRSF1	DDX5	SRR19762566
PTP4A1	EEF1A1	SRR19762566
ITM2C	PTMA	SRR19762566
IGLVI-70	IGL@-ext	SRR19762566
RP11-367G6.3	FAM65B	SRR19762566
OAZ1	ZBTB7A	SRR19762566
KLF16	OAZ1	SRR19762566
TIMM23	PARGP1	SRR19762566
USP12	HMGB1	SRR19762566
RPA3-AS1	GLCCI1	SRR19762566
KLHL36	USP10	SRR19762566
HLA-S	HLA-A	SRR19762566
EIF5A	EIF4A1	SRR19762566
EIF4A1	PTMA	SRR19762566
PTMA	HNRNPH1	SRR19762801
NCL	PTMA	SRR19762801
LEPR	LEPROT	SRR19762801
TIMM23	RP11-574K11.29	SRR19762801
CYTH1	USP36	SRR19762801
SRSF1	DDX5	SRR19762801
EIF4A1	DDX5	SRR19762801
RP11-155G15.2	RP11-1E3.1	SRR19762801
CFL1	SET	SRR19762801
ZNF292	PNRC1	SRR19762801
RP11-367G6.3	FAM65B	SRR19762801
BOLA2B	RP11-347C12.2	SRR19762801
EIF4A1	SET	SRR19762801
SRGAP3	RP11-380O24.1	SRR19762801
KLF16	OAZ1	SRR19762801
TIMM23	PARGP1	SRR19762801
VTI1A	RP11-57H14.3	SRR19762801
RPA3-AS1	GLCCI1	SRR19762801
RP11-96H19.1	RP11-446N19.1	SRR19762801
OAZ1	IRF4	SRR19762801
PFKFB3	RP11-563J2.2	SRR19762801
EIF5A	EIF4A1	SRR19762801
EIF4A1	PTMA	SRR19762801
IGH-@-ext	HLA-B	SRR19762320
RP11-96H19.1	RP11-446N19.1	SRR19762320
KANSL1	ARL17A	SRR19762320
PFKFB3	RP11-563J2.2	SRR19762320
RP6-206I17.1	RP11-403I13.8	SRR19762320
MTA2	ANP32A	SRR19762320
EEF1DP3	FRY	SRR19762320
IGH-@-ext	CALM3	SRR19762320
PI4KA	HIC2	SRR19762320
NCOR2	UBC	SRR19762320
TIMM23	PARGP1	SRR19762320
IGKV2-29	AC096579.7	SRR19762320
B2M	IRF4	SRR19762320
DDX5	IRF4	SRR19762320
EIF5A	EIF4A1	SRR19762320
AC007879.5	AC007879.2	SRR19762229
EIF4A1	IRF4	SRR19762229
DOT1L	OAZ1	SRR19762229
RP5-940J5.9	RPS9	SRR19762229
BSG	IRF4	SRR19762229
SRSF1	DDX5	SRR19762229
RP11-155G15.2	RP11-1E3.1	SRR19762229
RP11-367G6.3	FAM65B	SRR19762229
DDX5	EEF1A1	SRR19762229
KANSL1	ARL17A	SRR19762229
KLF16	OAZ1	SRR19762229
TIMM23	PARGP1	SRR19762229
VTI1A	RP11-57H14.3	SRR19762229
USP12	HMGB1	SRR19762229
PFKFB3	RP11-563J2.2	SRR19762229
HLA-S	HLA-A	SRR19762229
GTF2I	GATSL2	SRR19762229
EIF5A	EIF4A1	SRR19762229
RPL14	MLLT3	SRR19762229
RP11-96H19.1	RP11-446N19.1	SRR19762502
RP6-206I17.1	RP11-403I13.8	SRR19762502
LEPR	LEPROT	SRR19762502
GAS6	IGH@-ext	SRR19762502
TIMM23	PARGP1	SRR19762502
AC005062.2	MACC1	SRR19762502
IGH-@-ext	HLA-B	SRR19762314
STK11	DAZAP1	SRR19762314
IGH-@-ext	PTMA	SRR19762314
BOLA2B	RP11-345J4.8	SRR19762314
RP11-367G6.3	FAM65B	SRR19762314
IGH-@-ext	RPL13A	SRR19762314
SEPT7P2	PSPH	SRR19762314
CARKD	ING1	SRR19762314
IGH-@-ext	AC096579.7	SRR19762314
IGH-@-ext	HMGB1	SRR19762314
POLE	ANKLE2	SRR19762314
TIMM23	PARGP1	SRR19762314
RP11-155G15.2	RP11-1E3.1	SRR19762314
ZC3H3	EEF1D	SRR19762314
IGH-@-ext	MT-ND5	SRR19762314
IGH-@-ext	MT-ATP8	SRR19762314
AC005062.2	MACC1	SRR19762314
LINC00623	RP11-403I13.8	SRR19762748
POLE	PGAM5	SRR19762748
BOLA2B	RP11-345J4.8	SRR19762748
RP11-367G6.3	FAM65B	SRR19762748
TIMM23B	PARGP1	SRR19762748
POM121C	ZP3	SRR19762748
NOC4L	OAZ1	SRR19762748
RP11-444D3.1	SOX5	SRR19762748
TIMM23	RP11-574K11.29	SRR19762748
DAZAP1	OAZ1	SRR19762748
ACTB	FSCN1	SRR19762310
LINC00623	RP11-403I13.8	SRR19762310
IGL-@-ext	HNRNPA1	SRR19762310
ANP32A	TLE3	SRR19762310
RP11-367G6.3	FAM65B	SRR19762310
OAZ1	IRF4	SRR19762310
KLHL36	USP10	SRR19762310
LEPR	LEPROT	SRR19762310
SEPT7P2	PSPH	SRR19762310
RP11-155G15.2	RP11-1E3.1	SRR19762310
TIMM23	PARGP1	SRR19762310
EIF5A	EIF4A1	SRR19762310
IGH-@-ext	PTMA	SRR19762310
SBNO2	DAZAP1	SRR19762310
RP11-367G6.3	FAM65B	SRR19762656
RP6-206I17.1	RP11-403I13.8	SRR19762656
LEPR	LEPROT	SRR19762656
BSG	RNF126	SRR19762656
RP11-155G15.2	RP11-1E3.1	SRR19762656
TIMM23	PARGP1	SRR19762656
IGH-@-ext	MT-RNR2	SRR19762656
AC005062.2	MACC1	SRR19762656
IGLVI-70	IGL@-ext	SRR19762656
SET	FNBP1	SRR19762510
RP11-662M24.2	RIMBP2	SRR19762510
BOLA2B	RP11-345J4.8	SRR19762510
HMGN2	PTMA	SRR19762510
LEPR	LEPROT	SRR19762510
TIMM23	RP11-574K11.29	SRR19762510
PTMA	ACTB	SRR19762510
TIMM23	AGAP6	SRR19762510
CYTH1	USP36	SRR19762510
RP11-155G15.2	RP11-1E3.1	SRR19762510
C15orf57	CBX3	SRR19762510
RP11-367G6.3	FAM65B	SRR19762510
KLHL3	RP11-381K20.2	SRR19762510
KLF16	OAZ1	SRR19762510
TIMM23	PARGP1	SRR19762510
KIF2A	IPO11	SRR19762510
RP11-96H19.1	RP11-446N19.1	SRR19762510
PFKFB3	RP11-563J2.2	SRR19762510
IGH-@-ext	MT-ND4	SRR19762510
OAZ1	ACTB	SRR19762510
PTMA	ACTB	SRR19762510
AC024084.1	AC009784.3	SRR19762510
USP12	HMGB1	SRR19762245
IGL-@-ext	MT-ND4	SRR19762245
TPM4	KLF2	SRR19762245
KANSL1	ARL17A	SRR19762245
PFKFB3	RP11-563J2.2	SRR19762245
LEPR	LEPROT	SRR19762245
KLHL36	USP10	SRR19762245
SETD1A	FUS	SRR19762245
NUTM2A-AS1	MINPP1	SRR19762245
TIMM23	PARGP1	SRR19762245
PTMA	ACTB	SRR19762245
IGH-@-ext	MT-RNR2	SRR19762245
RNF126	PTBP1	SRR19762245
EIF5A	EIF4A1	SRR19762245
RAB2A	KCNS2	SRR19762927
SIK1	ACTB	SRR19762927
USP22	RN7SL2	SRR19762927
B2M	ANP32A	SRR19762927
RP11-367G6.3	FAM65B	SRR19762927
KANSL1	ARL17A	SRR19762927
DOT1L	OAZ1	SRR19762927
TPM4	ACTB	SRR19762927
LEPR	LEPROT	SRR19762927
DHRS4-AS1	NRL	SRR19762927
KLF16	OAZ1	SRR19762927
TIMM23	PARGP1	SRR19762927
PTMA	ACTB	SRR19762927
C5orf56	RAD50	SRR19762927
ACTB	FSCN1	SRR19762265
RP11-367G6.3	FAM65B	SRR19762265
DOT1L	OAZ1	SRR19762265
PFKFB3	RP11-563J2.2	SRR19762265
KLHL36	USP10	SRR19762265
TIMM23	PARGP1	SRR19762265
PTMA	ACTB	SRR19762265
VTI1A	RP11-57H14.3	SRR19762265
TIMM23	RP11-574K11.29	SRR19762265
IGH-@-ext	PTMA	SRR19762265
PTMA	PPARGC1B	SRR19762348
LINC00623	RP11-403I13.8	SRR19762348
RP11-367G6.3	FAM65B	SRR19762348
RP11-96H19.1	RP11-446N19.1	SRR19762348
SBNO2	KLF16	SRR19762348
LEPR	LEPROT	SRR19762348
B2M	AC013394.2	SRR19762348
TIMM23	PARGP1	SRR19762348
POLE	ANKLE2	SRR19762348
ITM2C	PTMA	SRR19762348
ANP32A	PTMA	SRR19762348
TIMM23	RP11-574K11.29	SRR19762348
IGLVI-70	IGL@-ext	SRR19762348
YWHAE	CRK	SRR19762242
BOLA2B	RP11-345J4.8	SRR19762242
RP11-367G6.3	FAM65B	SRR19762242
KANSL1	ARL17A	SRR19762242
PFKFB3	RP11-563J2.2	SRR19762242
LEPR	LEPROT	SRR19762242
RP11-155G15.2	RP11-1E3.1	SRR19762242
BSG	RNF126	SRR19762242
TIMM23	PARGP1	SRR19762242
EEF2	MT-ATP6	SRR19762242
HMGN2	PTMA	SRR19762500
LEPR	LEPROT	SRR19762500
PTBP1	OAZ1	SRR19762500
POLE	ANKLE2	SRR19762500
TIMM23	RP11-574K11.29	SRR19762500
RP11-1E3.1	RP11-455B3.1	SRR19762500
YWHAE	CRK	SRR19762500
RP11-155G15.2	RP11-1E3.1	SRR19762500
RP11-367G6.3	FAM65B	SRR19762500
BOLA2B	RP11-347C12.2	SRR19762500
CARKD	ING1	SRR19762500
KLF16	OAZ1	SRR19762500
TIMM23	PARGP1	SRR19762500
RP11-313P13.3	CCDC146	SRR19762500
POLE	FUS	SRR19762500
RP11-96H19.1	RP11-446N19.1	SRR19762500
PFKFB3	RP11-563J2.2	SRR19762500
BSG	PTBP1	SRR19762500
EIF5A	EIF4A1	SRR19762500
PTP4A1	SYNCRIP	SRR19762440
EIF4A1	IRF4	SRR19762440
DDX5	HNRNPH1	SRR19762440
DOT1L	OAZ1	SRR19762440
LEPR	LEPROT	SRR19762440
AKAP13	TRIM60	SRR19762440
CTA-714B7.5	RP1-272J12.1	SRR19762440
OAZ1	SGTA	SRR19762440
RP11-155G15.2	RP11-1E3.1	SRR19762440
NCOR2	UBC	SRR19762440
HMGN2	SET	SRR19762440
MYH9	RAC2	SRR19762440
NPM1	SET	SRR19762440
RP11-367G6.3	FAM65B	SRR19762440
VEGFA	TMEM63B	SRR19762440
KLF16	OAZ1	SRR19762440
TIMM23	PARGP1	SRR19762440
RP11-120D5.1	MID1	SRR19762440
USP12	HMGB1	SRR19762440
OAZ1	IRF4	SRR19762440
SETD1A	FUS	SRR19762440
HLA-S	HLA-A	SRR19762440
YWHAE	DDX5	SRR19762440
ACTB	FSCN1	SRR19762558
ACTB	RNF216	SRR19762558
RP11-367G6.3	FAM65B	SRR19762558
BOLA2B	RP11-347C12.2	SRR19762558
PFKFB3	RP11-563J2.2	SRR19762558
EEF1DP3	FRY	SRR19762558
SEPT7P2	PSPH	SRR19762558
RP11-745L13.2	RPL7AP28	SRR19762558
KLF16	OAZ1	SRR19762558
NCOR2	UBC	SRR19762558
TIMM23	PARGP1	SRR19762558
RP11-206L10.1	SEPT14	SRR19762558
EIF5A	EIF4A1	SRR19762558
LINC00623	RP11-403I13.8	SRR19762304
RP11-367G6.3	FAM65B	SRR19762304
BOLA2B	RP11-345J4.8	SRR19762304
SRSF1	DDX5	SRR19762304
NRIP1	AF127936.7	SRR19762304
LEPR	LEPROT	SRR19762304
BSG	RNF126	SRR19762304
BSG	PTBP1	SRR19762304
KLF16	OAZ1	SRR19762304
TIMM23	PARGP1	SRR19762304
C15orf57	CBX3	SRR19762304
PI4KA	HIC2	SRR19762304
TIMM23	RP11-574K11.29	SRR19762304
SOCS5	AC016722.2	SRR19762304
LINC00623	RP11-403I13.8	SRR19762744
RP11-367G6.3	FAM65B	SRR19762744
LEPR	LEPROT	SRR19762744
OAZ1	PTMA	SRR19762744
NCOR2	UBC	SRR19762744
TIMM23	PARGP1	SRR19762744
RP11-662M24.2	RIMBP2	SRR19762297
DOT1L	OAZ1	SRR19762297
LEPR	LEPROT	SRR19762297
OAZ1	PTMA	SRR19762297
POLE	ANKLE2	SRR19762297
AC005062.2	MACC1	SRR19762297
ZEB1	HNRNPF	SRR19762297
PLEKHO1	ANP32E	SRR19762297
CALM2	PTMA	SRR19762297
AKAP13	TRIM60	SRR19762297
WDR37	RP11-662B19.2	SRR19762297
SRSF1	DDX5	SRR19762297
TPM4	KLF2	SRR19762297
UBE2E2	UBE2E1	SRR19762297
EIF5A	EIF4A1	SRR19762297
RP11-155G15.2	RP11-1E3.1	SRR19762297
IGKV2-29	AC096579.7	SRR19762297
EEF1A1	SYNCRIP	SRR19762297
RP11-367G6.3	FAM65B	SRR19762297
COTL1	KLHL36	SRR19762297
TIMM23	PARGP1	SRR19762297
B2M	IRF4	SRR19762297
PTMA	SAMD10	SRR19762297
ALDOA	FUS	SRR19762297
EIF5A	EIF4A1	SRR19762297
EIF4A1	PTMA	SRR19762297
SET	FNBP1	SRR19762915
DDX5	HNRNPH1	SRR19762915
IRF4	ACTB	SRR19762915
LEPR	LEPROT	SRR19762915
C5orf56	RAD50	SRR19762915
TIMM23	RP11-574K11.29	SRR19762915
SRSF1	DDX5	SRR19762915
EEF1DP3	FRY	SRR19762915
RPL18A	PTMA	SRR19762915
RP11-367G6.3	FAM65B	SRR19762915
NRIP1	AF127936.7	SRR19762915
KLF16	OAZ1	SRR19762915
TIMM23	PARGP1	SRR19762915
EIF4A1	ACTB	SRR19762915
ACTB	FSCN1	SRR19762915
PFKFB3	RP11-563J2.2	SRR19762915
OAZ1	MSL3	SRR19762915
RP11-316P17.2	RP5-1050E16.2	SRR19762915
PTMA	ACTB	SRR19762915
EIF5A	EIF4A1	SRR19762915
EIF4A1	PTMA	SRR19762915
RP11-33B1.1	PSPH	SRR19762939
PFKFB3	RP11-563J2.2	SRR19762939
LEPR	LEPROT	SRR19762939
KLHL36	USP10	SRR19762939
OAZ1	PTMA	SRR19762939
HLA-S	HLA-A	SRR19762939
TIMM23	PARGP1	SRR19762939
RP11-662M24.2	RIMBP2	SRR19762202
NCL	PTMA	SRR19762202
RP6-206I17.1	RP11-403I13.8	SRR19762202
TIMM23	PARGP1	SRR19762202
RAB2A	KCNS2	SRR19762680
RP11-662M24.2	RIMBP2	SRR19762680
RP11-367G6.3	FAM65B	SRR19762680
RP11-96H19.1	RP11-446N19.1	SRR19762680
PTMA	IRF4	SRR19762680
RMND5A	ANAPC1	SRR19762680
LEPR	LEPROT	SRR19762680
EEF1DP3	FRY	SRR19762680
BCKDHB	RP11-250B2.3	SRR19762680
KLF16	OAZ1	SRR19762680
TIMM23	PARGP1	SRR19762680
POLE	ANKLE2	SRR19762680
SEPT14	FBXO25	SRR19762680
ATP6V0D1	AGRP	SRR19762680
TIMM23	RP11-574K11.29	SRR19762680
ZEB1	HNRNPF	SRR19762210
IGH-@-ext	HLA-B	SRR19762210
RP11-367G6.3	FAM65B	SRR19762210
SETD1A	FUS	SRR19762210
TIMM23	PARGP1	SRR19762210
IGKV2-29	AC096579.7	SRR19762210
TIMM23	RP11-574K11.29	SRR19762210
EIF5A	EIF4A1	SRR19762210
RAB2A	KCNS2	SRR19762641
REXO1	KLF16	SRR19762641
RP11-367G6.3	FAM65B	SRR19762641
RP11-353N4.6	RP11-403I13.8	SRR19762641
NRIP1	AF127936.7	SRR19762641
LEPR	LEPROT	SRR19762641
KLHL36	USP10	SRR19762641
TIMM23	PARGP1	SRR19762641
EEF2	MT-ATP6	SRR19762641
PLXNB2	SCO2	SRR19762641
BOLA2B	RP11-345J4.8	SRR19762195
DOT1L	OAZ1	SRR19762195
LEPR	LEPROT	SRR19762195
SPON2	CTBP1	SRR19762195
IGL-@-ext	MT-CO1	SRR19762195
OAZ1	PTMA	SRR19762195
RCC1	IGH@-ext	SRR19762195
TIMM23	RP11-574K11.29	SRR19762195
IGH-@-ext	PTMA	SRR19762195
AC005062.2	MACC1	SRR19762195
IGL-@-ext	IL2RG	SRR19762195
AP3S1	AQPEP	SRR19762195
OAZ1	SGTA	SRR19762195
IRF4	EEF1A1P5	SRR19762195
C15orf57	CBX3	SRR19762195
IGL-@-ext	PRDX1	SRR19762195
IGH-@-ext	HLA-B	SRR19762195
IGL-@-ext	MT-ND4	SRR19762195
IGH@-ext	MT-CO1	SRR19762195
RP11-367G6.3	FAM65B	SRR19762195
NRIP1	AF127936.7	SRR19762195
RP6-206I17.1	RP11-403I13.8	SRR19762195
KLF16	OAZ1	SRR19762195
TIMM23	PARGP1	SRR19762195
IGL-@-ext	MT-CO3	SRR19762195
KLF10	AZIN1	SRR19762195
RP11-96H19.1	RP11-446N19.1	SRR19762195
KANSL1	ARL17B	SRR19762527
RAB2A	KCNS2	SRR19762527
RP11-662M24.2	RIMBP2	SRR19762527
LINC00623	RP11-403I13.8	SRR19762527
RP11-367G6.3	FAM65B	SRR19762527
NRIP1	AF127936.7	SRR19762527
BOLA2B	RP11-347C12.2	SRR19762527
ATAT1	C6orf136	SRR19762527
RP11-96H19.1	RP11-446N19.1	SRR19762527
ENO1	RCC1	SRR19762527
PFKFB3	RP11-563J2.2	SRR19762527
LEPR	LEPROT	SRR19762527
TPM4	PTMA	SRR19762527
RP11-155G15.2	RP11-1E3.1	SRR19762527
KLF16	OAZ1	SRR19762527
NCOR2	UBC	SRR19762527
TIMM23	PARGP1	SRR19762527
TIMM23	RP11-574K11.29	SRR19762527
RP11-662M24.2	RIMBP2	SRR19762604
RP11-367G6.3	FAM65B	SRR19762604
PFKFB3	RP11-563J2.2	SRR19762604
LEPR	LEPROT	SRR19762604
KLF16	OAZ1	SRR19762604
TIMM23	PARGP1	SRR19762604
GPHN	MPP5	SRR19762604
EIF5A	EIF4A1	SRR19762604
B2M	LIMD2	SRR19762199
POLE	FUS	SRR19762199
AKAP13	TRIM60	SRR19762199
TNFSF9	RN7SL2	SRR19762199
RP11-367G6.3	FAM65B	SRR19762199
TIMM23B	PARGP1	SRR19762199
PFKFB3	RP11-563J2.2	SRR19762199
LEPR	LEPROT	SRR19762199
AC034193.5	TMCC1-AS1	SRR19762199
SEPT7P2	PSPH	SRR19762199
RAB38	CTSC	SRR19762199
VTI1A	RP11-57H14.3	SRR19762199
TNFRSF13B	ATF4	SRR19762199
SET	FNBP1	SRR19762201
NFATC1	PQLC1	SRR19762201
LEPR	LEPROT	SRR19762201
FUS	DDX5	SRR19762201
IGL-@-ext	MT-CO1	SRR19762201
POLE	ANKLE2	SRR19762201
RNF126	PTBP1	SRR19762201
IGH-@-ext	PTMA	SRR19762201
AC005062.2	MACC1	SRR19762201
IGH-@-ext	MT-ATP8	SRR19762201
RNF126	SBNO2	SRR19762201
SRSF1	DDX5	SRR19762201
BCKDHB	RP11-250B2.3	SRR19762201
RP11-367G6.3	FAM65B	SRR19762201
RP6-206I17.1	RP11-403I13.8	SRR19762201
DDX5	PTMA	SRR19762201
PPARGC1B	IRF4	SRR19762201
KLF16	OAZ1	SRR19762201
TIMM23	PARGP1	SRR19762201
IGH-@-ext	MT-RNR2	SRR19762201
VTI1A	RP11-57H14.3	SRR19762201
B2M	IRF4	SRR19762201
PTMA	IRF4	SRR19762201
HLA-S	HLA-A	SRR19762201
EIF5A	EIF4A1	SRR19762201
OAZ1	RAC2	SRR19762710
SLC5A3	AP000318.2	SRR19762710
LEPR	LEPROT	SRR19762710
POLE	ANKLE2	SRR19762710
TIMM23	RP11-574K11.29	SRR19762710
AC005062.2	MACC1	SRR19762710
TPM4	KLF2	SRR19762710
IGH-@-ext	RPS24	SRR19762710
RP11-367G6.3	FAM65B	SRR19762710
BOLA2B	RP11-347C12.2	SRR19762710
RP6-206I17.1	RP11-403I13.8	SRR19762710
RP13-188A5.1	KLF8	SRR19762710
BSG	RNF126	SRR19762710
KLF16	OAZ1	SRR19762710
TIMM23	PARGP1	SRR19762710
SLC7A5	SMG1P1	SRR19762710
IGH@-ext	MT-ND4	SRR19762710
ACTB	FSCN1	SRR19762710
IGH@-ext	MT-RNR2	SRR19762710
PTMA	ACTB	SRR19762710
EIF5A	EIF4A1	SRR19762710
EIF4A1	PTMA	SRR19762710
IGH@-ext	MT-ATP6	SRR19762578
USP12	HMGB1	SRR19762578
HNRNPUL1	LIPE-AS1	SRR19762578
PTP4A1	SYNCRIP	SRR19762578
RP11-367G6.3	FAM65B	SRR19762578
PFKFB3	RP11-563J2.2	SRR19762578
LEPR	LEPROT	SRR19762578
PDCD4	IGH@-ext	SRR19762578
OAZ1	PTMA	SRR19762578
MIR155HG	JAM2	SRR19762578
KLF16	OAZ1	SRR19762578
TIMM23	PARGP1	SRR19762578
RP11-316P17.2	RP5-1050E16.2	SRR19762578
IGH-@-ext	MT-RNR2	SRR19762578
TIMM23	RP11-574K11.29	SRR19762578
EIF5A	EIF4A1	SRR19762578
NUDT3	RPS10	SRR19762578
RP11-1E3.1	RP11-455B3.1	SRR19762756
SIK1	ACTB	SRR19762756
RP11-96H19.1	RP11-446N19.1	SRR19762756
GPX4	ACTB	SRR19762756
RP11-155G15.2	RP11-1E3.1	SRR19762756
IGH@-ext	EEF1A1	SRR19762756
TIMM23	PARGP1	SRR19762756
ELL	PTP4A3	SRR19762756
B3GNT2	EHBP1	SRR19762756
PIM3	SCO2	SRR19762756
AC005062.2	MACC1	SRR19762756
ZEB1	HNRNPF	SRR19762445
AKAP13	TRIM60	SRR19762445
RP11-367G6.3	FAM65B	SRR19762445
LEPR	LEPROT	SRR19762445
SEPT7P2	PSPH	SRR19762445
NUTM2A-AS1	MINPP1	SRR19762445
TIMM23	PARGP1	SRR19762445
C15orf57	CBX3	SRR19762445
PTMA	SIK1	SRR19762445
TIMM23	RP11-574K11.29	SRR19762445
EIF5A	EIF4A1	SRR19762445
PIM3	SCO2	SRR19762445
AC005062.2	MACC1	SRR19762445
RP11-367G6.3	FAM65B	SRR19762612
TIMM23	RP11-574K11.29	SRR19762612
TIMM23	PARGP1	SRR19762612
LEPR	LEPROT	SRR19762612
ACTB	FSCN1	SRR19762554
RP11-662M24.2	RIMBP2	SRR19762554
RP11-367G6.3	FAM65B	SRR19762554
SPAST	SLC30A6	SRR19762554
KANSL1	ARL17A	SRR19762554
PFKFB3	RP11-563J2.2	SRR19762554
LEPR	LEPROT	SRR19762554
KLF16	OAZ1	SRR19762554
RAB38	CTSC	SRR19762554
TIMM23	PARGP1	SRR19762554
TIMM23	RP11-574K11.29	SRR19762554
USP12	SET	SRR19762597
RP11-367G6.3	FAM65B	SRR19762597
SRSF1	DDX5	SRR19762597
PFKFB3	RP11-563J2.2	SRR19762597
LEPR	LEPROT	SRR19762597
LIMD2	OAZ1	SRR19762597
GAS6	IGH@-ext	SRR19762597
KLF16	OAZ1	SRR19762597
TIMM23	PARGP1	SRR19762597
PTMA	ACTB	SRR19762597
DAZAP1	OAZ1	SRR19762597
TIMM23	RP11-574K11.29	SRR19762597
ACTB	SET	SRR19762597
IGLVI-70	IGL@-ext	SRR19762597
KANSL1	ARL17B	SRR19762504
RP11-367G6.3	FAM65B	SRR19762504
NRIP1	AF127936.7	SRR19762504
IGL-@-ext	RPL8	SRR19762504
RP11-96H19.1	RP11-446N19.1	SRR19762504
PFKFB3	RP11-563J2.2	SRR19762504
TRANK1	IGH@-ext	SRR19762504
RP6-206I17.1	RP11-403I13.8	SRR19762504
LEPR	LEPROT	SRR19762504
EEF1DP3	FRY	SRR19762504
IGH-@-ext	MT-ND4	SRR19762504
KLF16	OAZ1	SRR19762504
TIMM23	PARGP1	SRR19762504
C5orf56	RAD50	SRR19762504
DAZAP1	OAZ1	SRR19762504
IGLVI-70	IGL@-ext	SRR19762504
RPA3-AS1	GLCCI1	SRR19762844
RP11-367G6.3	FAM65B	SRR19762844
BOLA2B	RP11-347C12.2	SRR19762844
RP11-353N4.6	RP11-403I13.8	SRR19762844
IGH-@-ext	C5orf52	SRR19762844
LEPR	LEPROT	SRR19762844
VEGFA	TMEM63B	SRR19762844
KLF16	OAZ1	SRR19762844
TIMM23	PARGP1	SRR19762844
IGLVI-70	IGL@-ext	SRR19762844
OAZ1	RAC2	SRR19762183
RP11-367G6.3	FAM65B	SRR19762183
PFKFB3	RP11-563J2.2	SRR19762183
RP6-206I17.1	RP11-403I13.8	SRR19762183
RNF168	MORF4L1P1	SRR19762183
LEPR	LEPROT	SRR19762183
KLF16	OAZ1	SRR19762183
TIMM23	PARGP1	SRR19762183
EIF5A	EIF4A1	SRR19762183
AC005062.2	MACC1	SRR19762183
AKAP13	TRIM60	SRR19762804
RP11-367G6.3	FAM65B	SRR19762804
RP6-206I17.1	RP11-403I13.8	SRR19762804
RNF126	OAZ1	SRR19762804
POLE	ANKLE2	SRR19762804
TIMM23	PARGP1	SRR19762804
PTMA	ACTB	SRR19762804
AGRN	EIF4A1	SRR19762804
EIF4A1	PTMA	SRR19762804
PTMA	ACTB	SRR19762804
SET	FNBP1	SRR19762638
BSG	RNF126	SRR19762638
IGH-@-ext	FUS	SRR19762638
DOT1L	OAZ1	SRR19762638
LEPR	LEPROT	SRR19762638
DDX5	SET	SRR19762638
TIMM23	RP11-574K11.29	SRR19762638
CYTH1	USP36	SRR19762638
ZEB1	HNRNPF	SRR19762638
NCOR2	UBC	SRR19762638
RP11-367G6.3	FAM65B	SRR19762638
RP6-206I17.1	RP11-403I13.8	SRR19762638
CARKD	ING1	SRR19762638
BSG	RNF126	SRR19762638
KLF16	OAZ1	SRR19762638
TIMM23	PARGP1	SRR19762638
RP11-96H19.1	RP11-446N19.1	SRR19762638
PFKFB3	RP11-563J2.2	SRR19762638
LIMD2	OAZ1	SRR19762638
BSG	PTBP1	SRR19762638
EIF5A	EIF4A1	SRR19762638
RAB2A	KCNS2	SRR19762662
LINC00623	RP11-403I13.8	SRR19762662
BMI1	ZEB1	SRR19762662
RP11-367G6.3	FAM65B	SRR19762662
RP11-96H19.1	RP11-446N19.1	SRR19762662
LEPR	LEPROT	SRR19762662
YWHAE	PITPNA	SRR19762662
RP11-155G15.2	RP11-1E3.1	SRR19762662
KLF16	OAZ1	SRR19762662
TIMM23	PARGP1	SRR19762662
WASH3P	AC131097.3	SRR19762662
TIMM23	RP11-574K11.29	SRR19762662
PLXNB2	SCO2	SRR19762662
CYTH1	USP36	SRR19762662
OAZ1	RAC2	SRR19762784
PTP4A1	SYNCRIP	SRR19762784
LEPR	LEPROT	SRR19762784
TIMM23	RP11-574K11.29	SRR19762784
B3GNT2	EHBP1	SRR19762784
AKAP13	TRIM60	SRR19762784
BCKDHB	RP11-250B2.3	SRR19762784
RP11-155G15.2	RP11-1E3.1	SRR19762784
SREBF2	SET	SRR19762784
ZC3H3	EEF1D	SRR19762784
CTC-786C10.1	RP11-680G10.1	SRR19762784
RP11-367G6.3	FAM65B	SRR19762784
NRIP1	AF127936.7	SRR19762784
RP6-206I17.1	RP11-403I13.8	SRR19762784
KLF16	OAZ1	SRR19762784
TIMM23	PARGP1	SRR19762784
B2M	IRF4	SRR19762784
USP12	HMGB1	SRR19762784
RPA3-AS1	GLCCI1	SRR19762784
OAZ1	IRF4	SRR19762784
KLHL36	USP10	SRR19762784
BSG	PTBP1	SRR19762784
HLA-S	HLA-A	SRR19762784
CSNK1G2	OAZ1	SRR19762784
EIF5A	EIF4A1	SRR19762784
RAB2A	KCNS2	SRR19762505
BOLA2B	RP11-345J4.8	SRR19762505
LEPR	LEPROT	SRR19762505
POLE	ANKLE2	SRR19762505
ACTB	RNF216	SRR19762505
YWHAE	CRK	SRR19762505
AKAP13	TRIM60	SRR19762505
DEF8	KDM6B	SRR19762505
DGKZ	CHRM4	SRR19762505
RP11-155G15.2	RP11-1E3.1	SRR19762505
ACTB	MKLN1-AS1	SRR19762505
ACTB	BOP1	SRR19762505
RP11-367G6.3	FAM65B	SRR19762505
TIMM23	PARGP1	SRR19762505
NUTM2A-AS1	MINPP1	SRR19762505
ACTB	FSCN1	SRR19762505
RP11-96H19.1	RP11-446N19.1	SRR19762505
PTMA	ACTB	SRR19762505
EIF5A	EIF4A1	SRR19762505
PTMA	PPARGC1B	SRR19762380
DOT1L	OAZ1	SRR19762380
LEPR	LEPROT	SRR19762380
B2M	AC013394.2	SRR19762380
TIMM23	RP11-175I17.2	SRR19762380
AC005062.2	MACC1	SRR19762380
YWHAE	CRK	SRR19762380
IGH@-ext	MT-CO3	SRR19762380
SRSF1	DDX5	SRR19762380
EIF4A1	DDX5	SRR19762380
RP11-155G15.2	RP11-1E3.1	SRR19762380
RP11-367G6.3	FAM65B	SRR19762380
PFKFB3	RP11-563J2.2	SRR19762380
IGH-@-ext	MT-ND4	SRR19762380
OAZ1	ACTB	SRR19762380
IGH@-ext	MT-RNR2	SRR19762380
HLA-S	HLA-A	SRR19762380
PTMA	ACTB	SRR19762380
COPS5	IGH-@-ext	SRR19762380
IGL-@-ext	RPL13A	SRR19762380
EIF5A	EIF4A1	SRR19762380
RP11-662M24.2	RIMBP2	SRR19762640
RP11-367G6.3	FAM65B	SRR19762640
SEPT7P2	PSPH	SRR19762640
RP11-155G15.2	RP11-1E3.1	SRR19762640
TIMM23	PARGP1	SRR19762640
EIF5A	EIF4A1	SRR19762640
SOCS5	AC016722.2	SRR19762640
RP11-367G6.3	FAM65B	SRR19762700
LEPR	LEPROT	SRR19762700
RP11-155G15.2	RP11-1E3.1	SRR19762700
KLF16	OAZ1	SRR19762700
TIMM23	PARGP1	SRR19762700
POLE	ANKLE2	SRR19762700
RP11-367G6.3	FAM65B	SRR19762628
KLHL3	RP11-381K20.2	SRR19762628
OAZ1	IRF4	SRR19762628
KLHL36	USP10	SRR19762628
LEPR	LEPROT	SRR19762628
OAZ1	PTMA	SRR19762628
NEK6	PSMB7	SRR19762628
KLF16	OAZ1	SRR19762628
TIMM23	PARGP1	SRR19762628
TIMM23	RP11-574K11.29	SRR19762628
ACTB	FSCN1	SRR19762537
RP11-367G6.3	FAM65B	SRR19762537
SRSF1	DDX5	SRR19762537
RP11-96H19.1	RP11-446N19.1	SRR19762537
TIMM23	LINC00843	SRR19762537
RP6-206I17.1	RP11-403I13.8	SRR19762537
LEPR	LEPROT	SRR19762537
EIF4A1	OAZ1	SRR19762537
RP11-155G15.2	RP11-1E3.1	SRR19762537
BSG	RNF126	SRR19762537
NCOR2	UBC	SRR19762537
TIMM23	PARGP1	SRR19762537
PTMA	ACTB	SRR19762537
KLF16	OAZ1	SRR19762537
SF1	CFL1	SRR19762537
ADAP1	ACTB	SRR19762537
RP11-367G6.3	FAM65B	SRR19762386
BOLA2B	RP11-345J4.8	SRR19762386
RP11-96H19.1	RP11-446N19.1	SRR19762386
DOT1L	OAZ1	SRR19762386
RP6-206I17.1	RP11-403I13.8	SRR19762386
LEPR	LEPROT	SRR19762386
SEPT7P2	PSPH	SRR19762386
TIMM23	PARGP1	SRR19762386
POLE	ANKLE2	SRR19762386
IGH-@-ext	RPL27	SRR19762386
EIF5A	EIF4A1	SRR19762386
RP11-662M24.2	RIMBP2	SRR19762371
RP11-367G6.3	FAM65B	SRR19762371
KLF16	CSNK1G2	SRR19762371
RP11-439L18.2	HIVEP2	SRR19762371
PFKFB3	RP11-563J2.2	SRR19762371
LEPR	LEPROT	SRR19762371
VEGFA	TMEM63B	SRR19762371
RAB38	CTSC	SRR19762371
PTP4A1	EEF1A1P5	SRR19762371
TIMM23	PARGP1	SRR19762371
CSNK1G2	OAZ1	SRR19762371
IGH-@-ext	MT-RNR2	SRR19762371
PI4KA	HIC2	SRR19762371
TIMM23	RP11-574K11.29	SRR19762371
IGH@-ext	MT-ATP6	SRR19762649
FUS	ACTB	SRR19762649
RP11-367G6.3	FAM65B	SRR19762649
RP11-96H19.1	RP11-446N19.1	SRR19762649
PTMA	IRF4	SRR19762649
PRCP	RAB30	SRR19762649
MAFK	ACTB	SRR19762649
LEPR	LEPROT	SRR19762649
RP11-468N14.10	IGL@-ext	SRR19762649
RP11-155G15.2	RP11-1E3.1	SRR19762649
TIMM23	PARGP1	SRR19762649
POLE	ANKLE2	SRR19762649
PTMA	ACTB	SRR19762649
EIF5A	EIF4A1	SRR19762649
PTMA	ACTB	SRR19762649
RAB2A	KCNS2	SRR19762460
RP11-367G6.3	FAM65B	SRR19762460
NRIP1	AF127936.7	SRR19762460
LEPR	LEPROT	SRR19762460
TIMM23	PARGP1	SRR19762460
POLE	ANKLE2	SRR19762460
TIMM23	RP11-574K11.29	SRR19762460
SET	FNBP1	SRR19762857
FASN	ACTB	SRR19762857
RPA3-AS1	GLCCI1	SRR19762857
RP11-367G6.3	FAM65B	SRR19762857
SRSF1	DDX5	SRR19762857
KANSL1	ARL17A	SRR19762857
MAFK	ACTB	SRR19762857
LEPR	LEPROT	SRR19762857
PPARGC1B	PTMAP5	SRR19762857
NCOR2	UBC	SRR19762857
TIMM23	PARGP1	SRR19762857
PTMA	ACTB	SRR19762857
POLE	ANKLE2	SRR19762857
GPR128	TFG	SRR19762857
EIF4A1	PTMA	SRR19762857
SOCS5	AC016722.2	SRR19762857
OAZ1	RAC2	SRR19762270
RP11-1E3.1	RP11-455B3.1	SRR19762270
TMX2	DARS	SRR19762270
BOLA2B	RP11-345J4.8	SRR19762270
PTMA	IRF4	SRR19762270
CTD-2337A12.1	CAST	SRR19762270
RP11-367G6.3	FAM65B	SRR19762270
RP11-1023L17.1	C1QTNF3	SRR19762270
LEPR	LEPROT	SRR19762270
OAZ1	PTMA	SRR19762270
DHX34	GLTSCR2	SRR19762270
RAB38	CTSC	SRR19762270
NCOR2	UBC	SRR19762270
TIMM23	PARGP1	SRR19762270
PTMA	SIK1	SRR19762270
PLXNB2	SCO2	SRR19762270
B3GNT2	EHBP1	SRR19762270
SOCS5	AC016722.2	SRR19762270
ACTB	FSCN1	SRR19762412
TCF3	OAZ1	SRR19762412
AKAP13	TRIM60	SRR19762412
RP11-367G6.3	FAM65B	SRR19762412
NOC4L	FBRSL1	SRR19762412
LRRC8B	LRRC8C	SRR19762412
AP3S1	AQPEP	SRR19762412
LEPR	LEPROT	SRR19762412
SEPT7P2	PSPH	SRR19762412
MTHFD1L	ZBTB2	SRR19762412
TIMM23	PARGP1	SRR19762412
MBP	PQLC1	SRR19762412
TIMM23	RP11-574K11.29	SRR19762412
ZEB1	HNRNPF	SRR19762897
RP11-367G6.3	FAM65B	SRR19762897
TPM4	KLF2	SRR19762897
PFKFB3	RP11-563J2.2	SRR19762897
KLHL36	USP10	SRR19762897
LEPR	LEPROT	SRR19762897
OAZ1	PTMA	SRR19762897
KLF16	OAZ1	SRR19762897
IGH@-ext	MT-ND2	SRR19762897
TIMM23	PARGP1	SRR19762897
EIF5A	EIF4A1	SRR19762897
EIF4A1	PTMA	SRR19762897
IGLVI-70	IGL@-ext	SRR19762897
LINC00623	RP11-403I13.8	SRR19762895
RP11-367G6.3	FAM65B	SRR19762895
RP11-96H19.1	RP11-446N19.1	SRR19762895
KANSL1	ARL17A	SRR19762895
PFKFB3	RP11-563J2.2	SRR19762895
LEPR	LEPROT	SRR19762895
OAZ1	PTMA	SRR19762895
TIMM23	PARGP1	SRR19762895
TIMM23	RP11-574K11.29	SRR19762895
EIF5A	EIF4A1	SRR19762895
AC005062.2	MACC1	SRR19762895
RUNX3	CCNE1	SRR19762848
B2M	PIM3	SRR19762848
HIATL1	RP11-307E17.8	SRR19762848
HMGN2	PTMA	SRR19762848
DOT1L	OAZ1	SRR19762848
ESCO1	TGOLN2	SRR19762848
DDX5	OAZ1	SRR19762848
LEPR	LEPROT	SRR19762848
OAZ1	PTMA	SRR19762848
TIMM23	RP11-574K11.29	SRR19762848
OAZ1	SGTA	SRR19762848
NCOR2	UBC	SRR19762848
ITM2C	PTMA	SRR19762848
RP11-367G6.3	FAM65B	SRR19762848
TIMM23	PARGP1	SRR19762848
SLC7A5	SMG1P1	SRR19762848
RP11-96H19.1	RP11-446N19.1	SRR19762848
PFKFB3	RP11-563J2.2	SRR19762848
RNF126	TMEM259	SRR19762848
HLA-S	HLA-A	SRR19762848
EIF5A	EIF4A1	SRR19762848
RP11-662M24.2	RIMBP2	SRR19762198
RP11-353N4.6	RP11-403I13.8	SRR19762198
LEPR	LEPROT	SRR19762198
WASH5P	AJ271736.10	SRR19762198
PTBP1	SBNO2	SRR19762198
SRSF1	DDX5	SRR19762198
TIMM23	LINC00843	SRR19762198
CD46	ENTPD4	SRR19762198
RP11-155G15.2	RP11-1E3.1	SRR19762198
TKTL1	FLNA	SRR19762198
RP11-33B1.1	PSPH	SRR19762198
RP11-367G6.3	FAM65B	SRR19762198
BSG	RNF126	SRR19762198
KLF16	OAZ1	SRR19762198
TIMM23	PARGP1	SRR19762198
NUTM2A-AS1	MINPP1	SRR19762198
EIF4A1	FASN	SRR19762198
OAZ1	IRF4	SRR19762198
KLHL36	USP10	SRR19762198
IGL-@-ext	EEF1A1	SRR19762198
RNF126	PTBP1	SRR19762198
EIF5A	EIF4A1	SRR19762198
OAZ1	SCO2	SRR19762198
RP11-33B1.1	PSPH	SRR19762184
RP11-367G6.3	FAM65B	SRR19762184
LEPR	LEPROT	SRR19762184
KLF16	OAZ1	SRR19762184
TIMM23	PARGP1	SRR19762184
TIMM23	RP11-574K11.29	SRR19762184
TBC1D3F	NPEPPS	SRR19762813
RAB38	CTSC	SRR19762813
CPSF6	PTMA	SRR19762813
TIMM23	RP11-574K11.29	SRR19762813
SEP15	HS2ST1	SRR19762813
MAFK	ACTB	SRR19762813
CTA-714B7.5	RP1-272J12.1	SRR19762813
RP11-155G15.2	RP11-1E3.1	SRR19762813
NCOR2	UBC	SRR19762813
RP11-367G6.3	FAM65B	SRR19762813
NRIP1	AF127936.7	SRR19762813
ATG4D	SLC5A5	SRR19762813
BSG	RNF126	SRR19762813
KLF16	OAZ1	SRR19762813
TIMM23	PARGP1	SRR19762813
SLC7A5	SMG1P1	SRR19762813
EEF1A1	ACTB	SRR19762813
EIF4A1	ACTB	SRR19762813
PFKFB3	RP11-563J2.2	SRR19762813
SETD1A	FUS	SRR19762813
EIF5A	EIF4A1	SRR19762813
TIMM23	AGAP6	SRR19762886
ACTB	FSCN1	SRR19762886
YWHAE	CRK	SRR19762886
AKAP13	TRIM60	SRR19762886
RP11-367G6.3	FAM65B	SRR19762886
NRIP1	AF127936.7	SRR19762886
PFKFB3	RP11-563J2.2	SRR19762886
DOT1L	OAZ1	SRR19762886
LEPR	LEPROT	SRR19762886
SEPT7P2	PSPH	SRR19762886
BSG	RNF126	SRR19762886
TIMM23	PARGP1	SRR19762886
TIMM23	RP11-574K11.29	SRR19762886
RPA3-AS1	GLCCI1	SRR19762626
RP11-367G6.3	FAM65B	SRR19762626
PFKFB3	RP11-563J2.2	SRR19762626
RP6-206I17.1	RP11-403I13.8	SRR19762626
RP11-155G15.2	RP11-1E3.1	SRR19762626
RAB38	CTSC	SRR19762626
KLF16	OAZ1	SRR19762626
TIMM23	PARGP1	SRR19762626
NCOR2	UBC	SRR19762626
VTI1A	RP11-57H14.3	SRR19762626
TIMM23	RP11-574K11.29	SRR19762626
NCL	PTMA	SRR19762667
IGKV2-18	AC096579.7	SRR19762667
RP11-367G6.3	FAM65B	SRR19762667
SRSF1	DDX5	SRR19762667
BOLA2B	RP11-347C12.2	SRR19762667
KANSL1	ARL17A	SRR19762667
RP11-96H19.1	RP11-446N19.1	SRR19762667
LEPR	LEPROT	SRR19762667
SETD1A	FUS	SRR19762667
OAZ1	PTMA	SRR19762667
TIMM23	PARGP1	SRR19762667
EIF5A	EIF4A1	SRR19762667
RP11-274B21.1	RP11-206L10.3	SRR19762667
DOT1L	OAZ1	SRR19762455
IGL-@-ext	RPS16	SRR19762455
LEPR	LEPROT	SRR19762455
OAZ1	PTMA	SRR19762455
SBNO1	SETD8	SRR19762455
PTP4A1	EEF1A1	SRR19762455
MAFK	ACTB	SRR19762455
SEPT7P2	PSPH	SRR19762455
RP11-155G15.2	RP11-1E3.1	SRR19762455
NCOR2	UBC	SRR19762455
C15orf57	CBX3	SRR19762455
RP11-367G6.3	FAM65B	SRR19762455
IGL-@-ext	RPL8	SRR19762455
FAM60A	DENND5B	SRR19762455
NRIP1	AF127936.7	SRR19762455
KLHL3	RP11-381K20.2	SRR19762455
DDX5	PTMA	SRR19762455
DDX5	EEF1A1	SRR19762455
IGL-@-ext	HLA-B	SRR19762455
TIMM23	PARGP1	SRR19762455
VTI1A	RP11-57H14.3	SRR19762455
B2M	IRF4	SRR19762455
EIF4A1	ACTB	SRR19762455
RCC1	UBE2D2	SRR19762455
RP11-96H19.1	RP11-446N19.1	SRR19762455
IGH-@-ext	MT-ND4	SRR19762455
OAZ1	ACTB	SRR19762455
HLA-S	HLA-A	SRR19762455
PTMA	ACTB	SRR19762455
EIF5A	EIF4A1	SRR19762455
RP11-662M24.2	RIMBP2	SRR19762674
RPA3-AS1	GLCCI1	SRR19762674
RP11-367G6.3	FAM65B	SRR19762674
NRIP1	AF127936.7	SRR19762674
DOT1L	OAZ1	SRR19762674
LEPR	LEPROT	SRR19762674
RP11-155G15.2	RP11-1E3.1	SRR19762674
RAB38	CTSC	SRR19762674
TIMM23	PARGP1	SRR19762674
TIMM23	RP11-574K11.29	SRR19762674
EIF5A	EIF4A1	SRR19762674
SYNCRIP	EEF1A1P5	SRR19762337
C1ORF220	RP5-1098D14.1	SRR19762337
LEPR	LEPROT	SRR19762337
OAZ1	PTMA	SRR19762337
PTBP1	OAZ1	SRR19762337
IGL-@-ext	HSP90AB1	SRR19762337
AC005062.2	MACC1	SRR19762337
YWHAE	CRK	SRR19762337
IGL-@-ext	MT-ATP8	SRR19762337
SRSF1	DDX5	SRR19762337
DDX5	HNRNPA2B1	SRR19762337
RP11-367G6.3	FAM65B	SRR19762337
FAM60A	DENND5B	SRR19762337
TIMM23	PARGP1	SRR19762337
EIF4A1	IGH@-ext	SRR19762337
RP11-638F5.1	IGH@-ext	SRR19762337
IGL-@-ext	HSP90B1	SRR19762337
RP11-96H19.1	RP11-446N19.1	SRR19762337
IGL-@-ext	MT-RNR2	SRR19762337
ZEB1	HNRNPF	SRR19762684
HNRNPK	SET	SRR19762684
RP11-367G6.3	FAM65B	SRR19762684
SRSF1	DDX5	SRR19762684
PFKFB3	RP11-563J2.2	SRR19762684
CPSF6	UBC	SRR19762684
DOT1L	OAZ1	SRR19762684
LEPR	LEPROT	SRR19762684
KLF16	OAZ1	SRR19762684
PTP4A1	EEF1A1P5	SRR19762684
HLA-S	HLA-A	SRR19762684
TIMM23	PARGP1	SRR19762684
B2M	IRF4	SRR19762684
NARS2	TENM4	SRR19762684
EIF5A	EIF4A1	SRR19762684
ACTB	RNF216	SRR19762712
RPA3-AS1	GLCCI1	SRR19762712
RP11-367G6.3	FAM65B	SRR19762712
SRSF1	DDX5	SRR19762712
PFKFB3	RP11-563J2.2	SRR19762712
RP6-206I17.1	RP11-403I13.8	SRR19762712
MAFK	ACTB	SRR19762712
LEPR	LEPROT	SRR19762712
KLHL36	USP10	SRR19762712
PTBP1	PTMA	SRR19762712
DDX5	PTMA	SRR19762712
KLF16	OAZ1	SRR19762712
TIMM23	PARGP1	SRR19762712
PTMA	ACTB	SRR19762712
POLE	ANKLE2	SRR19762712
TIMM23	RP11-574K11.29	SRR19762712
EIF5A	EIF4A1	SRR19762712
EIF4A1	PTMA	SRR19762712
PTMA	PPARGC1B	SRR19762735
BMI1	ZEB1	SRR19762735
C1ORF220	RP5-1098D14.1	SRR19762735
LEPR	LEPROT	SRR19762735
AKAP13	AC013394.2	SRR19762735
SUMO3	SLC19A1	SRR19762735
TIMM23	RP11-574K11.29	SRR19762735
AC005062.2	MACC1	SRR19762735
SRSF1	DDX5	SRR19762735
NR3C1	PPARGC1B	SRR19762735
RP11-155G15.2	RP11-1E3.1	SRR19762735
RP11-367G6.3	FAM65B	SRR19762735
NRIP1	AF127936.7	SRR19762735
BOLA2B	RP11-347C12.2	SRR19762735
KANSL1	ARL17A	SRR19762735
KLF16	OAZ1	SRR19762735
TIMM23	PARGP1	SRR19762735
HOMER2	BTBD1	SRR19762735
EIF4A1	PTMA	SRR19762735
IGH-@-ext	HLA-B	SRR19762732
SMG1	RP11-231C14.4	SRR19762732
RP11-367G6.3	FAM65B	SRR19762732
RP11-96H19.1	RP11-446N19.1	SRR19762732
RP6-206I17.1	RP11-403I13.8	SRR19762732
LEPR	LEPROT	SRR19762732
RP11-155G15.2	RP11-1E3.1	SRR19762732
RAB38	CTSC	SRR19762732
OAZ1	ACTB	SRR19762732
TIMM23	PARGP1	SRR19762732
C15orf57	CBX3	SRR19762732
IGH-@-ext	ANP32B	SRR19762732
EIF5A	EIF4A1	SRR19762732
PTMA	PPARGC1B	SRR19762845
BOLA2B	RP11-345J4.8	SRR19762845
IRF4	ACTB	SRR19762845
LEPR	LEPROT	SRR19762845
IGH-@-ext	RPL5	SRR19762845
IGH-@-ext	B2M	SRR19762845
C5orf56	RAD50	SRR19762845
TIMM23	RP11-574K11.29	SRR19762845
IGH-@-ext	PTMA	SRR19762845
IGL-@-ext	B2M	SRR19762845
MAFK	ACTB	SRR19762845
IGH-@-ext	PFN1	SRR19762845
IGH-@-ext	HLA-B	SRR19762845
RP11-367G6.3	FAM65B	SRR19762845
KANSL1	ARL17A	SRR19762845
RP6-206I17.1	RP11-403I13.8	SRR19762845
CARKD	ING1	SRR19762845
TIMM23	PARGP1	SRR19762845
EIF4A1	ACTB	SRR19762845
RP11-96H19.1	RP11-446N19.1	SRR19762845
IGH-@-ext	HNRNPA1	SRR19762845
PTMA	ACTB	SRR19762845
SEPT14	AC137934.1	SRR19762845
USP12	HMGB1	SRR19762444
AC007879.5	AC007879.2	SRR19762444
RP11-367G6.3	FAM65B	SRR19762444
HMGN2	PTMA	SRR19762444
TPM4	KLF2	SRR19762444
SRSF1	DDX5	SRR19762444
DOT1L	OAZ1	SRR19762444
SEPT7P2	PSPH	SRR19762444
RP11-155G15.2	RP11-1E3.1	SRR19762444
KLF16	OAZ1	SRR19762444
TIMM23	PARGP1	SRR19762444
PTMA	SIK1	SRR19762444
EIF5A	EIF4A1	SRR19762444
EIF4A1	PTMA	SRR19762444
IGH-@-ext	SPRY4	SRR19762663
NCL	PTMA	SRR19762663
BOLA2B	RP11-345J4.8	SRR19762663
RP11-367G6.3	FAM65B	SRR19762663
KANSL1	ARL17A	SRR19762663
LEPR	LEPROT	SRR19762663
KLF16	OAZ1	SRR19762663
HLA-S	HLA-A	SRR19762663
TIMM23	PARGP1	SRR19762663
PTMA	ACTB	SRR19762663
RP11-1E3.1	RP11-455B3.1	SRR19762647
PRKCH	RP11-47I22.3	SRR19762647
BOLA2B	RP11-345J4.8	SRR19762647
RP11-96H19.1	RP11-446N19.1	SRR19762647
RP11-367G6.3	FAM65B	SRR19762647
NRIP1	AF127936.7	SRR19762647
RP6-206I17.1	RP11-403I13.8	SRR19762647
RP11-155G15.2	RP11-1E3.1	SRR19762647
RP11-31F15.1	LRIG2	SRR19762647
RAB38	CTSC	SRR19762647
TIMM23	PARGP1	SRR19762647
LINC00158	AP000233.4	SRR19762647
TIMM23	RP11-574K11.29	SRR19762647
AC005062.2	MACC1	SRR19762647
RP11-662M24.2	RIMBP2	SRR19762522
RP11-367G6.3	FAM65B	SRR19762522
NRIP1	AF127936.7	SRR19762522
SRSF1	DDX5	SRR19762522
KANSL1	ARL17A	SRR19762522
PFKFB3	RP11-563J2.2	SRR19762522
RP6-206I17.1	RP11-403I13.8	SRR19762522
LEPR	LEPROT	SRR19762522
SEPT7P2	PSPH	SRR19762522
TIMM23	PARGP1	SRR19762522
HLA-S	HLA-A	SRR19762522
IGH-@-ext	RP11-13K12.1	SRR19762522
POLE	ANKLE2	SRR19762522
RP11-316P17.2	RP5-1050E16.2	SRR19762522
RP11-444D3.1	SOX5	SRR19762522
TBC1D3C	NPEPPS	SRR19762522
SET	FNBP1	SRR19762620
ARL6IP4	ACTB	SRR19762620
RP11-367G6.3	FAM65B	SRR19762620
IGL-@-ext	RPS16	SRR19762620
LEPR	LEPROT	SRR19762620
KLF16	OAZ1	SRR19762620
RAB38	CTSC	SRR19762620
TIMM23	PARGP1	SRR19762620
ZBTB2	ACTB	SRR19762620
PTMA	ACTB	SRR19762620
IGL-@-ext	RPL13A	SRR19762620
TIMM23	RP11-574K11.29	SRR19762620
EIF5A	EIF4A1	SRR19762620
LEPR	LEPROT	SRR19762346
TBC1D3C	NPEPPS	SRR19762346
TIMM23	RP11-574K11.29	SRR19762346
MT-ND6	RPL11	SRR19762346
CYTH1	USP36	SRR19762346
SRSF1	DDX5	SRR19762346
OAZ1	SGTA	SRR19762346
ZC3H3	EEF1D	SRR19762346
IGH-@-ext	HLA-B	SRR19762346
RP11-367G6.3	FAM65B	SRR19762346
VEGFA	TMEM63B	SRR19762346
CDKN1A	SET	SRR19762346
KLF16	OAZ1	SRR19762346
TIMM23	PARGP1	SRR19762346
SPTAN1	SET	SRR19762346
IGH-@-ext	MT-RNR2	SRR19762346
VTI1A	RP11-57H14.3	SRR19762346
PFKFB3	RP11-563J2.2	SRR19762346
SETD1A	FUS	SRR19762346
EIF5A	EIF4A1	SRR19762346
HMGN2	PTMA	SRR19762524
DOT1L	OAZ1	SRR19762524
LEPR	LEPROT	SRR19762524
OAZ1	PTMA	SRR19762524
POLE	ANKLE2	SRR19762524
SPN	QPRT	SRR19762524
EIF5A	EIF4A1	SRR19762524
SEPT7P2	PSPH	SRR19762524
MIR155HG	JAM2	SRR19762524
KANSL1	ARL17B	SRR19762524
RP11-367G6.3	FAM65B	SRR19762524
IRF4	IGH@-ext	SRR19762524
EHD4	DNMT3A	SRR19762524
NRIP1	AF127936.7	SRR19762524
RP6-206I17.1	RP11-403I13.8	SRR19762524
SETD8	PTMA	SRR19762524
BSG	RNF126	SRR19762524
KLF16	OAZ1	SRR19762524
OAZ1	FKBP8	SRR19762524
TIMM23	PARGP1	SRR19762524
RPA3-AS1	GLCCI1	SRR19762524
PFKFB3	RP11-563J2.2	SRR19762524
CSNK1G2	OAZ1	SRR19762524
IGH@-ext	MT-ND4L	SRR19762524
EIF4A1	PTMA	SRR19762524
ZEB1	HNRNPF	SRR19762919
RP11-381K20.2	NME5	SRR19762919
RP11-367G6.3	FAM65B	SRR19762919
NRIP1	AF127936.7	SRR19762919
PFKFB3	RP11-563J2.2	SRR19762919
LEPR	LEPROT	SRR19762919
KLF16	OAZ1	SRR19762919
TIMM23	PARGP1	SRR19762919
C15orf57	CBX3	SRR19762919
POLE	ANKLE2	SRR19762919
SLC7A5	SMG1P1	SRR19762919
DNAJC25	UGCG	SRR19762443
USP12	HMGB1	SRR19762443
RP11-367G6.3	FAM65B	SRR19762443
BOLA2B	RP11-347C12.2	SRR19762443
SRSF1	DDX5	SRR19762443
POM121C	ZP3	SRR19762443
LEPR	LEPROT	SRR19762443
SEPT7P2	PSPH	SRR19762443
RP11-155G15.2	RP11-1E3.1	SRR19762443
KLF16	OAZ1	SRR19762443
TIMM23	PARGP1	SRR19762443
TIMM23	RP11-574K11.29	SRR19762443
NUDT3	RPS10	SRR19762443
SOCS5	AC016722.2	SRR19762443
LEPR	LEPROT	SRR19762913
B2M	AC013394.2	SRR19762913
TIMM23	RP11-574K11.29	SRR19762913
AC005062.2	MACC1	SRR19762913
ZEB1	HNRNPF	SRR19762913
HMGN2	IRF4	SRR19762913
SUPT6H	RPS12P28	SRR19762913
RP11-155G15.2	RP11-1E3.1	SRR19762913
NCOR2	UBC	SRR19762913
IGKV2-29	AC096579.7	SRR19762913
RP11-367G6.3	FAM65B	SRR19762913
NSF	LRRC37A3	SRR19762913
FAM60A	DENND5B	SRR19762913
RAC2	SREBF2	SRR19762913
BSG	RNF126	SRR19762913
SF1	OAZ1	SRR19762913
TIMM23	PARGP1	SRR19762913
RP11-353N4.6	RP11-403I13.7	SRR19762913
EIF5A	EIF4A1	SRR19762913
WAC	ZEB1	SRR19762865
RP11-367G6.3	FAM65B	SRR19762865
HNRNPH1	SET	SRR19762865
NRIP1	AF127936.7	SRR19762865
DDX5	HNRNPH1	SRR19762865
UBC	NOC4L	SRR19762865
LEPR	LEPROT	SRR19762865
SETD1A	FUS	SRR19762865
DDX5	SET	SRR19762865
KLF16	OAZ1	SRR19762865
SREBF2	SET	SRR19762865
TIMM23	PARGP1	SRR19762865
NCOR2	UBC	SRR19762865
RAB38	CTSC	SRR19762865
B2M	IRF4	SRR19762865
NUTM2A-AS1	MINPP1	SRR19762865
ACTB	FSCN1	SRR19762725
RPA3-AS1	GLCCI1	SRR19762725
AKAP13	TRIM60	SRR19762725
RP11-367G6.3	FAM65B	SRR19762725
PFKFB3	RP11-563J2.2	SRR19762725
LEPR	LEPROT	SRR19762725
KLF16	OAZ1	SRR19762725
TIMM23	PARGP1	SRR19762725
PTMA	ACTB	SRR19762725
CSNK1G2	OAZ1	SRR19762725
PTMA	SIK1	SRR19762725
DAZAP1	OAZ1	SRR19762725
IGL-@-ext	FLOT2	SRR19762725
CYTH1	USP36	SRR19762725
POLE	FUS	SRR19762496
KANSL1	ARL17A	SRR19762496
RAC2	PIM3	SRR19762496
LEPR	LEPROT	SRR19762496
RP11-155G15.2	RP11-1E3.1	SRR19762496
KLF16	OAZ1	SRR19762496
TIMM23	PARGP1	SRR19762496
PTMA	ACTB	SRR19762496
GEMIN4	YWHAE	SRR19762496
HLA-S	HLA-A	SRR19762496
YWHAE	SET	SRR19762496
IGH-@-ext	PTMA	SRR19762496
KANSL1	ARL17B	SRR19762283
BOLA2B	RP11-345J4.8	SRR19762283
RP11-96H19.1	RP11-446N19.1	SRR19762283
RP11-367G6.3	FAM65B	SRR19762283
PFKFB3	RP11-563J2.2	SRR19762283
LEPR	LEPROT	SRR19762283
TIMM23	PARGP1	SRR19762283
C15orf57	CBX3	SRR19762283
IGH-@-ext	MT-RNR2	SRR19762283
ZC3H3	EEF1D	SRR19762283
DTX2P1	CCDC146	SRR19762283
IGLVI-70	IGL@-ext	SRR19762283
C1ORF220	RP5-1098D14.1	SRR19762480
IGL-@-ext	RPS16	SRR19762480
LEPR	LEPROT	SRR19762480
AC005062.2	MACC1	SRR19762480
IGH@-ext	MT-ATP6	SRR19762480
ACTB	RNF216	SRR19762480
FUS	ACTB	SRR19762480
SEPT7P2	PSPH	SRR19762480
RP11-155G15.2	RP11-1E3.1	SRR19762480
DNM2	IGH@-ext	SRR19762480
MIR4435-1HG	AC083899.3	SRR19762480
MT-CO3	IGL@-ext	SRR19762480
IGL-@-ext	RPL8	SRR19762480
AC096579.7	IGKV2-14	SRR19762480
IGL-@-ext	HLA-B	SRR19762480
KLF16	OAZ1	SRR19762480
TIMM23	PARGP1	SRR19762480
IGL-@-ext	HSP90B1	SRR19762480
LINC00623	RP11-403I13.8	SRR19762480
RP11-96H19.1	RP11-446N19.1	SRR19762480
PTMA	ACTB	SRR19762480
IGL-@-ext	RPL13A	SRR19762480
NCL	PTMA	SRR19762509
PRKCH	RP11-47I22.3	SRR19762509
RP11-367G6.3	FAM65B	SRR19762509
PTMA	IRF4	SRR19762509
KANSL1	ARL17A	SRR19762509
RP11-504P24.5	SEPT14	SRR19762509
LEPR	LEPROT	SRR19762509
BSG	RNF126	SRR19762509
TIMM23	PARGP1	SRR19762509
CSNK1G2	OAZ1	SRR19762509
TIMM23	RP11-574K11.29	SRR19762509
CTD-2012K14.6	ACTB	SRR19762415
SET	FNBP1	SRR19762415
ACTB	RNF216	SRR19762415
SIK1	ACTB	SRR19762415
RP11-367G6.3	FAM65B	SRR19762415
SRSF1	DDX5	SRR19762415
RP11-96H19.1	RP11-446N19.1	SRR19762415
KANSL1	ARL17A	SRR19762415
RP6-206I17.1	RP11-403I13.8	SRR19762415
OAZ1	ACTB	SRR19762415
TIMM23	PARGP1	SRR19762415
POLE	ANKLE2	SRR19762415
PTMA	ACTB	SRR19762415
TIMM23	RP11-574K11.29	SRR19762415
IGL-@-ext	MYO1E	SRR19762396
AKAP13	TRIM60	SRR19762396
RP11-367G6.3	FAM65B	SRR19762396
PFKFB3	RP11-563J2.2	SRR19762396
LEPR	LEPROT	SRR19762396
RP11-155G15.2	RP11-1E3.1	SRR19762396
TIMM23	PARGP1	SRR19762396
TIMM23	RP11-574K11.29	SRR19762396
AC005062.2	MACC1	SRR19762396
ACTB	RNF216	SRR19762486
LINC00623	RP11-403I13.8	SRR19762486
RP11-367G6.3	FAM65B	SRR19762486
DOT1L	OAZ1	SRR19762486
LEPR	LEPROT	SRR19762486
OAZ1	ACTB	SRR19762486
TIMM23	PARGP1	SRR19762486
ITM2C	PTMA	SRR19762486
TIMM23	RP11-574K11.29	SRR19762486
EIF5A	EIF4A1	SRR19762486
EIF4A1	PTMA	SRR19762486
IGH@-ext	MT-ATP6	SRR19762449
IGH-@-ext	RPSAP58	SRR19762449
RP11-96H19.1	RP11-446N19.1	SRR19762449
KANSL1	ARL17A	SRR19762449
C10orf137	BCCIP	SRR19762449
TPM4	ACTB	SRR19762449
LEPR	LEPROT	SRR19762449
MAFK	ACTB	SRR19762449
IGH@-ext	MT-CYB	SRR19762449
DNM2	IGH@-ext	SRR19762449
STRA8	IGH@-ext	SRR19762449
TIMM23	PARGP1	SRR19762449
NUTM2A-AS1	MINPP1	SRR19762449
IGH-@-ext	PTMA	SRR19762449
LINC00623	RP11-403I13.8	SRR19762211
RP11-367G6.3	FAM65B	SRR19762211
RP11-96H19.1	RP11-446N19.1	SRR19762211
IGH-@-ext	RPLP0	SRR19762211
LEPR	LEPROT	SRR19762211
SEPT7P2	PSPH	SRR19762211
KLF16	OAZ1	SRR19762211
TIMM23	PARGP1	SRR19762211
IGL-@-ext	RPL13A	SRR19762211
TIMM23	RP11-574K11.29	SRR19762211
OAZ1	RAC2	SRR19762873
PTP4A1	SYNCRIP	SRR19762873
DOT1L	OAZ1	SRR19762873
TPM4	PTMA	SRR19762873
LEPR	LEPROT	SRR19762873
B2M	AC013394.2	SRR19762873
POLE	ANKLE2	SRR19762873
PALM	PTBP1	SRR19762873
TIMM23	RP11-574K11.29	SRR19762873
DDX5	IRF4	SRR19762873
AC005062.2	MACC1	SRR19762873
WAC	ZEB1	SRR19762873
SRSF1	DDX5	SRR19762873
RPL23AP53	SEPT14	SRR19762873
USP22	RN7SL5P	SRR19762873
ARF1	PTMA	SRR19762873
NCOR2	UBC	SRR19762873
ZC3H3	EEF1D	SRR19762873
IGH-@-ext	MT-CO3	SRR19762873
RP11-367G6.3	FAM65B	SRR19762873
RP6-206I17.1	RP11-403I13.8	SRR19762873
P2RX5	FASN	SRR19762873
TIMM23	PARGP1	SRR19762873
IGH-@-ext	MT-RNR2	SRR19762873
VTI1A	RP11-57H14.3	SRR19762873
PFKFB3	RP11-563J2.2	SRR19762873
IGKV2-26	AC096579.7	SRR19762873
IGH-@-ext	MT-ND4	SRR19762873
EIF5A	EIF4A1	SRR19762873
RP11-367G6.3	FAM65B	SRR19762920
RP11-96H19.1	RP11-446N19.1	SRR19762920
RP6-206I17.1	RP11-403I13.8	SRR19762920
TIMM23	PARGP1	SRR19762920
BMS1	PARG	SRR19762920
PIM3	SCO2	SRR19762920
IGLVI-70	IGL@-ext	SRR19762920
YWHAE	CRK	SRR19762816
LINC00623	RP11-403I13.8	SRR19762816
RP11-662M24.2	RIMBP2	SRR19762816
AKAP13	TRIM60	SRR19762816
RP11-367G6.3	FAM65B	SRR19762816
RP11-96H19.1	RP11-446N19.1	SRR19762816
BOLA2B	RP11-347C12.2	SRR19762816
YWHAZ	ZNF706	SRR19762816
BSG	RNF126	SRR19762816
TIMM23	PARGP1	SRR19762816
DAZAP1	OAZ1	SRR19762816
EIF5A	EIF4A1	SRR19762816
ACTB	SET	SRR19762816
RP11-367G6.3	FAM65B	SRR19762904
SRSF1	DDX5	SRR19762904
TPM4	KLF2	SRR19762904
NRIP1	AF127936.7	SRR19762904
PFKFB3	RP11-563J2.2	SRR19762904
OAZ1	ZBTB7A	SRR19762904
LEPR	LEPROT	SRR19762904
RP11-426C22.5	SNX29P2	SRR19762904
BSG	RNF126	SRR19762904
KLF16	OAZ1	SRR19762904
TIMM23	PARGP1	SRR19762904
MIR155HG	JAM2	SRR19762904
RP11-120D5.1	MID1	SRR19762904
ACTB	FSCN1	SRR19762419
SET	FNBP1	SRR19762419
KDM5A	CPNE8	SRR19762419
AKAP13	TRIM60	SRR19762419
RPA3-AS1	GLCCI1	SRR19762419
RP11-367G6.3	FAM65B	SRR19762419
PTMA	IRF4	SRR19762419
RP11-96H19.1	RP11-446N19.1	SRR19762419
SRSF1	DDX5	SRR19762419
OAZ1	PTMA	SRR19762419
SIK1	IRF4	SRR19762419
TIMM23	PARGP1	SRR19762419
SLC7A5	SMG1P1	SRR19762419
IGH@-ext	KLC1	SRR19762419
ACTB	RNF216	SRR19762634
RP11-367G6.3	FAM65B	SRR19762634
PFKFB3	RP11-563J2.2	SRR19762634
MAFK	ACTB	SRR19762634
LEPR	LEPROT	SRR19762634
RP11-426C22.5	SNX29P2	SRR19762634
KLF16	OAZ1	SRR19762634
HPS1	KAT5	SRR19762634
TIMM23	PARGP1	SRR19762634
PTMA	ACTB	SRR19762634
RP11-316P17.2	RP5-1050E16.2	SRR19762634
VTI1A	RP11-57H14.3	SRR19762634
AC005062.2	MACC1	SRR19762634
CYTH1	USP36	SRR19762783
RP11-367G6.3	FAM65B	SRR19762783
BOLA2B	RP11-345J4.8	SRR19762783
SRSF1	DDX5	SRR19762783
KANSL1	ARL17A	SRR19762783
PFKFB3	RP11-563J2.2	SRR19762783
LEPR	LEPROT	SRR19762783
KLHL36	USP10	SRR19762783
SEPT7P2	PSPH	SRR19762783
RP11-155G15.2	RP11-1E3.1	SRR19762783
BSG	PTBP1	SRR19762783
HMGN2	SET	SRR19762783
TIMM23	PARGP1	SRR19762783
KLF16	OAZ1	SRR19762783
EIF5A	EIF4A1	SRR19762783
AC005062.2	MACC1	SRR19762783
YWHAE	CRK	SRR19762924
OAZ1	SET	SRR19762924
RP11-367G6.3	FAM65B	SRR19762924
SRSF1	DDX5	SRR19762924
RP11-96H19.1	RP11-446N19.1	SRR19762924
PFKFB3	RP11-563J2.2	SRR19762924
RP6-206I17.1	RP11-403I13.8	SRR19762924
LEPR	LEPROT	SRR19762924
EIF5A	EIF4A1	SRR19762924
EEF1DP3	FRY	SRR19762924
RAB38	CTSC	SRR19762924
NCOR2	UBC	SRR19762924
TIMM23	PARGP1	SRR19762924
KLF16	OAZ1	SRR19762924
MIR155HG	JAM2	SRR19762924
KANSL1	ARL17B	SRR19762421
RP11-662M24.2	RIMBP2	SRR19762421
RP11-367G6.3	FAM65B	SRR19762421
DOT1L	OAZ1	SRR19762421
PFKFB3	RP11-563J2.2	SRR19762421
LEPR	LEPROT	SRR19762421
RNF126	OAZ1	SRR19762421
RAB38	CTSC	SRR19762421
PTRH1	SH2D3C	SRR19762421
TIMM23	PARGP1	SRR19762421
IGH@-ext	MT-ATP8	SRR19762421
PTMA	ACTB	SRR19762421
C5orf56	RAD50	SRR19762421
EIF4A1	PTMA	SRR19762421
RP11-662M24.2	RIMBP2	SRR19762454
DOT1L	OAZ1	SRR19762454
LEPR	LEPROT	SRR19762454
RAB38	CTSC	SRR19762454
TIMM23	RP11-574K11.29	SRR19762454
TPM4	KLF2	SRR19762454
RP11-155G15.2	RP11-1E3.1	SRR19762454
SERPINB9	RIPK1	SRR19762454
RP11-367G6.3	FAM65B	SRR19762454
NRIP1	AF127936.7	SRR19762454
COTL1	KLHL36	SRR19762454
KANSL1	ARL17A	SRR19762454
KLF16	OAZ1	SRR19762454
TIMM23	PARGP1	SRR19762454
WDR34	IGH@-ext	SRR19762454
LINC00623	RP11-403I13.8	SRR19762454
RPA3-AS1	GLCCI1	SRR19762454
YAF2	RYBP	SRR19762454
RP11-96H19.1	RP11-446N19.1	SRR19762454
SLC26A11	SET	SRR19762454
EIF4A1	PTMA	SRR19762454
RP11-1E3.1	RP11-455B3.1	SRR19762275
LINC00623	RP11-403I13.8	SRR19762275
RP11-662M24.2	RIMBP2	SRR19762275
AKAP13	TRIM60	SRR19762275
RP11-96H19.1	RP11-446N19.1	SRR19762275
PTP4A1	EEF1A1	SRR19762275
LEPR	LEPROT	SRR19762275
RP11-155G15.2	RP11-1E3.1	SRR19762275
TIMM23	PARGP1	SRR19762275
ACTB	FSCN1	SRR19762268
BOLA2B	RP11-345J4.8	SRR19762268
RP11-367G6.3	FAM65B	SRR19762268
MAFK	ACTB	SRR19762268
SETD1A	FUS	SRR19762268
TIMM23	PARGP1	SRR19762268
PTMA	ACTB	SRR19762268
TIMM23	RP11-574K11.29	SRR19762268
EIF5A	EIF4A1	SRR19762268
ACTB	SET	SRR19762268
RPA3-AS1	GLCCI1	SRR19762479
PRKCH	RP11-47I22.3	SRR19762479
RP11-367G6.3	FAM65B	SRR19762479
TCF3	ACTB	SRR19762479
NRIP1	AF127936.7	SRR19762479
PFKFB3	RP11-563J2.2	SRR19762479
MAFK	ACTB	SRR19762479
LEPR	LEPROT	SRR19762479
RP11-155G15.2	RP11-1E3.1	SRR19762479
SAV1	GYPE	SRR19762479
TIMM23	PARGP1	SRR19762479
CTC-786C10.1	RP11-680G10.1	SRR19762479
TIMM23	RP11-574K11.29	SRR19762479
NUTM2A-AS1	MINPP1	SRR19762479
ACTB	FSCN1	SRR19762178
ZEB1	HNRNPF	SRR19762178
ACTB	RNF216	SRR19762178
IDI1	PMPCB	SRR19762178
BOLA2B	RP11-345J4.8	SRR19762178
RP11-367G6.3	FAM65B	SRR19762178
KLHL36	USP10	SRR19762178
LEPR	LEPROT	SRR19762178
B2M	SNRPA1	SRR19762178
OAZ1	ACTB	SRR19762178
KLF16	OAZ1	SRR19762178
TIMM23	PARGP1	SRR19762178
CFL1	PTMA	SRR19762178
PTMA	ACTB	SRR19762178
AC005062.2	MACC1	SRR19762178
AKAP13	TRIM60	SRR19762785
RP11-367G6.3	FAM65B	SRR19762785
RP11-155G15.2	RP11-1E3.1	SRR19762785
TIMM23	PARGP1	SRR19762785
IGLVI-70	IGL@-ext	SRR19762785
LEPR	LEPROT	SRR19762613
OAZ1	PTMA	SRR19762613
POLE	ANKLE2	SRR19762613
WASH5P	AJ271736.10	SRR19762613
RP5-886K2.3	CDC6	SRR19762613
TIMM23	RP11-574K11.29	SRR19762613
MT-ND6	RPL13A	SRR19762613
SRSF1	DDX5	SRR19762613
PTP4A1	EEF1A1	SRR19762613
BCKDHB	RP11-250B2.3	SRR19762613
SIK1	PDXK	SRR19762613
KDM4B	SET	SRR19762613
RP11-367G6.3	FAM65B	SRR19762613
NRIP1	AF127936.7	SRR19762613
VEGFA	TMEM63B	SRR19762613
CARKD	ING1	SRR19762613
HNRNPUL1	RPS19	SRR19762613
KLF16	OAZ1	SRR19762613
TIMM23	PARGP1	SRR19762613
KLF16	MOB3A	SRR19762613
VTI1A	RP11-57H14.3	SRR19762613
PIM3	SCO2	SRR19762613
LINC00623	RP11-403I13.8	SRR19762613
PTMA	IRF4	SRR19762613
OAZ1	IRF4	SRR19762613
PFKFB3	RP11-563J2.2	SRR19762613
SETD1A	FUS	SRR19762613
EIF5A	EIF4A1	SRR19762613
EIF4A1	PTMA	SRR19762613
RP11-367G6.3	FAM65B	SRR19762871
RP11-96H19.1	RP11-446N19.1	SRR19762871
EIF4A1	DDX5	SRR19762871
LEPR	LEPROT	SRR19762871
IGH-@-ext	MT-ND4	SRR19762871
RP11-426C22.5	SNX29P2	SRR19762871
RP11-155G15.2	RP11-1E3.1	SRR19762871
BCKDHB	RP11-250B2.3	SRR19762871
TIMM23	PARGP1	SRR19762871
PIK3C2A	CD74	SRR19762871
TIMM23	RP11-574K11.29	SRR19762871
EIF5A	EIF4A1	SRR19762871
PTMA	PPARGC1B	SRR19762907
SEMA4C	N4BP3	SRR19762907
BOLA2B	RP11-345J4.8	SRR19762907
HMGN2	PTMA	SRR19762907
LEPR	LEPROT	SRR19762907
OAZ1	PTMA	SRR19762907
POLE	ANKLE2	SRR19762907
TIMM23	RP11-574K11.29	SRR19762907
AKAP13	TRIM60	SRR19762907
IGLVI-70	IGL@-ext	SRR19762907
RP11-367G6.3	FAM65B	SRR19762907
NRIP1	AF127936.7	SRR19762907
TIMM23	PARGP1	SRR19762907
VTI1A	RP11-57H14.3	SRR19762907
GATAD1	IGH@-ext	SRR19762907
PFKFB3	RP11-563J2.2	SRR19762907
KLHL36	USP10	SRR19762907
BSG	PTBP1	SRR19762907
EIF5A	EIF4A1	SRR19762907
EIF4A1	PTMA	SRR19762907
PNRC1	RRAGD	SRR19762536
LEPR	LEPROT	SRR19762536
BSG	SET	SRR19762536
AKAP13	AC013394.2	SRR19762536
TIMM23	RP11-574K11.29	SRR19762536
RP11-505E24.2	CHSY1	SRR19762536
AC005062.2	MACC1	SRR19762536
IGH@-ext	MT-ATP6	SRR19762536
CALM2	PTMA	SRR19762536
TNFAIP8	HSD17B4	SRR19762536
PRKCH	RP11-47I22.3	SRR19762536
SRSF1	DDX5	SRR19762536
CXXC5	PSD2	SRR19762536
UBC	NOC4L	SRR19762536
AP3S1	AQPEP	SRR19762536
IGH-@-ext	RPS2P46	SRR19762536
RP11-155G15.2	RP11-1E3.1	SRR19762536
RP11-367G6.3	FAM65B	SRR19762536
EIF4A1	SET	SRR19762536
RP11-305P22.9	PTMA	SRR19762536
KLHL3	RP11-381K20.2	SRR19762536
SRGAP3	RP11-380O24.1	SRR19762536
CARKD	ING1	SRR19762536
BSG	RNF126	SRR19762536
IGH@-ext	EEF1A1	SRR19762536
TIMM23	PARGP1	SRR19762536
NUDT3	RPS10	SRR19762536
PIM3	SCO2	SRR19762536
SOCS5	AC016722.2	SRR19762536
RPA3-AS1	GLCCI1	SRR19762536
PTBP1	SET	SRR19762536
RP11-439L18.2	HIVEP2	SRR19762536
KLHL36	USP10	SRR19762536
IGL-@-ext	MT-RNR2	SRR19762536
RBAK	PMS2	SRR19762536
G3BP2	CCNG2	SRR19762536
SEP15	HS2ST1	SRR19762536
KANSL1	ARL17B	SRR19762834
IGLVI-70	IGL@-ext	SRR19762834
RP11-662M24.2	RIMBP2	SRR19762834
RP11-367G6.3	FAM65B	SRR19762834
RP11-96H19.1	RP11-446N19.1	SRR19762834
RP6-206I17.1	RP11-403I13.8	SRR19762834
POM121C	ZP3	SRR19762834
LEPR	LEPROT	SRR19762834
RP11-155G15.2	RP11-1E3.1	SRR19762834
TIMM23	PARGP1	SRR19762834
PTMA	ACTB	SRR19762834
AC005062.2	MACC1	SRR19762834
TIMM23	RP11-574K11.29	SRR19762834
EIF4A1	ACTB	SRR19762834
RP11-367G6.3	FAM65B	SRR19762819
PFKFB3	RP11-563J2.2	SRR19762819
LEPR	LEPROT	SRR19762819
RP11-155G15.2	RP11-1E3.1	SRR19762819
TIMM23	PARGP1	SRR19762819
ZEB1	HNRNPF	SRR19762788
ACTB	FSCN1	SRR19762788
RP11-367G6.3	FAM65B	SRR19762788
BOLA2B	RP11-347C12.2	SRR19762788
NRIP1	AF127936.7	SRR19762788
TIMM23B	PARGP1	SRR19762788
KLHL3	RP11-381K20.2	SRR19762788
MAFK	ACTB	SRR19762788
LEPR	LEPROT	SRR19762788
RP11-155G15.2	RP11-1E3.1	SRR19762788
MIR155HG	JAM2	SRR19762788
POLE	ANKLE2	SRR19762788
PTMA	ACTB	SRR19762788
VTI1A	RP11-57H14.3	SRR19762788
TIMM23	RP11-574K11.29	SRR19762788
EIF5A	EIF4A1	SRR19762788
NUDT3	RPS10	SRR19762788
EIF4A1	PTMA	SRR19762788
PSMC1	PSME4	SRR19762181
RAB2A	KCNS2	SRR19762181
FKBP8	SLC5A3	SRR19762181
RP11-367G6.3	FAM65B	SRR19762181
YAF2	RYBP	SRR19762181
PTMA	IRF4	SRR19762181
ST13	FAM49B	SRR19762181
LEPR	LEPROT	SRR19762181
TIMM23	PARGP1	SRR19762181
POLE	FUS	SRR19762246
RP11-662M24.2	RIMBP2	SRR19762246
RPA3-AS1	GLCCI1	SRR19762246
RP11-367G6.3	FAM65B	SRR19762246
RP11-96H19.1	RP11-446N19.1	SRR19762246
KANSL1	ARL17A	SRR19762246
RP6-206I17.1	RP11-403I13.8	SRR19762246
LEPR	LEPROT	SRR19762246
EEF1DP3	FRY	SRR19762246
BSG	RNF126	SRR19762246
KLF16	OAZ1	SRR19762246
TIMM23	PARGP1	SRR19762246
POLE	ANKLE2	SRR19762246
B2M	IGH@-ext	SRR19762246
SUMO3	SLC19A1	SRR19762246
TIMM23	RP11-574K11.29	SRR19762246
NUDT3	RPS10	SRR19762246
IGH-@-ext	PTMA	SRR19762246
ACTB	RNF216	SRR19762701
LINC00623	RP11-403I13.8	SRR19762701
RP11-367G6.3	FAM65B	SRR19762701
BOLA2B	RP11-347C12.2	SRR19762701
HMGN2	PTMA	SRR19762701
RP11-96H19.1	RP11-446N19.1	SRR19762701
IRF4	ACTB	SRR19762701
PFKFB3	RP11-563J2.2	SRR19762701
MAFK	ACTB	SRR19762701
LEPR	LEPROT	SRR19762701
RAC2	ACTB	SRR19762701
KLF16	OAZ1	SRR19762701
OAZ1	ACTB	SRR19762701
TIMM23	PARGP1	SRR19762701
PTMA	ACTB	SRR19762701
C15orf57	CBX3	SRR19762701
ACTB	MKLN1-AS1	SRR19762701
AKAP13	TRIM60	SRR19762402
RP11-367G6.3	FAM65B	SRR19762402
BOLA2B	RP11-347C12.2	SRR19762402
NRIP1	AF127936.7	SRR19762402
KANSL1	ARL17A	SRR19762402
SRSF1	DDX5	SRR19762402
RP11-96H19.1	RP11-446N19.1	SRR19762402
PFKFB3	RP11-563J2.2	SRR19762402
LEPR	LEPROT	SRR19762402
SEPT7P2	PSPH	SRR19762402
KLF16	OAZ1	SRR19762402
TIMM23	PARGP1	SRR19762402
B3GNT2	EHBP1	SRR19762402
PIM3	SCO2	SRR19762402
AKAP13	TRIM60	SRR19762171
RP11-367G6.3	FAM65B	SRR19762171
PFKFB3	RP11-563J2.2	SRR19762171
LEPR	LEPROT	SRR19762171
RP11-155G15.2	RP11-1E3.1	SRR19762171
TIMM23	PARGP1	SRR19762171
C15orf57	CBX3	SRR19762171
NCL	PTMA	SRR19762878
MT-CO1	IGH@-ext	SRR19762878
LEPR	LEPROT	SRR19762878
IGL-@-ext	MT-CO1	SRR19762878
OAZ1	PTMA	SRR19762878
DDX5	SET	SRR19762878
TIMM23	RP11-574K11.29	SRR19762878
RP11-505E24.2	CHSY1	SRR19762878
PRKCH	RP11-47I22.3	SRR19762878
TPM4	KLF2	SRR19762878
CTA-714B7.5	RP1-272J12.1	SRR19762878
RP11-155G15.2	RP11-1E3.1	SRR19762878
NCOR2	UBC	SRR19762878
IGH@-ext	MT-ND2	SRR19762878
IGH-@-ext	EEF1A1P5	SRR19762878
RP11-367G6.3	FAM65B	SRR19762878
BOLA2B	RP11-347C12.2	SRR19762878
RP6-206I17.1	RP11-403I13.8	SRR19762878
KLF16	OAZ1	SRR19762878
TIMM23	PARGP1	SRR19762878
IGH@-ext	MT-ATP8	SRR19762878
IGH-@-ext	MT-RNR2	SRR19762878
IGH@-ext	MT-ND4	SRR19762878
PFKFB3	RP11-563J2.2	SRR19762878
IGL-@-ext	EEF1A1	SRR19762878
IGH@-ext	MT-RNR2	SRR19762878
EIF5A	EIF4A1	SRR19762878
RP11-33B1.1	PSPH	SRR19762824
KANSL1	ARL17B	SRR19762824
SET	FNBP1	SRR19762824
RPA3-AS1	GLCCI1	SRR19762824
RP11-367G6.3	FAM65B	SRR19762824
PFKFB3	RP11-563J2.2	SRR19762824
TIMM23	PARGP1	SRR19762824
TIMM23	RP11-574K11.29	SRR19762824
SET	EDF1	SRR19762752
RAB2A	KCNS2	SRR19762752
RP11-367G6.3	FAM65B	SRR19762752
NRIP1	AF127936.7	SRR19762752
LEPR	LEPROT	SRR19762752
EEF1DP3	FRY	SRR19762752
BCKDHB	RP11-250B2.3	SRR19762752
MIR155HG	JAM2	SRR19762752
SOCS5	AC016722.2	SRR19762752
OAZ1	PTMA	SRR19762752
TIMM23	PARGP1	SRR19762752
KLF16	OAZ1	SRR19762752
EIF4A1	OAZ1	SRR19762752
TIMM23	RP11-574K11.29	SRR19762752
EIF5A	EIF4A1	SRR19762752
PIM3	SCO2	SRR19762752
IGLVI-70	IGL@-ext	SRR19762752
RPA3-AS1	GLCCI1	SRR19762672
PRKCH	RP11-47I22.3	SRR19762672
RP11-367G6.3	FAM65B	SRR19762672
SRSF1	DDX5	SRR19762672
CTD-2337A12.1	CAST	SRR19762672
KLHL3	RP11-381K20.2	SRR19762672
PFKFB3	RP11-563J2.2	SRR19762672
LINC00158	AP000233.4	SRR19762672
KLF16	OAZ1	SRR19762672
RP6-206I17.1	RP11-403I13.7	SRR19762672
TIMM23	PARGP1	SRR19762672
TXNDC5	BLOC1S5	SRR19762672
G3BP2	CCNG2	SRR19762672
CTC-786C10.1	RP11-680G10.1	SRR19762672
EIF5A	EIF4A1	SRR19762672
ACTB	FSCN1	SRR19762733
ZEB1	HNRNPF	SRR19762733
RAB2A	KCNS2	SRR19762733
NCL	PTMA	SRR19762733
RP11-662M24.2	RIMBP2	SRR19762733
RP11-367G6.3	FAM65B	SRR19762733
LRRC28	GADD45B	SRR19762733
NRIP1	AF127936.7	SRR19762733
SRGAP3	RP11-380O24.1	SRR19762733
LEPR	LEPROT	SRR19762733
EEF1DP3	FRY	SRR19762733
RP11-155G15.2	RP11-1E3.1	SRR19762733
OAZ1	ACTB	SRR19762733
KLF16	OAZ1	SRR19762733
TIMM23	PARGP1	SRR19762733
POLE	ANKLE2	SRR19762733
RP11-120D5.1	MID1	SRR19762733
EIF4A1	ACTB	SRR19762733
RAB2A	KCNS2	SRR19762338
EIF4A1	IRF4	SRR19762338
TPM4	ACTB	SRR19762338
LEPR	LEPROT	SRR19762338
TIMM23	RP11-574K11.29	SRR19762338
IGH-@-ext	PTMA	SRR19762338
YWHAE	CRK	SRR19762338
IGL-@-ext	RAN	SRR19762338
UBC	NOC4L	SRR19762338
SEPT7P2	PSPH	SRR19762338
RP11-745L13.2	RPL7AP28	SRR19762338
IGL-@-ext	HLA-A	SRR19762338
RP11-155G15.2	RP11-1E3.1	SRR19762338
ITM2C	PTMA	SRR19762338
B2M	C15orf39	SRR19762338
C15orf39	SIN3A	SRR19762338
RP11-367G6.3	FAM65B	SRR19762338
RP6-206I17.1	RP11-403I13.8	SRR19762338
TIMM23	PARGP1	SRR19762338
NUTM2A-AS1	MINPP1	SRR19762338
RP11-120D5.1	MID1	SRR19762338
ACTB	FSCN1	SRR19762338
PFKFB3	RP11-563J2.2	SRR19762338
PTMA	ACTB	SRR19762338
UBE2I	UNKL	SRR19762338
EIF5A	EIF4A1	SRR19762338
TCF3	OAZ1	SRR19762917
LEPR	LEPROT	SRR19762917
POLE	ANKLE2	SRR19762917
ATP6V0C	CDKN1A	SRR19762917
SEPT14	FBXO25	SRR19762917
TIMM23	RP11-574K11.29	SRR19762917
AC005062.2	MACC1	SRR19762917
SIK1	ACTB	SRR19762917
KIFAP3	C19orf48	SRR19762917
IGLVI-70	IGL@-ext	SRR19762917
HMGB1	ACTB	SRR19762917
RP11-367G6.3	FAM65B	SRR19762917
BSG	RNF126	SRR19762917
KLF16	OAZ1	SRR19762917
TIMM23	PARGP1	SRR19762917
RP11-120D5.1	MID1	SRR19762917
EIF4A1	ACTB	SRR19762917
ACTB	FSCN1	SRR19762917
RPA3-AS1	GLCCI1	SRR19762917
RP11-96H19.1	RP11-446N19.1	SRR19762917
PFKFB3	RP11-563J2.2	SRR19762917
OAZ1	ACTB	SRR19762917
HLA-S	HLA-A	SRR19762917
EIF5A	EIF4A1	SRR19762917
LINC00623	RP11-403I13.8	SRR19762233
RPA3-AS1	GLCCI1	SRR19762233
RP11-367G6.3	FAM65B	SRR19762233
RP11-96H19.1	RP11-446N19.1	SRR19762233
KANSL1	ARL17A	SRR19762233
DOT1L	OAZ1	SRR19762233
LEPR	LEPROT	SRR19762233
TIMM23	PARGP1	SRR19762233
PTMA	ACTB	SRR19762233
TIMM23	RP11-574K11.29	SRR19762233
EIF5A	EIF4A1	SRR19762233
EIF4A1	ACTB	SRR19762233
BOLA2B	RP11-345J4.8	SRR19762425
POLE	ANKLE2	SRR19762425
B3GNT2	EHBP1	SRR19762425
ZEB1	HNRNPF	SRR19762425
AKAP13	TRIM60	SRR19762425
SFMBT1	PRKCD	SRR19762425
LRRC8C	IGH-@-ext	SRR19762425
IRF4	TMEM63B	SRR19762425
IGLVI-70	IGL@-ext	SRR19762425
RP11-367G6.3	FAM65B	SRR19762425
KANSL1	ARL17A	SRR19762425
PTBP1	MED16	SRR19762425
BSG	RNF126	SRR19762425
KLF16	OAZ1	SRR19762425
TIMM23	PARGP1	SRR19762425
RP11-96H19.1	RP11-446N19.1	SRR19762425
PFKFB3	RP11-563J2.2	SRR19762425
HLA-S	HLA-A	SRR19762425
CSNK1G2	OAZ1	SRR19762425
RP11-206L10.9	PSPH	SRR19762450
RP11-367G6.3	FAM65B	SRR19762450
BOLA2B	RP11-347C12.2	SRR19762450
RP11-96H19.1	RP11-446N19.1	SRR19762450
RP6-206I17.1	RP11-403I13.8	SRR19762450
LEPR	LEPROT	SRR19762450
OAZ1	PTMA	SRR19762450
KLF16	OAZ1	SRR19762450
TIMM23	PARGP1	SRR19762450
IGH-@-ext	B2M	SRR19762450
TIMM23	RP11-574K11.29	SRR19762450
IGH@-ext	MT-CO1	SRR19762902
RP11-367G6.3	FAM65B	SRR19762902
YAF2	RYBP	SRR19762902
RP11-96H19.1	RP11-446N19.1	SRR19762902
TIMM23B	PARGP1	SRR19762902
DOT1L	OAZ1	SRR19762902
PFKFB3	RP11-563J2.2	SRR19762902
LEPR	LEPROT	SRR19762902
IGL-@-ext	MT-RNR2	SRR19762902
IGH-@-ext	MT-ND4	SRR19762902
NCOR2	UBC	SRR19762902
INPP5E	SEC16A	SRR19762902
RP11-367G6.3	FAM65B	SRR19762382
RP11-96H19.1	RP11-446N19.1	SRR19762382
PFKFB3	RP11-563J2.2	SRR19762382
CNN2	PTMA	SRR19762382
LEPR	LEPROT	SRR19762382
BCKDHB	RP11-250B2.3	SRR19762382
RP11-745L13.2	RPL7AP28	SRR19762382
OAZ1	PTMA	SRR19762382
SEPT7P2	PSPH	SRR19762382
TIMM23	PARGP1	SRR19762382
RP11-206L10.1	SEPT14	SRR19762382
BSG	RNF126	SRR19762382
VTI1A	RP11-57H14.3	SRR19762382
KLF16	OAZ1	SRR19762382
RAB38	CTSC	SRR19762382
RP11-120D5.1	MID1	SRR19762382
PIM3	SCO2	SRR19762382
TCF3	OAZ1	SRR19762882
LEPR	LEPROT	SRR19762882
OAZ1	PTMA	SRR19762882
ARF1	GUK1	SRR19762882
SRSF1	DDX5	SRR19762882
NCOR2	UBC	SRR19762882
IGLVI-70	IGL@-ext	SRR19762882
TMEM248	TRRAP	SRR19762882
RP11-367G6.3	FAM65B	SRR19762882
BOLA2B	RP11-347C12.2	SRR19762882
CTD-2012K14.6	PTMA	SRR19762882
SF1	CFL1	SRR19762882
RP6-206I17.1	RP11-403I13.8	SRR19762882
DDX5	PTMA	SRR19762882
BSG	RNF126	SRR19762882
KLF16	OAZ1	SRR19762882
TIMM23	PARGP1	SRR19762882
YWHAE	EIF5A	SRR19762882
VTI1A	RP11-57H14.3	SRR19762882
RPA3-AS1	GLCCI1	SRR19762882
RP11-96H19.1	RP11-446N19.1	SRR19762882
PFKFB3	RP11-563J2.2	SRR19762882
EIF5A	EIF4A1	SRR19762882
RAB2A	KCNS2	SRR19762285
BSG	RNF126	SRR19762285
RP11-367G6.3	FAM65B	SRR19762285
BOLA2B	RP11-345J4.8	SRR19762285
NRIP1	AF127936.7	SRR19762285
STMN1	HMGN2	SRR19762285
LEPR	LEPROT	SRR19762285
RP11-155G15.2	RP11-1E3.1	SRR19762285
RAB38	CTSC	SRR19762285
TIMM23	PARGP1	SRR19762285
TIMM23	RP11-574K11.29	SRR19762285
EIF5A	EIF4A1	SRR19762285
EIF4A1	PTMA	SRR19762285
AC005062.2	MACC1	SRR19762285
TCF3	OAZ1	SRR19762172
MT-CO1	IGH@-ext	SRR19762172
C1ORF220	RP5-1098D14.1	SRR19762172
LEPR	LEPROT	SRR19762172
IGH-@-ext	TMSB4X	SRR19762172
POLE	ANKLE2	SRR19762172
ZEB1	HNRNPF	SRR19762172
TPM4	KLF2	SRR19762172
AC022182.1	CLVS1	SRR19762172
RP11-1023L17.1	C1QTNF3	SRR19762172
RP11-367G6.3	FAM65B	SRR19762172
NRIP1	AF127936.7	SRR19762172
IGH-@-ext	RPS18P12	SRR19762172
RP6-206I17.1	RP11-403I13.8	SRR19762172
KLF16	OAZ1	SRR19762172
TIMM23	PARGP1	SRR19762172
IGH@-ext	MT-ND4	SRR19762172
RP11-1151B14.4	MALT1	SRR19762172
RPA3-AS1	GLCCI1	SRR19762172
IGH@-ext	MT-RNR2	SRR19762172
IGH@-ext	MT-ND4L	SRR19762172
SET	FNBP1	SRR19762359
AKAP13	TRIM60	SRR19762359
RP11-367G6.3	FAM65B	SRR19762359
KANSL1	ARL17A	SRR19762359
PFKFB3	RP11-563J2.2	SRR19762359
MAFK	ACTB	SRR19762359
LEPR	LEPROT	SRR19762359
TIMM23	PARGP1	SRR19762359
IGKV2-29	AC096579.7	SRR19762359
SEPT14	FBXO25	SRR19762359
DAZAP1	OAZ1	SRR19762359
LINC00623	RP11-403I13.8	SRR19762334
RP11-367G6.3	FAM65B	SRR19762334
SRSF1	DDX5	SRR19762334
DOT1L	OAZ1	SRR19762334
LEPR	LEPROT	SRR19762334
TIMM23	PARGP1	SRR19762334
EIF5A	EIF4A1	SRR19762334
ACTB	RNF216	SRR19762463
RP11-367G6.3	FAM65B	SRR19762463
DOT1L	OAZ1	SRR19762463
LEPR	LEPROT	SRR19762463
SEPT7P2	PSPH	SRR19762463
KLF16	OAZ1	SRR19762463
IGH-@-ext	AC096579.7	SRR19762463
TIMM23	PARGP1	SRR19762463
PTMA	ACTB	SRR19762463
DLX4	IGH@-ext	SRR19762463
IGKV1D-27	AC096579.7	SRR19762463
EIF5A	EIF4A1	SRR19762463
OAZ1	CCNG2	SRR19762624
YWHAE	CRK	SRR19762624
RP11-367G6.3	FAM65B	SRR19762624
HMGN2	PTMA	SRR19762624
PTBP1	KLF16	SRR19762624
DDX5	HNRNPH1	SRR19762624
PFKFB3	RP11-563J2.2	SRR19762624
ANP32A	RAC2	SRR19762624
LEPR	LEPROT	SRR19762624
IGH-@-ext	MT-ND4	SRR19762624
KLF16	OAZ1	SRR19762624
TIMM23	PARGP1	SRR19762624
SPTAN1	SET	SRR19762624
POLE	ANKLE2	SRR19762624
KLF10	AZIN1	SRR19762624
TIMM23	RP11-574K11.29	SRR19762624
RP11-120D5.1	MID1	SRR19762624
IGLVI-70	IGL@-ext	SRR19762624
NCL	PTMA	SRR19762221
RP11-367G6.3	FAM65B	SRR19762221
SRSF1	DDX5	SRR19762221
NRIP1	AF127936.7	SRR19762221
LEPR	LEPROT	SRR19762221
OAZ1	PTMA	SRR19762221
KLF16	OAZ1	SRR19762221
OAZ1	ACTB	SRR19762221
TIMM23	PARGP1	SRR19762221
PTMA	ACTB	SRR19762221
TIMM23	RP11-574K11.29	SRR19762221
NUTM2A-AS1	MINPP1	SRR19762221
AC005062.2	MACC1	SRR19762221
ACTB	FSCN1	SRR19762698
AKAP13	TRIM60	SRR19762698
RP11-367G6.3	FAM65B	SRR19762698
RP11-353N4.6	RP11-403I13.7	SRR19762698
RP6-206I17.1	RP11-403I13.8	SRR19762698
KLHL36	USP10	SRR19762698
LEPR	LEPROT	SRR19762698
TIMM23	PARGP1	SRR19762698
ACTB	FNBP1	SRR19762698
RP11-444D3.1	SOX5	SRR19762698
HIC1	MNT	SRR19762698
IGLVI-70	IGL@-ext	SRR19762698
RP11-367G6.3	FAM65B	SRR19762810
BOLA2B	RP11-347C12.2	SRR19762810
SRSF1	DDX5	SRR19762810
RP11-96H19.1	RP11-446N19.1	SRR19762810
PIM3	SCO2	SRR19762810
LEPR	LEPROT	SRR19762810
OAZ1	PTMA	SRR19762810
TIMM23	PARGP1	SRR19762810
FAM98B	RP11-275I4.2	SRR19762810
VTI1A	RP11-57H14.3	SRR19762810
TIMM23	RP11-574K11.29	SRR19762810
MIR155HG	JAM2	SRR19762810
EIF4A1	DDX5	SRR19762810
EIF4A1	PTMA	SRR19762810
LINC00623	RP11-403I13.8	SRR19762545
RP11-367G6.3	FAM65B	SRR19762545
KANSL1	ARL17A	SRR19762545
OAZ1	LMNB2	SRR19762545
LEPR	LEPROT	SRR19762545
OAZ1	PTMA	SRR19762545
RNF126	OAZ1	SRR19762545
KLF16	OAZ1	SRR19762545
TIMM23	PARGP1	SRR19762545
IGKV2-29	AC096579.7	SRR19762545
UBE2I	UNKL	SRR19762545
YWHAE	SET	SRR19762545
PIM3	SCO2	SRR19762545
TCF3	OAZ1	SRR19762264
TPM4	PTMA	SRR19762264
DOT1L	OAZ1	SRR19762264
LEPR	LEPROT	SRR19762264
SVILP1	IGH@-ext	SRR19762264
TIMM23	RP11-574K11.29	SRR19762264
ZEB1	HNRNPF	SRR19762264
TIMM23	AGAP6	SRR19762264
YWHAE	CRK	SRR19762264
SEPT7P2	PSPH	SRR19762264
NCOR2	UBC	SRR19762264
RP11-367G6.3	FAM65B	SRR19762264
BOLA2B	RP11-347C12.2	SRR19762264
NRIP1	AF127936.7	SRR19762264
TIMM23	PARGP1	SRR19762264
LINC00623	RP11-403I13.8	SRR19762264
PFKFB3	RP11-563J2.2	SRR19762264
GTF2I	GATSL2	SRR19762264
CSNK1G2	OAZ1	SRR19762264
C1ORF220	RP5-1098D14.1	SRR19762168
BOLA2B	RP11-345J4.8	SRR19762168
DOT1L	OAZ1	SRR19762168
LEPR	LEPROT	SRR19762168
ATP6V0C	OAZ1	SRR19762168
WASH5P	AJ271736.10	SRR19762168
WAC	ZEB1	SRR19762168
CALM2	PTMA	SRR19762168
PPARGC1B	PTMAP5	SRR19762168
ANKLE2	P2RY8	SRR19762168
MIR155HG	JAM2	SRR19762168
OAZ1	LPAR2	SRR19762168
ATF3	PTMA	SRR19762168
EEF1A1	SYNCRIP	SRR19762168
RP11-367G6.3	FAM65B	SRR19762168
NRIP1	AF127936.7	SRR19762168
EIF4A1	SET	SRR19762168
RP6-206I17.1	RP11-403I13.8	SRR19762168
VEGFA	TMEM63B	SRR19762168
BSG	RNF126	SRR19762168
KLF16	OAZ1	SRR19762168
TIAL1	SF1	SRR19762168
TIMM23	PARGP1	SRR19762168
KLHL36	USP10	SRR19762168
LIMD2	OAZ1	SRR19762168
BSG	PTBP1	SRR19762168
TIMM23B	RP11-574K11.29	SRR19762168
EIF4A1	PTMA	SRR19762168
PPP1R12C	ACTB	SRR19762336
C1ORF220	RP5-1098D14.1	SRR19762336
LEPR	LEPROT	SRR19762336
POLE	ANKLE2	SRR19762336
RNF126	PTBP1	SRR19762336
TIMM23	RP11-574K11.29	SRR19762336
AC005062.2	MACC1	SRR19762336
MAFK	ACTB	SRR19762336
RP11-155G15.2	RP11-1E3.1	SRR19762336
IGH-@-ext	HLA-B	SRR19762336
RP11-367G6.3	FAM65B	SRR19762336
RAC2	ACTB	SRR19762336
BSG	RNF126	SRR19762336
KLF16	OAZ1	SRR19762336
TIMM23	PARGP1	SRR19762336
EIF4A1	ACTB	SRR19762336
IGL-@-ext	HSP90B1	SRR19762336
AC092635.1	AC016730.1	SRR19762336
LINC00623	RP11-403I13.8	SRR19762336
RP11-96H19.1	RP11-446N19.1	SRR19762336
RP11-81H14.2	MDM1	SRR19762336
EIF4A1	IRF4	SRR19762815
RP11-367G6.3	FAM65B	SRR19762815
SRSF1	DDX5	SRR19762815
HNRNPH1	SET	SRR19762815
CPSF6	GET4	SRR19762815
NRIP1	AF127936.7	SRR19762815
PTMA	KLF10	SRR19762815
LEPR	LEPROT	SRR19762815
EEF1DP3	FRY	SRR19762815
HMGB1	PTMA	SRR19762815
OAZ1	PTMA	SRR19762815
KLF16	OAZ1	SRR19762815
RAB38	CTSC	SRR19762815
TIMM23	PARGP1	SRR19762815
PTMA	ACTB	SRR19762815
EIF5A	EIF4A1	SRR19762815
B3GNT2	EHBP1	SRR19762815
EIF4A1	ACTB	SRR19762815
RP11-367G6.3	FAM65B	SRR19762551
KANSL1	ARL17A	SRR19762551
PFKFB3	RP11-563J2.2	SRR19762551
LEPR	LEPROT	SRR19762551
NCOR2	UBC	SRR19762551
TIMM23	PARGP1	SRR19762551
POLE	ANKLE2	SRR19762551
EIF5A	EIF4A1	SRR19762551
CTD-2544L4.1	TBC1D7	SRR19762551
RP11-367G6.3	FAM65B	SRR19762658
RP11-96H19.1	RP11-446N19.1	SRR19762658
KANSL1	ARL17A	SRR19762658
DOT1L	OAZ1	SRR19762658
LEPR	LEPROT	SRR19762658
NCOR2	UBC	SRR19762658
TIMM23	PARGP1	SRR19762658
BMS1	PARG	SRR19762658
TIMM23	RP11-574K11.29	SRR19762658
LINC00623	RP11-403I13.8	SRR19762711
RP11-367G6.3	FAM65B	SRR19762711
RP11-96H19.1	RP11-446N19.1	SRR19762711
DOT1L	OAZ1	SRR19762711
TMEM18	PTMA	SRR19762711
PTMA	SEPT2	SRR19762711
BSG	PTBP1	SRR19762711
IGH-@-ext	INO80C	SRR19762711
TIMM23	PARGP1	SRR19762711
HLA-S	HLA-A	SRR19762711
EIF5A	EIF4A1	SRR19762711
B3GNT2	EHBP1	SRR19762711
IGLVI-70	IGL@-ext	SRR19762711
BSG	RNF126	SRR19762339
PTP4A1	SYNCRIP	SRR19762339
LEPR	LEPROT	SRR19762339
OAZ1	PTMA	SRR19762339
AC005062.2	MACC1	SRR19762339
RP11-745L13.2	RPL7AP28	SRR19762339
RP11-155G15.2	RP11-1E3.1	SRR19762339
RP11-33B1.1	PSPH	SRR19762339
RP11-367G6.3	FAM65B	SRR19762339
NSF	LRRC37A3	SRR19762339
KLF16	OAZ1	SRR19762339
TIMM23	PARGP1	SRR19762339
NUTM2A-AS1	MINPP1	SRR19762339
PIM3	SCO2	SRR19762339
RP11-96H19.1	RP11-446N19.1	SRR19762339
HSPA12A	RP11-539I5.1	SRR19762339
HLA-S	HLA-A	SRR19762339
IGH-@-ext	MT-ATP6	SRR19762339
DAZAP1	OAZ1	SRR19762339
MT-CO1	IGH@-ext	SRR19762240
LEPR	LEPROT	SRR19762240
C5orf56	RAD50	SRR19762240
ABAT	PMM2	SRR19762240
SRSF1	DDX5	SRR19762240
RP11-745L13.2	RPL7AP28	SRR19762240
NCOR2	UBC	SRR19762240
IGKV2-29	AC096579.7	SRR19762240
SOAT2	IGH@-ext	SRR19762240
RP11-367G6.3	FAM65B	SRR19762240
EIF4A1	SET	SRR19762240
KANSL1	ARL17A	SRR19762240
BSG	RNF126	SRR19762240
RP11-426C22.5	SNX29P2	SRR19762240
TIMM23	PARGP1	SRR19762240
KLF10	AZIN1	SRR19762240
NUTM2A-AS1	MINPP1	SRR19762240
LINC00623	RP11-403I13.8	SRR19762240
RP11-96H19.1	RP11-446N19.1	SRR19762240
OAZ1	IRF4	SRR19762240
PFKFB3	RP11-563J2.2	SRR19762240
BSG	PTBP1	SRR19762240
RPA3-AS1	GLCCI1	SRR19762544
PRMT1	PTMA	SRR19762544
RP11-367G6.3	FAM65B	SRR19762544
PTP4A1	EEF1A1	SRR19762544
POM121C	ZP3	SRR19762544
LEPR	LEPROT	SRR19762544
KLHL36	USP10	SRR19762544
OAZ1	PTMA	SRR19762544
KLF16	OAZ1	SRR19762544
TIMM23	PARGP1	SRR19762544
EIF5A	EIF4A1	SRR19762544
NUDT3	RPS10	SRR19762544
PIM3	SCO2	SRR19762544
BOLA2B	RP11-345J4.8	SRR19762923
RP11-367G6.3	FAM65B	SRR19762923
NRIP1	AF127936.7	SRR19762923
RP11-96H19.1	RP11-446N19.1	SRR19762923
LEPR	LEPROT	SRR19762923
B2M	AC013394.2	SRR19762923
RP11-155G15.2	RP11-1E3.1	SRR19762923
KLF16	OAZ1	SRR19762923
OAZ1	PTMA	SRR19762923
TIMM23	PARGP1	SRR19762923
RP11-662M24.2	RIMBP2	SRR19762330
RP11-367G6.3	FAM65B	SRR19762330
BOLA2B	RP11-347C12.2	SRR19762330
PFKFB3	RP11-563J2.2	SRR19762330
TMEM18	PTMA	SRR19762330
LEPR	LEPROT	SRR19762330
EIF5A	EIF4A1	SRR19762330
YWHAE	PITPNA	SRR19762330
PTMA	FNBP1	SRR19762330
BSG	RNF126	SRR19762330
TIMM23	PARGP1	SRR19762330
C15orf57	CBX3	SRR19762330
MIR155HG	JAM2	SRR19762330
EIF4A1	PTMA	SRR19762330
AC005062.2	MACC1	SRR19762330
SET	FNBP1	SRR19762855
RAB2A	KCNS2	SRR19762855
BMI1	ZEB1	SRR19762855
EIF4A1	IRF4	SRR19762855
RP11-367G6.3	FAM65B	SRR19762855
NRIP1	AF127936.7	SRR19762855
CTD-2012K14.6	PTMA	SRR19762855
RP6-206I17.1	RP11-403I13.8	SRR19762855
RAC2	ACTB	SRR19762855
LEPR	LEPROT	SRR19762855
IGH-@-ext	MT-ND4	SRR19762855
TIMM23	PARGP1	SRR19762855
POLE	ANKLE2	SRR19762855
PTMA	ACTB	SRR19762855
TIMM23	RP11-574K11.29	SRR19762855
MIR155HG	JAM2	SRR19762855
RAB2A	KCNS2	SRR19762723
DOT1L	OAZ1	SRR19762723
LEPR	LEPROT	SRR19762723
RAB38	CTSC	SRR19762723
POLE	ANKLE2	SRR19762723
TIMM23	RP11-574K11.29	SRR19762723
ZEB1	HNRNPF	SRR19762723
EIF5A	EIF4A1	SRR19762723
NCOR2	UBC	SRR19762723
IGLVI-70	IGL@-ext	SRR19762723
RP11-367G6.3	FAM65B	SRR19762723
SF1	CFL1	SRR19762723
BSG	RNF126	SRR19762723
KLF16	OAZ1	SRR19762723
TIMM23	PARGP1	SRR19762723
MTF2	CCDC18	SRR19762723
RP11-96H19.1	RP11-446N19.1	SRR19762723
BSG	PTBP1	SRR19762723
EIF5A	EIF4A1	SRR19762723
KANSL1	ARL17B	SRR19762350
BOLA2B	RP11-345J4.8	SRR19762350
RP11-367G6.3	FAM65B	SRR19762350
TPM4	PTMA	SRR19762350
DOT1L	OAZ1	SRR19762350
LEPR	LEPROT	SRR19762350
B2M	AC013394.2	SRR19762350
RP11-155G15.2	RP11-1E3.1	SRR19762350
TIMM23	PARGP1	SRR19762350
CFL1	ACTB	SRR19762589
IGL-@-ext	ACTG1	SRR19762589
RP4-769N13.6	GPRASP2	SRR19762589
IGL-@-ext	EEF1A1	SRR19762589
IGH-@-ext	TMSB4X	SRR19762589
TIMM23	PARGP1	SRR19762589
IGH-@-ext	MT-RNR2	SRR19762589
HMGN2	PTMA	SRR19762589
IGH-@-ext	PTMA	SRR19762589
LINC00623	RP11-403I13.8	SRR19762376
RP11-367G6.3	FAM65B	SRR19762376
BOLA2B	RP11-345J4.8	SRR19762376
IGL-@-ext	RPL8	SRR19762376
ZBTB38	RASA2	SRR19762376
MAFK	ACTB	SRR19762376
LEPR	LEPROT	SRR19762376
RP11-155G15.2	RP11-1E3.1	SRR19762376
TIMM23	PARGP1	SRR19762376
LYST	NID1	SRR19762376
AC022182.1	CLVS1	SRR19762376
TIMM23	RP11-574K11.29	SRR19762376
NUTM2A-AS1	MINPP1	SRR19762376
IGLVI-70	IGL@-ext	SRR19762461
RP11-367G6.3	FAM65B	SRR19762461
RP11-96H19.1	RP11-446N19.1	SRR19762461
LEPR	LEPROT	SRR19762461
SEPT7P2	PSPH	SRR19762461
TIMM23	PARGP1	SRR19762461
PTMA	ACTB	SRR19762461
IGKV1D-27	AC096579.7	SRR19762461
SERPINB9	RIPK1	SRR19762461
NOC4L	FBRSL1	SRR19762200
DOT1L	OAZ1	SRR19762200
POLE	ANKLE2	SRR19762200
YWHAZ	ZNF706	SRR19762200
BCKDHB	RP11-250B2.3	SRR19762200
RP11-155G15.2	RP11-1E3.1	SRR19762200
RP11-367G6.3	FAM65B	SRR19762200
EIF4A1	SET	SRR19762200
NRIP1	AF127936.7	SRR19762200
SRGAP3	RP11-380O24.1	SRR19762200
CARKD	ING1	SRR19762200
TIMM23	PARGP1	SRR19762200
SLC7A5	SMG1P1	SRR19762200
PIM3	SCO2	SRR19762200
RP11-96H19.1	RP11-446N19.1	SRR19762200
YAF2	RYBP	SRR19762200
PFKFB3	RP11-563J2.2	SRR19762200
HOOK1	CNOT1	SRR19762200
PHRF1	ING5	SRR19762200
SUN1	C7orf50	SRR19762200
EIF5A	EIF4A1	SRR19762200
RP11-33B1.1	PSPH	SRR19762257
ACTB	FSCN1	SRR19762257
ACTB	RNF216	SRR19762257
NCL	PTMA	SRR19762257
IGH-@-ext	SLC26A4	SRR19762257
RP11-367G6.3	FAM65B	SRR19762257
PFKFB3	RP11-563J2.2	SRR19762257
LEPR	LEPROT	SRR19762257
RP11-155G15.2	RP11-1E3.1	SRR19762257
KLF16	OAZ1	SRR19762257
TIMM23	PARGP1	SRR19762257
HLA-S	HLA-A	SRR19762257
IGKV2-29	AC096579.7	SRR19762257
CTC-786C10.1	RP11-680G10.1	SRR19762257
PIM3	SCO2	SRR19762257
IGLVI-70	IGL@-ext	SRR19762257
PTBP1	PTMA	SRR19762759
LEPR	LEPROT	SRR19762759
RAB38	CTSC	SRR19762759
TIMM23	RP11-574K11.29	SRR19762759
MYL6	ALDOA	SRR19762759
ZEB1	HNRNPF	SRR19762759
TPM4	KLF2	SRR19762759
RCC1	SRP9P1	SRR19762759
AC022182.1	CLVS1	SRR19762759
RP11-367G6.3	FAM65B	SRR19762759
MYO1E	RFX3	SRR19762759
BSG	RNF126	SRR19762759
YWHAZ	KLF10	SRR19762759
TIMM23	PARGP1	SRR19762759
VTI1A	RP11-57H14.3	SRR19762759
USP48	SET	SRR19762759
YWHAE	MYO1C	SRR19762759
CTD-2337A12.1	CAST	SRR19762759
PFKFB3	RP11-563J2.2	SRR19762759
BSG	PTBP1	SRR19762759
OAZ1	RAC2	SRR19762918
OAZ1	SET	SRR19762918
RP11-367G6.3	FAM65B	SRR19762918
IGH-@-ext	PEMT	SRR19762918
TPD52	AZIN1	SRR19762918
LEPR	LEPROT	SRR19762918
PRCP	RAB30	SRR19762918
PTBP1	ACTB	SRR19762918
IGH-@-ext	AC096579.7	SRR19762918
KLF16	OAZ1	SRR19762918
TIMM23	PARGP1	SRR19762918
PTMA	ACTB	SRR19762918
PIM3	SCO2	SRR19762918
IGH-@-ext	MT-CO3	SRR19762879
FASN	ACTB	SRR19762879
RP11-367G6.3	FAM65B	SRR19762879
KLHL3	RP11-381K20.2	SRR19762879
PFKFB3	RP11-563J2.2	SRR19762879
LEPR	LEPROT	SRR19762879
C7orf50	ACTB	SRR19762879
IGH-@-ext	MT-ND4	SRR19762879
IGL-@-ext	RPS18	SRR19762879
OAZ1	ACTB	SRR19762879
TIMM23	PARGP1	SRR19762879
PTMA	ACTB	SRR19762879
IGH-@-ext	MT-RNR2	SRR19762879
IGH@-ext	MT-ATP8	SRR19762879
PIK3C2A	CD74	SRR19762879
EIF5A	EIF4A1	SRR19762879
RP11-274B21.1	RP11-206L10.3	SRR19762879
AC005062.2	MACC1	SRR19762879
RP11-33B1.1	PSPH	SRR19762940
PTMA	PPARGC1B	SRR19762940
RP11-662M24.2	RIMBP2	SRR19762940
RP11-367G6.3	FAM65B	SRR19762940
DDX5	EEF1A1	SRR19762940
OAZ1	IRF4	SRR19762940
DOT1L	OAZ1	SRR19762940
POM121C	ZP3	SRR19762940
LEPR	LEPROT	SRR19762940
KLHL36	USP10	SRR19762940
CARKD	ING1	SRR19762940
RP11-745L13.2	RPL7AP28	SRR19762940
IGL@-ext	AC096579.7	SRR19762940
NCOR2	UBC	SRR19762940
TIMM23	PARGP1	SRR19762940
CTC-786C10.1	RP11-680G10.1	SRR19762940
KLF10	AZIN1	SRR19762940
AC096579.7	IGLL5	SRR19762940
ZEB1	HNRNPF	SRR19762749
BOLA2B	RP11-345J4.8	SRR19762749
RP11-367G6.3	FAM65B	SRR19762749
TNPO2	TPM4	SRR19762749
KANSL1	ARL17A	SRR19762749
RP11-206L10.8	SEPT14	SRR19762749
EIF4A1	DDX5	SRR19762749
RP11-96H19.1	RP11-446N19.1	SRR19762749
BSG	RNF126	SRR19762749
TIMM23	PARGP1	SRR19762749
RNF126	PTBP1	SRR19762749
SLC16A3	METRNL	SRR19762749
TIMM23	RP11-574K11.29	SRR19762749
EIF5A	EIF4A1	SRR19762749
SERPINB9	RIPK1	SRR19762749
ACTB	FSCN1	SRR19762746
RP11-662M24.2	RIMBP2	SRR19762746
RP11-367G6.3	FAM65B	SRR19762746
BOLA2B	RP11-347C12.2	SRR19762746
NRIP1	AF127936.7	SRR19762746
IRF4	ACTB	SRR19762746
PFKFB3	RP11-563J2.2	SRR19762746
LEPR	LEPROT	SRR19762746
EEF1DP3	FRY	SRR19762746
RAB38	CTSC	SRR19762746
KLF16	OAZ1	SRR19762746
TIMM23	PARGP1	SRR19762746
NCOR2	UBC	SRR19762746
VTI1A	RP11-57H14.3	SRR19762746
TIMM23	RP11-574K11.29	SRR19762746
IGLVI-70	IGL@-ext	SRR19762746
RP11-367G6.3	FAM65B	SRR19762860
NRIP1	AF127936.7	SRR19762860
OAZ1	PPP1R12C	SRR19762860
KLF16	OAZ1	SRR19762860
NCOR2	UBC	SRR19762860
TIMM23	PARGP1	SRR19762860
CDKN1A	EEF1A1	SRR19762552
RP11-367G6.3	FAM65B	SRR19762552
RP11-96H19.1	RP11-446N19.1	SRR19762552
IRF4	CDKN1A	SRR19762552
KANSL1	ARL17A	SRR19762552
BOLA2B	RP11-347C12.2	SRR19762552
RP6-206I17.1	RP11-403I13.8	SRR19762552
LEPR	LEPROT	SRR19762552
VEGFA	TMEM63B	SRR19762552
BSG	RNF126	SRR19762552
KLF16	OAZ1	SRR19762552
IGH@-ext	MT-RNR2	SRR19762552
TIMM23	PARGP1	SRR19762552
MYH9	RAC2	SRR19762552
NCOR2	UBC	SRR19762552
VTI1A	RP11-57H14.3	SRR19762552
IGH@-ext	MT-ND4	SRR19762552
PIM3	SCO2	SRR19762552
RP11-662M24.2	RIMBP2	SRR19762594
AKAP13	TRIM60	SRR19762594
RP11-367G6.3	FAM65B	SRR19762594
BOLA2B	RP11-345J4.8	SRR19762594
PFKFB3	RP11-563J2.2	SRR19762594
IGH-@-ext	RP11-66N5.2	SRR19762594
TIMM23	PARGP1	SRR19762594
C15orf57	CBX3	SRR19762594
ZEB1	HNRNPF	SRR19762668
TRPC5	IGH@-ext	SRR19762668
AKAP13	TRIM60	SRR19762668
PTMA	BOP1	SRR19762668
RP11-367G6.3	FAM65B	SRR19762668
RP11-96H19.1	RP11-446N19.1	SRR19762668
KANSL1	ARL17A	SRR19762668
TIMM23B	PARGP1	SRR19762668
RP6-206I17.1	RP11-403I13.8	SRR19762668
LEPR	LEPROT	SRR19762668
RP11-155G15.2	RP11-1E3.1	SRR19762668
RP6-206I17.1	RP11-403I13.7	SRR19762668
IGH-@-ext	RPL5	SRR19762668
IGH@-ext	MT-ATP8	SRR19762668
TIMM23	RP11-574K11.29	SRR19762668
C1ORF220	RP5-1098D14.1	SRR19762664
BOLA2B	RP11-345J4.8	SRR19762664
DDX5	ACTB	SRR19762664
C11orf54	RNASET2	SRR19762664
LEPR	LEPROT	SRR19762664
OAZ1	PTMA	SRR19762664
POLE	ANKLE2	SRR19762664
MFSD10	ACTB	SRR19762664
LSP1	CD81	SRR19762664
HMGN2	ACTB	SRR19762664
RP11-155G15.2	RP11-1E3.1	SRR19762664
RP11-367G6.3	FAM65B	SRR19762664
KANSL1	ARL17A	SRR19762664
RP6-206I17.1	RP11-403I13.8	SRR19762664
KLF16	OAZ1	SRR19762664
FAM168B	MICU3	SRR19762664
TIMM23	PARGP1	SRR19762664
RP11-313P13.3	CCDC146	SRR19762664
IGH-@-ext	MT-ND4	SRR19762664
EIF5A	EIF4A1	SRR19762664
TIMM23	AGAP6	SRR19762506
ZEB1	GNAS	SRR19762506
RP11-662M24.2	RIMBP2	SRR19762506
RP11-367G6.3	FAM65B	SRR19762506
RP11-96H19.1	RP11-446N19.1	SRR19762506
KANSL1	ARL17A	SRR19762506
LEPR	LEPROT	SRR19762506
EIF5A	EIF4A1	SRR19762506
OAZ1	ACTB	SRR19762506
KLF16	OAZ1	SRR19762506
TIMM23	PARGP1	SRR19762506
PTMA	ACTB	SRR19762506
TIMM23	RP11-574K11.29	SRR19762506
NUTM2A-AS1	MINPP1	SRR19762506
TCF3	OAZ1	SRR19762361
NOC4L	FBRSL1	SRR19762361
DDX5	OAZ1	SRR19762361
LEPR	LEPROT	SRR19762361
MAFF	CSNK1E	SRR19762361
TIMM23	RP11-574K11.29	SRR19762361
AKAP13	TRIM60	SRR19762361
SRSF1	DDX5	SRR19762361
OAZ1	SGTA	SRR19762361
RP11-155G15.2	RP11-1E3.1	SRR19762361
RP11-367G6.3	FAM65B	SRR19762361
FAM60A	DENND5B	SRR19762361
KLF16	OAZ1	SRR19762361
TIMM23	PARGP1	SRR19762361
PHF13	CAMTA1	SRR19762361
RNF126	DAZAP1	SRR19762361
HIST1H4E	IGH@-ext	SRR19762361
HSPA12A	RP11-539I5.1	SRR19762361
PFKFB3	RP11-563J2.2	SRR19762361
HMGB1	N4BP2L1	SRR19762361
EIF5A	EIF4A1	SRR19762361
OAZ1	SCO2	SRR19762361
IGH@-ext	HIST1H4E	SRR19762361
RP11-662M24.2	RIMBP2	SRR19762262
RP11-367G6.3	FAM65B	SRR19762262
PTMA	IRF4	SRR19762262
H3F3A	DDX5	SRR19762262
KANSL1	ARL17A	SRR19762262
PFKFB3	RP11-563J2.2	SRR19762262
KLHL36	USP10	SRR19762262
OAZ1	PTMA	SRR19762262
TIMM23	PARGP1	SRR19762262
DDX5	IRF4	SRR19762262
EIF5A	EIF4A1	SRR19762262
RP11-505E24.2	CHSY1	SRR19762262
SET	FNBP1	SRR19762609
RP11-662M24.2	RIMBP2	SRR19762609
RP11-367G6.3	FAM65B	SRR19762609
RP11-96H19.1	RP11-446N19.1	SRR19762609
KLHL3	RP11-381K20.2	SRR19762609
LEPR	LEPROT	SRR19762609
RP11-155G15.2	RP11-1E3.1	SRR19762609
TIMM23	PARGP1	SRR19762609
CTC-786C10.1	RP11-680G10.1	SRR19762609
TIMM23	RP11-574K11.29	SRR19762609
SEPT14	AC137934.1	SRR19762609
DAZAP1	OAZ1	SRR19762609
IGH@-ext	MT-ATP6	SRR19762758
IGH-@-ext	MT-CO3	SRR19762758
RP11-367G6.3	FAM65B	SRR19762758
BOLA2B	RP11-345J4.8	SRR19762758
IGH-@-ext	HLA-A	SRR19762758
IGH-@-ext	AC096579.7	SRR19762758
TIMM23	PARGP1	SRR19762758
TIMM23	RP11-574K11.29	SRR19762758
AC005062.2	MACC1	SRR19762758
RP11-367G6.3	FAM65B	SRR19762908
PFKFB3	RP11-563J2.2	SRR19762908
OAZ1	ACTB	SRR19762908
TIMM23	PARGP1	SRR19762908
TIMM23	RP11-574K11.29	SRR19762908
AC005062.2	MACC1	SRR19762908
RP11-367G6.3	FAM65B	SRR19762192
PFKFB3	RP11-563J2.2	SRR19762192
LEPR	LEPROT	SRR19762192
RP11-155G15.2	RP11-1E3.1	SRR19762192
TIMM23	PARGP1	SRR19762192
CTC-786C10.1	RP11-680G10.1	SRR19762192
IGH-@-ext	MT-CO3	SRR19762893
TIMM23	AGAP6	SRR19762893
EIF4ENIF1	PISD	SRR19762893
RP11-367G6.3	FAM65B	SRR19762893
IGH-@-ext	ACTB	SRR19762893
PFKFB3	RP11-563J2.2	SRR19762893
RP6-206I17.1	RP11-403I13.8	SRR19762893
MAFK	ACTB	SRR19762893
LEPR	LEPROT	SRR19762893
IGH-@-ext	MT-ND4	SRR19762893
IGH@-ext	MT-ND4	SRR19762893
BCKDHB	RP11-250B2.3	SRR19762893
KLF16	OAZ1	SRR19762893
TIMM23	PARGP1	SRR19762893
VTI1A	RP11-57H14.3	SRR19762893
TIMM23	RP11-574K11.29	SRR19762893
RP11-120D5.1	MID1	SRR19762893
EIF4A1	PTMA	SRR19762893
ACTB	FSCN1	SRR19762175
RP11-367G6.3	FAM65B	SRR19762175
BOLA2B	RP11-347C12.2	SRR19762175
RP11-96H19.1	RP11-446N19.1	SRR19762175
LEPR	LEPROT	SRR19762175
RP11-426C22.5	SNX29P2	SRR19762175
OAZ1	ACTB	SRR19762175
KLF16	OAZ1	SRR19762175
TIMM23	PARGP1	SRR19762175
TIMM23	RP11-574K11.29	SRR19762175
NUTM2A-AS1	MINPP1	SRR19762175
DAZAP1	OAZ1	SRR19762175
ACTB	FSCN1	SRR19762935
BSG	RNF126	SRR19762935
RP11-662M24.2	RIMBP2	SRR19762935
AKAP13	TRIM60	SRR19762935
PRKCH	RP11-47I22.3	SRR19762935
RP11-367G6.3	FAM65B	SRR19762935
DDX5	ACTB	SRR19762935
LEPR	LEPROT	SRR19762935
SEPT7P2	PSPH	SRR19762935
TIMM23	PARGP1	SRR19762935
RNF126	PTBP1	SRR19762935
TIMM23	RP11-574K11.29	SRR19762935
DOT1L	OAZ1	SRR19762760
LEPR	LEPROT	SRR19762760
OAZ1	PTMA	SRR19762760
DDX5	SET	SRR19762760
CLTC	VMP1	SRR19762760
GPX4	SBNO2	SRR19762760
TIMM23	RP11-574K11.29	SRR19762760
AC005062.2	MACC1	SRR19762760
EIF4A1	DDX5	SRR19762760
MAFK	ACTB	SRR19762760
SEPT7P2	PSPH	SRR19762760
ITM2C	PTMA	SRR19762760
IGLVI-70	IGL@-ext	SRR19762760
RP11-367G6.3	FAM65B	SRR19762760
TIMM23	PARGP1	SRR19762760
LINC00623	RP11-403I13.8	SRR19762760
RP11-96H19.1	RP11-446N19.1	SRR19762760
PTMA	IRF4	SRR19762760
BSG	PTBP1	SRR19762760
EIF5A	EIF4A1	SRR19762760
RPA3-AS1	GLCCI1	SRR19762921
RP11-367G6.3	FAM65B	SRR19762921
RP11-96H19.1	RP11-446N19.1	SRR19762921
SRSF1	DDX5	SRR19762921
NRIP1	AF127936.7	SRR19762921
PFKFB3	RP11-563J2.2	SRR19762921
DOT1L	OAZ1	SRR19762921
LEPR	LEPROT	SRR19762921
KLHL36	USP10	SRR19762921
ZEB1	B2M	SRR19762921
BSG	PTBP1	SRR19762921
DDX5	SET	SRR19762921
POLE	ANKLE2	SRR19762921
TIMM23	PARGP1	SRR19762921
RP11-120D5.1	MID1	SRR19762921
HMGN2	PTMA	SRR19762547
RP11-353N4.6	RP11-403I13.8	SRR19762547
LEPR	LEPROT	SRR19762547
IRF4	PTP4A1	SRR19762547
POLE	ANKLE2	SRR19762547
TIMM23	RP11-574K11.29	SRR19762547
YWHAE	CRK	SRR19762547
SRSF1	DDX5	SRR19762547
RP11-155G15.2	RP11-1E3.1	SRR19762547
NCOR2	UBC	SRR19762547
RP11-367G6.3	FAM65B	SRR19762547
NRIP1	AF127936.7	SRR19762547
BOLA2B	RP11-347C12.2	SRR19762547
IGKV2-10	AC096579.7	SRR19762547
KLF16	OAZ1	SRR19762547
TIMM23	PARGP1	SRR19762547
VTI1A	RP11-57H14.3	SRR19762547
KLF10	AZIN1	SRR19762547
SLC16A3	METRNL	SRR19762547
NUTM2A-AS1	MINPP1	SRR19762547
RPA3-AS1	GLCCI1	SRR19762547
PFKFB3	RP11-563J2.2	SRR19762547
PTMA	BOP1	SRR19762193
BOLA2B	RP11-345J4.8	SRR19762193
LEPR	LEPROT	SRR19762193
CLTC	VMP1	SRR19762193
POLE	ANKLE2	SRR19762193
TIMM23	RP11-574K11.29	SRR19762193
B3GNT2	EHBP1	SRR19762193
ZEB1	HNRNPF	SRR19762193
YWHAE	CRK	SRR19762193
SRSF1	DDX5	SRR19762193
SEPT7P2	PSPH	SRR19762193
RP11-745L13.2	RPL7AP28	SRR19762193
IGKV2-18	AC096579.7	SRR19762193
RP11-367G6.3	FAM65B	SRR19762193
TIMM23	PARGP1	SRR19762193
IGL-@-ext	CTB-13H5.1	SRR19762193
PTMA	IRF4	SRR19762193
POM121C	ZP3	SRR19762193
HLA-S	HLA-A	SRR19762193
PTMA	ACTB	SRR19762193
EIF5A	EIF4A1	SRR19762193
IGH@-ext	MT-ATP6	SRR19762828
RP11-1023L17.1	C1QTNF3	SRR19762828
RP11-367G6.3	FAM65B	SRR19762828
RP11-96H19.1	RP11-446N19.1	SRR19762828
PFKFB3	RP11-563J2.2	SRR19762828
RP6-206I17.1	RP11-403I13.8	SRR19762828
IGH@-ext	MT-CYB	SRR19762828
LEPR	LEPROT	SRR19762828
PTP4A1	EEF1A1P5	SRR19762828
NUTM2A-AS1	MINPP1	SRR19762828
TIMM23	PARGP1	SRR19762828
KLF16	OAZ1	SRR19762828
GUSBP2	GTF2H2C	SRR19762828
EIF5A	EIF4A1	SRR19762828
NCL	PTMA	SRR19762592
AKAP13	TRIM60	SRR19762592
SBNO1	SETD8	SRR19762592
RP11-367G6.3	FAM65B	SRR19762592
PFKFB3	RP11-563J2.2	SRR19762592
LEPR	LEPROT	SRR19762592
SEPT7P2	PSPH	SRR19762592
OAZ1	PTMA	SRR19762592
TIMM23	PARGP1	SRR19762592
BSG	PTMA	SRR19762592
TIMM23	RP11-574K11.29	SRR19762592
EIF5A	EIF4A1	SRR19762592
PIM3	SCO2	SRR19762592
AC005062.2	MACC1	SRR19762592
LINC00623	RP11-403I13.8	SRR19762437
RP11-662M24.2	RIMBP2	SRR19762437
IGH-@-ext	PTMA	SRR19762437
RP11-367G6.3	FAM65B	SRR19762437
BOLA2B	RP11-347C12.2	SRR19762437
LEPR	LEPROT	SRR19762437
EIF5A	EIF4A1	SRR19762437
RP11-155G15.2	RP11-1E3.1	SRR19762437
TIMM23	PARGP1	SRR19762437
PTMA	ACTB	SRR19762437
ATP6V0C	SRRM2	SRR19762437
ADRBK2	IGLL3P	SRR19762437
IGL-@-ext	PRAMENP	SRR19762437
IGLVI-70	IGL@-ext	SRR19762437
RP11-33B1.1	PSPH	SRR19762675
IGH@-ext	MT-ATP6	SRR19762675
RP11-367G6.3	FAM65B	SRR19762675
PFKFB3	RP11-563J2.2	SRR19762675
LEPR	LEPROT	SRR19762675
HLA-S	HLA-A	SRR19762675
TIMM23	PARGP1	SRR19762675
HCFC1	IGH@-ext	SRR19762814
YWHAE	CRK	SRR19762814
RP11-367G6.3	FAM65B	SRR19762814
SRSF1	DDX5	SRR19762814
RP11-96H19.1	RP11-446N19.1	SRR19762814
TIMM23B	PARGP1	SRR19762814
RP6-206I17.1	RP11-403I13.8	SRR19762814
LEPR	LEPROT	SRR19762814
SEPT7P2	PSPH	SRR19762814
BSG	RNF126	SRR19762814
RP11-155G15.2	RP11-1E3.1	SRR19762814
KLF16	OAZ1	SRR19762814
POLE	ANKLE2	SRR19762814
TIMM23	RP11-574K11.29	SRR19762814
BMI1	ZEB1	SRR19762579
LEPR	LEPROT	SRR19762579
SET	PKN3	SRR19762579
YWHAZ	AZIN1	SRR19762579
PRKCH	RP11-47I22.3	SRR19762579
SRSF1	DDX5	SRR19762579
PABPC1	YWHAZ	SRR19762579
RP11-155G15.2	RP11-1E3.1	SRR19762579
NCOR2	UBC	SRR19762579
RP11-367G6.3	FAM65B	SRR19762579
SF1	CFL1	SRR19762579
BSG	RNF126	SRR19762579
KLF16	OAZ1	SRR19762579
TIMM23	PARGP1	SRR19762579
SLC7A5	SMG1P1	SRR19762579
LINC00158	AP000233.4	SRR19762579
PIM3	SCO2	SRR19762579
USP12	HMGB1	SRR19762579
EIF4A1	FASN	SRR19762579
HLA-S	HLA-A	SRR19762579
DTX2P1	CCDC146	SRR19762579
EIF5A	EIF4A1	SRR19762579
RAB2A	KCNS2	SRR19762622
ACTB	RNF216	SRR19762622
RP11-367G6.3	FAM65B	SRR19762622
NRIP1	AF127936.7	SRR19762622
OAZ1	IRF4	SRR19762622
LEPR	LEPROT	SRR19762622
C7orf50	ACTB	SRR19762622
SEPT7P2	PSPH	SRR19762622
TIMM23	PARGP1	SRR19762622
SUMO3	SLC19A1	SRR19762622
CHN1	ATF2	SRR19762203
LINC00623	RP11-403I13.8	SRR19762203
TCF3	OAZ1	SRR19762203
RP11-662M24.2	RIMBP2	SRR19762203
RP11-367G6.3	FAM65B	SRR19762203
LEPR	LEPROT	SRR19762203
TIMM23	PARGP1	SRR19762203
POLE	ANKLE2	SRR19762203
TIMM23	RP11-574K11.29	SRR19762203
EIF5A	EIF4A1	SRR19762203
SIK1	ACTB	SRR19762189
NCL	PTMA	SRR19762189
RP11-367G6.3	FAM65B	SRR19762189
RP6-206I17.1	RP11-403I13.8	SRR19762189
KLHL36	USP10	SRR19762189
SLC7A5	RP11-347C12.2	SRR19762189
OAZ1	ACTB	SRR19762189
TIMM23	PARGP1	SRR19762189
PTMA	ACTB	SRR19762189
IGKV2-29	AC096579.7	SRR19762189
TIMM23	RP11-574K11.29	SRR19762189
EIF4A1	ACTB	SRR19762189
ACTB	RNF216	SRR19762340
RP11-367G6.3	FAM65B	SRR19762340
RP11-96H19.1	RP11-446N19.1	SRR19762340
IGH-@-ext	ACTB	SRR19762340
ABI1	KAT6A	SRR19762340
LEPR	LEPROT	SRR19762340
KDM8	IL4R	SRR19762340
SEPT7P2	PSPH	SRR19762340
OAZ1	PTMA	SRR19762340
IGL-@-ext	RPS3	SRR19762340
EEF1DP3	FRY	SRR19762340
TIMM23	PARGP1	SRR19762340
C15orf57	CBX3	SRR19762340
PTMA	ACTB	SRR19762340
TIMM23	RP11-574K11.29	SRR19762340
EIF5A	EIF4A1	SRR19762340
RP11-367G6.3	FAM65B	SRR19762933
KANSL1	ARL17A	SRR19762933
SEPT7P2	PSPH	SRR19762933
TIMM23	PARGP1	SRR19762933
BMS1	PARG	SRR19762933
PTMA	ACTB	SRR19762933
TIMM23	RP11-574K11.29	SRR19762933
IGLVI-70	IGL@-ext	SRR19762933
SBNO2	KLF16	SRR19762930
LEPR	LEPROT	SRR19762930
FUS	DDX5	SRR19762930
DDX5	SET	SRR19762930
C5orf56	RAD50	SRR19762930
RNF126	PTBP1	SRR19762930
RUNX3	IGH@-ext	SRR19762930
PTMA	ING5	SRR19762930
YWHAE	CRK	SRR19762930
SRSF1	DDX5	SRR19762930
ZEB1	IRF4	SRR19762930
PTMA	MKLN1-AS1	SRR19762930
EIF4A1	LRCH4	SRR19762930
RP11-367G6.3	FAM65B	SRR19762930
KLF16	OAZ1	SRR19762930
TIMM23	PARGP1	SRR19762930
KLF10	AZIN1	SRR19762930
NUDT3	RPS10	SRR19762930
PIM3	SCO2	SRR19762930
YWHAE	MYO1C	SRR19762930
OAZ1	IRF4	SRR19762930
PFKFB3	RP11-563J2.2	SRR19762930
SETD1A	FUS	SRR19762930
BSG	PTBP1	SRR19762930
LAPTM5	MT-ND4	SRR19762930
EIF5A	EIF4A1	SRR19762930
AC092635.1	AC016730.1	SRR19762645
RP11-1E3.1	RP11-455B3.1	SRR19762645
RP11-96H19.1	RP11-446N19.1	SRR19762645
PRCP	RAB30	SRR19762645
RP11-155G15.2	RP11-1E3.1	SRR19762645
TIMM23	PARGP1	SRR19762645
C15orf57	CBX3	SRR19762645
RP11-96P7.1	CTD-2336H13.2	SRR19762645
KANSL1	ARL17B	SRR19762826
RP11-367G6.3	FAM65B	SRR19762826
RP11-96H19.1	RP11-446N19.1	SRR19762826
DOT1L	OAZ1	SRR19762826
YWHAZ	ZNF706	SRR19762826
LEPR	LEPROT	SRR19762826
RP11-155G15.2	RP11-1E3.1	SRR19762826
KLF16	OAZ1	SRR19762826
TIMM23	PARGP1	SRR19762826
TIMM23	RP11-574K11.29	SRR19762826
ACTB	FSCN1	SRR19762817
SRSF1	DDX5	SRR19762817
TPM4	KLF2	SRR19762817
LEPR	LEPROT	SRR19762817
TIMM23	PARGP1	SRR19762817
EIF5A	EIF4A1	SRR19762817
RP11-367G6.3	FAM65B	SRR19762595
RP11-96H19.1	RP11-446N19.1	SRR19762595
IGL-@-ext	L3MBTL1	SRR19762595
KLHL36	USP10	SRR19762595
TIMM23	PARGP1	SRR19762595
TIMM23	RP11-574K11.29	SRR19762595
EIF5A	EIF4A1	SRR19762595
ACTB	FSCN1	SRR19762772
RP11-367G6.3	FAM65B	SRR19762772
RP11-96H19.1	RP11-446N19.1	SRR19762772
RP6-206I17.1	RP11-403I13.8	SRR19762772
LEPR	LEPROT	SRR19762772
IGH-@-ext	ATXN2	SRR19762772
BSG	PTBP1	SRR19762772
TIMM23	PARGP1	SRR19762772
PTMA	ACTB	SRR19762772
SPTAN1	SET	SRR19762772
VTI1A	RP11-57H14.3	SRR19762772
TIMM23	RP11-574K11.29	SRR19762772
EIF5A	EIF4A1	SRR19762772
NUDT3	RPS10	SRR19762772
EIF4A1	PTMA	SRR19762772
RP11-367G6.3	FAM65B	SRR19762741
BOLA2B	RP11-347C12.2	SRR19762741
RP11-96H19.1	RP11-446N19.1	SRR19762741
KANSL1	ARL17A	SRR19762741
LEPR	LEPROT	SRR19762741
RP11-155G15.2	RP11-1E3.1	SRR19762741
CTD-2012K14.6	CTCF	SRR19762741
TIMM23	PARGP1	SRR19762741
PTMA	ACTB	SRR19762741
IGH-@-ext	MT-RNR2	SRR19762741
EIF4A1	ACTB	SRR19762741
EIF5A	EIF4A1	SRR19762741
NUDT3	RPS10	SRR19762741
EIF4A1	PTMA	SRR19762741
AC005062.2	MACC1	SRR19762741
RP11-367G6.3	FAM65B	SRR19762683
RP6-206I17.1	RP11-403I13.8	SRR19762683
LEPR	LEPROT	SRR19762683
BSG	RNF126	SRR19762683
SOCS5	AC016722.2	SRR19762683
NCOR2	UBC	SRR19762683
TIMM23	PARGP1	SRR19762683
AC005062.2	MACC1	SRR19762683
EIF5A	EIF4A1	SRR19762683
IGLVI-70	IGL@-ext	SRR19762683
YWHAE	CRK	SRR19762341
RP11-96H19.1	RP11-446N19.1	SRR19762341
NRIP1	AF127936.7	SRR19762341
KANSL1	ARL17A	SRR19762341
IGH-@-ext	RP11-434D2.11	SRR19762341
RP6-206I17.1	RP11-403I13.8	SRR19762341
RAC2	ACTB	SRR19762341
KLF16	OAZ1	SRR19762341
TIMM23	PARGP1	SRR19762341
B2M	IGH@-ext	SRR19762341
TIMM23	RP11-574K11.29	SRR19762341
IGLVI-70	IGL@-ext	SRR19762341
RAB2A	KCNS2	SRR19762718
BOLA2B	RP11-345J4.8	SRR19762718
EP400	GALNT9	SRR19762718
LEPR	LEPROT	SRR19762718
OAZ1	PTMA	SRR19762718
IGH-@-ext	NIP7	SRR19762718
RNF126	PTBP1	SRR19762718
TIMM23	RP11-574K11.29	SRR19762718
B2M	MKNK2	SRR19762718
SRSF1	DDX5	SRR19762718
NCOR2	UBC	SRR19762718
ZC3H3	EEF1D	SRR19762718
PTMA	HNRNPA2B1	SRR19762718
PQLC1	ADNP2	SRR19762718
RP11-367G6.3	FAM65B	SRR19762718
KANSL1	ARL17A	SRR19762718
KLF16	OAZ1	SRR19762718
TIMM23	PARGP1	SRR19762718
SLC7A5	SMG1P1	SRR19762718
PFKFB3	RP11-563J2.2	SRR19762718
EIF5A	EIF4A1	SRR19762718
DOT1L	OAZ1	SRR19762448
LEPR	LEPROT	SRR19762448
POLE	ANKLE2	SRR19762448
B3GNT2	EHBP1	SRR19762448
BEST1	HNRNPA0	SRR19762448
MAFK	ACTB	SRR19762448
RP11-155G15.2	RP11-1E3.1	SRR19762448
ZC3H3	EEF1D	SRR19762448
RP11-367G6.3	FAM65B	SRR19762448
NRIP1	AF127936.7	SRR19762448
KANSL1	ARL17A	SRR19762448
TBC1D27	RP11-344E13.3	SRR19762448
RP6-206I17.1	RP11-403I13.8	SRR19762448
TIMM23	PARGP1	SRR19762448
RPA3-AS1	GLCCI1	SRR19762448
RP11-96H19.1	RP11-446N19.1	SRR19762448
RP11-353N4.6	RP11-403I13.7	SRR19762448
OAZ1	ACTB	SRR19762448
P2RX5	ACTB	SRR19762448
PTMA	ACTB	SRR19762448
EIF5A	EIF4A1	SRR19762448
OAZ1	TRABD	SRR19762448
HMGN2	PTMA	SRR19762517
TPM4	PTMA	SRR19762517
LEPR	LEPROT	SRR19762517
POLE	ANKLE2	SRR19762517
PLEKHO1	ANP32E	SRR19762517
YWHAE	CRK	SRR19762517
AP3S1	AQPEP	SRR19762517
SEPT7P2	PSPH	SRR19762517
RP11-155G15.2	RP11-1E3.1	SRR19762517
KANSL1	ARL17B	SRR19762517
RP11-367G6.3	FAM65B	SRR19762517
NRIP1	AF127936.7	SRR19762517
COTL1	KLHL36	SRR19762517
BSG	RNF126	SRR19762517
TIMM23	PARGP1	SRR19762517
PIM3	SCO2	SRR19762517
SOCS5	AC016722.2	SRR19762517
EPB41L2	IGH-@-ext	SRR19762517
RP11-96H19.1	RP11-446N19.1	SRR19762517
PFKFB3	RP11-563J2.2	SRR19762517
SETD1A	FUS	SRR19762517
EIF5A	EIF4A1	SRR19762517
ZEB1	HNRNPF	SRR19762391
YWHAE	CRK	SRR19762391
LINC00623	RP11-403I13.8	SRR19762391
ACTB	RNF216	SRR19762391
RP11-96H19.1	RP11-446N19.1	SRR19762391
LEPR	LEPROT	SRR19762391
DAZAP1	C19orf25	SRR19762391
TIMM23	PARGP1	SRR19762391
PTMA	ACTB	SRR19762391
PTMA	LRCH4	SRR19762391
TIMM23	RP11-574K11.29	SRR19762391
AC005062.2	MACC1	SRR19762391
RP11-1E3.1	RP11-455B3.1	SRR19762226
C5orf56	RAD50	SRR19762226
RP11-367G6.3	FAM65B	SRR19762226
KANSL1	ARL17A	SRR19762226
DOT1L	OAZ1	SRR19762226
LEPR	LEPROT	SRR19762226
RP11-155G15.2	RP11-1E3.1	SRR19762226
RAB38	CTSC	SRR19762226
TIMM23	PARGP1	SRR19762226
POLE	ANKLE2	SRR19762226
HLA-S	HLA-A	SRR19762226
RP11-444D3.1	SOX5	SRR19762226
TIMM23	RP11-574K11.29	SRR19762226
EIF5A	EIF4A1	SRR19762226
PIM3	SCO2	SRR19762226
PALM	PTBP1	SRR19762488
RP11-367G6.3	FAM65B	SRR19762488
PFKFB3	RP11-563J2.2	SRR19762488
RP6-206I17.1	RP11-403I13.8	SRR19762488
LEPR	LEPROT	SRR19762488
RAB38	CTSC	SRR19762488
TIMM23	PARGP1	SRR19762488
ST6GALNAC4	PIP5KL1	SRR19762488
TIMM23	RP11-574K11.29	SRR19762488
RP11-120D5.1	MID1	SRR19762488
PTMA	PPARGC1B	SRR19762598
RP11-662M24.2	RIMBP2	SRR19762598
LEPR	LEPROT	SRR19762598
OAZ1	PTMA	SRR19762598
RAB38	CTSC	SRR19762598
TIMM23	RP11-574K11.29	SRR19762598
AC005062.2	MACC1	SRR19762598
EEF1DP3	FRY	SRR19762598
RP11-155G15.2	RP11-1E3.1	SRR19762598
RP6-206I17.1	RP11-403I13.7	SRR19762598
NCOR2	UBC	SRR19762598
KANSL1	ARL17B	SRR19762598
RP11-367G6.3	FAM65B	SRR19762598
NRIP1	AF127936.7	SRR19762598
DDX5	EEF1A1	SRR19762598
RP6-206I17.1	RP11-403I13.8	SRR19762598
RP11-426C22.5	SNX29P2	SRR19762598
BSG	RNF126	SRR19762598
KLF16	OAZ1	SRR19762598
TIMM23	PARGP1	SRR19762598
SOCS5	AC016722.2	SRR19762598
RPA3-AS1	GLCCI1	SRR19762598
RP11-96H19.1	RP11-446N19.1	SRR19762598
IGKV2-26	AC096579.7	SRR19762598
KLHL36	USP10	SRR19762598
RP11-316P17.2	RP5-1050E16.2	SRR19762598
EIF5A	EIF4A1	SRR19762598
EIF4A1	PTMA	SRR19762598
DHX40	KPNA2	SRR19762520
RP11-96H19.1	RP11-446N19.1	SRR19762520
KANSL1	ARL17A	SRR19762520
RP6-206I17.1	RP11-403I13.8	SRR19762520
LEPR	LEPROT	SRR19762520
TIMM23	RP11-574K11.29	SRR19762520
RP11-155G15.2	RP11-1E3.1	SRR19762520
IGL-@-ext	EEF1A1	SRR19762520
TIMM23	PARGP1	SRR19762520
IGH-@-ext	MT-RNR2	SRR19762520
IGKV1D-27	AC096579.7	SRR19762520
EIF5A	EIF4A1	SRR19762520
AC005062.2	MACC1	SRR19762520
ACAD10	MAPKAPK5	SRR19762809
RP11-367G6.3	FAM65B	SRR19762809
RP11-96H19.1	RP11-446N19.1	SRR19762809
RP6-206I17.1	RP11-403I13.8	SRR19762809
LEPR	LEPROT	SRR19762809
TIMM23	PARGP1	SRR19762809
PTMA	ACTB	SRR19762809
ZC3H3	EEF1D	SRR19762809
MAFF	CSNK1E	SRR19762809
DAZAP1	OAZ1	SRR19762809
OAZ1	RAC2	SRR19762925
SEMA4C	PIM3	SRR19762925
MGAT5	GRSF1	SRR19762925
RCC1	RBM5	SRR19762925
LEPR	LEPROT	SRR19762925
DDX50	KDM5A	SRR19762925
OAZ1	PTMA	SRR19762925
TOPBP1	FAM133B	SRR19762925
CTD-2012K14.6	CTCF	SRR19762925
KDM3A	BOD1	SRR19762925
TXNDC5	BLOC1S5	SRR19762925
RNF126	PTBP1	SRR19762925
TIMM23	RP11-574K11.29	SRR19762925
IGL-@-ext	MPP3	SRR19762925
SF1	EIF4A1	SRR19762925
SFPQ	HIF1A	SRR19762925
EIF4A1	AC113189.5	SRR19762925
SDF4	SSU72	SRR19762925
TMEM175	MRPS30	SRR19762925
MAFK	ACTB	SRR19762925
SSU72	VPS13B	SRR19762925
RP11-155G15.2	RP11-1E3.1	SRR19762925
NCOR2	UBC	SRR19762925
C7orf50	MAFK	SRR19762925
HSD17B12	MOB3A	SRR19762925
PLXNB2	SCO2	SRR19762925
IGLVI-70	IGL@-ext	SRR19762925
RP11-367G6.3	FAM65B	SRR19762925
NRIP1	AF127936.7	SRR19762925
COTL1	KLHL36	SRR19762925
TIMM23	PARGP1	SRR19762925
VTI1A	RP11-57H14.3	SRR19762925
ANP32A	PTMA	SRR19762925
PIM3	SCO2	SRR19762925
EIF4A1	ACTB	SRR19762925
USP12	HMGB1	SRR19762925
LINC00623	RP11-403I13.8	SRR19762925
RPA3-AS1	GLCCI1	SRR19762925
CCDC41	TMCC3	SRR19762925
RP11-96H19.1	RP11-446N19.1	SRR19762925
IGL-@-ext	AC096579.7	SRR19762925
PPP1R12C	ACTB	SRR19762925
B2M	ACTB	SRR19762925
PTMA	ACTB	SRR19762925
EIF5A	EIF4A1	SRR19762925
OAZ1	SCO2	SRR19762925
FASN	ACTB	SRR19762864
RP11-367G6.3	FAM65B	SRR19762864
EIF4A1	ACTB	SRR19762864
PFKFB3	RP11-563J2.2	SRR19762864
RP6-206I17.1	RP11-403I13.8	SRR19762864
LEPR	LEPROT	SRR19762864
RP11-155G15.2	RP11-1E3.1	SRR19762864
KLF16	OAZ1	SRR19762864
OAZ1	ACTB	SRR19762864
TIMM23	PARGP1	SRR19762864
PTMA	ACTB	SRR19762864
HLA-S	HLA-A	SRR19762864
SBNO2	PTMA	SRR19762864
PIM3	ACTB	SRR19762864
ACTB	SET	SRR19762864
SERPINB9	RIPK1	SRR19762864
AKAP13	TRIM60	SRR19762481
RP11-367G6.3	FAM65B	SRR19762481
NOC4L	FBRSL1	SRR19762481
SEPT7P2	PSPH	SRR19762481
TIMM23	PARGP1	SRR19762481
RP11-367G6.3	FAM65B	SRR19762827
IGH@-ext	EEF1A1	SRR19762827
PI4KA	HIC2	SRR19762827
TIMM23	PARGP1	SRR19762827
RP5-882C2.2	BSG	SRR19762570
RP11-367G6.3	FAM65B	SRR19762570
RP11-96H19.1	RP11-446N19.1	SRR19762570
RABL6	EDF1	SRR19762570
RP6-206I17.1	RP11-403I13.8	SRR19762570
SRGAP3	RP11-380O24.1	SRR19762570
LEPR	LEPROT	SRR19762570
MAFK	ACTB	SRR19762570
B2M	ACTB	SRR19762570
BSG	RNF126	SRR19762570
RP11-155G15.2	RP11-1E3.1	SRR19762570
POM121C	ZP3	SRR19762570
TIMM23	PARGP1	SRR19762570
POLE	ANKLE2	SRR19762570
PTMA	ACTB	SRR19762570
RNF126	PTBP1	SRR19762570
RP11-442A13.1	AC073082.3	SRR19762570
DAZAP1	OAZ1	SRR19762570
SET	FNBP1	SRR19762881
BOLA2B	RP11-345J4.8	SRR19762881
DOT1L	OAZ1	SRR19762881
LEPR	LEPROT	SRR19762881
TIMM23	RP11-574K11.29	SRR19762881
MAFK	ACTB	SRR19762881
SEPT7P2	PSPH	SRR19762881
MIR155HG	JAM2	SRR19762881
IGLVI-70	IGL@-ext	SRR19762881
RP11-367G6.3	FAM65B	SRR19762881
CTD-2384A14.1	RP11-148E17.1	SRR19762881
UBE2J2	PTMA	SRR19762881
NOC4L	ANKLE2	SRR19762881
TIMM23	PARGP1	SRR19762881
KLF10	AZIN1	SRR19762881
SOCS5	AC016722.2	SRR19762881
EIF4A1	ACTB	SRR19762881
RP11-96H19.1	RP11-446N19.1	SRR19762881
PFKFB3	RP11-563J2.2	SRR19762881
IGH@-ext	MT-RNR2	SRR19762881
PTMA	ACTB	SRR19762881
EIF5A	EIF4A1	SRR19762881
ZEB1	HNRNPF	SRR19762466
RP11-367G6.3	FAM65B	SRR19762466
BOLA2B	RP11-345J4.8	SRR19762466
PFKFB3	RP11-563J2.2	SRR19762466
LEPR	LEPROT	SRR19762466
KLF16	OAZ1	SRR19762466
TIMM23	PARGP1	SRR19762466
EIF5A	EIF4A1	SRR19762466
PIM3	SCO2	SRR19762466
IGH-@-ext	HLA-B	SRR19762345
RP11-367G6.3	FAM65B	SRR19762345
KANSL1	ARL17A	SRR19762345
PFKFB3	RP11-563J2.2	SRR19762345
RP6-206I17.1	RP11-403I13.8	SRR19762345
LEPR	LEPROT	SRR19762345
KLF16	OAZ1	SRR19762345
TIMM23	PARGP1	SRR19762345
POLE	ANKLE2	SRR19762345
ILDR2	IGH@-ext	SRR19762345
TIMM23	RP11-574K11.29	SRR19762345
EIF5A	EIF4A1	SRR19762345
PLXNB2	SCO2	SRR19762497
RP11-367G6.3	FAM65B	SRR19762497
RP11-96H19.1	RP11-446N19.1	SRR19762497
IRF4	CDKN1A	SRR19762497
KANSL1	ARL17A	SRR19762497
SRSF1	DDX5	SRR19762497
DDX5	EEF1A1	SRR19762497
LEPR	LEPROT	SRR19762497
RP11-155G15.2	RP11-1E3.1	SRR19762497
RP11-745L13.2	RPL7AP28	SRR19762497
B2M	SET	SRR19762497
TIMM23	PARGP1	SRR19762497
EIF5A	EIF4A1	SRR19762497
ZEB1	HNRNPF	SRR19762610
RPA3-AS1	GLCCI1	SRR19762610
GPR128	TFG	SRR19762610
RP11-367G6.3	FAM65B	SRR19762610
RP11-96H19.1	RP11-446N19.1	SRR19762610
PVT1	MYC	SRR19762610
SLCO4A1	OGFR	SRR19762610
LEPR	LEPROT	SRR19762610
YWHAE	PITPNA	SRR19762610
RP11-155G15.2	RP11-1E3.1	SRR19762610
KLF16	OAZ1	SRR19762610
RP11-426C22.5	SNX29P2	SRR19762610
TIMM23	PARGP1	SRR19762610
EIF5A	EIF4A1	SRR19762610
TIMM23	RP11-574K11.29	SRR19762610
EIF5A	EIF4A1	SRR19762610
RP11-120D5.1	MID1	SRR19762610
SOCS5	AC016722.2	SRR19762610
RP11-662M24.2	RIMBP2	SRR19762584
IRF4	SET	SRR19762584
RP11-367G6.3	FAM65B	SRR19762584
BOLA2B	RP11-345J4.8	SRR19762584
NRIP1	AF127936.7	SRR19762584
UBQLN1	HNRNPK	SRR19762584
TIMM23	PARGP1	SRR19762584
COX6A1	GATC	SRR19762584
NUDT3	RPS10	SRR19762584
PIM3	SCO2	SRR19762584
AC131097.3	AC093642.5	SRR19762823
C1ORF220	RP5-1098D14.1	SRR19762823
RP11-367G6.3	FAM65B	SRR19762823
BOLA2B	RP11-345J4.8	SRR19762823
IGL-@-ext	RPL8	SRR19762823
KANSL1	ARL17A	SRR19762823
TPM4	PTMA	SRR19762823
RP6-206I17.1	RP11-403I13.8	SRR19762823
RP11-96H19.1	RP11-446N19.1	SRR19762823
LEPR	LEPROT	SRR19762823
SRSF1	DDX5	SRR19762823
OAZ1	PTMA	SRR19762823
IGL-@-ext	RPS18	SRR19762823
TIMM23	PARGP1	SRR19762823
IGH@-ext	MT-ATP8	SRR19762823
TIMM23	RP11-574K11.29	SRR19762823
EIF5A	EIF4A1	SRR19762823
EIF4A1	PTMA	SRR19762823
ACTB	FSCN1	SRR19762186
SET	FNBP1	SRR19762186
LINC00623	RP11-403I13.8	SRR19762186
RP11-367G6.3	FAM65B	SRR19762186
RP11-206L10.8	SEPT14	SRR19762186
LEPR	LEPROT	SRR19762186
OAZ1	PTMA	SRR19762186
RP11-426C22.5	SNX29P2	SRR19762186
TIMM23	PARGP1	SRR19762186
PTMA	ACTB	SRR19762186
CSNK1G2	OAZ1	SRR19762186
VTI1A	RP11-57H14.3	SRR19762186
TGDS	SRSF1	SRR19762186
SLC7A5	SMG1P1	SRR19762186
EIF5A	EIF4A1	SRR19762186
PIM3	SCO2	SRR19762186
IGH@-ext	MT-ATP6	SRR19762351
BSG	RNF126	SRR19762351
RP11-367G6.3	FAM65B	SRR19762351
RP11-96H19.1	RP11-446N19.1	SRR19762351
KANSL1	ARL17A	SRR19762351
DOT1L	OAZ1	SRR19762351
LEPR	LEPROT	SRR19762351
PTMA	FNBP1	SRR19762351
IGH-@-ext	MT-ND4	SRR19762351
KLF16	OAZ1	SRR19762351
TIMM23	PARGP1	SRR19762351
POLE	ANKLE2	SRR19762351
C5orf56	RAD50	SRR19762351
VTI1A	RP11-57H14.3	SRR19762351
TIMM23	RP11-574K11.29	SRR19762351
MIR155HG	JAM2	SRR19762351
RP11-662M24.2	RIMBP2	SRR19762750
RP11-367G6.3	FAM65B	SRR19762750
IGH-@-ext	ACTB	SRR19762750
PFKFB3	RP11-563J2.2	SRR19762750
LEPR	LEPROT	SRR19762750
TIMM23	PARGP1	SRR19762750
PTMA	ACTB	SRR19762750
EIF5A	EIF4A1	SRR19762750
SUZ12P	CRLF3	SRR19762750
SET	FNBP1	SRR19762849
LEPR	LEPROT	SRR19762849
B2M	AC013394.2	SRR19762849
TIMM23	RP11-574K11.29	SRR19762849
ZEB1	HNRNPF	SRR19762849
SET	EDF1	SRR19762849
SRSF1	DDX5	SRR19762849
B2M	FUS	SRR19762849
RP11-155G15.2	RP11-1E3.1	SRR19762849
NCOR2	UBC	SRR19762849
MIR155HG	JAM2	SRR19762849
IGLVI-70	IGL@-ext	SRR19762849
RP11-367G6.3	FAM65B	SRR19762849
NRIP1	AF127936.7	SRR19762849
BSG	RNF126	SRR19762849
KLF16	OAZ1	SRR19762849
TIMM23	PARGP1	SRR19762849
PIM3	SCO2	SRR19762849
RP11-96H19.1	RP11-446N19.1	SRR19762849
KLHL36	USP10	SRR19762849
EIF5A	EIF4A1	SRR19762849
DAZAP1	OAZ1	SRR19762849
ZEB1	HNRNPF	SRR19762521
RP11-1E3.1	RP11-455B3.1	SRR19762521
SIK1	ACTB	SRR19762521
LINC00623	RP11-403I13.8	SRR19762521
RP11-662M24.2	RIMBP2	SRR19762521
RP11-367G6.3	FAM65B	SRR19762521
NRIP1	AF127936.7	SRR19762521
RP11-96H19.1	RP11-446N19.1	SRR19762521
KANSL1	ARL17A	SRR19762521
TIMM23B	PARGP1	SRR19762521
LEPR	LEPROT	SRR19762521
EEF1DP3	FRY	SRR19762521
RP11-155G15.2	RP11-1E3.1	SRR19762521
KLF16	OAZ1	SRR19762521
POLE	ANKLE2	SRR19762521
SLC7A5	SMG1P1	SRR19762521
TIMM23	RP11-574K11.29	SRR19762521
SBNO2	DAZAP1	SRR19762521
ACTB	FSCN1	SRR19762453
POLE	FUS	SRR19762453
YWHAE	CRK	SRR19762453
SET	EDF1	SRR19762453
SET	FNBP1	SRR19762453
ARID4B	HNRNPA2B1	SRR19762453
RP11-367G6.3	FAM65B	SRR19762453
NRIP1	AF127936.7	SRR19762453
RP11-96H19.1	RP11-446N19.1	SRR19762453
KANSL1	ARL17A	SRR19762453
LEPR	LEPROT	SRR19762453
RP11-120D5.1	MID1	SRR19762453
RP11-155G15.2	RP11-1E3.1	SRR19762453
TIMM23	PARGP1	SRR19762453
BMS1	PARG	SRR19762453
C5orf56	RAD50	SRR19762453
TIMM23	RP11-574K11.29	SRR19762453
ACTB	SET	SRR19762453
RP11-33B1.1	PSPH	SRR19762685
RP11-662M24.2	RIMBP2	SRR19762685
BSG	RNF126	SRR19762685
NCL	PTMA	SRR19762685
BOLA2B	RP11-345J4.8	SRR19762685
DOT1L	OAZ1	SRR19762685
HMGN2	ACTB	SRR19762685
ELL	UBA52	SRR19762685
RP11-155G15.2	RP11-1E3.1	SRR19762685
KLF16	OAZ1	SRR19762685
TIMM23	PARGP1	SRR19762685
PTMA	ACTB	SRR19762685
IGKV2-29	AC096579.7	SRR19762685
MIR155HG	JAM2	SRR19762685
B2M	YWHAE	SRR19762685
PIM3	SCO2	SRR19762685
IGLVI-70	IGL@-ext	SRR19762685
RP11-367G6.3	FAM65B	SRR19762901
RP11-96H19.1	RP11-446N19.1	SRR19762901
OGN	IPPK	SRR19762901
DOT1L	OAZ1	SRR19762901
LEPR	LEPROT	SRR19762901
RAB38	CTSC	SRR19762901
TIMM23	PARGP1	SRR19762901
IGKV2-29	AC096579.7	SRR19762901
IGLVI-70	IGL@-ext	SRR19762901
SIK1	ACTB	SRR19762615
RP11-367G6.3	FAM65B	SRR19762615
RP11-96H19.1	RP11-446N19.1	SRR19762615
KLHL3	RP11-381K20.2	SRR19762615
PFKFB3	RP11-563J2.2	SRR19762615
PTBP1	ACTB	SRR19762615
TPM4	ACTB	SRR19762615
LEPR	LEPROT	SRR19762615
LIMD2	OAZ1	SRR19762615
VTI1A	RP11-57H14.3	SRR19762615
OAZ1	ACTB	SRR19762615
TIMM23	PARGP1	SRR19762615
PTMA	ACTB	SRR19762615
ANP32A	PTMA	SRR19762615
TIMM23	RP11-574K11.29	SRR19762615
CFL1	ACTB	SRR19762615
PIM3	SCO2	SRR19762615
EIF4A1	ACTB	SRR19762615
LEPR	LEPROT	SRR19762582
RAB38	CTSC	SRR19762582
IGH@-ext	MT-ATP6	SRR19762582
ACTB	RNF216	SRR19762582
NCOR2	UBC	SRR19762582
IGLVI-70	IGL@-ext	SRR19762582
RP11-367G6.3	FAM65B	SRR19762582
BOLA2B	RP11-347C12.2	SRR19762582
RP6-206I17.1	RP11-403I13.8	SRR19762582
RP13-188A5.1	KLF8	SRR19762582
TIMM23	PARGP1	SRR19762582
SLC7A5	SMG1P1	SRR19762582
ACTB	FSCN1	SRR19762582
RPA3-AS1	GLCCI1	SRR19762582
RP11-96H19.1	RP11-446N19.1	SRR19762582
PFKFB3	RP11-563J2.2	SRR19762582
BSG	PTBP1	SRR19762582
PTMA	ACTB	SRR19762582
DAZAP1	OAZ1	SRR19762582
RP11-33B1.1	PSPH	SRR19762877
OAZ1	SET	SRR19762877
SLC35F2	BIVM	SRR19762877
RP11-367G6.3	FAM65B	SRR19762877
RNF126	POLR2E	SRR19762877
PTBP1	TMEM259	SRR19762877
DOT1L	OAZ1	SRR19762877
RP6-206I17.1	RP11-403I13.8	SRR19762877
LEPR	LEPROT	SRR19762877
RP11-155G15.2	RP11-1E3.1	SRR19762877
TIMM23	PARGP1	SRR19762877
TIMM23	RP11-574K11.29	SRR19762877
HIATL1	RP11-307E17.8	SRR19762585
TPM4	ACTB	SRR19762585
RP11-444D3.1	SOX5	SRR19762585
TIMM23	RP11-574K11.29	SRR19762585
ACTB	RNF216	SRR19762585
SEPT7P2	PSPH	SRR19762585
IGLVI-70	IGL@-ext	SRR19762585
RP11-367G6.3	FAM65B	SRR19762585
RP6-206I17.1	RP11-403I13.8	SRR19762585
TIMM23	PARGP1	SRR19762585
SLC7A5	SMG1P1	SRR19762585
LINC00158	AP000233.4	SRR19762585
RP11-120D5.1	MID1	SRR19762585
USP12	HMGB1	SRR19762585
EZH2	ZNF777	SRR19762585
RP11-96H19.1	RP11-446N19.1	SRR19762585
HLA-S	HLA-A	SRR19762585
PTMA	ACTB	SRR19762585
EIF5A	EIF4A1	SRR19762585
OAZ1	RAC2	SRR19762706
RP11-662M24.2	RIMBP2	SRR19762706
TCF3	OAZ1	SRR19762706
DOT1L	OAZ1	SRR19762706
LEPR	LEPROT	SRR19762706
POLE	ANKLE2	SRR19762706
BSG	PTMA	SRR19762706
IGH-@-ext	PTMA	SRR19762706
ZEB1	HNRNPF	SRR19762706
ZC3H3	EEF1D	SRR19762706
RP11-33B1.1	PSPH	SRR19762706
RP11-367G6.3	FAM65B	SRR19762706
NRIP1	AF127936.7	SRR19762706
BSG	RNF126	SRR19762706
KLF16	OAZ1	SRR19762706
TIMM23	PARGP1	SRR19762706
RP11-1151B14.4	MALT1	SRR19762706
LINC00623	RP11-403I13.8	SRR19762706
RPA3-AS1	GLCCI1	SRR19762706
ACTB	FSCN1	SRR19762681
RP11-1E3.1	RP11-455B3.1	SRR19762681
RP11-662M24.2	RIMBP2	SRR19762681
RP11-206L10.9	PSPH	SRR19762681
RP11-367G6.3	FAM65B	SRR19762681
GUSBP2	GTF2H2	SRR19762681
OAZ1	PTMA	SRR19762681
TIMM23	PARGP1	SRR19762681
PTMA	ACTB	SRR19762681
SLC7A5	SMG1P1	SRR19762681
EIF5A	EIF4A1	SRR19762681
MAFK	MAD1L1	SRR19762639
BOLA2B	RP11-345J4.8	SRR19762639
HMGN2	PTMA	SRR19762639
DOT1L	OAZ1	SRR19762639
PTBP1	PTMA	SRR19762639
LEPR	LEPROT	SRR19762639
POLE	ANKLE2	SRR19762639
TIMM23	RP11-574K11.29	SRR19762639
CYTH1	USP36	SRR19762639
HMGB1	PDS5B	SRR19762639
AKAP8	TPM4	SRR19762639
BCKDHB	RP11-250B2.3	SRR19762639
RP11-155G15.2	RP11-1E3.1	SRR19762639
ITM2C	PTMA	SRR19762639
IGLVI-70	IGL@-ext	SRR19762639
RP11-367G6.3	FAM65B	SRR19762639
IGL-@-ext	RPL8	SRR19762639
RP6-206I17.1	RP11-403I13.8	SRR19762639
KLF16	OAZ1	SRR19762639
TIMM23	PARGP1	SRR19762639
SLC7A5	SMG1P1	SRR19762639
IGH-@-ext	PKM	SRR19762639
PTMA	IRF4	SRR19762639
PFKFB3	RP11-563J2.2	SRR19762639
BSG	PTBP1	SRR19762639
EIF5A	EIF4A1	SRR19762639
STK25	IGH@-ext	SRR19762393
CCDC41	TMCC3	SRR19762393
RP11-367G6.3	FAM65B	SRR19762393
RP11-96H19.1	RP11-446N19.1	SRR19762393
TPM4	KLF2	SRR19762393
PTP4A1	EEF1A1	SRR19762393
PTBP1	TMEM259	SRR19762393
RP6-206I17.1	RP11-403I13.8	SRR19762393
LEPR	LEPROT	SRR19762393
IGL-@-ext	MT-CO1	SRR19762393
KLF16	OAZ1	SRR19762393
TIMM23	PARGP1	SRR19762393
RP11-141M1.3	STARD13	SRR19762393
RNF125	RNF138	SRR19762393
TIMM23	RP11-574K11.29	SRR19762393
EIF5A	EIF4A1	SRR19762393
PIM3	SCO2	SRR19762393
RP11-367G6.3	FAM65B	SRR19762896
RP11-96H19.1	RP11-446N19.1	SRR19762896
LEPR	LEPROT	SRR19762896
PTMA	FNBP1	SRR19762896
NOC4L	FBRSL1	SRR19762896
KLF16	OAZ1	SRR19762896
IGH@-ext	MT-ND2	SRR19762896
TIMM23	PARGP1	SRR19762896
TIMM23	RP11-574K11.29	SRR19762896
MIR155HG	JAM2	SRR19762896
ACTB	FSCN1	SRR19762503
RP11-662M24.2	RIMBP2	SRR19762503
RP11-367G6.3	FAM65B	SRR19762503
RP11-96H19.1	RP11-446N19.1	SRR19762503
KANSL1	ARL17A	SRR19762503
LEPR	LEPROT	SRR19762503
ARHGAP18	SAMD3	SRR19762503
TIMM23	PARGP1	SRR19762503
TIMM23	AGAP6	SRR19762185
BOLA2B	RP11-345J4.8	SRR19762185
RP11-367G6.3	FAM65B	SRR19762185
PFKFB3	RP11-563J2.2	SRR19762185
DOT1L	OAZ1	SRR19762185
LEPR	LEPROT	SRR19762185
SEPT7P2	PSPH	SRR19762185
RP11-155G15.2	RP11-1E3.1	SRR19762185
TIMM23	PARGP1	SRR19762185
TIMM23	RP11-574K11.29	SRR19762185
AC131097.3	AC093642.5	SRR19762794
RP11-367G6.3	FAM65B	SRR19762794
KANSL1	ARL17A	SRR19762794
AC096579.7	IGKV2-18	SRR19762794
AC096579.7	IGKV2-14	SRR19762794
LEPR	LEPROT	SRR19762794
OAZ1	PTMA	SRR19762794
MIR155HG	JAM2	SRR19762794
CLTC	VMP1	SRR19762794
TIMM23	PARGP1	SRR19762794
POLE	ANKLE2	SRR19762794
TIMM23	RP11-574K11.29	SRR19762794
EIF5A	EIF4A1	SRR19762794
EIF4A1	PTMA	SRR19762794
IGLVI-70	IGL@-ext	SRR19762794
WAC	ZEB1	SRR19762222
RP11-1E3.1	RP11-455B3.1	SRR19762222
RP11-662M24.2	RIMBP2	SRR19762222
RP11-367G6.3	FAM65B	SRR19762222
RP11-96H19.1	RP11-446N19.1	SRR19762222
LEPR	LEPROT	SRR19762222
OAZ1	PTMA	SRR19762222
RP11-745L13.2	RPL7AP28	SRR19762222
RAB38	CTSC	SRR19762222
RP11-155G15.2	RP11-1E3.1	SRR19762222
TIMM23	PARGP1	SRR19762222
CLTC	VMP1	SRR19762222
KLF16	OAZ1	SRR19762222
IGH-@-ext	EEF1A1P5	SRR19762222
TIMM23	RP11-574K11.29	SRR19762222
EIF5A	EIF4A1	SRR19762222
B3GNT2	EHBP1	SRR19762222
EIF4A1	ACTB	SRR19762222
AKAP13	TRIM60	SRR19762215
RP11-367G6.3	FAM65B	SRR19762215
PFKFB3	RP11-563J2.2	SRR19762215
POM121C	ZP3	SRR19762215
LEPR	LEPROT	SRR19762215
AC096579.7	IGKV2-14	SRR19762215
RP11-155G15.2	RP11-1E3.1	SRR19762215
RAB38	CTSC	SRR19762215
NCOR2	UBC	SRR19762215
TIMM23	PARGP1	SRR19762215
TIMM23	RP11-574K11.29	SRR19762215
DAZAP1	OAZ1	SRR19762215
CYTH1	USP36	SRR19762215
C1ORF220	RP5-1098D14.1	SRR19762230
THEMIS2	IGH@-ext	SRR19762230
LEPR	LEPROT	SRR19762230
OAZ1	PTMA	SRR19762230
TRABD	TUBGCP6	SRR19762230
TIMM23	RP11-574K11.29	SRR19762230
IGH-@-ext	MT-ATP8	SRR19762230
IGH-@-ext	PTMA	SRR19762230
IGH@-ext	MT-ATP6	SRR19762230
B2M	IGH@-ext	SRR19762230
MOB3A	IGH@-ext	SRR19762230
IGH-@-ext	PFN1	SRR19762230
IGH-@-ext	HLA-B	SRR19762230
RP11-367G6.3	FAM65B	SRR19762230
COTL1	KLHL36	SRR19762230
KANSL1	ARL17A	SRR19762230
PFKL	SUMO3	SRR19762230
RP6-206I17.1	RP11-403I13.8	SRR19762230
TIMM23	PARGP1	SRR19762230
IGH-@-ext	MT-RNR2	SRR19762230
B2M	IRF4	SRR19762230
RP11-96H19.1	RP11-446N19.1	SRR19762230
KLHL36	USP10	SRR19762230
IGH-@-ext	NCL	SRR19762230
IGH-@-ext	NFKBIA	SRR19762230
EIF5A	EIF4A1	SRR19762230
RP11-662M24.2	RIMBP2	SRR19762216
LEPR	LEPROT	SRR19762216
IGL-@-ext	MT-CO1	SRR19762216
PI4KA	HIC2	SRR19762216
TIMM23	RP11-574K11.29	SRR19762216
RP11-1E3.1	RP11-455B3.1	SRR19762216
SEPT7P2	PSPH	SRR19762216
B2M	IGH@-ext	SRR19762216
DDX5	IGH@-ext	SRR19762216
ZC3H3	EEF1D	SRR19762216
RP11-367G6.3	FAM65B	SRR19762216
BOLA2B	RP11-347C12.2	SRR19762216
NRIP1	AF127936.7	SRR19762216
RP6-206I17.1	RP11-403I13.8	SRR19762216
KLF16	OAZ1	SRR19762216
TIMM23	PARGP1	SRR19762216
ZEB1	IGH@-ext	SRR19762216
IGH-@-ext	MT-RNR2	SRR19762216
RPA3-AS1	GLCCI1	SRR19762216
RP11-96H19.1	RP11-446N19.1	SRR19762216
PFKFB3	RP11-563J2.2	SRR19762216
IGL-@-ext	MT-RNR2	SRR19762216
IGH-@-ext	MT-ATP6	SRR19762216
ACTB	FSCN1	SRR19762432
RP11-662M24.2	RIMBP2	SRR19762432
RP11-367G6.3	FAM65B	SRR19762432
SEPT7P2	PSPH	SRR19762432
OAZ1	ACTB	SRR19762432
HLA-S	HLA-A	SRR19762432
TIMM23	PARGP1	SRR19762432
PTMA	ACTB	SRR19762432
POLE	ANKLE2	SRR19762432
CTC-786C10.1	RP11-680G10.1	SRR19762432
TIMM23	RP11-574K11.29	SRR19762432
BMI1	ZEB1	SRR19762720
LEPR	LEPROT	SRR19762720
ATP6V0C	OAZ1	SRR19762720
PTBP1	OAZ1	SRR19762720
TIMM23	RP11-574K11.29	SRR19762720
ZEB1	HNRNPF	SRR19762720
WAC	ZEB1	SRR19762720
TIMM23	AGAP6	SRR19762720
AKAP13	TRIM60	SRR19762720
SRSF1	DDX5	SRR19762720
ZC3H3	EEF1D	SRR19762720
MVD	PTMA	SRR19762720
DDX5	MKLN1-AS1	SRR19762720
DDX5	MAT2A	SRR19762720
RP11-367G6.3	FAM65B	SRR19762720
LRRC8B	LRRC8C	SRR19762720
CNN2	PTMA	SRR19762720
DAZAP1	KLF16	SRR19762720
FUS	PTMA	SRR19762720
BSG	RNF126	SRR19762720
KLF16	OAZ1	SRR19762720
TIMM23	PARGP1	SRR19762720
VTI1A	RP11-57H14.3	SRR19762720
RP11-120D5.1	MID1	SRR19762720
IGL-@-ext	HSP90B1	SRR19762720
RPA3-AS1	GLCCI1	SRR19762720
PFKFB3	RP11-563J2.2	SRR19762720
EIF5A	EIF4A1	SRR19762720
EIF4A1	PTMA	SRR19762720
KANSL1	ARL17B	SRR19762243
RP11-662M24.2	RIMBP2	SRR19762243
LEPR	LEPROT	SRR19762243
NCOR2	UBC	SRR19762243
TIMM23	PARGP1	SRR19762243
RP11-1E3.1	RP11-455B3.1	SRR19762286
LINC00623	RP11-403I13.8	SRR19762286
RP11-662M24.2	RIMBP2	SRR19762286
AKAP13	TRIM60	SRR19762286
RP11-367G6.3	FAM65B	SRR19762286
YAF2	RYBP	SRR19762286
NRIP1	AF127936.7	SRR19762286
KANSL1	ARL17A	SRR19762286
DDX5	EEF1A1	SRR19762286
KLHL3	RP11-381K20.2	SRR19762286
LEPR	LEPROT	SRR19762286
CARKD	ING1	SRR19762286
RP11-155G15.2	RP11-1E3.1	SRR19762286
KLF16	OAZ1	SRR19762286
TIMM23	PARGP1	SRR19762286
IGLVI-70	IGL@-ext	SRR19762286
DOT1L	OAZ1	SRR19762272
TPM4	PTMA	SRR19762272
LEPR	LEPROT	SRR19762272
RP11-444D3.1	SOX5	SRR19762272
TIMM23	RP11-574K11.29	SRR19762272
SIK1	ACTB	SRR19762272
AKAP13	TRIM60	SRR19762272
ITM2C	PTMA	SRR19762272
KANSL1	ARL17B	SRR19762272
RP11-367G6.3	FAM65B	SRR19762272
BOLA2B	RP11-347C12.2	SRR19762272
TIMM23B	PARGP1	SRR19762272
DAZAP1	KLF16	SRR19762272
BSG	RNF126	SRR19762272
NUTM2A-AS1	MINPP1	SRR19762272
PIM3	SCO2	SRR19762272
EIF4A1	ACTB	SRR19762272
LINC00623	RP11-403I13.8	SRR19762272
IDH3G	PDZD4	SRR19762272
RP11-96H19.1	RP11-446N19.1	SRR19762272
PFKFB3	RP11-563J2.2	SRR19762272
OAZ1	ACTB	SRR19762272
PTMA	ACTB	SRR19762272
EIF5A	EIF4A1	SRR19762272
DAZAP1	OAZ1	SRR19762272
RP11-367G6.3	FAM65B	SRR19762409
RP11-96H19.1	RP11-446N19.1	SRR19762409
KANSL1	ARL17A	SRR19762409
LEPR	LEPROT	SRR19762409
KLF16	OAZ1	SRR19762409
POLE	ANKLE2	SRR19762409
TIMM23	PARGP1	SRR19762409
ACTB	RNF216	SRR19762730
RP11-662M24.2	RIMBP2	SRR19762730
USP12	HMGB1	SRR19762730
RP11-367G6.3	FAM65B	SRR19762730
IGH-@-ext	ACTB	SRR19762730
EIF4A1	ACTB	SRR19762730
DOT1L	OAZ1	SRR19762730
LEPR	LEPROT	SRR19762730
OAZ1	PTMA	SRR19762730
RP11-155G15.2	RP11-1E3.1	SRR19762730
KLF16	OAZ1	SRR19762730
BCKDHB	RP11-250B2.3	SRR19762730
TIMM23	PARGP1	SRR19762730
PTMA	ACTB	SRR19762730
POLE	ANKLE2	SRR19762730
RP11-662M24.2	RIMBP2	SRR19762874
RP11-367G6.3	FAM65B	SRR19762874
TIMM23B	PARGP1	SRR19762874
PFKFB3	RP11-563J2.2	SRR19762874
LEPR	LEPROT	SRR19762874
EEF1DP3	FRY	SRR19762874
RP11-155G15.2	RP11-1E3.1	SRR19762874
IGL-@-ext	EEF1A1	SRR19762874
RPA3-AS1	GLCCI1	SRR19762580
RP11-367G6.3	FAM65B	SRR19762580
SRSF1	DDX5	SRR19762580
RP11-96H19.1	RP11-446N19.1	SRR19762580
PFKFB3	RP11-563J2.2	SRR19762580
CD70	PABPC1	SRR19762580
TIMM23	PARGP1	SRR19762580
BMS1	PARG	SRR19762580
PTMA	HNRNPAB	SRR19762580
IGH-@-ext	PTMA	SRR19762580
VTI1A	RP11-57H14.3	SRR19762580
IRF4	ACTB	SRR19762282
RAB38	CTSC	SRR19762282
ACTB	CBX3	SRR19762282
TIMM23	RP11-574K11.29	SRR19762282
PALM	PTBP1	SRR19762282
HMGB3	IKBKG	SRR19762282
PTMA	ACTB	SRR19762282
WAC	ZEB1	SRR19762282
ACTB	RNF216	SRR19762282
SRSF1	DDX5	SRR19762282
NCOR2	UBC	SRR19762282
IGKV2-29	AC096579.7	SRR19762282
IGH-@-ext	HLA-B	SRR19762282
DDX5	ACTB	SRR19762282
RP11-367G6.3	FAM65B	SRR19762282
OAZ1	WBP1	SRR19762282
BSG	RNF126	SRR19762282
KLF16	OAZ1	SRR19762282
TIMM23	PARGP1	SRR19762282
SLC16A3	METRNL	SRR19762282
PIM3	SCO2	SRR19762282
EIF4A1	ACTB	SRR19762282
ACTB	FSCN1	SRR19762282
FASN	ACTB	SRR19762282
PTMA	IRF4	SRR19762282
PFKFB3	RP11-563J2.2	SRR19762282
RNF126	OAZ1	SRR19762282
OAZ1	ACTB	SRR19762282
HMGB1	N4BP2L1	SRR19762282
PTMA	ACTB	SRR19762282
YWHAZ	KLF10	SRR19762282
LINC00623	RP11-403I13.8	SRR19762470
FUS	ACTB	SRR19762470
RP11-367G6.3	FAM65B	SRR19762470
DOT1L	OAZ1	SRR19762470
LEPR	LEPROT	SRR19762470
GAS6	IGH@-ext	SRR19762470
TIMM23	PARGP1	SRR19762470
AC005062.2	MACC1	SRR19762470
DDX5	IRF4	SRR19762660
USP12	HMGB1	SRR19762660
NCL	PTMA	SRR19762660
CCDC41	TMCC3	SRR19762660
RP11-367G6.3	FAM65B	SRR19762660
PTMA	IRF4	SRR19762660
RP11-96H19.1	RP11-446N19.1	SRR19762660
PFKFB3	RP11-563J2.2	SRR19762660
LEPR	LEPROT	SRR19762660
IGH@-ext	DENND1C	SRR19762660
EEF1DP3	FRY	SRR19762660
EIF4A1	CXCR4	SRR19762660
AC096579.7	IGKV2-14	SRR19762660
NCOR2	UBC	SRR19762660
TIMM23	PARGP1	SRR19762660
OAZ1	PTMA	SRR19762660
TIMM23	RP11-574K11.29	SRR19762660
LEPR	LEPROT	SRR19762768
BSG	SCO2	SRR19762768
DDX5	SET	SRR19762768
TIMM23	RP11-574K11.29	SRR19762768
AKAP13	TRIM60	SRR19762768
TPM4	KLF2	SRR19762768
MAFK	ACTB	SRR19762768
ITM2C	PTMA	SRR19762768
STK25	IGH@-ext	SRR19762768
RP11-367G6.3	FAM65B	SRR19762768
FAM60A	DENND5B	SRR19762768
KANSL1	ARL17A	SRR19762768
TIMM23	PARGP1	SRR19762768
RP11-96H19.1	RP11-446N19.1	SRR19762768
PFKFB3	RP11-563J2.2	SRR19762768
POM121C	ZP3	SRR19762768
IGKV2-26	AC096579.7	SRR19762768
PTMA	ACTB	SRR19762768
RCC1	KLK1	SRR19762768
CTD-2544L4.1	TBC1D7	SRR19762768
LINC00623	RP11-403I13.8	SRR19762292
PRKCH	RP11-47I22.3	SRR19762292
RP11-367G6.3	FAM65B	SRR19762292
ITM2C	PTMA	SRR19762292
NRIP1	AF127936.7	SRR19762292
PFKFB3	RP11-563J2.2	SRR19762292
USP12	ACTB	SRR19762292
TPM4	ACTB	SRR19762292
LEPR	LEPROT	SRR19762292
OAZ1	PTMA	SRR19762292
PTP4A1	EEF1A1P5	SRR19762292
OAZ1	ACTB	SRR19762292
TIMM23	PARGP1	SRR19762292
IGH-@-ext	MT-RNR2	SRR19762292
MIR155HG	JAM2	SRR19762292
EIF4A1	ACTB	SRR19762292
DOT1L	OAZ1	SRR19762306
DDX5	OAZ1	SRR19762306
LEPR	LEPROT	SRR19762306
PTBP1	OAZ1	SRR19762306
OAZ1	PTMA	SRR19762306
C5orf56	RAD50	SRR19762306
RP11-1E3.1	RP11-455B3.1	SRR19762306
PTBP1	SBNO2	SRR19762306
SRSF1	DDX5	SRR19762306
EEF1DP3	FRY	SRR19762306
RP11-155G15.2	RP11-1E3.1	SRR19762306
RP11-367G6.3	FAM65B	SRR19762306
RP6-206I17.1	RP11-403I13.8	SRR19762306
KLF16	OAZ1	SRR19762306
TIMM23	PARGP1	SRR19762306
EIF4A1	DDX5	SRR19762306
RP11-1151B14.4	MALT1	SRR19762306
RPA3-AS1	GLCCI1	SRR19762306
RP11-96H19.1	RP11-446N19.1	SRR19762306
USP12	HMGB1	SRR19762501
EIF5A	EIF4A1	SRR19762501
TIMM23	PARGP1	SRR19762501
LEPR	LEPROT	SRR19762501
IGH-@-ext	MT-CO3	SRR19762538
RP11-662M24.2	RIMBP2	SRR19762538
RP11-367G6.3	FAM65B	SRR19762538
TIMM23B	PARGP1	SRR19762538
PFKFB3	RP11-563J2.2	SRR19762538
LEPR	LEPROT	SRR19762538
SEPT7P2	PSPH	SRR19762538
IGL-@-ext	EEF1A1	SRR19762538
RP11-14D22.2	PRICKLE2	SRR19762538
IGLVI-70	IGL@-ext	SRR19762538
RP11-367G6.3	FAM65B	SRR19762731
DDX5	ACTB	SRR19762731
TIMM23	PARGP1	SRR19762731
LEPR	LEPROT	SRR19762731
RP11-367G6.3	FAM65B	SRR19762535
SRSF1	DDX5	SRR19762535
SRGAP3	RP11-380O24.1	SRR19762535
LEPR	LEPROT	SRR19762535
RAB38	CTSC	SRR19762535
KLF16	OAZ1	SRR19762535
TIMM23	PARGP1	SRR19762535
TIMM23	RP11-574K11.29	SRR19762535
RP11-367G6.3	FAM65B	SRR19762702
TIMM23B	PARGP1	SRR19762702
LEPR	LEPROT	SRR19762702
IGH-@-ext	MT-RNR2	SRR19762702
NUTM2A-AS1	MINPP1	SRR19762702
IGLVI-70	IGL@-ext	SRR19762702
RP11-33B1.1	PSPH	SRR19762853
IGH@-ext	MT-ATP6	SRR19762853
C1ORF220	RP5-1098D14.1	SRR19762853
IGH-@-ext	RN7SL109P	SRR19762853
RP11-96H19.1	RP11-446N19.1	SRR19762853
IGH@-ext	MT-ND1	SRR19762853
RP11-367G6.3	FAM65B	SRR19762853
BOLA2B	RP11-347C12.2	SRR19762853
LEPR	LEPROT	SRR19762853
IGH-@-ext	MT-ND4	SRR19762853
MT-ND6	IGH@-ext	SRR19762853
IGH@-ext	MT-ND2	SRR19762853
TIMM23	PARGP1	SRR19762853
IGH@-ext	IGL@-ext	SRR19762853
C15orf57	CBX3	SRR19762853
POLE	ANKLE2	SRR19762853
IGH-@-ext	IGL@-ext	SRR19762853
AC005062.2	MACC1	SRR19762853
POLE	FUS	SRR19762630
MFSD10	ACTB	SRR19762630
BOLA2B	RP11-345J4.8	SRR19762630
RP11-367G6.3	FAM65B	SRR19762630
LEPR	LEPROT	SRR19762630
RP11-155G15.2	RP11-1E3.1	SRR19762630
TIMM23	PARGP1	SRR19762630
POLE	ANKLE2	SRR19762630
PTMA	ACTB	SRR19762630
RP11-316P17.2	RP5-1050E16.2	SRR19762630
TIMM23	RP11-574K11.29	SRR19762630
EIF5A	EIF4A1	SRR19762630
SET	FNBP1	SRR19762837
RP11-662M24.2	RIMBP2	SRR19762837
HMGN2	PTMA	SRR19762837
DOT1L	OAZ1	SRR19762837
LEPR	LEPROT	SRR19762837
TIMM23	RP11-574K11.29	SRR19762837
NR3C1	PPARGC1B	SRR19762837
ARID3A	SBNO2	SRR19762837
IGLVI-70	IGL@-ext	SRR19762837
AC131097.3	AC093642.5	SRR19762837
RP11-367G6.3	FAM65B	SRR19762837
KANSL1	ARL17A	SRR19762837
KLF16	OAZ1	SRR19762837
TIMM23	PARGP1	SRR19762837
SLC7A5	SMG1P1	SRR19762837
RPA3-AS1	GLCCI1	SRR19762837
RP11-96H19.1	RP11-446N19.1	SRR19762837
RNF126	OAZ1	SRR19762837
EIF5A	EIF4A1	SRR19762837
AKAP13	TRIM60	SRR19762540
RP11-367G6.3	FAM65B	SRR19762540
SRSF1	DDX5	SRR19762540
PFKFB3	RP11-563J2.2	SRR19762540
RP6-206I17.1	RP11-403I13.8	SRR19762540
DOT1L	OAZ1	SRR19762540
LEPR	LEPROT	SRR19762540
SEPT7P2	PSPH	SRR19762540
RP11-155G15.2	RP11-1E3.1	SRR19762540
KLF16	OAZ1	SRR19762540
OAZ1	PTMA	SRR19762540
TIMM23	PARGP1	SRR19762540
EIF5A	EIF4A1	SRR19762540
PTMA	EDF1	SRR19762540
RP11-367G6.3	FAM65B	SRR19762430
LEPR	LEPROT	SRR19762430
SEPT7P2	PSPH	SRR19762430
TIMM23	PARGP1	SRR19762430
C15orf57	CBX3	SRR19762430
DAZAP1	OAZ1	SRR19762430
RPA3-AS1	GLCCI1	SRR19762494
AKAP13	TRIM60	SRR19762494
RP11-367G6.3	FAM65B	SRR19762494
NRIP1	AF127936.7	SRR19762494
RP11-96H19.1	RP11-446N19.1	SRR19762494
KANSL1	ARL17A	SRR19762494
PFKFB3	RP11-563J2.2	SRR19762494
SF1	CFL1	SRR19762494
SRSF1	DDX5	SRR19762494
LEPR	LEPROT	SRR19762494
PTP4A1	EEF1A1	SRR19762494
RP11-155G15.2	RP11-1E3.1	SRR19762494
NCOR2	UBC	SRR19762494
TIMM23	PARGP1	SRR19762494
MTHFD1L	ZBTB2	SRR19762494
POLE	ANKLE2	SRR19762494
TIMM23	RP11-574K11.29	SRR19762494
IGH@-ext	MT-ATP6	SRR19762910
LINC00623	RP11-403I13.8	SRR19762910
RP11-1023L17.1	GTF2H2	SRR19762910
POLE	PGAM5	SRR19762910
RP11-367G6.3	FAM65B	SRR19762910
RP11-96H19.1	RP11-446N19.1	SRR19762910
NRIP1	AF127936.7	SRR19762910
TIMM23B	PARGP1	SRR19762910
LEPR	LEPROT	SRR19762910
KLF16	OAZ1	SRR19762910
IGH-@-ext	RPL5	SRR19762910
TIMM23	RP11-574K11.29	SRR19762910
IGH-@-ext	PTMA	SRR19762910
RPA3-AS1	GLCCI1	SRR19762356
IGH-@-ext	ACTB	SRR19762356
BOLA2B	RP11-345J4.8	SRR19762356
RP11-367G6.3	FAM65B	SRR19762356
KANSL1	ARL17A	SRR19762356
IGH-@-ext	RPLP0	SRR19762356
RP11-96H19.1	RP11-446N19.1	SRR19762356
LEPR	LEPROT	SRR19762356
IGH-@-ext	MALAT1	SRR19762356
TIMM23	PARGP1	SRR19762356
RP11-14D22.2	PRICKLE2	SRR19762356
IGH-@-ext	EEF1A1	SRR19762356
IGH@-ext	MT-ATP6	SRR19762699
IGH@-ext	MT-CO3	SRR19762699
IGH-@-ext	MTATP6P1	SRR19762699
RP11-367G6.3	FAM65B	SRR19762699
RP11-96H19.1	RP11-446N19.1	SRR19762699
PDXK	SUMO3	SRR19762699
LEPR	LEPROT	SRR19762699
IGH-@-ext	MT-ND4	SRR19762699
BSG	RNF126	SRR19762699
IGH-@-ext	AC096579.7	SRR19762699
POLE	ANKLE2	SRR19762699
TIMM23	PARGP1	SRR19762699
C15orf57	CBX3	SRR19762699
IGH@-ext	MT-ATP8	SRR19762699
IGH@-ext	MT-ND4L	SRR19762699
IGH-@-ext	ACTB	SRR19762231
RP11-96H19.1	RP11-446N19.1	SRR19762231
RP11-367G6.3	FAM65B	SRR19762231
KANSL1	ARL17A	SRR19762231
LEPR	LEPROT	SRR19762231
TIMM23	PARGP1	SRR19762231
PTMA	ACTB	SRR19762231
IGKV2-29	AC096579.7	SRR19762231
OAZ1	RAC2	SRR19762429
YWHAE	CRK	SRR19762429
RP11-367G6.3	FAM65B	SRR19762429
PFKFB3	RP11-563J2.2	SRR19762429
MAFK	ACTB	SRR19762429
LEPR	LEPROT	SRR19762429
OAZ1	PTMA	SRR19762429
TIMM23	PARGP1	SRR19762429
RP11-206L10.1	SEPT14	SRR19762429
TIMM23	RP11-574K11.29	SRR19762429
RPA3-AS1	GLCCI1	SRR19762894
RP11-367G6.3	FAM65B	SRR19762894
KLHL3	RP11-381K20.2	SRR19762894
KANSL1	ARL17A	SRR19762894
PFKFB3	RP11-563J2.2	SRR19762894
LEPR	LEPROT	SRR19762894
SEPT7P2	PSPH	SRR19762894
RP11-155G15.2	RP11-1E3.1	SRR19762894
TIMM23	PARGP1	SRR19762894
MAFK	MAD1L1	SRR19762280
PLCXD1	IGH@-ext	SRR19762280
LIMD2	ACTB	SRR19762280
C1ORF220	RP5-1098D14.1	SRR19762280
DOT1L	OAZ1	SRR19762280
LEPR	LEPROT	SRR19762280
POLE	ANKLE2	SRR19762280
AC005062.2	MACC1	SRR19762280
ZEB1	HNRNPF	SRR19762280
IGH-@-ext	RP11-528A4.3	SRR19762280
TPM4	KLF2	SRR19762280
BSG	RNF126	SRR19762280
KLF16	OAZ1	SRR19762280
MAFK	ACTB	SRR19762280
TIMM23	PARGP1	SRR19762280
POLE	FUS	SRR19762280
USP12	HMGB1	SRR19762280
LINC00623	RP11-403I13.8	SRR19762280
RP11-96H19.1	RP11-446N19.1	SRR19762280
SETD1A	FUS	SRR19762280
IGH-@-ext	MT-ND4	SRR19762280
HMGB1	N4BP2L1	SRR19762280
EIF5A	EIF4A1	SRR19762280
KANSL1	ARL17B	SRR19762248
SIK1	ACTB	SRR19762248
AKAP13	TRIM60	SRR19762248
RP11-367G6.3	FAM65B	SRR19762248
TIMM23B	PARGP1	SRR19762248
PFKFB3	RP11-563J2.2	SRR19762248
RP11-316P17.2	RP5-1050E16.2	SRR19762248
PTMA	ACTB	SRR19762248
AKAP13	TRIM60	SRR19762780
USP22	RN7SL2	SRR19762780
SYNCRIP	ZNF292	SRR19762780
RP11-367G6.3	FAM65B	SRR19762780
IGH-@-ext	SKI	SRR19762780
NRIP1	AF127936.7	SRR19762780
MAFK	ACTB	SRR19762780
KLHL36	USP10	SRR19762780
LEPR	LEPROT	SRR19762780
PTBP1	OAZ1	SRR19762780
KLF16	OAZ1	SRR19762780
TIMM23	PARGP1	SRR19762780
MYO19	GGNBP2	SRR19762780
MBP	PQLC1	SRR19762780
RP11-444D3.1	SOX5	SRR19762780
EIF5A	EIF4A1	SRR19762780
IGH@-ext	RHOH	SRR19762384
RAB2A	KCNS2	SRR19762384
BOLA2B	RP11-345J4.8	SRR19762384
LEPR	LEPROT	SRR19762384
MAFF	CSNK1E	SRR19762384
TIMM23	RP11-574K11.29	SRR19762384
IGH-@-ext	PTMA	SRR19762384
PTMA	ACTB	SRR19762384
IGL-@-ext	FLOT2	SRR19762384
AC005062.2	MACC1	SRR19762384
IGLVI-70	IGL@-ext	SRR19762384
ADAP1	C7orf50	SRR19762384
RP11-367G6.3	FAM65B	SRR19762384
RHOH	IGH@-ext	SRR19762384
EIF4A1	SET	SRR19762384
RP6-206I17.1	RP11-403I13.8	SRR19762384
KLF16	OAZ1	SRR19762384
TIMM23	PARGP1	SRR19762384
TULP4	RP11-732M18.3	SRR19762384
RNF126	OAZ1	SRR19762384
PTMA	ACTB	SRR19762384
EIF5A	EIF4A1	SRR19762384
RP11-662M24.2	RIMBP2	SRR19762321
HMGN2	PTMA	SRR19762321
DOT1L	OAZ1	SRR19762321
LEPR	LEPROT	SRR19762321
RNF126	PTBP1	SRR19762321
TIMM23	RP11-574K11.29	SRR19762321
RP11-505E24.2	CHSY1	SRR19762321
SRSF1	DDX5	SRR19762321
RP11-155G15.2	RP11-1E3.1	SRR19762321
CTDP1	ANKRD27	SRR19762321
ZEB1	RBBP6	SRR19762321
RP11-367G6.3	FAM65B	SRR19762321
BOLA2B	RP11-347C12.2	SRR19762321
VEGFA	TMEM63B	SRR19762321
TIMM23	PARGP1	SRR19762321
DDHD1	USP9X	SRR19762321
ACTB	FSCN1	SRR19762321
POLE	FUS	SRR19762321
RP11-96H19.1	RP11-446N19.1	SRR19762321
PFKFB3	RP11-563J2.2	SRR19762321
BSG	PTBP1	SRR19762321
PTMA	ACTB	SRR19762321
TCF3	OAZ1	SRR19762472
KLF16	CSNK1G2	SRR19762472
NOC4L	FBRSL1	SRR19762472
LEPR	LEPROT	SRR19762472
RAB38	CTSC	SRR19762472
SBNO2	DAZAP1	SRR19762472
MIR17HG	HMGB1	SRR19762472
AKAP13	TRIM60	SRR19762472
SRSF1	DDX5	SRR19762472
RP11-367G6.3	FAM65B	SRR19762472
BOLA2B	RP11-347C12.2	SRR19762472
NRIP1	AF127936.7	SRR19762472
PTMA	FNBP1	SRR19762472
BSG	RNF126	SRR19762472
TIMM23	PARGP1	SRR19762472
DAZAP1	TCF3	SRR19762472
POLE	FUS	SRR19762472
RP11-96H19.1	RP11-446N19.1	SRR19762472
PFKFB3	RP11-563J2.2	SRR19762472
HLA-S	HLA-A	SRR19762472
PTMA	IRF4	SRR19762472
SET	FNBP1	SRR19762319
RP11-662M24.2	RIMBP2	SRR19762319
BOLA2B	RP11-345J4.8	SRR19762319
NRIP1	AF127936.7	SRR19762319
RABL6	EDF1	SRR19762319
KANSL1	ARL17A	SRR19762319
RP11-367G6.3	FAM65B	SRR19762319
EIF4A1	DDX5	SRR19762319
PFKFB3	RP11-563J2.2	SRR19762319
LEPR	LEPROT	SRR19762319
NCOR2	UBC	SRR19762319
TIMM23	PARGP1	SRR19762319
PTMA	ACTB	SRR19762319
GATAD1	IGH@-ext	SRR19762319
NUTM2A-AS1	MINPP1	SRR19762319
MBP	NFATC1	SRR19762319
RP11-662M24.2	RIMBP2	SRR19762287
DOT1L	OAZ1	SRR19762287
POLE	ANKLE2	SRR19762287
C5orf56	RAD50	SRR19762287
RP11-444D3.1	SOX5	SRR19762287
TIMM23	RP11-574K11.29	SRR19762287
AKAP13	TRIM60	SRR19762287
SBNO1	SETD8	SRR19762287
RNF126	SBNO2	SRR19762287
SRSF1	DDX5	SRR19762287
C22orf34	BRD1	SRR19762287
RP11-367G6.3	FAM65B	SRR19762287
RP6-206I17.1	RP11-403I13.8	SRR19762287
SF1	CFL1	SRR19762287
KLF16	OAZ1	SRR19762287
TIMM23	PARGP1	SRR19762287
IGL-@-ext	MAGIX	SRR19762287
SPTAN1	SET	SRR19762287
PFKFB3	RP11-563J2.2	SRR19762287
HMGB1	N4BP2L1	SRR19762287
EIF5A	EIF4A1	SRR19762287
LEPR	LEPROT	SRR19762180
RAB38	CTSC	SRR19762180
RP11-444D3.1	SOX5	SRR19762180
TIMM23	RP11-574K11.29	SRR19762180
CFL1	ACTB	SRR19762180
AC005062.2	MACC1	SRR19762180
SIK1	ACTB	SRR19762180
ACTB	RNF216	SRR19762180
SBNO1	SETD8	SRR19762180
RP11-155G15.2	RP11-1E3.1	SRR19762180
FUS	CCNG2	SRR19762180
RCC1	SRP9	SRR19762180
RP11-367G6.3	FAM65B	SRR19762180
DDX5	PTMA	SRR19762180
KLF16	OAZ1	SRR19762180
TIMM23	PARGP1	SRR19762180
ACTB	FSCN1	SRR19762180
PFKFB3	RP11-563J2.2	SRR19762180
EIF5A	EIF4A1	SRR19762180
ACTB	RNF216	SRR19762892
RPA3-AS1	GLCCI1	SRR19762892
PRKCH	RP11-47I22.3	SRR19762892
RP11-367G6.3	FAM65B	SRR19762892
RP11-96H19.1	RP11-446N19.1	SRR19762892
NRIP1	AF127936.7	SRR19762892
SETD1A	FUS	SRR19762892
KLF16	OAZ1	SRR19762892
NCOR2	UBC	SRR19762892
TIMM23	PARGP1	SRR19762892
MIR142	IGH@-ext	SRR19762892
IGH-@-ext	RPL10	SRR19762892
EIF5A	EIF4A1	SRR19762892
VTI1A	RP11-57H14.3	SRR19762892
LEPR	LEPROT	SRR19762197
TIMM23	RP11-574K11.29	SRR19762197
IGH-@-ext	RPS14	SRR19762197
SRSF1	DDX5	SRR19762197
TPM4	KLF2	SRR19762197
IGH-@-ext	RPS9	SRR19762197
RP11-155G15.2	RP11-1E3.1	SRR19762197
ITM2C	PTMA	SRR19762197
IGH-@-ext	PFN1	SRR19762197
IGLVI-70	IGL@-ext	SRR19762197
RP11-367G6.3	FAM65B	SRR19762197
RP6-206I17.1	RP11-403I13.8	SRR19762197
IGH-@-ext	AC096579.7	SRR19762197
TIMM23	PARGP1	SRR19762197
IGL-@-ext	AC096579.7	SRR19762197
IGL-@-ext	EEF1A1	SRR19762197
BSG	PTBP1	SRR19762197
EIF5A	EIF4A1	SRR19762197
CLIP2	IGH@-ext	SRR19762197
RP11-662M24.2	RIMBP2	SRR19762530
LEPR	LEPROT	SRR19762530
POLE	ANKLE2	SRR19762530
TIMM23	RP11-574K11.29	SRR19762530
TIMM23	AGAP6	SRR19762530
RP11-1E3.1	RP11-455B3.1	SRR19762530
AKAP13	TRIM60	SRR19762530
PRKCH	RP11-47I22.3	SRR19762530
RP11-155G15.2	RP11-1E3.1	SRR19762530
NCOR2	UBC	SRR19762530
CFL1	PTMA	SRR19762530
KANSL1	ARL17B	SRR19762530
RP11-367G6.3	FAM65B	SRR19762530
KLF16	OAZ1	SRR19762530
TIMM23	PARGP1	SRR19762530
VTI1A	RP11-57H14.3	SRR19762530
POLE	FUS	SRR19762530
LINC00623	RP11-403I13.8	SRR19762530
PFKFB3	RP11-563J2.2	SRR19762530
PTMA	ACTB	SRR19762530
DAZAP1	OAZ1	SRR19762530
EIF4A1	PTMA	SRR19762530
CTD-2544L4.1	TBC1D7	SRR19762530
PTCHD2	IGL@-ext	SRR19762705
RP11-662M24.2	RIMBP2	SRR19762705
RP11-367G6.3	FAM65B	SRR19762705
SRSF1	DDX5	SRR19762705
PFKFB3	RP11-563J2.2	SRR19762705
LEPR	LEPROT	SRR19762705
BCKDHB	RP11-250B2.3	SRR19762705
RP11-155G15.2	RP11-1E3.1	SRR19762705
BSG	RNF126	SRR19762705
OAZ1	PTMA	SRR19762705
TIMM23	PARGP1	SRR19762705
NCOR2	UBC	SRR19762705
KLF16	OAZ1	SRR19762705
RNF126	PTBP1	SRR19762705
TIMM23	RP11-574K11.29	SRR19762705
PIM3	SCO2	SRR19762705
IGLVI-70	IGL@-ext	SRR19762705
USP12	HMGB1	SRR19762375
RPA3-AS1	GLCCI1	SRR19762375
RP11-367G6.3	FAM65B	SRR19762375
BOLA2B	RP11-347C12.2	SRR19762375
RP11-96H19.1	RP11-446N19.1	SRR19762375
PTP4A1	EEF1A1	SRR19762375
PFKFB3	RP11-563J2.2	SRR19762375
DOT1L	OAZ1	SRR19762375
LEPR	LEPROT	SRR19762375
SEPT7P2	PSPH	SRR19762375
TIMM23	PARGP1	SRR19762375
MIR155HG	JAM2	SRR19762375
B2M	GNAS	SRR19762173
RPA3-AS1	GLCCI1	SRR19762173
RP11-367G6.3	FAM65B	SRR19762173
GUSBP2	GTF2H2	SRR19762173
RPL23AP53	SEPT14	SRR19762173
RP11-96H19.1	RP11-446N19.1	SRR19762173
NRIP1	AF127936.7	SRR19762173
DOT1L	OAZ1	SRR19762173
LEPR	LEPROT	SRR19762173
HNRNPAB	HNRNPH1	SRR19762173
KLF16	OAZ1	SRR19762173
SLC16A3	LCORL	SRR19762173
TIMM23	PARGP1	SRR19762173
C5orf56	RAD50	SRR19762173
B2M	IRF4	SRR19762173
EIF5A	EIF4A1	SRR19762173
SOCS5	AC016722.2	SRR19762173
NCL	PTMA	SRR19762170
RCC1	FOCAD	SRR19762170
PPP1R12C	ACTB	SRR19762170
DOT1L	OAZ1	SRR19762170
LEPR	LEPROT	SRR19762170
OAZ1	PTMA	SRR19762170
POLE	ANKLE2	SRR19762170
WASH5P	AJ271736.10	SRR19762170
NIF3L1	IL6ST	SRR19762170
SIK1	ACTB	SRR19762170
ACTB	RNF216	SRR19762170
SEMA4D	RNF216P1	SRR19762170
ACTG1	FASN	SRR19762170
EIF4A1	PTMA	SRR19762170
PTMA	C7orf50	SRR19762170
PLXNB2	SCO2	SRR19762170
PTMA	PCED1A	SRR19762170
IGLVI-70	IGL@-ext	SRR19762170
ZEB1	IRF4	SRR19762170
IGH-@-ext	HLA-B	SRR19762170
PCBP3	DVL3	SRR19762170
CIRBP	ACTB	SRR19762170
RP11-367G6.3	FAM65B	SRR19762170
NRIP1	AF127936.7	SRR19762170
HMGB1	PTMA	SRR19762170
PTMA	FNBP1	SRR19762170
KLF16	OAZ1	SRR19762170
TIMM23	PARGP1	SRR19762170
EIF4A1	DDX5	SRR19762170
EIF4A1	ACTB	SRR19762170
ACTB	FSCN1	SRR19762170
PFKFB3	RP11-563J2.2	SRR19762170
IRF4	LRCH4	SRR19762170
IRF4	EEF1A1	SRR19762170
PTMA	WDR6	SRR19762170
PTMA	ACTB	SRR19762170
RNF126	PTMA	SRR19762170
CTD-2544L4.1	TBC1D7	SRR19762170
KANSL1	ARL17B	SRR19762787
IGH-@-ext	HLA-B	SRR19762787
IGL-@-ext	B2M	SRR19762787
RP11-367G6.3	FAM65B	SRR19762787
RP11-96H19.1	RP11-446N19.1	SRR19762787
BOLA2B	RP11-347C12.2	SRR19762787
SLC5A3	AP000318.2	SRR19762787
RP6-206I17.1	RP11-403I13.8	SRR19762787
MAFK	ACTB	SRR19762787
KLF16	OAZ1	SRR19762787
TIMM23	PARGP1	SRR19762787
TIMM23	RP11-574K11.29	SRR19762787
EIF5A	EIF4A1	SRR19762787
EIF4A1	ACTB	SRR19762787
LEPR	LEPROT	SRR19762755
PTBP1	OAZ1	SRR19762755
OAZ1	SCO2	SRR19762755
IGKV1D-27	AC096579.7	SRR19762755
AC005062.2	MACC1	SRR19762755
SIK1	ACTB	SRR19762755
AKAP13	TRIM60	SRR19762755
SF1	YWHAE	SRR19762755
RP11-155G15.2	RP11-1E3.1	SRR19762755
RP11-367G6.3	FAM65B	SRR19762755
NRIP1	AF127936.7	SRR19762755
TIMM23	PARGP1	SRR19762755
MBP	PQLC1	SRR19762755
ACTB	FSCN1	SRR19762755
OAZ1	IRF4	SRR19762755
PFKFB3	RP11-563J2.2	SRR19762755
OAZ1	ACTB	SRR19762755
CSNK1G2	OAZ1	SRR19762755
DAZAP1	OAZ1	SRR19762755
PLCXD1	IGH@-ext	SRR19762671
RPA3-AS1	GLCCI1	SRR19762671
RP11-367G6.3	FAM65B	SRR19762671
PFKFB3	RP11-563J2.2	SRR19762671
BCKDHB	RP11-250B2.3	SRR19762671
TIMM23	PARGP1	SRR19762671
PTMA	ACTB	SRR19762671
IGLVI-70	IGL@-ext	SRR19762671
SET	FNBP1	SRR19762854
LEPR	LEPROT	SRR19762854
C5orf56	RAD50	SRR19762854
TIMM23	AGAP6	SRR19762854
PTP4A1	EEF1A1	SRR19762854
RP11-155G15.2	RP11-1E3.1	SRR19762854
B2M	SET	SRR19762854
NCOR2	UBC	SRR19762854
IGKV2-29	AC096579.7	SRR19762854
EEF1A1	SYNCRIP	SRR19762854
RP11-367G6.3	FAM65B	SRR19762854
NRIP1	AF127936.7	SRR19762854
FAM60A	DENND5B	SRR19762854
CPSF6	AC013394.2	SRR19762854
BSG	RNF126	SRR19762854
KLF16	OAZ1	SRR19762854
TIMM23	PARGP1	SRR19762854
RPA3-AS1	GLCCI1	SRR19762854
PFKFB3	RP11-563J2.2	SRR19762854
HLA-S	HLA-A	SRR19762854
DAZAP1	OAZ1	SRR19762854
YWHAZ	KLF10	SRR19762854
IGH@-ext	MT-ATP6	SRR19762322
RP11-367G6.3	FAM65B	SRR19762322
RP11-96H19.1	RP11-446N19.1	SRR19762322
RP6-206I17.1	RP11-403I13.8	SRR19762322
LEPR	LEPROT	SRR19762322
BCKDHB	RP11-250B2.3	SRR19762322
RP11-426C22.5	SNX29P2	SRR19762322
RP11-155G15.2	RP11-1E3.1	SRR19762322
IGH@-ext	MT-ND4	SRR19762322
TIMM23	PARGP1	SRR19762322
POLE	ANKLE2	SRR19762322
C15orf57	CBX3	SRR19762322
TIMM23	RP11-574K11.29	SRR19762322
AC005062.2	MACC1	SRR19762322
BOLA2B	RP11-345J4.8	SRR19762617
DOT1L	OAZ1	SRR19762617
OAZ1	PTMA	SRR19762617
RCC1	IGH@-ext	SRR19762617
AC005062.2	MACC1	SRR19762617
AKAP13	TRIM60	SRR19762617
SRSF1	DDX5	SRR19762617
OAZ1	SGTA	SRR19762617
NCOR2	UBC	SRR19762617
IGLVI-70	IGL@-ext	SRR19762617
RP11-367G6.3	FAM65B	SRR19762617
NRIP1	AF127936.7	SRR19762617
BSG	RNF126	SRR19762617
TIMM23	PARGP1	SRR19762617
SOCS5	AC016722.2	SRR19762617
ADRM1	OGFR	SRR19762617
LINC00623	RP11-403I13.8	SRR19762617
RP11-96H19.1	RP11-446N19.1	SRR19762617
PTMA	IRF4	SRR19762617
SNHG3	IGH@-ext	SRR19762617
KLHL36	USP10	SRR19762617
DHX34	GLTSCR2	SRR19762617
BSG	PTBP1	SRR19762617
HSP90AB1	EEF1A1	SRR19762617
HLA-S	HLA-A	SRR19762617
EIF5A	EIF4A1	SRR19762617
ACTB	FSCN1	SRR19762293
TCF3	OAZ1	SRR19762293
RP11-367G6.3	FAM65B	SRR19762293
NRIP1	AF127936.7	SRR19762293
KANSL1	ARL17A	SRR19762293
PFKFB3	RP11-563J2.2	SRR19762293
RP6-206I17.1	RP11-403I13.8	SRR19762293
RP11-155G15.2	RP11-1E3.1	SRR19762293
BSG	RNF126	SRR19762293
TIMM23	PARGP1	SRR19762293
KANSL1	ARL17B	SRR19762410
SIK1	ACTB	SRR19762410
ACTB	RNF216	SRR19762410
RP11-367G6.3	FAM65B	SRR19762410
RP11-96H19.1	RP11-446N19.1	SRR19762410
PFKFB3	RP11-563J2.2	SRR19762410
RP6-206I17.1	RP11-403I13.8	SRR19762410
LEPR	LEPROT	SRR19762410
TMOD1	NCBP1	SRR19762410
TIMM23	PARGP1	SRR19762410
PTMA	ACTB	SRR19762410
RAB2A	KCNS2	SRR19762169
LINC00623	RP11-403I13.8	SRR19762169
RP11-367G6.3	FAM65B	SRR19762169
RP11-96H19.1	RP11-446N19.1	SRR19762169
PFKFB3	RP11-563J2.2	SRR19762169
MAFK	ACTB	SRR19762169
LEPR	LEPROT	SRR19762169
EEF1DP3	FRY	SRR19762169
WBP11	ATP5O	SRR19762169
TIMM23	PARGP1	SRR19762169
TIMM23	RP11-574K11.29	SRR19762169
EIF5A	EIF4A1	SRR19762169
UBE2I	SIK1	SRR19762169
PIM3	SCO2	SRR19762169
IGLVI-70	IGL@-ext	SRR19762508
RP11-367G6.3	FAM65B	SRR19762508
RP11-96H19.1	RP11-446N19.1	SRR19762508
NRIP1	AF127936.7	SRR19762508
KANSL1	ARL17A	SRR19762508
IGH-@-ext	RPLP0	SRR19762508
RP6-206I17.1	RP11-403I13.8	SRR19762508
LEPR	LEPROT	SRR19762508
RAB38	CTSC	SRR19762508
TIMM23	PARGP1	SRR19762508
POLE	ANKLE2	SRR19762508
TIMM23	RP11-574K11.29	SRR19762508
NUTM2A-AS1	MINPP1	SRR19762508
IGH-@-ext	PTMA	SRR19762508
AC005062.2	MACC1	SRR19762508
HMGN2	PTMA	SRR19762515
LEPR	LEPROT	SRR19762515
RP11-444D3.1	SOX5	SRR19762515
TIMM23	RP11-574K11.29	SRR19762515
AC005062.2	MACC1	SRR19762515
SIK1	ACTB	SRR19762515
SRSF1	DDX5	SRR19762515
EIF4A1	DDX5	SRR19762515
USP22	RN7SL5P	SRR19762515
KANSL1	ARL17B	SRR19762515
BOLA2B	RP11-347C12.2	SRR19762515
NRIP1	AF127936.7	SRR19762515
KLF16	OAZ1	SRR19762515
TIMM23	PARGP1	SRR19762515
SLC7A5	SMG1P1	SRR19762515
PIM3	SCO2	SRR19762515
LINC00623	RP11-403I13.8	SRR19762515
DHX34	GLTSCR2	SRR19762515
DAZAP1	OAZ1	SRR19762515
ACTB	FSCN1	SRR19762249
ACTB	PAXIP1-AS1	SRR19762249
C1ORF220	RP5-1098D14.1	SRR19762249
RP11-367G6.3	FAM65B	SRR19762249
RP11-96H19.1	RP11-446N19.1	SRR19762249
SRSF1	DDX5	SRR19762249
KANSL1	ARL17A	SRR19762249
PFKFB3	RP11-563J2.2	SRR19762249
BEST1	HNRNPA0	SRR19762249
LEPR	LEPROT	SRR19762249
SEPT7P2	PSPH	SRR19762249
BSG	PTBP1	SRR19762249
RP11-155G15.2	RP11-1E3.1	SRR19762249
TIMM23	PARGP1	SRR19762249
C15orf57	CBX3	SRR19762249
C5orf56	RAD50	SRR19762249
TIMM23	RP11-574K11.29	SRR19762249
ACTB	SET	SRR19762249
RP11-33B1.1	PSPH	SRR19762238
KANSL1	ARL17B	SRR19762238
SET	FNBP1	SRR19762238
RPA3-AS1	GLCCI1	SRR19762238
RP11-367G6.3	FAM65B	SRR19762238
BOLA2B	RP11-347C12.2	SRR19762238
PFKFB3	RP11-563J2.2	SRR19762238
LEPR	LEPROT	SRR19762238
BSG	RNF126	SRR19762238
POLE	ANKLE2	SRR19762238
TIMM23	PARGP1	SRR19762238
RNF126	PTBP1	SRR19762238
IGH-@-ext	MT-ATP6	SRR19762238
AC007879.5	AC007879.2	SRR19762557
IGL-@-ext	RPS16	SRR19762557
OAZ1	PTMA	SRR19762557
POLE	ANKLE2	SRR19762557
AC005062.2	MACC1	SRR19762557
CAPN15	UBE2I	SRR19762557
EIF4A1	DDX5	SRR19762557
NCOR2	UBC	SRR19762557
MIR4435-1HG	AC083899.3	SRR19762557
KANSL1	ARL17B	SRR19762557
RP11-367G6.3	FAM65B	SRR19762557
RP6-206I17.1	RP11-403I13.8	SRR19762557
KLF16	OAZ1	SRR19762557
TIMM23	PARGP1	SRR19762557
B2M	IRF4	SRR19762557
IGH@-ext	MT-ND4	SRR19762557
RP11-96H19.1	RP11-446N19.1	SRR19762557
PFKFB3	RP11-563J2.2	SRR19762557
SETD1A	FUS	SRR19762557
IGH-@-ext	MT-ND4	SRR19762557
EIF5A	EIF4A1	SRR19762557
EIF4A1	PTMA	SRR19762557
ACTB	FSCN1	SRR19762836
YWHAE	CRK	SRR19762836
TCF3	OAZ1	SRR19762836
RP11-367G6.3	FAM65B	SRR19762836
RP11-96H19.1	RP11-446N19.1	SRR19762836
DDX5	EEF1A1	SRR19762836
DOT1L	OAZ1	SRR19762836
RP6-206I17.1	RP11-403I13.8	SRR19762836
MAFK	ACTB	SRR19762836
NCOR2	UBC	SRR19762836
TIMM23	PARGP1	SRR19762836
PTMA	ACTB	SRR19762836
IGH-@-ext	PTMA	SRR19762836
IGLVI-70	IGL@-ext	SRR19762836
RPA3-AS1	GLCCI1	SRR19762747
RP11-367G6.3	FAM65B	SRR19762747
RP11-439L18.2	HIVEP2	SRR19762747
PFKFB3	RP11-563J2.2	SRR19762747
LEPR	LEPROT	SRR19762747
RPS15	OAZ1	SRR19762747
TIMM23	PARGP1	SRR19762747
C15orf57	CBX3	SRR19762747
RNF126	PTBP1	SRR19762747
TIMM23	RP11-574K11.29	SRR19762747
RP11-640M9.1	RP11-403I13.8	SRR19762747
PIM3	SCO2	SRR19762747
IGH-@-ext	LDHB	SRR19762751
IGH-@-ext	NEAT1	SRR19762751
C1ORF220	RP5-1098D14.1	SRR19762751
LEPR	LEPROT	SRR19762751
IGH-@-ext	TMSB4X	SRR19762751
RAB38	CTSC	SRR19762751
RP11-96P7.1	CTD-2336H13.2	SRR19762751
IGH-@-ext	POU2AF1	SRR19762751
ARF1	GUK1	SRR19762751
IGL-@-ext	HSP90AB1	SRR19762751
IGH-@-ext	PTMA	SRR19762751
ZEB1	HNRNPF	SRR19762751
IGH@-ext	MT-ATP6	SRR19762751
OCLN	NAIP	SRR19762751
ITM2C	PTMA	SRR19762751
IGH-@-ext	RPS3	SRR19762751
IGLVI-70	IGL@-ext	SRR19762751
RP11-367G6.3	FAM65B	SRR19762751
KLF16	OAZ1	SRR19762751
TIMM23	PARGP1	SRR19762751
IGH@-ext	MT-ATP8	SRR19762751
VTI1A	RP11-57H14.3	SRR19762751
IGL-@-ext	HSP90B1	SRR19762751
LINC00623	RP11-403I13.8	SRR19762751
RPA3-AS1	GLCCI1	SRR19762751
RP11-96H19.1	RP11-446N19.1	SRR19762751
IGH-@-ext	TPT1	SRR19762751
RP11-81H14.2	MDM1	SRR19762751
SUZ12P	CRLF3	SRR19762751
RP11-1E3.1	RP11-455B3.1	SRR19762652
RP11-662M24.2	RIMBP2	SRR19762652
CMC2	RP11-314O13.1	SRR19762652
RP11-367G6.3	FAM65B	SRR19762652
RP11-96H19.1	RP11-446N19.1	SRR19762652
PFKFB3	RP11-563J2.2	SRR19762652
SRGAP3	RP11-380O24.1	SRR19762652
LEPR	LEPROT	SRR19762652
RP11-155G15.2	RP11-1E3.1	SRR19762652
TIMM23	PARGP1	SRR19762652
POLE	ANKLE2	SRR19762652
TIMM23	RP11-574K11.29	SRR19762652
RP11-14D22.2	PRICKLE2	SRR19762652
BOLA2B	RP11-345J4.8	SRR19762795
LEPR	LEPROT	SRR19762795
RP11-444D3.1	SOX5	SRR19762795
TIMM23	RP11-574K11.29	SRR19762795
YWHAE	CRK	SRR19762795
HMGN2	ACTB	SRR19762795
RP11-155G15.2	RP11-1E3.1	SRR19762795
IGLVI-70	IGL@-ext	SRR19762795
RP11-367G6.3	FAM65B	SRR19762795
NRIP1	AF127936.7	SRR19762795
IRF2BP2	OAZ1	SRR19762795
PTMA	FNBP1	SRR19762795
TIMM23	PARGP1	SRR19762795
LINC00623	RP11-403I13.8	SRR19762795
EIF4A1	PTMA	SRR19762795
KLHL36	USP10	SRR19762795
G3BP2	CCNG2	SRR19762795
EIF5A	EIF4A1	SRR19762795
PPP6R2	SCO2	SRR19762795
PTMA	BOP1	SRR19762764
B2M	AC013394.2	SRR19762764
OAZ1	PTMA	SRR19762764
RNF126	PTBP1	SRR19762764
ARF1	GUK1	SRR19762764
TIMM23	RP11-574K11.29	SRR19762764
AKAP13	TRIM60	SRR19762764
SRSF1	DDX5	SRR19762764
OAZ1	SGTA	SRR19762764
SEPT7P2	PSPH	SRR19762764
RP11-155G15.2	RP11-1E3.1	SRR19762764
CFL1	FOSL1	SRR19762764
IGLVI-70	IGL@-ext	SRR19762764
IGH-@-ext	RYR1	SRR19762764
RP11-367G6.3	FAM65B	SRR19762764
KLF16	OAZ1	SRR19762764
TIMM23	PARGP1	SRR19762764
NUDT3	RPS10	SRR19762764
RP11-96H19.1	RP11-446N19.1	SRR19762764
PFKFB3	RP11-563J2.2	SRR19762764
PTMA	EDF1	SRR19762764
RP11-662M24.2	RIMBP2	SRR19762550
RP11-367G6.3	FAM65B	SRR19762550
RP11-96H19.1	RP11-446N19.1	SRR19762550
BOLA2B	RP11-345J4.8	SRR19762550
DOT1L	OAZ1	SRR19762550
LEPR	LEPROT	SRR19762550
SEPT7P2	PSPH	SRR19762550
TIMM23	PARGP1	SRR19762550
NUTM2A-AS1	MINPP1	SRR19762550
USP12	HMGB1	SRR19762252
AKAP13	TRIM60	SRR19762252
RP11-367G6.3	FAM65B	SRR19762252
KANSL1	ARL17A	SRR19762252
PFKFB3	RP11-563J2.2	SRR19762252
RP6-206I17.1	RP11-403I13.8	SRR19762252
KLHL36	USP10	SRR19762252
LEPR	LEPROT	SRR19762252
IRF4	PTP4A1	SRR19762252
CUL7	IGH@-ext	SRR19762252
TIMM23	PARGP1	SRR19762252
IGH-@-ext	MT-RNR2	SRR19762252
VTI1A	RP11-57H14.3	SRR19762252
RP11-444D3.1	SOX5	SRR19762252
TIMM23	RP11-574K11.29	SRR19762252
EIF5A	EIF4A1	SRR19762252
LSP1	CD81	SRR19762831
BOLA2B	RP11-345J4.8	SRR19762831
RP11-367G6.3	FAM65B	SRR19762831
PFKFB3	RP11-563J2.2	SRR19762831
CDC16	UPF3A	SRR19762831
ACTG1	FASN	SRR19762831
LEPR	LEPROT	SRR19762831
VEGFA	TMEM63B	SRR19762831
RP11-155G15.2	RP11-1E3.1	SRR19762831
KLF16	OAZ1	SRR19762831
HMGB1	N4BP2L1	SRR19762831
TIMM23	PARGP1	SRR19762831
HLA-S	HLA-A	SRR19762831
VTI1A	RP11-57H14.3	SRR19762831
PIM3	SCO2	SRR19762831
SET	FNBP1	SRR19762332
RP11-662M24.2	RIMBP2	SRR19762332
BSG	RNF126	SRR19762332
LEPR	LEPROT	SRR19762332
PI4KA	HIC2	SRR19762332
IGH-@-ext	PTMA	SRR19762332
RP11-155G15.2	RP11-1E3.1	SRR19762332
MIR155HG	JAM2	SRR19762332
RP11-367G6.3	FAM65B	SRR19762332
NRIP1	AF127936.7	SRR19762332
OAZ1	ZBTB7A	SRR19762332
KLF16	OAZ1	SRR19762332
TIMM23	PARGP1	SRR19762332
RPA3-AS1	GLCCI1	SRR19762332
OAZ1	IRF4	SRR19762332
PFKFB3	RP11-563J2.2	SRR19762332
PSMA7	TTYH3	SRR19762332
OAZ1	EEF1A1	SRR19762332
YWHAE	SET	SRR19762332
IGH@-ext	MT-ATP6	SRR19762839
DDX5	IRF4	SRR19762839
BMI1	ZEB1	SRR19762839
CTD-2012K14.6	FAM65A	SRR19762839
RP11-367G6.3	FAM65B	SRR19762839
SRSF1	DDX5	SRR19762839
RP11-353N4.6	RP11-403I13.8	SRR19762839
DOT1L	OAZ1	SRR19762839
LEPR	LEPROT	SRR19762839
SETD1A	FUS	SRR19762839
KLF16	OAZ1	SRR19762839
IGH-@-ext	MT-CO1	SRR19762839
HLA-S	HLA-A	SRR19762839
TIMM23	PARGP1	SRR19762839
NUDT3	RPS10	SRR19762839
IGKV1D-27	AC096579.7	SRR19762839
DUSP22	IRF4	SRR19762839
SOCS5	AC016722.2	SRR19762839
DHX40	KPNA2	SRR19762435
RP11-367G6.3	FAM65B	SRR19762435
PFKFB3	RP11-563J2.2	SRR19762435
PTP4A1	EEF1A1P5	SRR19762435
POLE	ANKLE2	SRR19762435
TIMM23	PARGP1	SRR19762435
HLA-S	HLA-A	SRR19762435
TIMM23	RP11-574K11.29	SRR19762435
EIF5A	EIF4A1	SRR19762435
PLEKHO1	ANP32E	SRR19762903
IGH-@-ext	MT-CO3	SRR19762903
RP11-662M24.2	RIMBP2	SRR19762903
RP11-367G6.3	FAM65B	SRR19762903
RP11-96H19.1	RP11-446N19.1	SRR19762903
ASMTL	P2RY8	SRR19762903
NSF	LRRC37A3	SRR19762903
TPM4	KLF2	SRR19762903
RP6-206I17.1	RP11-403I13.8	SRR19762903
LEPR	LEPROT	SRR19762903
IGH-@-ext	MT-ND4	SRR19762903
IGH-@-ext	MT-CO1	SRR19762903
TIMM23	PARGP1	SRR19762903
IGH@-ext	MT-ATP8	SRR19762903
IGL-@-ext	IGH@-ext	SRR19762903
IGL-@-ext	RPL13A	SRR19762903
IGL-@-ext	FLOT2	SRR19762903
IGH-@-ext	IGL@-ext	SRR19762903
RP11-662M24.2	RIMBP2	SRR19762673
RP11-353N4.6	RP11-403I13.8	SRR19762673
LEPR	LEPROT	SRR19762673
RAB38	CTSC	SRR19762673
AKAP13	AC013394.2	SRR19762673
TIMM23	RP11-574K11.29	SRR19762673
YWHAE	CRK	SRR19762673
RP11-155G15.2	RP11-1E3.1	SRR19762673
CTC-786C10.1	RP11-680G10.1	SRR19762673
MIR155HG	JAM2	SRR19762673
SS18L1	ADRM1	SRR19762673
C15orf39	SIN3A	SRR19762673
RP11-367G6.3	FAM65B	SRR19762673
FUS	PTMA	SRR19762673
PTP4A1	EEF1A1P5	SRR19762673
KLF16	OAZ1	SRR19762673
TIMM23	PARGP1	SRR19762673
SLC7A5	SMG1P1	SRR19762673
RPA3-AS1	GLCCI1	SRR19762673
EIF5A	EIF4A1	SRR19762673
RP11-367G6.3	FAM65B	SRR19762606
BOLA2B	RP11-345J4.8	SRR19762606
KANSL1	ARL17A	SRR19762606
RP6-206I17.1	RP11-403I13.8	SRR19762606
LEPR	LEPROT	SRR19762606
BCKDHB	RP11-250B2.3	SRR19762606
CSNK1G2	OAZ1	SRR19762606
NCOR2	UBC	SRR19762606
POLE	ANKLE2	SRR19762606
TIMM23	PARGP1	SRR19762606
IGKV2-29	AC096579.7	SRR19762606
PTMA	ACTB	SRR19762606
RP11-120D5.1	MID1	SRR19762606
PIM3	SCO2	SRR19762606
ACTB	FSCN1	SRR19762276
RP11-662M24.2	RIMBP2	SRR19762276
SIK1	ACTB	SRR19762276
DOT1L	OAZ1	SRR19762276
LEPR	LEPROT	SRR19762276
KLHL36	USP10	SRR19762276
HOOK3	HGSNAT	SRR19762276
TIMM23	PARGP1	SRR19762276
CCNG2	C7orf50	SRR19762276
IGKV2-29	AC096579.7	SRR19762276
SLC38A10	ASPSCR1	SRR19762276
PIM3	SCO2	SRR19762276
IGLVI-70	IGL@-ext	SRR19762276
LRRC8B	LRRC8C	SRR19762441
PFKFB3	RP11-563J2.2	SRR19762441
EIF5A	EIF4A1	SRR19762441
SEPT7P2	PSPH	SRR19762441
MT-ND6	RPL9	SRR19762441
TIMM23	PARGP1	SRR19762441
PTMA	ACTB	SRR19762441
VTI1A	RP11-57H14.3	SRR19762441
NUTM2A-AS1	MINPP1	SRR19762441
RP11-367G6.3	FAM65B	SRR19762434
BOLA2B	RP11-345J4.8	SRR19762434
RP11-96H19.1	RP11-446N19.1	SRR19762434
LEPR	LEPROT	SRR19762434
TIMM23	PARGP1	SRR19762434
BMS1	PARG	SRR19762434
IGKV2-29	AC096579.7	SRR19762434
USP12	HMGB1	SRR19762601
RP11-662M24.2	RIMBP2	SRR19762601
RP11-367G6.3	FAM65B	SRR19762601
RP11-96H19.1	RP11-446N19.1	SRR19762601
SRSF1	DDX5	SRR19762601
PTP4A1	EEF1A1	SRR19762601
PFKFB3	RP11-563J2.2	SRR19762601
LEPR	LEPROT	SRR19762601
KLF16	OAZ1	SRR19762601
TIMM23	PARGP1	SRR19762601
RAF1	TMEM40	SRR19762601
NOC4L	FBRSL1	SRR19762858
DDX5	HNRNPH1	SRR19762858
LEPR	LEPROT	SRR19762858
RAB38	CTSC	SRR19762858
B2M	DDX5	SRR19762858
AC005062.2	MACC1	SRR19762858
TIMM23	AGAP6	SRR19762858
SRSF1	DDX5	SRR19762858
TUBGCP5	HSPA5	SRR19762858
RP11-155G15.2	RP11-1E3.1	SRR19762858
NCOR2	UBC	SRR19762858
FASN	SCO2	SRR19762858
RP11-367G6.3	FAM65B	SRR19762858
RP6-206I17.1	RP11-403I13.8	SRR19762858
BSG	RNF126	SRR19762858
KLF16	OAZ1	SRR19762858
SUMO3	ITGB2	SRR19762858
TIMM23	PARGP1	SRR19762858
IGH-@-ext	MT-RNR2	SRR19762858
B2M	IRF4	SRR19762858
RP11-120D5.1	MID1	SRR19762858
SOCS5	AC016722.2	SRR19762858
CTNNA1	MATR3	SRR19762858
RP11-96H19.1	RP11-446N19.1	SRR19762858
PFKFB3	RP11-563J2.2	SRR19762858
KLHL36	USP10	SRR19762858
HMGB1	N4BP2L1	SRR19762858
YWHAZ	KLF10	SRR19762858
TMEM8A	CAPN15	SRR19762778
RP11-367G6.3	FAM65B	SRR19762778
SRSF1	DDX5	SRR19762778
DOT1L	OAZ1	SRR19762778
RP6-206I17.1	RP11-403I13.8	SRR19762778
MAFK	ACTB	SRR19762778
LEPR	LEPROT	SRR19762778
OAZ1	PTMA	SRR19762778
KLF16	OAZ1	SRR19762778
TIMM23	PARGP1	SRR19762778
POLE	ANKLE2	SRR19762778
OAZ1	LMNB2	SRR19762778
TIMM23	RP11-574K11.29	SRR19762778
DAZAP1	OAZ1	SRR19762778
TIMM23	AGAP6	SRR19762697
RP11-367G6.3	FAM65B	SRR19762697
RP11-96H19.1	RP11-446N19.1	SRR19762697
RABL6	EDF1	SRR19762697
LEPR	LEPROT	SRR19762697
RP11-155G15.2	RP11-1E3.1	SRR19762697
TIMM23	PARGP1	SRR19762697
TIMM23B	RP11-574K11.29	SRR19762697
RP11-120D5.1	MID1	SRR19762697
WAC	ZEB1	SRR19762385
USP12	HMGB1	SRR19762385
RP11-367G6.3	FAM65B	SRR19762385
RP11-96H19.1	RP11-446N19.1	SRR19762385
NRIP1	AF127936.7	SRR19762385
PTP4A1	EEF1A1	SRR19762385
PFKFB3	RP11-563J2.2	SRR19762385
RP6-206I17.1	RP11-403I13.8	SRR19762385
BOLA2B	RP11-347C12.2	SRR19762385
RPP25	IGH-@-ext	SRR19762385
LEPR	LEPROT	SRR19762385
BSG	RNF126	SRR19762385
TIMM23	PARGP1	SRR19762385
POLE	ANKLE2	SRR19762385
IGKV2-29	AC096579.7	SRR19762385
TIMM23	RP11-574K11.29	SRR19762385
LINC00623	RP11-403I13.8	SRR19762459
LEPR	LEPROT	SRR19762459
SEPT7P2	PSPH	SRR19762459
TIMM23	PARGP1	SRR19762459
NUTM2A-AS1	MINPP1	SRR19762459
RP11-662M24.2	RIMBP2	SRR19762623
RP11-367G6.3	FAM65B	SRR19762623
PFKFB3	RP11-563J2.2	SRR19762623
KLF16	OAZ1	SRR19762623
TIMM23	PARGP1	SRR19762623
TIMM23	RP11-574K11.29	SRR19762623
CMIP	ACSL1	SRR19762623
IGLVI-70	IGL@-ext	SRR19762623
RPA3-AS1	GLCCI1	SRR19762715
RP11-367G6.3	FAM65B	SRR19762715
PFKFB3	RP11-563J2.2	SRR19762715
LEPR	LEPROT	SRR19762715
TIMM23	PARGP1	SRR19762715
VTI1A	RP11-57H14.3	SRR19762715
IGL-@-ext	PRAMENP	SRR19762715
IGLVI-70	IGL@-ext	SRR19762715
ACTB	RNF216	SRR19762267
RP11-367G6.3	FAM65B	SRR19762267
BOLA2B	RP11-345J4.8	SRR19762267
LEPR	LEPROT	SRR19762267
EEF1DP3	FRY	SRR19762267
KLF16	OAZ1	SRR19762267
SAV1	GYPE	SRR19762267
TIMM23	PARGP1	SRR19762267
C15orf57	CBX3	SRR19762267
NUTM2A-AS1	MINPP1	SRR19762267
PLCXD1	IGH@-ext	SRR19762534
RP11-1023L17.1	C1QTNF3	SRR19762534
RP11-367G6.3	FAM65B	SRR19762534
BOLA2B	RP11-345J4.8	SRR19762534
NRIP1	AF127936.7	SRR19762534
LEPR	LEPROT	SRR19762534
NCOR2	UBC	SRR19762534
TIMM23	PARGP1	SRR19762534
POLE	ANKLE2	SRR19762534
SLC7A5	SMG1P1	SRR19762534
TIMM23	RP11-574K11.29	SRR19762534
TCF3	OAZ1	SRR19762357
DOT1L	OAZ1	SRR19762357
LEPR	LEPROT	SRR19762357
DDX5	SET	SRR19762357
TIMM23	AGAP6	SRR19762357
ACTB	RNF216	SRR19762357
TPM4	KLF2	SRR19762357
EIF4A1	DDX5	SRR19762357
YWHAE	PITPNA	SRR19762357
NCOR2	UBC	SRR19762357
MIR155HG	JAM2	SRR19762357
RP11-1023L17.1	C1QTNF3	SRR19762357
RP11-367G6.3	FAM65B	SRR19762357
RP6-206I17.1	RP11-403I13.8	SRR19762357
KLF16	OAZ1	SRR19762357
TIMM23	PARGP1	SRR19762357
NUDT3	RPS10	SRR19762357
EIF4A1	ACTB	SRR19762357
RPA3-AS1	GLCCI1	SRR19762357
PFKFB3	RP11-563J2.2	SRR19762357
KLHL36	USP10	SRR19762357
BSG	PTBP1	SRR19762357
EIF5A	EIF4A1	SRR19762357
DAZAP1	OAZ1	SRR19762357
ZEB1	HNRNPF	SRR19762799
RP11-367G6.3	FAM65B	SRR19762799
BOLA2B	RP11-347C12.2	SRR19762799
SRSF1	DDX5	SRR19762799
AC096579.7	IGKV2-4	SRR19762799
PFKFB3	RP11-563J2.2	SRR19762799
NRIP1	AF127936.7	SRR19762799
CTD-2384A14.1	RP11-148E17.1	SRR19762799
LEPR	LEPROT	SRR19762799
EEF1DP3	FRY	SRR19762799
RP11-155G15.2	RP11-1E3.1	SRR19762799
NCOR2	UBC	SRR19762799
TIMM23	PARGP1	SRR19762799
C15orf57	CBX3	SRR19762799
NUDT3	RPS10	SRR19762799
RP11-33B1.1	PSPH	SRR19762354
IGH@-ext	MT-ATP6	SRR19762354
RP11-367G6.3	FAM65B	SRR19762354
SRSF1	DDX5	SRR19762354
NRIP1	AF127936.7	SRR19762354
PFKFB3	RP11-563J2.2	SRR19762354
RP6-206I17.1	RP11-403I13.8	SRR19762354
LEPR	LEPROT	SRR19762354
IGL-@-ext	MT-CO1	SRR19762354
YWHAE	PITPNA	SRR19762354
RP11-155G15.2	RP11-1E3.1	SRR19762354
NCOR2	UBC	SRR19762354
TIMM23	PARGP1	SRR19762354
C15orf57	CBX3	SRR19762354
POLE	ANKLE2	SRR19762354
TIMM23	RP11-574K11.29	SRR19762354
AC005062.2	MACC1	SRR19762354
RP11-662M24.2	RIMBP2	SRR19762862
AKAP13	TRIM60	SRR19762862
BOLA2B	RP11-345J4.8	SRR19762862
RP11-367G6.3	FAM65B	SRR19762862
EIF4A1	ACTB	SRR19762862
HMGN2	PTMA	SRR19762862
PFKFB3	RP11-563J2.2	SRR19762862
PTMA	SET	SRR19762862
HIC1	PTMAP5	SRR19762862
OAZ1	PTMA	SRR19762862
KLF16	OAZ1	SRR19762862
SNX29P2	FBXO7	SRR19762862
TIMM23	PARGP1	SRR19762862
POLE	ANKLE2	SRR19762862
PTMA	ACTB	SRR19762862
ZC3H3	EEF1D	SRR19762862
TIMM23	RP11-574K11.29	SRR19762862
SDF4	FAM132A	SRR19762862
RP11-367G6.3	FAM65B	SRR19762812
DOT1L	OAZ1	SRR19762812
RP6-206I17.1	RP11-403I13.8	SRR19762812
B2M	AC013394.2	SRR19762812
OAZ1	PTMA	SRR19762812
RPS15	OAZ1	SRR19762812
PTBP1	OAZ1	SRR19762812
TIMM23	PARGP1	SRR19762812
TIMM23	RP11-574K11.29	SRR19762812
EIF5A	EIF4A1	SRR19762812
SET	FNBP1	SRR19762532
RP11-662M24.2	RIMBP2	SRR19762532
PTMA	BOP1	SRR19762532
TMEM18	PTMA	SRR19762532
LEPR	LEPROT	SRR19762532
RAB38	CTSC	SRR19762532
SEPT7P2	PSPH	SRR19762532
RP11-155G15.2	RP11-1E3.1	SRR19762532
NCOR2	UBC	SRR19762532
RP11-367G6.3	FAM65B	SRR19762532
KLF16	OAZ1	SRR19762532
TIMM23	PARGP1	SRR19762532
CFL1	SAMD10	SRR19762532
EIF4A1	ACTB	SRR19762532
RPA3-AS1	GLCCI1	SRR19762532
CCDC41	TMCC3	SRR19762532
TRAPPC1	NCOA1	SRR19762532
PFKFB3	RP11-563J2.2	SRR19762532
RP11-305P22.9	SUMO3	SRR19762532
OAZ1	ACTB	SRR19762532
EIF4A1	PTMA	SRR19762532
IGL-@-ext	HSP90B1	SRR19762926
IGH-@-ext	HLA-B	SRR19762926
SNX13	IGL@-ext	SRR19762926
RP11-96H19.1	RP11-446N19.1	SRR19762926
TIMM23B	PARGP1	SRR19762926
IGH-@-ext	RPL7A	SRR19762926
RP6-206I17.1	RP11-403I13.8	SRR19762926
GAS6	IGH@-ext	SRR19762926
IGH-@-ext	AC096579.7	SRR19762926
POLE	ANKLE2	SRR19762926
SEPT14	FBXO25	SRR19762926
AC005062.2	MACC1	SRR19762926
IGH-@-ext	PFN1	SRR19762926
IGH-@-ext	RPL3	SRR19762926
IGH-@-ext	PTMA	SRR19762926
IGLVI-70	IGL@-ext	SRR19762926
ACTB	FSCN1	SRR19762311
PTMA	PPARGC1B	SRR19762311
SIK1	ACTB	SRR19762311
NCL	PTMA	SRR19762311
RP11-367G6.3	FAM65B	SRR19762311
RP11-96H19.1	RP11-446N19.1	SRR19762311
KANSL1	ARL17A	SRR19762311
PFKFB3	RP11-563J2.2	SRR19762311
PABPC1	YWHAZ	SRR19762311
LEPR	LEPROT	SRR19762311
KLHL36	USP10	SRR19762311
TIMM23	PARGP1	SRR19762311
C5orf56	RAD50	SRR19762311
TIMM23	RP11-574K11.29	SRR19762311
IGH-@-ext	PTMA	SRR19762311
SREBF2	ACTB	SRR19762369
RP11-367G6.3	FAM65B	SRR19762369
DOT1L	OAZ1	SRR19762369
LEPR	LEPROT	SRR19762369
OAZ1	PTMA	SRR19762369
RP11-155G15.2	RP11-1E3.1	SRR19762369
TIMM23	PARGP1	SRR19762369
GPR128	TFG	SRR19762369
MIR155HG	JAM2	SRR19762369
DAZAP1	OAZ1	SRR19762369
ZEB1	HNRNPF	SRR19762236
KANSL1	ARL17B	SRR19762236
LINC00623	RP11-403I13.8	SRR19762236
RP11-367G6.3	FAM65B	SRR19762236
BOLA2B	RP11-347C12.2	SRR19762236
LEPR	LEPROT	SRR19762236
NCOR2	UBC	SRR19762236
TIMM23	PARGP1	SRR19762236
C15orf57	CBX3	SRR19762236
IGH@-ext	MT-RNR2	SRR19762236
AC005062.2	MACC1	SRR19762236
IGL-@-ext	HSPA5	SRR19762549
TBC1D3F	NPEPPS	SRR19762549
OAZ1	PTMA	SRR19762549
TIMM23	RP11-574K11.29	SRR19762549
ACTB	SET	SRR19762549
PRPF3	NFKBID	SRR19762549
SIK1	ACTB	SRR19762549
AKAP13	TRIM60	SRR19762549
SRSF1	DDX5	SRR19762549
MIR155HG	JAM2	SRR19762549
RP11-367G6.3	FAM65B	SRR19762549
KANSL1	ARL17A	SRR19762549
KLF16	OAZ1	SRR19762549
TIMM23	PARGP1	SRR19762549
ACTB	FSCN1	SRR19762549
CCDC41	TMCC3	SRR19762549
RP11-96H19.1	RP11-446N19.1	SRR19762549
PFKFB3	RP11-563J2.2	SRR19762549
OAZ1	ACTB	SRR19762549
SSBP2	RNASET2	SRR19762549
PTMA	PPARGC1B	SRR19762912
USP12	HMGB1	SRR19762912
RP11-662M24.2	RIMBP2	SRR19762912
RP11-367G6.3	FAM65B	SRR19762912
NRIP1	AF127936.7	SRR19762912
RP11-96H19.1	RP11-446N19.1	SRR19762912
SRSF1	DDX5	SRR19762912
PFKFB3	RP11-563J2.2	SRR19762912
IGH-@-ext	HNRNPA1	SRR19762912
LEPR	LEPROT	SRR19762912
RP11-155G15.2	RP11-1E3.1	SRR19762912
TIMM23	PARGP1	SRR19762912
PTMA	ACTB	SRR19762912
POLE	ANKLE2	SRR19762912
C15orf57	CBX3	SRR19762912
ACTB	FNBP1	SRR19762912
NUTM2A-AS1	MINPP1	SRR19762912
EIF4A1	ACTB	SRR19762912
PTMA	PPARGC1B	SRR19762212
OAZ1	RAC2	SRR19762212
RP11-367G6.3	FAM65B	SRR19762212
YAF2	RYBP	SRR19762212
TIMM23B	PARGP1	SRR19762212
OAZ1	PTMA	SRR19762212
RP11-155G15.2	RP11-1E3.1	SRR19762212
POLE	ANKLE2	SRR19762212
PTMA	ACTB	SRR19762212
TIMM23	RP11-574K11.29	SRR19762212
BSG	RNF126	SRR19762709
NFATC1	PQLC1	SRR19762709
LEPR	LEPROT	SRR19762709
RAB38	CTSC	SRR19762709
POLE	ANKLE2	SRR19762709
TIMM23	RP11-574K11.29	SRR19762709
AC005062.2	MACC1	SRR19762709
ZEB1	HNRNPF	SRR19762709
RP11-1E3.1	RP11-455B3.1	SRR19762709
LSP1	CD81	SRR19762709
RP11-367G6.3	FAM65B	SRR19762709
BSG	RNF126	SRR19762709
KLF16	OAZ1	SRR19762709
SUMO3	ITGB2	SRR19762709
TIMM23	PARGP1	SRR19762709
IGH-@-ext	MT-RNR2	SRR19762709
EIF4A1	ACTB	SRR19762709
RP11-96H19.1	RP11-446N19.1	SRR19762709
POM121C	ZP3	SRR19762709
BSG	PTBP1	SRR19762709
IGH@-ext	ATXN2	SRR19762709
RAB2A	KCNS2	SRR19762770
YWHAE	CRK	SRR19762770
RP11-367G6.3	FAM65B	SRR19762770
YAF2	RYBP	SRR19762770
RP11-96H19.1	RP11-446N19.1	SRR19762770
PFKL	SUMO3	SRR19762770
PFKFB3	RP11-563J2.2	SRR19762770
YWHAZ	ZNF706	SRR19762770
PTP4A1	EEF1A1	SRR19762770
LEPR	LEPROT	SRR19762770
TIMM23	PARGP1	SRR19762770
ZC3H3	EEF1D	SRR19762770
TIMM23	RP11-574K11.29	SRR19762770
YWHAE	SET	SRR19762770
NUDT3	RPS10	SRR19762770
PVT1	MYC	SRR19762770
B2M	GNAS	SRR19762424
KANSL1	ARL17B	SRR19762424
RP11-367G6.3	FAM65B	SRR19762424
SBF1	SCO2	SRR19762424
KLHL36	USP10	SRR19762424
LEPR	LEPROT	SRR19762424
YWHAE	PITPNA	SRR19762424
NCOR2	UBC	SRR19762424
TIMM23	PARGP1	SRR19762424
PTMA	ACTB	SRR19762424
RP11-316P17.2	RP5-1050E16.2	SRR19762424
SLC7A5	SMG1P1	SRR19762424
DAZAP1	OAZ1	SRR19762424
RP11-353N4.6	RP11-403I13.8	SRR19762431
LEPR	LEPROT	SRR19762431
IGL-@-ext	MT-CO1	SRR19762431
PTMA	ACTB	SRR19762431
SIK1	ACTB	SRR19762431
HMGN2	ACTB	SRR19762431
SEPT7P2	PSPH	SRR19762431
RP11-155G15.2	RP11-1E3.1	SRR19762431
C15orf57	CBX3	SRR19762431
MIR155HG	JAM2	SRR19762431
RP11-367G6.3	FAM65B	SRR19762431
NRIP1	AF127936.7	SRR19762431
MAFK	ACTB	SRR19762431
TIMM23	PARGP1	SRR19762431
NUTM2A-AS1	MINPP1	SRR19762431
EIF4A1	ACTB	SRR19762431
USP12	HMGB1	SRR19762431
PFKFB3	RP11-563J2.2	SRR19762431
IGL-@-ext	MT-RNR2	SRR19762431
PTMA	ACTB	SRR19762431
EIF5A	EIF4A1	SRR19762431
PTMA	HNRNPH1	SRR19762693
RP11-662M24.2	RIMBP2	SRR19762693
LEPR	LEPROT	SRR19762693
PI4KA	HIC2	SRR19762693
ADAP1	ACTB	SRR19762693
IGH@-ext	MT-ATP6	SRR19762693
C7orf50	IGH@-ext	SRR19762693
EEF1DP3	FRY	SRR19762693
BCKDHB	RP11-250B2.3	SRR19762693
PIK3C2A	CD74	SRR19762693
RP11-367G6.3	FAM65B	SRR19762693
TIMM23	PARGP1	SRR19762693
MT-ND6	ANP32A	SRR19762693
RCC1	UBE2D2	SRR19762693
LINC00623	RP11-403I13.8	SRR19762693
PFKFB3	RP11-563J2.2	SRR19762693
KLHL36	USP10	SRR19762693
SETD1A	FUS	SRR19762693
HLA-S	HLA-A	SRR19762693
PTMA	ACTB	SRR19762693
EIF5A	EIF4A1	SRR19762693
PLXNB2	SCO2	SRR19762922
RP11-367G6.3	FAM65B	SRR19762922
SRSF1	DDX5	SRR19762922
TIMM23B	PARGP1	SRR19762922
TIMM23	RP11-175I17.2	SRR19762922
RP6-206I17.1	RP11-403I13.8	SRR19762922
PTP4A1	EEF1A1	SRR19762922
LEPR	LEPROT	SRR19762922
PFKFB3	RP11-563J2.2	SRR19762922
BSG	RNF126	SRR19762922
NCOR2	UBC	SRR19762922
EIF5A	EIF4A1	SRR19762922
NUDT3	RPS10	SRR19762922
PIM3	SCO2	SRR19762922
IGLVI-70	IGL@-ext	SRR19762922
TIMM23	AGAP6	SRR19762399
ACTB	FSCN1	SRR19762399
YWHAE	CRK	SRR19762399
C19orf24	DAZAP1	SRR19762399
RP11-367G6.3	FAM65B	SRR19762399
BOLA2B	RP11-347C12.2	SRR19762399
RP11-96H19.1	RP11-446N19.1	SRR19762399
KANSL1	ARL17A	SRR19762399
NRIP1	AF127936.7	SRR19762399
SBF1	SCO2	SRR19762399
LEPR	LEPROT	SRR19762399
BCKDHB	RP11-250B2.3	SRR19762399
BSG	PTBP1	SRR19762399
TIMM23	PARGP1	SRR19762399
TIMM23	RP11-574K11.29	SRR19762399
DAZAP1	OAZ1	SRR19762399
PIM3	SCO2	SRR19762399
CYTH1	USP36	SRR19762399
ZEB1	HNRNPF	SRR19762736
RP11-662M24.2	RIMBP2	SRR19762736
EEF1A1	SYNCRIP	SRR19762736
RP11-367G6.3	FAM65B	SRR19762736
BSG	KLF16	SRR19762736
PFKFB3	RP11-563J2.2	SRR19762736
LEPR	LEPROT	SRR19762736
RP11-155G15.2	RP11-1E3.1	SRR19762736
TIMM23	PARGP1	SRR19762736
POLE	ANKLE2	SRR19762736
EIF5A	EIF4A1	SRR19762736
NUDT3	RPS10	SRR19762736
RP11-367G6.3	FAM65B	SRR19762167
BOLA2B	RP11-345J4.8	SRR19762167
LEPR	LEPROT	SRR19762167
VEGFA	TMEM63B	SRR19762167
KLF16	OAZ1	SRR19762167
TIMM23	PARGP1	SRR19762167
TIMM23	RP11-574K11.29	SRR19762167
EIF5A	EIF4A1	SRR19762167
EIF4A1	ACTB	SRR19762167
DHX40	KPNA2	SRR19762413
LEPR	LEPROT	SRR19762413
TIMM23	RP11-574K11.29	SRR19762413
RP11-1E3.1	RP11-455B3.1	SRR19762413
SRSF1	DDX5	SRR19762413
TPM4	KLF2	SRR19762413
MAFK	ACTB	SRR19762413
RP11-155G15.2	RP11-1E3.1	SRR19762413
CTC-786C10.1	RP11-680G10.1	SRR19762413
IGLVI-70	IGL@-ext	SRR19762413
KANSL1	ARL17B	SRR19762413
RP11-367G6.3	FAM65B	SRR19762413
NRIP1	AF127936.7	SRR19762413
KLF16	OAZ1	SRR19762413
TIMM23	PARGP1	SRR19762413
SLC7A5	SMG1P1	SRR19762413
RP11-96H19.1	RP11-446N19.1	SRR19762413
PFKFB3	RP11-563J2.2	SRR19762413
RP11-316P17.2	RP5-1050E16.2	SRR19762413
PTMA	ACTB	SRR19762413
RP11-662M24.2	RIMBP2	SRR19762513
RP11-367G6.3	FAM65B	SRR19762513
ASMTL	P2RY8	SRR19762513
KANSL1	ARL17A	SRR19762513
PFKFB3	RP11-563J2.2	SRR19762513
LEPR	LEPROT	SRR19762513
SEPT7P2	PSPH	SRR19762513
HLA-S	HLA-A	SRR19762513
TIMM23	PARGP1	SRR19762513
PTMA	ACTB	SRR19762513
TIMM23	AGAP6	SRR19762713
IGH@-ext	MT-ATP6	SRR19762713
MT-ND6	RPL13A	SRR19762713
RP11-367G6.3	FAM65B	SRR19762713
SRSF1	DDX5	SRR19762713
BOLA2B	RP11-347C12.2	SRR19762713
RP6-206I17.1	RP11-403I13.8	SRR19762713
LEPR	LEPROT	SRR19762713
SEPT7P2	PSPH	SRR19762713
IGH-@-ext	MT-ND4	SRR19762713
OAZ1	PTMA	SRR19762713
NCOR2	UBC	SRR19762713
TIMM23	PARGP1	SRR19762713
KLF16	OAZ1	SRR19762713
TIMM23	RP11-574K11.29	SRR19762713
EIF5A	EIF4A1	SRR19762713
DAZAP1	OAZ1	SRR19762713
EIF4A1	PTMA	SRR19762713
IGH-@-ext	CD74	SRR19762383
LEPR	LEPROT	SRR19762383
IGH-@-ext	UBB	SRR19762383
IGH-@-ext	PTMA	SRR19762383
IGH@-ext	MT-ATP6	SRR19762383
RP11-155G15.2	RP11-1E3.1	SRR19762383
IGH-@-ext	COL13A1	SRR19762383
RP11-33B1.1	PSPH	SRR19762383
IGH-@-ext	MT-CO3	SRR19762383
IGH-@-ext	HLA-B	SRR19762383
RP11-367G6.3	FAM65B	SRR19762383
RP11-426C22.5	SNX29P2	SRR19762383
IGH-@-ext	AC096579.7	SRR19762383
TIMM23	PARGP1	SRR19762383
IGH-@-ext	MT-RNR2	SRR19762383
IGH-@-ext	RPL27	SRR19762383
VTI1A	RP11-57H14.3	SRR19762383
IGL-@-ext	HSP90B1	SRR19762383
RP4-769N13.6	GPRASP2	SRR19762383
RP11-96H19.1	RP11-446N19.1	SRR19762383
IGH-@-ext	MT-ND4	SRR19762383
MT-ND6	IGH-@-ext	SRR19762383
